id,sourceAnnex,table,sourcePage,printedPage,sourcePdf,particulars,hierarchyPath,rowType,includeInGrandTotal,year,basis,unit,currency,personnelServices,maintenanceAndOtherOperatingExpenses,capitalOutlaysAndNetLending,financialExpenses,total,reviewNote
m-b9-p001-r001-y2024,M,B.9,1,361,https://github.com/tordecilla/unprogrammed-appropriations/releases/download/pdfs-agency-expenditure-pages-v1/annex-m-p001.pdf,DEPARTMENTS,DEPARTMENTS,subtotal,False,2024,actual,thousand pesos,PHP,1557771941,1142657000,1541134873,528163,4242091977,
m-b9-p001-r001-y2025,M,B.9,1,361,https://github.com/tordecilla/unprogrammed-appropriations/releases/download/pdfs-agency-expenditure-pages-v1/annex-m-p001.pdf,DEPARTMENTS,DEPARTMENTS,subtotal,False,2025,program,thousand pesos,PHP,1378794759,1025836301,1375575148,37961,3780244169,
m-b9-p001-r001-y2026,M,B.9,1,361,https://github.com/tordecilla/unprogrammed-appropriations/releases/download/pdfs-agency-expenditure-pages-v1/annex-m-p001.pdf,DEPARTMENTS,DEPARTMENTS,subtotal,False,2026,proposed,thousand pesos,PHP,1569599737,1097303128,1229730410,33750,3896667025,
m-b9-p001-r002-y2024,M,B.9,1,361,https://github.com/tordecilla/unprogrammed-appropriations/releases/download/pdfs-agency-expenditure-pages-v1/annex-m-p001.pdf,Congress of the Philippines (CONGRESS),DEPARTMENTS > Congress of the Philippines (CONGRESS),subtotal,False,2024,actual,thousand pesos,PHP,10108605,25271977,9680916,0,45061498,
m-b9-p001-r002-y2025,M,B.9,1,361,https://github.com/tordecilla/unprogrammed-appropriations/releases/download/pdfs-agency-expenditure-pages-v1/annex-m-p001.pdf,Congress of the Philippines (CONGRESS),DEPARTMENTS > Congress of the Philippines (CONGRESS),subtotal,False,2025,program,thousand pesos,PHP,13065289,28762698,8988386,0,50816373,
m-b9-p001-r002-y2026,M,B.9,1,361,https://github.com/tordecilla/unprogrammed-appropriations/releases/download/pdfs-agency-expenditure-pages-v1/annex-m-p001.pdf,Congress of the Philippines (CONGRESS),DEPARTMENTS > Congress of the Philippines (CONGRESS),subtotal,False,2026,proposed,thousand pesos,PHP,11925091,15292007,11360,0,27228458,
m-b9-p001-r003-y2024,M,B.9,1,361,https://github.com/tordecilla/unprogrammed-appropriations/releases/download/pdfs-agency-expenditure-pages-v1/annex-m-p001.pdf,Senate,DEPARTMENTS > Congress of the Philippines (CONGRESS) > Senate,detail,True,2024,actual,thousand pesos,PHP,3739465,3722793,6625115,0,14087373,
m-b9-p001-r003-y2025,M,B.9,1,361,https://github.com/tordecilla/unprogrammed-appropriations/releases/download/pdfs-agency-expenditure-pages-v1/annex-m-p001.pdf,Senate,DEPARTMENTS > Congress of the Philippines (CONGRESS) > Senate,detail,True,2025,program,thousand pesos,PHP,4243876,5190960,4704076,0,14138912,
m-b9-p001-r003-y2026,M,B.9,1,361,https://github.com/tordecilla/unprogrammed-appropriations/releases/download/pdfs-agency-expenditure-pages-v1/annex-m-p001.pdf,Senate,DEPARTMENTS > Congress of the Philippines (CONGRESS) > Senate,detail,True,2026,proposed,thousand pesos,PHP,3990998,3776593,0,0,7767591,
m-b9-p001-r004-y2024,M,B.9,1,361,https://github.com/tordecilla/unprogrammed-appropriations/releases/download/pdfs-agency-expenditure-pages-v1/annex-m-p001.pdf,Senate Electoral Tribunal,DEPARTMENTS > Congress of the Philippines (CONGRESS) > Senate Electoral Tribunal,detail,True,2024,actual,thousand pesos,PHP,198505,52359,1212,0,252076,
m-b9-p001-r004-y2025,M,B.9,1,361,https://github.com/tordecilla/unprogrammed-appropriations/releases/download/pdfs-agency-expenditure-pages-v1/annex-m-p001.pdf,Senate Electoral Tribunal,DEPARTMENTS > Congress of the Philippines (CONGRESS) > Senate Electoral Tribunal,detail,True,2025,program,thousand pesos,PHP,258258,65235,3082,0,326575,
m-b9-p001-r004-y2026,M,B.9,1,361,https://github.com/tordecilla/unprogrammed-appropriations/releases/download/pdfs-agency-expenditure-pages-v1/annex-m-p001.pdf,Senate Electoral Tribunal,DEPARTMENTS > Congress of the Philippines (CONGRESS) > Senate Electoral Tribunal,detail,True,2026,proposed,thousand pesos,PHP,280118,66437,0,0,346555,
m-b9-p001-r005-y2024,M,B.9,1,361,https://github.com/tordecilla/unprogrammed-appropriations/releases/download/pdfs-agency-expenditure-pages-v1/annex-m-p001.pdf,Commission on Appointments,DEPARTMENTS > Congress of the Philippines (CONGRESS) > Commission on Appointments,detail,True,2024,actual,thousand pesos,PHP,472071,754735,14523,0,1241329,
m-b9-p001-r005-y2025,M,B.9,1,361,https://github.com/tordecilla/unprogrammed-appropriations/releases/download/pdfs-agency-expenditure-pages-v1/annex-m-p001.pdf,Commission on Appointments,DEPARTMENTS > Congress of the Philippines (CONGRESS) > Commission on Appointments,detail,True,2025,program,thousand pesos,PHP,649305,1045135,20667,0,1715107,
m-b9-p001-r005-y2026,M,B.9,1,361,https://github.com/tordecilla/unprogrammed-appropriations/releases/download/pdfs-agency-expenditure-pages-v1/annex-m-p001.pdf,Commission on Appointments,DEPARTMENTS > Congress of the Philippines (CONGRESS) > Commission on Appointments,detail,True,2026,proposed,thousand pesos,PHP,474845,637488,11360,0,1123693,
m-b9-p001-r006-y2024,M,B.9,1,361,https://github.com/tordecilla/unprogrammed-appropriations/releases/download/pdfs-agency-expenditure-pages-v1/annex-m-p001.pdf,House of Representatives,DEPARTMENTS > Congress of the Philippines (CONGRESS) > House of Representatives,detail,True,2024,actual,thousand pesos,PHP,5512203,20662264,3040066,0,29214533,
m-b9-p001-r006-y2025,M,B.9,1,361,https://github.com/tordecilla/unprogrammed-appropriations/releases/download/pdfs-agency-expenditure-pages-v1/annex-m-p001.pdf,House of Representatives,DEPARTMENTS > Congress of the Philippines (CONGRESS) > House of Representatives,detail,True,2025,program,thousand pesos,PHP,7733343,22396977,4000000,0,34130320,
m-b9-p001-r006-y2026,M,B.9,1,361,https://github.com/tordecilla/unprogrammed-appropriations/releases/download/pdfs-agency-expenditure-pages-v1/annex-m-p001.pdf,House of Representatives,DEPARTMENTS > Congress of the Philippines (CONGRESS) > House of Representatives,detail,True,2026,proposed,thousand pesos,PHP,6971805,10745911,0,0,17717716,
m-b9-p001-r007-y2024,M,B.9,1,361,https://github.com/tordecilla/unprogrammed-appropriations/releases/download/pdfs-agency-expenditure-pages-v1/annex-m-p001.pdf,House of Representatives Electoral Tribunal,DEPARTMENTS > Congress of the Philippines (CONGRESS) > House of Representatives Electoral Tribunal,detail,True,2024,actual,thousand pesos,PHP,186361,79826,0,0,266187,
m-b9-p001-r007-y2025,M,B.9,1,361,https://github.com/tordecilla/unprogrammed-appropriations/releases/download/pdfs-agency-expenditure-pages-v1/annex-m-p001.pdf,House of Representatives Electoral Tribunal,DEPARTMENTS > Congress of the Philippines (CONGRESS) > House of Representatives Electoral Tribunal,detail,True,2025,program,thousand pesos,PHP,180507,64391,260561,0,505459,
m-b9-p001-r007-y2026,M,B.9,1,361,https://github.com/tordecilla/unprogrammed-appropriations/releases/download/pdfs-agency-expenditure-pages-v1/annex-m-p001.pdf,House of Representatives Electoral Tribunal,DEPARTMENTS > Congress of the Philippines (CONGRESS) > House of Representatives Electoral Tribunal,detail,True,2026,proposed,thousand pesos,PHP,207325,65578,0,0,272903,
m-b9-p001-r008-y2024,M,B.9,1,361,https://github.com/tordecilla/unprogrammed-appropriations/releases/download/pdfs-agency-expenditure-pages-v1/annex-m-p001.pdf,Office of the President (OP),DEPARTMENTS > Office of the President (OP),subtotal,False,2024,actual,thousand pesos,PHP,1503807,6788145,1426858,0,9718810,
m-b9-p001-r008-y2025,M,B.9,1,361,https://github.com/tordecilla/unprogrammed-appropriations/releases/download/pdfs-agency-expenditure-pages-v1/annex-m-p001.pdf,Office of the President (OP),DEPARTMENTS > Office of the President (OP),subtotal,False,2025,program,thousand pesos,PHP,1334205,13004311,1567685,0,15906201,
m-b9-p001-r008-y2026,M,B.9,1,361,https://github.com/tordecilla/unprogrammed-appropriations/releases/download/pdfs-agency-expenditure-pages-v1/annex-m-p001.pdf,Office of the President (OP),DEPARTMENTS > Office of the President (OP),subtotal,False,2026,proposed,thousand pesos,PHP,1820373,24821479,720503,0,27362355,
m-b9-p001-r009-y2024,M,B.9,1,361,https://github.com/tordecilla/unprogrammed-appropriations/releases/download/pdfs-agency-expenditure-pages-v1/annex-m-p001.pdf,The President's Offices,DEPARTMENTS > Office of the President (OP) > The President's Offices,detail,True,2024,actual,thousand pesos,PHP,1503807,6788145,1426858,0,9718810,
m-b9-p001-r009-y2025,M,B.9,1,361,https://github.com/tordecilla/unprogrammed-appropriations/releases/download/pdfs-agency-expenditure-pages-v1/annex-m-p001.pdf,The President's Offices,DEPARTMENTS > Office of the President (OP) > The President's Offices,detail,True,2025,program,thousand pesos,PHP,1334205,13004311,1567685,0,15906201,
m-b9-p001-r009-y2026,M,B.9,1,361,https://github.com/tordecilla/unprogrammed-appropriations/releases/download/pdfs-agency-expenditure-pages-v1/annex-m-p001.pdf,The President's Offices,DEPARTMENTS > Office of the President (OP) > The President's Offices,detail,True,2026,proposed,thousand pesos,PHP,1820373,24821479,720503,0,27362355,
m-b9-p001-r010-y2024,M,B.9,1,361,https://github.com/tordecilla/unprogrammed-appropriations/releases/download/pdfs-agency-expenditure-pages-v1/annex-m-p001.pdf,Office of the Vice-President (OVP),DEPARTMENTS > Office of the Vice-President (OVP),subtotal,False,2024,actual,thousand pesos,PHP,196999,1559579,26709,0,1783287,
m-b9-p001-r010-y2025,M,B.9,1,361,https://github.com/tordecilla/unprogrammed-appropriations/releases/download/pdfs-agency-expenditure-pages-v1/annex-m-p001.pdf,Office of the Vice-President (OVP),DEPARTMENTS > Office of the Vice-President (OVP),subtotal,False,2025,program,thousand pesos,PHP,188514,499232,56400,0,744146,
m-b9-p001-r010-y2026,M,B.9,1,361,https://github.com/tordecilla/unprogrammed-appropriations/releases/download/pdfs-agency-expenditure-pages-v1/annex-m-p001.pdf,Office of the Vice-President (OVP),DEPARTMENTS > Office of the Vice-President (OVP),subtotal,False,2026,proposed,thousand pesos,PHP,212538,673753,16604,0,902895,
m-b9-p001-r011-y2024,M,B.9,1,361,https://github.com/tordecilla/unprogrammed-appropriations/releases/download/pdfs-agency-expenditure-pages-v1/annex-m-p001.pdf,Office of the Vice-President (OVP),DEPARTMENTS > Office of the Vice-President (OVP) > Office of the Vice-President (OVP),detail,True,2024,actual,thousand pesos,PHP,196999,1559579,26709,0,1783287,
m-b9-p001-r011-y2025,M,B.9,1,361,https://github.com/tordecilla/unprogrammed-appropriations/releases/download/pdfs-agency-expenditure-pages-v1/annex-m-p001.pdf,Office of the Vice-President (OVP),DEPARTMENTS > Office of the Vice-President (OVP) > Office of the Vice-President (OVP),detail,True,2025,program,thousand pesos,PHP,188514,499232,56400,0,744146,
m-b9-p001-r011-y2026,M,B.9,1,361,https://github.com/tordecilla/unprogrammed-appropriations/releases/download/pdfs-agency-expenditure-pages-v1/annex-m-p001.pdf,Office of the Vice-President (OVP),DEPARTMENTS > Office of the Vice-President (OVP) > Office of the Vice-President (OVP),detail,True,2026,proposed,thousand pesos,PHP,212538,673753,16604,0,902895,
m-b9-p001-r012-y2024,M,B.9,1,361,https://github.com/tordecilla/unprogrammed-appropriations/releases/download/pdfs-agency-expenditure-pages-v1/annex-m-p001.pdf,Department of Agrarian Reform (DAR),DEPARTMENTS > Department of Agrarian Reform (DAR),subtotal,False,2024,actual,thousand pesos,PHP,6726965,11121937,2647529,0,20496431,
m-b9-p001-r012-y2025,M,B.9,1,361,https://github.com/tordecilla/unprogrammed-appropriations/releases/download/pdfs-agency-expenditure-pages-v1/annex-m-p001.pdf,Department of Agrarian Reform (DAR),DEPARTMENTS > Department of Agrarian Reform (DAR),subtotal,False,2025,program,thousand pesos,PHP,5822653,5048101,230395,0,11101149,
m-b9-p001-r012-y2026,M,B.9,1,361,https://github.com/tordecilla/unprogrammed-appropriations/releases/download/pdfs-agency-expenditure-pages-v1/annex-m-p001.pdf,Department of Agrarian Reform (DAR),DEPARTMENTS > Department of Agrarian Reform (DAR),subtotal,False,2026,proposed,thousand pesos,PHP,6711396,10246275,437713,0,17395384,
m-b9-p001-r013-y2024,M,B.9,1,361,https://github.com/tordecilla/unprogrammed-appropriations/releases/download/pdfs-agency-expenditure-pages-v1/annex-m-p001.pdf,Office of the Secretary,DEPARTMENTS > Department of Agrarian Reform (DAR) > Office of the Secretary,detail,True,2024,actual,thousand pesos,PHP,6726965,11121937,2647529,0,20496431,
m-b9-p001-r013-y2025,M,B.9,1,361,https://github.com/tordecilla/unprogrammed-appropriations/releases/download/pdfs-agency-expenditure-pages-v1/annex-m-p001.pdf,Office of the Secretary,DEPARTMENTS > Department of Agrarian Reform (DAR) > Office of the Secretary,detail,True,2025,program,thousand pesos,PHP,5822653,5048101,230395,0,11101149,
m-b9-p001-r013-y2026,M,B.9,1,361,https://github.com/tordecilla/unprogrammed-appropriations/releases/download/pdfs-agency-expenditure-pages-v1/annex-m-p001.pdf,Office of the Secretary,DEPARTMENTS > Department of Agrarian Reform (DAR) > Office of the Secretary,detail,True,2026,proposed,thousand pesos,PHP,6711396,10246275,437713,0,17395384,
m-b9-p001-r014-y2024,M,B.9,1,361,https://github.com/tordecilla/unprogrammed-appropriations/releases/download/pdfs-agency-expenditure-pages-v1/annex-m-p001.pdf,Department of Agriculture (DA),DEPARTMENTS > Department of Agriculture (DA),subtotal,False,2024,actual,thousand pesos,PHP,7489189,73822611,30150528,0,111462328,
m-b9-p001-r014-y2025,M,B.9,1,361,https://github.com/tordecilla/unprogrammed-appropriations/releases/download/pdfs-agency-expenditure-pages-v1/annex-m-p001.pdf,Department of Agriculture (DA),DEPARTMENTS > Department of Agriculture (DA),subtotal,False,2025,program,thousand pesos,PHP,6550389,60027369,58864845,0,125442603,
m-b9-p001-r014-y2026,M,B.9,1,361,https://github.com/tordecilla/unprogrammed-appropriations/releases/download/pdfs-agency-expenditure-pages-v1/annex-m-p001.pdf,Department of Agriculture (DA),DEPARTMENTS > Department of Agriculture (DA),subtotal,False,2026,proposed,thousand pesos,PHP,7640074,90250493,56042721,0,153933288,
m-b9-p001-r015-y2024,M,B.9,1,361,https://github.com/tordecilla/unprogrammed-appropriations/releases/download/pdfs-agency-expenditure-pages-v1/annex-m-p001.pdf,Office of the Secretary,DEPARTMENTS > Department of Agriculture (DA) > Office of the Secretary,detail,True,2024,actual,thousand pesos,PHP,5070501,65562285,20350477,0,90983263,
m-b9-p001-r015-y2025,M,B.9,1,361,https://github.com/tordecilla/unprogrammed-appropriations/releases/download/pdfs-agency-expenditure-pages-v1/annex-m-p001.pdf,Office of the Secretary,DEPARTMENTS > Department of Agriculture (DA) > Office of the Secretary,detail,True,2025,program,thousand pesos,PHP,4510511,51799970,52148731,0,108459212,
m-b9-p001-r015-y2026,M,B.9,1,361,https://github.com/tordecilla/unprogrammed-appropriations/releases/download/pdfs-agency-expenditure-pages-v1/annex-m-p001.pdf,Office of the Secretary,DEPARTMENTS > Department of Agriculture (DA) > Office of the Secretary,detail,True,2026,proposed,thousand pesos,PHP,5250719,80467371,49721724,0,135439814,
m-b9-p001-r016-y2024,M,B.9,1,361,https://github.com/tordecilla/unprogrammed-appropriations/releases/download/pdfs-agency-expenditure-pages-v1/annex-m-p001.pdf,Agricultural Credit Policy Council,DEPARTMENTS > Department of Agriculture (DA) > Agricultural Credit Policy Council,detail,True,2024,actual,thousand pesos,PHP,49189,53788,2750000,0,2852977,
m-b9-p001-r016-y2025,M,B.9,1,361,https://github.com/tordecilla/unprogrammed-appropriations/releases/download/pdfs-agency-expenditure-pages-v1/annex-m-p001.pdf,Agricultural Credit Policy Council,DEPARTMENTS > Department of Agriculture (DA) > Agricultural Credit Policy Council,detail,True,2025,program,thousand pesos,PHP,45410,69261,2750000,0,2864671,
m-b9-p001-r016-y2026,M,B.9,1,361,https://github.com/tordecilla/unprogrammed-appropriations/releases/download/pdfs-agency-expenditure-pages-v1/annex-m-p001.pdf,Agricultural Credit Policy Council,DEPARTMENTS > Department of Agriculture (DA) > Agricultural Credit Policy Council,detail,True,2026,proposed,thousand pesos,PHP,50704,67310,2750000,0,2868014,
m-b9-p001-r017-y2024,M,B.9,1,361,https://github.com/tordecilla/unprogrammed-appropriations/releases/download/pdfs-agency-expenditure-pages-v1/annex-m-p001.pdf,Bureau of Fisheries and Aquatic Resources,DEPARTMENTS > Department of Agriculture (DA) > Bureau of Fisheries and Aquatic Resources,detail,True,2024,actual,thousand pesos,PHP,1208657,6297336,747901,0,8253894,
m-b9-p001-r017-y2025,M,B.9,1,361,https://github.com/tordecilla/unprogrammed-appropriations/releases/download/pdfs-agency-expenditure-pages-v1/annex-m-p001.pdf,Bureau of Fisheries and Aquatic Resources,DEPARTMENTS > Department of Agriculture (DA) > Bureau of Fisheries and Aquatic Resources,detail,True,2025,program,thousand pesos,PHP,1004888,6188848,3391278,0,10585014,
m-b9-p001-r017-y2026,M,B.9,1,361,https://github.com/tordecilla/unprogrammed-appropriations/releases/download/pdfs-agency-expenditure-pages-v1/annex-m-p001.pdf,Bureau of Fisheries and Aquatic Resources,DEPARTMENTS > Department of Agriculture (DA) > Bureau of Fisheries and Aquatic Resources,detail,True,2026,proposed,thousand pesos,PHP,1185650,7320520,2810338,0,11316508,
m-b9-p001-r018-y2024,M,B.9,1,361,https://github.com/tordecilla/unprogrammed-appropriations/releases/download/pdfs-agency-expenditure-pages-v1/annex-m-p001.pdf,Fertilizer and Pesticide Authority,DEPARTMENTS > Department of Agriculture (DA) > Fertilizer and Pesticide Authority,detail,True,2024,actual,thousand pesos,PHP,133525,81515,55,0,215095,
m-b9-p001-r018-y2025,M,B.9,1,361,https://github.com/tordecilla/unprogrammed-appropriations/releases/download/pdfs-agency-expenditure-pages-v1/annex-m-p001.pdf,Fertilizer and Pesticide Authority,DEPARTMENTS > Department of Agriculture (DA) > Fertilizer and Pesticide Authority,detail,True,2025,program,thousand pesos,PHP,118187,84445,81913,0,284545,
m-b9-p001-r018-y2026,M,B.9,1,361,https://github.com/tordecilla/unprogrammed-appropriations/releases/download/pdfs-agency-expenditure-pages-v1/annex-m-p001.pdf,Fertilizer and Pesticide Authority,DEPARTMENTS > Department of Agriculture (DA) > Fertilizer and Pesticide Authority,detail,True,2026,proposed,thousand pesos,PHP,131995,188716,113612,0,434323,
m-b9-p001-r019-y2024,M,B.9,1,361,https://github.com/tordecilla/unprogrammed-appropriations/releases/download/pdfs-agency-expenditure-pages-v1/annex-m-p001.pdf,National Fisheries Research and Development Institute,DEPARTMENTS > Department of Agriculture (DA) > National Fisheries Research and Development Institute,detail,True,2024,actual,thousand pesos,PHP,92353,386066,45659,0,524078,
m-b9-p001-r019-y2025,M,B.9,1,361,https://github.com/tordecilla/unprogrammed-appropriations/releases/download/pdfs-agency-expenditure-pages-v1/annex-m-p001.pdf,National Fisheries Research and Development Institute,DEPARTMENTS > Department of Agriculture (DA) > National Fisheries Research and Development Institute,detail,True,2025,program,thousand pesos,PHP,90479,413479,115400,0,619358,
m-b9-p001-r019-y2026,M,B.9,1,361,https://github.com/tordecilla/unprogrammed-appropriations/releases/download/pdfs-agency-expenditure-pages-v1/annex-m-p001.pdf,National Fisheries Research and Development Institute,DEPARTMENTS > Department of Agriculture (DA) > National Fisheries Research and Development Institute,detail,True,2026,proposed,thousand pesos,PHP,94055,433946,222200,0,750201,
m-b9-p001-r020-y2024,M,B.9,1,361,https://github.com/tordecilla/unprogrammed-appropriations/releases/download/pdfs-agency-expenditure-pages-v1/annex-m-p001.pdf,National Meat Inspection Service,DEPARTMENTS > Department of Agriculture (DA) > National Meat Inspection Service,detail,True,2024,actual,thousand pesos,PHP,300522,197811,36485,0,534818,
m-b9-p001-r020-y2025,M,B.9,1,361,https://github.com/tordecilla/unprogrammed-appropriations/releases/download/pdfs-agency-expenditure-pages-v1/annex-m-p001.pdf,National Meat Inspection Service,DEPARTMENTS > Department of Agriculture (DA) > National Meat Inspection Service,detail,True,2025,program,thousand pesos,PHP,259014,255608,8200,0,522822,
m-b9-p001-r020-y2026,M,B.9,1,361,https://github.com/tordecilla/unprogrammed-appropriations/releases/download/pdfs-agency-expenditure-pages-v1/annex-m-p001.pdf,National Meat Inspection Service,DEPARTMENTS > Department of Agriculture (DA) > National Meat Inspection Service,detail,True,2026,proposed,thousand pesos,PHP,298819,293847,106315,0,698981,
m-b9-p001-r021-y2024,M,B.9,1,361,https://github.com/tordecilla/unprogrammed-appropriations/releases/download/pdfs-agency-expenditure-pages-v1/annex-m-p001.pdf,Philippine Carabao Center,DEPARTMENTS > Department of Agriculture (DA) > Philippine Carabao Center,detail,True,2024,actual,thousand pesos,PHP,179641,424386,237942,0,841969,"2025 printed class amounts sum to 874,170, while printed total is 856,170."
m-b9-p001-r021-y2025,M,B.9,1,361,https://github.com/tordecilla/unprogrammed-appropriations/releases/download/pdfs-agency-expenditure-pages-v1/annex-m-p001.pdf,Philippine Carabao Center,DEPARTMENTS > Department of Agriculture (DA) > Philippine Carabao Center,detail,True,2025,program,thousand pesos,PHP,137746,553534,182890,0,856170,"2025 printed class amounts sum to 874,170, while printed total is 856,170."
m-b9-p001-r021-y2026,M,B.9,1,361,https://github.com/tordecilla/unprogrammed-appropriations/releases/download/pdfs-agency-expenditure-pages-v1/annex-m-p001.pdf,Philippine Carabao Center,DEPARTMENTS > Department of Agriculture (DA) > Philippine Carabao Center,detail,True,2026,proposed,thousand pesos,PHP,151627,650227,168820,0,970674,"2025 printed class amounts sum to 874,170, while printed total is 856,170."
m-b9-p001-r022-y2024,M,B.9,1,361,https://github.com/tordecilla/unprogrammed-appropriations/releases/download/pdfs-agency-expenditure-pages-v1/annex-m-p001.pdf,Philippine Center for Postharvest Development and Mechanization,DEPARTMENTS > Department of Agriculture (DA) > Philippine Center for Postharvest Development and Mechanization,detail,True,2024,actual,thousand pesos,PHP,156255,379369,5929053,0,6464677,
m-b9-p001-r022-y2025,M,B.9,1,361,https://github.com/tordecilla/unprogrammed-appropriations/releases/download/pdfs-agency-expenditure-pages-v1/annex-m-p001.pdf,Philippine Center for Postharvest Development and Mechanization,DEPARTMENTS > Department of Agriculture (DA) > Philippine Center for Postharvest Development and Mechanization,detail,True,2025,program,thousand pesos,PHP,143494,267398,36235,0,447127,
m-b9-p001-r022-y2026,M,B.9,1,361,https://github.com/tordecilla/unprogrammed-appropriations/releases/download/pdfs-agency-expenditure-pages-v1/annex-m-p001.pdf,Philippine Center for Postharvest Development and Mechanization,DEPARTMENTS > Department of Agriculture (DA) > Philippine Center for Postharvest Development and Mechanization,detail,True,2026,proposed,thousand pesos,PHP,165295,312405,11200,0,488900,
m-b9-p001-r023-y2024,M,B.9,1,361,https://github.com/tordecilla/unprogrammed-appropriations/releases/download/pdfs-agency-expenditure-pages-v1/annex-m-p001.pdf,Philippine Council for Agriculture and Fisheries,DEPARTMENTS > Department of Agriculture (DA) > Philippine Council for Agriculture and Fisheries,detail,True,2024,actual,thousand pesos,PHP,77865,159824,3910,0,241599,
m-b9-p001-r023-y2025,M,B.9,1,361,https://github.com/tordecilla/unprogrammed-appropriations/releases/download/pdfs-agency-expenditure-pages-v1/annex-m-p001.pdf,Philippine Council for Agriculture and Fisheries,DEPARTMENTS > Department of Agriculture (DA) > Philippine Council for Agriculture and Fisheries,detail,True,2025,program,thousand pesos,PHP,65903,146102,9288,0,221293,
m-b9-p001-r023-y2026,M,B.9,1,361,https://github.com/tordecilla/unprogrammed-appropriations/releases/download/pdfs-agency-expenditure-pages-v1/annex-m-p001.pdf,Philippine Council for Agriculture and Fisheries,DEPARTMENTS > Department of Agriculture (DA) > Philippine Council for Agriculture and Fisheries,detail,True,2026,proposed,thousand pesos,PHP,80621,180681,9800,0,271102,
m-b9-p001-r024-y2024,M,B.9,1,361,https://github.com/tordecilla/unprogrammed-appropriations/releases/download/pdfs-agency-expenditure-pages-v1/annex-m-p001.pdf,Philippine Fiber Industry Development Authority,DEPARTMENTS > Department of Agriculture (DA) > Philippine Fiber Industry Development Authority,detail,True,2024,actual,thousand pesos,PHP,220681,280231,49046,0,549958,
m-b9-p001-r024-y2025,M,B.9,1,361,https://github.com/tordecilla/unprogrammed-appropriations/releases/download/pdfs-agency-expenditure-pages-v1/annex-m-p001.pdf,Philippine Fiber Industry Development Authority,DEPARTMENTS > Department of Agriculture (DA) > Philippine Fiber Industry Development Authority,detail,True,2025,program,thousand pesos,PHP,174757,266724,140910,0,582391,
m-b9-p001-r024-y2026,M,B.9,1,361,https://github.com/tordecilla/unprogrammed-appropriations/releases/download/pdfs-agency-expenditure-pages-v1/annex-m-p001.pdf,Philippine Fiber Industry Development Authority,DEPARTMENTS > Department of Agriculture (DA) > Philippine Fiber Industry Development Authority,detail,True,2026,proposed,thousand pesos,PHP,230589,335470,128712,0,694771,
m-b9-p002-r001-y2024,M,B.9,2,362,https://github.com/tordecilla/unprogrammed-appropriations/releases/download/pdfs-agency-expenditure-pages-v1/annex-m-p002.pdf,Department of Budget and Management (DBM),DEPARTMENTS > Department of Budget and Management (DBM),subtotal,False,2024,actual,thousand pesos,PHP,1330302,1015305,197520,0,2543127,
m-b9-p002-r001-y2025,M,B.9,2,362,https://github.com/tordecilla/unprogrammed-appropriations/releases/download/pdfs-agency-expenditure-pages-v1/annex-m-p002.pdf,Department of Budget and Management (DBM),DEPARTMENTS > Department of Budget and Management (DBM),subtotal,False,2025,program,thousand pesos,PHP,1134759,1848723,208353,0,3191835,
m-b9-p002-r001-y2026,M,B.9,2,362,https://github.com/tordecilla/unprogrammed-appropriations/releases/download/pdfs-agency-expenditure-pages-v1/annex-m-p002.pdf,Department of Budget and Management (DBM),DEPARTMENTS > Department of Budget and Management (DBM),subtotal,False,2026,proposed,thousand pesos,PHP,1400696,1968893,199545,0,3569134,
m-b9-p002-r002-y2024,M,B.9,2,362,https://github.com/tordecilla/unprogrammed-appropriations/releases/download/pdfs-agency-expenditure-pages-v1/annex-m-p002.pdf,Office of the Secretary,DEPARTMENTS > Department of Budget and Management (DBM) > Office of the Secretary,detail,True,2024,actual,thousand pesos,PHP,1270667,974526,174306,0,2419499,
m-b9-p002-r002-y2025,M,B.9,2,362,https://github.com/tordecilla/unprogrammed-appropriations/releases/download/pdfs-agency-expenditure-pages-v1/annex-m-p002.pdf,Office of the Secretary,DEPARTMENTS > Department of Budget and Management (DBM) > Office of the Secretary,detail,True,2025,program,thousand pesos,PHP,1083166,1788604,193957,0,3065727,
m-b9-p002-r002-y2026,M,B.9,2,362,https://github.com/tordecilla/unprogrammed-appropriations/releases/download/pdfs-agency-expenditure-pages-v1/annex-m-p002.pdf,Office of the Secretary,DEPARTMENTS > Department of Budget and Management (DBM) > Office of the Secretary,detail,True,2026,proposed,thousand pesos,PHP,1346302,1889392,147249,0,3382943,
m-b9-p002-r003-y2024,M,B.9,2,362,https://github.com/tordecilla/unprogrammed-appropriations/releases/download/pdfs-agency-expenditure-pages-v1/annex-m-p002.pdf,Government Procurement Policy Board,DEPARTMENTS > Department of Budget and Management (DBM) > Government Procurement Policy Board,subtotal,False,2024,actual,thousand pesos,PHP,59635,40779,23214,0,123628,
m-b9-p002-r003-y2025,M,B.9,2,362,https://github.com/tordecilla/unprogrammed-appropriations/releases/download/pdfs-agency-expenditure-pages-v1/annex-m-p002.pdf,Government Procurement Policy Board,DEPARTMENTS > Department of Budget and Management (DBM) > Government Procurement Policy Board,subtotal,False,2025,program,thousand pesos,PHP,51593,60119,14396,0,126108,
m-b9-p002-r003-y2026,M,B.9,2,362,https://github.com/tordecilla/unprogrammed-appropriations/releases/download/pdfs-agency-expenditure-pages-v1/annex-m-p002.pdf,Government Procurement Policy Board,DEPARTMENTS > Department of Budget and Management (DBM) > Government Procurement Policy Board,subtotal,False,2026,proposed,thousand pesos,PHP,54394,79501,52296,0,186191,
m-b9-p002-r004-y2024,M,B.9,2,362,https://github.com/tordecilla/unprogrammed-appropriations/releases/download/pdfs-agency-expenditure-pages-v1/annex-m-p002.pdf,-Technical Support Office,DEPARTMENTS > Department of Budget and Management (DBM) > Government Procurement Policy Board > -Technical Support Office,detail,True,2024,actual,thousand pesos,PHP,59635,40779,23214,0,123628,
m-b9-p002-r004-y2025,M,B.9,2,362,https://github.com/tordecilla/unprogrammed-appropriations/releases/download/pdfs-agency-expenditure-pages-v1/annex-m-p002.pdf,-Technical Support Office,DEPARTMENTS > Department of Budget and Management (DBM) > Government Procurement Policy Board > -Technical Support Office,detail,True,2025,program,thousand pesos,PHP,51593,60119,14396,0,126108,
m-b9-p002-r004-y2026,M,B.9,2,362,https://github.com/tordecilla/unprogrammed-appropriations/releases/download/pdfs-agency-expenditure-pages-v1/annex-m-p002.pdf,-Technical Support Office,DEPARTMENTS > Department of Budget and Management (DBM) > Government Procurement Policy Board > -Technical Support Office,detail,True,2026,proposed,thousand pesos,PHP,54394,79501,52296,0,186191,
m-b9-p002-r005-y2024,M,B.9,2,362,https://github.com/tordecilla/unprogrammed-appropriations/releases/download/pdfs-agency-expenditure-pages-v1/annex-m-p002.pdf,Department of Education (DepEd),DEPARTMENTS > Department of Education (DepEd),subtotal,False,2024,actual,thousand pesos,PHP,612281356,137275643,10422313,0,759979312,
m-b9-p002-r005-y2025,M,B.9,2,362,https://github.com/tordecilla/unprogrammed-appropriations/releases/download/pdfs-agency-expenditure-pages-v1/annex-m-p002.pdf,Department of Education (DepEd),DEPARTMENTS > Department of Education (DepEd),subtotal,False,2025,program,thousand pesos,PHP,589645545,157742574,34782915,0,782171034,
m-b9-p002-r005-y2026,M,B.9,2,362,https://github.com/tordecilla/unprogrammed-appropriations/releases/download/pdfs-agency-expenditure-pages-v1/annex-m-p002.pdf,Department of Education (DepEd),DEPARTMENTS > Department of Education (DepEd),subtotal,False,2026,proposed,thousand pesos,PHP,704170330,182526537,41822291,0,928519158,
m-b9-p002-r006-y2024,M,B.9,2,362,https://github.com/tordecilla/unprogrammed-appropriations/releases/download/pdfs-agency-expenditure-pages-v1/annex-m-p002.pdf,Office of the Secretary,DEPARTMENTS > Department of Education (DepEd) > Office of the Secretary,detail,True,2024,actual,thousand pesos,PHP,611795411,135968431,9826807,0,757590649,
m-b9-p002-r006-y2025,M,B.9,2,362,https://github.com/tordecilla/unprogrammed-appropriations/releases/download/pdfs-agency-expenditure-pages-v1/annex-m-p002.pdf,Office of the Secretary,DEPARTMENTS > Department of Education (DepEd) > Office of the Secretary,detail,True,2025,program,thousand pesos,PHP,589240055,156080132,33922842,0,779243029,
m-b9-p002-r006-y2026,M,B.9,2,362,https://github.com/tordecilla/unprogrammed-appropriations/releases/download/pdfs-agency-expenditure-pages-v1/annex-m-p002.pdf,Office of the Secretary,DEPARTMENTS > Department of Education (DepEd) > Office of the Secretary,detail,True,2026,proposed,thousand pesos,PHP,703626302,181417644,41785695,0,926829641,
m-b9-p002-r007-y2024,M,B.9,2,362,https://github.com/tordecilla/unprogrammed-appropriations/releases/download/pdfs-agency-expenditure-pages-v1/annex-m-p002.pdf,National Book Development Board,DEPARTMENTS > Department of Education (DepEd) > National Book Development Board,detail,True,2024,actual,thousand pesos,PHP,57677,180762,650,0,239089,
m-b9-p002-r007-y2025,M,B.9,2,362,https://github.com/tordecilla/unprogrammed-appropriations/releases/download/pdfs-agency-expenditure-pages-v1/annex-m-p002.pdf,National Book Development Board,DEPARTMENTS > Department of Education (DepEd) > National Book Development Board,detail,True,2025,program,thousand pesos,PHP,49297,289776,9338,0,348411,
m-b9-p002-r007-y2026,M,B.9,2,362,https://github.com/tordecilla/unprogrammed-appropriations/releases/download/pdfs-agency-expenditure-pages-v1/annex-m-p002.pdf,National Book Development Board,DEPARTMENTS > Department of Education (DepEd) > National Book Development Board,detail,True,2026,proposed,thousand pesos,PHP,54635,101936,0,0,156571,
m-b9-p002-r008-y2024,M,B.9,2,362,https://github.com/tordecilla/unprogrammed-appropriations/releases/download/pdfs-agency-expenditure-pages-v1/annex-m-p002.pdf,National Council for Children's Television,DEPARTMENTS > Department of Education (DepEd) > National Council for Children's Television,detail,True,2024,actual,thousand pesos,PHP,19131,54318,4853,0,78302,
m-b9-p002-r008-y2025,M,B.9,2,362,https://github.com/tordecilla/unprogrammed-appropriations/releases/download/pdfs-agency-expenditure-pages-v1/annex-m-p002.pdf,National Council for Children's Television,DEPARTMENTS > Department of Education (DepEd) > National Council for Children's Television,detail,True,2025,program,thousand pesos,PHP,21590,85950,4200,0,111740,
m-b9-p002-r008-y2026,M,B.9,2,362,https://github.com/tordecilla/unprogrammed-appropriations/releases/download/pdfs-agency-expenditure-pages-v1/annex-m-p002.pdf,National Council for Children's Television,DEPARTMENTS > Department of Education (DepEd) > National Council for Children's Television,detail,True,2026,proposed,thousand pesos,PHP,26003,46585,0,0,72588,
m-b9-p002-r009-y2024,M,B.9,2,362,https://github.com/tordecilla/unprogrammed-appropriations/releases/download/pdfs-agency-expenditure-pages-v1/annex-m-p002.pdf,National Museum of the Philippines,DEPARTMENTS > Department of Education (DepEd) > National Museum of the Philippines,detail,True,2024,actual,thousand pesos,PHP,306891,464830,573942,0,1345663,
m-b9-p002-r009-y2025,M,B.9,2,362,https://github.com/tordecilla/unprogrammed-appropriations/releases/download/pdfs-agency-expenditure-pages-v1/annex-m-p002.pdf,National Museum of the Philippines,DEPARTMENTS > Department of Education (DepEd) > National Museum of the Philippines,detail,True,2025,program,thousand pesos,PHP,241171,552444,795406,0,1589021,
m-b9-p002-r009-y2026,M,B.9,2,362,https://github.com/tordecilla/unprogrammed-appropriations/releases/download/pdfs-agency-expenditure-pages-v1/annex-m-p002.pdf,National Museum of the Philippines,DEPARTMENTS > Department of Education (DepEd) > National Museum of the Philippines,detail,True,2026,proposed,thousand pesos,PHP,350263,490724,0,0,840987,
m-b9-p002-r010-y2024,M,B.9,2,362,https://github.com/tordecilla/unprogrammed-appropriations/releases/download/pdfs-agency-expenditure-pages-v1/annex-m-p002.pdf,Philippine High School for the Arts,DEPARTMENTS > Department of Education (DepEd) > Philippine High School for the Arts,detail,True,2024,actual,thousand pesos,PHP,42167,72556,1979,0,116702,
m-b9-p002-r010-y2025,M,B.9,2,362,https://github.com/tordecilla/unprogrammed-appropriations/releases/download/pdfs-agency-expenditure-pages-v1/annex-m-p002.pdf,Philippine High School for the Arts,DEPARTMENTS > Department of Education (DepEd) > Philippine High School for the Arts,detail,True,2025,program,thousand pesos,PHP,40982,85817,26455,0,153254,
m-b9-p002-r010-y2026,M,B.9,2,362,https://github.com/tordecilla/unprogrammed-appropriations/releases/download/pdfs-agency-expenditure-pages-v1/annex-m-p002.pdf,Philippine High School for the Arts,DEPARTMENTS > Department of Education (DepEd) > Philippine High School for the Arts,detail,True,2026,proposed,thousand pesos,PHP,49861,75160,35716,0,160737,
m-b9-p002-r011-y2024,M,B.9,2,362,https://github.com/tordecilla/unprogrammed-appropriations/releases/download/pdfs-agency-expenditure-pages-v1/annex-m-p002.pdf,Early Childhood Care and Development Council,DEPARTMENTS > Department of Education (DepEd) > Early Childhood Care and Development Council,detail,True,2024,actual,thousand pesos,PHP,16744,296895,3116,0,316755,
m-b9-p002-r011-y2025,M,B.9,2,362,https://github.com/tordecilla/unprogrammed-appropriations/releases/download/pdfs-agency-expenditure-pages-v1/annex-m-p002.pdf,Early Childhood Care and Development Council,DEPARTMENTS > Department of Education (DepEd) > Early Childhood Care and Development Council,detail,True,2025,program,thousand pesos,PHP,15295,401435,2522,0,419252,
m-b9-p002-r011-y2026,M,B.9,2,362,https://github.com/tordecilla/unprogrammed-appropriations/releases/download/pdfs-agency-expenditure-pages-v1/annex-m-p002.pdf,Early Childhood Care and Development Council,DEPARTMENTS > Department of Education (DepEd) > Early Childhood Care and Development Council,detail,True,2026,proposed,thousand pesos,PHP,0,0,0,0,0,
m-b9-p002-r012-y2024,M,B.9,2,362,https://github.com/tordecilla/unprogrammed-appropriations/releases/download/pdfs-agency-expenditure-pages-v1/annex-m-p002.pdf,National Academy of Sports,DEPARTMENTS > Department of Education (DepEd) > National Academy of Sports,detail,True,2024,actual,thousand pesos,PHP,43335,237851,10966,0,292152,
m-b9-p002-r012-y2025,M,B.9,2,362,https://github.com/tordecilla/unprogrammed-appropriations/releases/download/pdfs-agency-expenditure-pages-v1/annex-m-p002.pdf,National Academy of Sports,DEPARTMENTS > Department of Education (DepEd) > National Academy of Sports,detail,True,2025,program,thousand pesos,PHP,37155,247020,22152,0,306327,
m-b9-p002-r012-y2026,M,B.9,2,362,https://github.com/tordecilla/unprogrammed-appropriations/releases/download/pdfs-agency-expenditure-pages-v1/annex-m-p002.pdf,National Academy of Sports,DEPARTMENTS > Department of Education (DepEd) > National Academy of Sports,detail,True,2026,proposed,thousand pesos,PHP,58361,192779,0,0,251140,
m-b9-p002-r013-y2024,M,B.9,2,362,https://github.com/tordecilla/unprogrammed-appropriations/releases/download/pdfs-agency-expenditure-pages-v1/annex-m-p002.pdf,Teacher Education Council,DEPARTMENTS > Department of Education (DepEd) > Teacher Education Council,detail,True,2024,actual,thousand pesos,PHP,0,0,0,0,0,
m-b9-p002-r013-y2025,M,B.9,2,362,https://github.com/tordecilla/unprogrammed-appropriations/releases/download/pdfs-agency-expenditure-pages-v1/annex-m-p002.pdf,Teacher Education Council,DEPARTMENTS > Department of Education (DepEd) > Teacher Education Council,detail,True,2025,program,thousand pesos,PHP,0,0,0,0,0,
m-b9-p002-r013-y2026,M,B.9,2,362,https://github.com/tordecilla/unprogrammed-appropriations/releases/download/pdfs-agency-expenditure-pages-v1/annex-m-p002.pdf,Teacher Education Council,DEPARTMENTS > Department of Education (DepEd) > Teacher Education Council,detail,True,2026,proposed,thousand pesos,PHP,4905,201709,880,0,207494,
m-b9-p002-r014-y2024,M,B.9,2,362,https://github.com/tordecilla/unprogrammed-appropriations/releases/download/pdfs-agency-expenditure-pages-v1/annex-m-p002.pdf,State Universities and Colleges (SUCs),DEPARTMENTS > State Universities and Colleges (SUCs),subtotal,False,2024,actual,thousand pesos,PHP,70682950,37102219,25635528,0,133420697,
m-b9-p002-r014-y2025,M,B.9,2,362,https://github.com/tordecilla/unprogrammed-appropriations/releases/download/pdfs-agency-expenditure-pages-v1/annex-m-p002.pdf,State Universities and Colleges (SUCs),DEPARTMENTS > State Universities and Colleges (SUCs),subtotal,False,2025,program,thousand pesos,PHP,70238541,39605181,17383782,0,127227504,
m-b9-p002-r014-y2026,M,B.9,2,362,https://github.com/tordecilla/unprogrammed-appropriations/releases/download/pdfs-agency-expenditure-pages-v1/annex-m-p002.pdf,State Universities and Colleges (SUCs),DEPARTMENTS > State Universities and Colleges (SUCs),subtotal,False,2026,proposed,thousand pesos,PHP,83125015,42310255,9555735,0,134991005,
m-b9-p002-r015-y2024,M,B.9,2,362,https://github.com/tordecilla/unprogrammed-appropriations/releases/download/pdfs-agency-expenditure-pages-v1/annex-m-p002.pdf,National Capital Region (NCR),DEPARTMENTS > State Universities and Colleges (SUCs) > National Capital Region (NCR),subtotal,False,2024,actual,thousand pesos,PHP,21705738,9314358,2384370,0,33404466,
m-b9-p002-r015-y2025,M,B.9,2,362,https://github.com/tordecilla/unprogrammed-appropriations/releases/download/pdfs-agency-expenditure-pages-v1/annex-m-p002.pdf,National Capital Region (NCR),DEPARTMENTS > State Universities and Colleges (SUCs) > National Capital Region (NCR),subtotal,False,2025,program,thousand pesos,PHP,21056552,10232045,1250920,0,32539517,
m-b9-p002-r015-y2026,M,B.9,2,362,https://github.com/tordecilla/unprogrammed-appropriations/releases/download/pdfs-agency-expenditure-pages-v1/annex-m-p002.pdf,National Capital Region (NCR),DEPARTMENTS > State Universities and Colleges (SUCs) > National Capital Region (NCR),subtotal,False,2026,proposed,thousand pesos,PHP,24418416,10507402,1922292,0,36848110,
m-b9-p002-r016-y2024,M,B.9,2,362,https://github.com/tordecilla/unprogrammed-appropriations/releases/download/pdfs-agency-expenditure-pages-v1/annex-m-p002.pdf,Eulogio 'Amang' Rodriguez Institute of Science and Technology,DEPARTMENTS > State Universities and Colleges (SUCs) > National Capital Region (NCR) > Eulogio 'Amang' Rodriguez Institute of Science and Technology,detail,True,2024,actual,thousand pesos,PHP,247739,192016,24802,0,464557,
m-b9-p002-r016-y2025,M,B.9,2,362,https://github.com/tordecilla/unprogrammed-appropriations/releases/download/pdfs-agency-expenditure-pages-v1/annex-m-p002.pdf,Eulogio 'Amang' Rodriguez Institute of Science and Technology,DEPARTMENTS > State Universities and Colleges (SUCs) > National Capital Region (NCR) > Eulogio 'Amang' Rodriguez Institute of Science and Technology,detail,True,2025,program,thousand pesos,PHP,279299,194363,5000,0,478662,
m-b9-p002-r016-y2026,M,B.9,2,362,https://github.com/tordecilla/unprogrammed-appropriations/releases/download/pdfs-agency-expenditure-pages-v1/annex-m-p002.pdf,Eulogio 'Amang' Rodriguez Institute of Science and Technology,DEPARTMENTS > State Universities and Colleges (SUCs) > National Capital Region (NCR) > Eulogio 'Amang' Rodriguez Institute of Science and Technology,detail,True,2026,proposed,thousand pesos,PHP,327337,193549,23058,0,543944,
m-b9-p002-r017-y2024,M,B.9,2,362,https://github.com/tordecilla/unprogrammed-appropriations/releases/download/pdfs-agency-expenditure-pages-v1/annex-m-p002.pdf,Marikina Polytechnic College,DEPARTMENTS > State Universities and Colleges (SUCs) > National Capital Region (NCR) > Marikina Polytechnic College,detail,True,2024,actual,thousand pesos,PHP,155189,46063,24249,0,225501,
m-b9-p002-r017-y2025,M,B.9,2,362,https://github.com/tordecilla/unprogrammed-appropriations/releases/download/pdfs-agency-expenditure-pages-v1/annex-m-p002.pdf,Marikina Polytechnic College,DEPARTMENTS > State Universities and Colleges (SUCs) > National Capital Region (NCR) > Marikina Polytechnic College,detail,True,2025,program,thousand pesos,PHP,160646,101365,5000,0,267011,
m-b9-p002-r017-y2026,M,B.9,2,362,https://github.com/tordecilla/unprogrammed-appropriations/releases/download/pdfs-agency-expenditure-pages-v1/annex-m-p002.pdf,Marikina Polytechnic College,DEPARTMENTS > State Universities and Colleges (SUCs) > National Capital Region (NCR) > Marikina Polytechnic College,detail,True,2026,proposed,thousand pesos,PHP,208297,115814,8000,0,332111,
m-b9-p002-r018-y2024,M,B.9,2,362,https://github.com/tordecilla/unprogrammed-appropriations/releases/download/pdfs-agency-expenditure-pages-v1/annex-m-p002.pdf,Philippine Normal University,DEPARTMENTS > State Universities and Colleges (SUCs) > National Capital Region (NCR) > Philippine Normal University,detail,True,2024,actual,thousand pesos,PHP,694029,214265,14978,0,923272,
m-b9-p002-r018-y2025,M,B.9,2,362,https://github.com/tordecilla/unprogrammed-appropriations/releases/download/pdfs-agency-expenditure-pages-v1/annex-m-p002.pdf,Philippine Normal University,DEPARTMENTS > State Universities and Colleges (SUCs) > National Capital Region (NCR) > Philippine Normal University,detail,True,2025,program,thousand pesos,PHP,738033,293583,238050,0,1269666,
m-b9-p002-r018-y2026,M,B.9,2,362,https://github.com/tordecilla/unprogrammed-appropriations/releases/download/pdfs-agency-expenditure-pages-v1/annex-m-p002.pdf,Philippine Normal University,DEPARTMENTS > State Universities and Colleges (SUCs) > National Capital Region (NCR) > Philippine Normal University,detail,True,2026,proposed,thousand pesos,PHP,859922,274729,449685,0,1584336,
m-b9-p002-r019-y2024,M,B.9,2,362,https://github.com/tordecilla/unprogrammed-appropriations/releases/download/pdfs-agency-expenditure-pages-v1/annex-m-p002.pdf,Philippine State College of Aeronautics,DEPARTMENTS > State Universities and Colleges (SUCs) > National Capital Region (NCR) > Philippine State College of Aeronautics,detail,True,2024,actual,thousand pesos,PHP,176364,132517,24937,0,333818,
m-b9-p002-r019-y2025,M,B.9,2,362,https://github.com/tordecilla/unprogrammed-appropriations/releases/download/pdfs-agency-expenditure-pages-v1/annex-m-p002.pdf,Philippine State College of Aeronautics,DEPARTMENTS > State Universities and Colleges (SUCs) > National Capital Region (NCR) > Philippine State College of Aeronautics,detail,True,2025,program,thousand pesos,PHP,191239,265413,48000,0,504652,
m-b9-p002-r019-y2026,M,B.9,2,362,https://github.com/tordecilla/unprogrammed-appropriations/releases/download/pdfs-agency-expenditure-pages-v1/annex-m-p002.pdf,Philippine State College of Aeronautics,DEPARTMENTS > State Universities and Colleges (SUCs) > National Capital Region (NCR) > Philippine State College of Aeronautics,detail,True,2026,proposed,thousand pesos,PHP,216915,265354,48000,0,530269,
m-b9-p002-r020-y2024,M,B.9,2,362,https://github.com/tordecilla/unprogrammed-appropriations/releases/download/pdfs-agency-expenditure-pages-v1/annex-m-p002.pdf,Polytechnic University of the Philippines,DEPARTMENTS > State Universities and Colleges (SUCs) > National Capital Region (NCR) > Polytechnic University of the Philippines,detail,True,2024,actual,thousand pesos,PHP,1894206,935979,25577,0,2855762,
m-b9-p002-r020-y2025,M,B.9,2,362,https://github.com/tordecilla/unprogrammed-appropriations/releases/download/pdfs-agency-expenditure-pages-v1/annex-m-p002.pdf,Polytechnic University of the Philippines,DEPARTMENTS > State Universities and Colleges (SUCs) > National Capital Region (NCR) > Polytechnic University of the Philippines,detail,True,2025,program,thousand pesos,PHP,1543699,1531192,463341,0,3538232,
m-b9-p002-r020-y2026,M,B.9,2,362,https://github.com/tordecilla/unprogrammed-appropriations/releases/download/pdfs-agency-expenditure-pages-v1/annex-m-p002.pdf,Polytechnic University of the Philippines,DEPARTMENTS > State Universities and Colleges (SUCs) > National Capital Region (NCR) > Polytechnic University of the Philippines,detail,True,2026,proposed,thousand pesos,PHP,1958751,1544791,259311,0,3762853,
m-b9-p002-r021-y2024,M,B.9,2,362,https://github.com/tordecilla/unprogrammed-appropriations/releases/download/pdfs-agency-expenditure-pages-v1/annex-m-p002.pdf,Rizal Technological University,DEPARTMENTS > State Universities and Colleges (SUCs) > National Capital Region (NCR) > Rizal Technological University,detail,True,2024,actual,thousand pesos,PHP,395977,393579,22940,0,812496,
m-b9-p002-r021-y2025,M,B.9,2,362,https://github.com/tordecilla/unprogrammed-appropriations/releases/download/pdfs-agency-expenditure-pages-v1/annex-m-p002.pdf,Rizal Technological University,DEPARTMENTS > State Universities and Colleges (SUCs) > National Capital Region (NCR) > Rizal Technological University,detail,True,2025,program,thousand pesos,PHP,462601,451455,22500,0,936556,
m-b9-p002-r021-y2026,M,B.9,2,362,https://github.com/tordecilla/unprogrammed-appropriations/releases/download/pdfs-agency-expenditure-pages-v1/annex-m-p002.pdf,Rizal Technological University,DEPARTMENTS > State Universities and Colleges (SUCs) > National Capital Region (NCR) > Rizal Technological University,detail,True,2026,proposed,thousand pesos,PHP,524728,434749,150500,0,1109977,
m-b9-p002-r022-y2024,M,B.9,2,362,https://github.com/tordecilla/unprogrammed-appropriations/releases/download/pdfs-agency-expenditure-pages-v1/annex-m-p002.pdf,Technological University of the Philippines,DEPARTMENTS > State Universities and Colleges (SUCs) > National Capital Region (NCR) > Technological University of the Philippines,detail,True,2024,actual,thousand pesos,PHP,725978,464597,13247,0,1203822,
m-b9-p002-r022-y2025,M,B.9,2,362,https://github.com/tordecilla/unprogrammed-appropriations/releases/download/pdfs-agency-expenditure-pages-v1/annex-m-p002.pdf,Technological University of the Philippines,DEPARTMENTS > State Universities and Colleges (SUCs) > National Capital Region (NCR) > Technological University of the Philippines,detail,True,2025,program,thousand pesos,PHP,847558,584485,25000,0,1457043,
m-b9-p002-r022-y2026,M,B.9,2,362,https://github.com/tordecilla/unprogrammed-appropriations/releases/download/pdfs-agency-expenditure-pages-v1/annex-m-p002.pdf,Technological University of the Philippines,DEPARTMENTS > State Universities and Colleges (SUCs) > National Capital Region (NCR) > Technological University of the Philippines,detail,True,2026,proposed,thousand pesos,PHP,968660,586394,19860,0,1574914,
m-b9-p002-r023-y2024,M,B.9,2,362,https://github.com/tordecilla/unprogrammed-appropriations/releases/download/pdfs-agency-expenditure-pages-v1/annex-m-p002.pdf,University of the Philippines System,DEPARTMENTS > State Universities and Colleges (SUCs) > National Capital Region (NCR) > University of the Philippines System,detail,True,2024,actual,thousand pesos,PHP,17416256,6935342,2233640,0,26585238,
m-b9-p002-r023-y2025,M,B.9,2,362,https://github.com/tordecilla/unprogrammed-appropriations/releases/download/pdfs-agency-expenditure-pages-v1/annex-m-p002.pdf,University of the Philippines System,DEPARTMENTS > State Universities and Colleges (SUCs) > National Capital Region (NCR) > University of the Philippines System,detail,True,2025,program,thousand pesos,PHP,16809511,6777189,431529,0,24018229,
m-b9-p002-r023-y2026,M,B.9,2,362,https://github.com/tordecilla/unprogrammed-appropriations/releases/download/pdfs-agency-expenditure-pages-v1/annex-m-p002.pdf,University of the Philippines System,DEPARTMENTS > State Universities and Colleges (SUCs) > National Capital Region (NCR) > University of the Philippines System,detail,True,2026,proposed,thousand pesos,PHP,19326694,7059022,950000,0,27335716,
m-b9-p002-r024-y2024,M,B.9,2,362,https://github.com/tordecilla/unprogrammed-appropriations/releases/download/pdfs-agency-expenditure-pages-v1/annex-m-p002.pdf,Philippine Energy Research and Policy Institute,DEPARTMENTS > State Universities and Colleges (SUCs) > National Capital Region (NCR) > Philippine Energy Research and Policy Institute,detail,True,2024,actual,thousand pesos,PHP,0,0,0,0,0,
m-b9-p002-r024-y2025,M,B.9,2,362,https://github.com/tordecilla/unprogrammed-appropriations/releases/download/pdfs-agency-expenditure-pages-v1/annex-m-p002.pdf,Philippine Energy Research and Policy Institute,DEPARTMENTS > State Universities and Colleges (SUCs) > National Capital Region (NCR) > Philippine Energy Research and Policy Institute,detail,True,2025,program,thousand pesos,PHP,23966,33000,12500,0,69466,
m-b9-p002-r024-y2026,M,B.9,2,362,https://github.com/tordecilla/unprogrammed-appropriations/releases/download/pdfs-agency-expenditure-pages-v1/annex-m-p002.pdf,Philippine Energy Research and Policy Institute,DEPARTMENTS > State Universities and Colleges (SUCs) > National Capital Region (NCR) > Philippine Energy Research and Policy Institute,detail,True,2026,proposed,thousand pesos,PHP,27112,33000,13878,0,73990,
m-b9-p002-r025-y2024,M,B.9,2,362,https://github.com/tordecilla/unprogrammed-appropriations/releases/download/pdfs-agency-expenditure-pages-v1/annex-m-p002.pdf,Region I - Ilocos,DEPARTMENTS > Region I - Ilocos,subtotal,False,2024,actual,thousand pesos,PHP,3768159,1293577,1673849,0,6735585,
m-b9-p002-r025-y2025,M,B.9,2,362,https://github.com/tordecilla/unprogrammed-appropriations/releases/download/pdfs-agency-expenditure-pages-v1/annex-m-p002.pdf,Region I - Ilocos,DEPARTMENTS > Region I - Ilocos,subtotal,False,2025,program,thousand pesos,PHP,3733756,1485490,343650,0,5562896,
m-b9-p002-r025-y2026,M,B.9,2,362,https://github.com/tordecilla/unprogrammed-appropriations/releases/download/pdfs-agency-expenditure-pages-v1/annex-m-p002.pdf,Region I - Ilocos,DEPARTMENTS > Region I - Ilocos,subtotal,False,2026,proposed,thousand pesos,PHP,4396048,1593431,781805,0,6771284,
m-b9-p002-r026-y2024,M,B.9,2,362,https://github.com/tordecilla/unprogrammed-appropriations/releases/download/pdfs-agency-expenditure-pages-v1/annex-m-p002.pdf,Don Mariano Marcos Memorial State University,DEPARTMENTS > Region I - Ilocos > Don Mariano Marcos Memorial State University,detail,True,2024,actual,thousand pesos,PHP,1053117,354305,92666,0,1500088,
m-b9-p002-r026-y2025,M,B.9,2,362,https://github.com/tordecilla/unprogrammed-appropriations/releases/download/pdfs-agency-expenditure-pages-v1/annex-m-p002.pdf,Don Mariano Marcos Memorial State University,DEPARTMENTS > Region I - Ilocos > Don Mariano Marcos Memorial State University,detail,True,2025,program,thousand pesos,PHP,1106169,352530,90000,0,1548699,
m-b9-p002-r026-y2026,M,B.9,2,362,https://github.com/tordecilla/unprogrammed-appropriations/releases/download/pdfs-agency-expenditure-pages-v1/annex-m-p002.pdf,Don Mariano Marcos Memorial State University,DEPARTMENTS > Region I - Ilocos > Don Mariano Marcos Memorial State University,detail,True,2026,proposed,thousand pesos,PHP,1250061,354930,234200,0,1839191,
m-b9-p003-r001-y2024,M,B.9,3,363,https://github.com/tordecilla/unprogrammed-appropriations/releases/download/pdfs-agency-expenditure-pages-v1/annex-m-p003.pdf,Ilocos Sur Polytechnic State College,DEPARTMENTS > Region I - Ilocos > Ilocos Sur Polytechnic State College,detail,True,2024,actual,thousand pesos,PHP,0,0,0,0,0,
m-b9-p003-r001-y2025,M,B.9,3,363,https://github.com/tordecilla/unprogrammed-appropriations/releases/download/pdfs-agency-expenditure-pages-v1/annex-m-p003.pdf,Ilocos Sur Polytechnic State College,DEPARTMENTS > Region I - Ilocos > Ilocos Sur Polytechnic State College,detail,True,2025,program,thousand pesos,PHP,0,0,0,0,0,
m-b9-p003-r001-y2026,M,B.9,3,363,https://github.com/tordecilla/unprogrammed-appropriations/releases/download/pdfs-agency-expenditure-pages-v1/annex-m-p003.pdf,Ilocos Sur Polytechnic State College,DEPARTMENTS > Region I - Ilocos > Ilocos Sur Polytechnic State College,detail,True,2026,proposed,thousand pesos,PHP,0,0,0,0,0,
m-b9-p003-r002-y2024,M,B.9,3,363,https://github.com/tordecilla/unprogrammed-appropriations/releases/download/pdfs-agency-expenditure-pages-v1/annex-m-p003.pdf,Ilocos Sur Polytechnic State College,DEPARTMENTS > Region I - Ilocos > Ilocos Sur Polytechnic State College,detail,True,2024,actual,thousand pesos,PHP,404639,119006,4824,0,528469,
m-b9-p003-r002-y2025,M,B.9,3,363,https://github.com/tordecilla/unprogrammed-appropriations/releases/download/pdfs-agency-expenditure-pages-v1/annex-m-p003.pdf,Ilocos Sur Polytechnic State College,DEPARTMENTS > Region I - Ilocos > Ilocos Sur Polytechnic State College,detail,True,2025,program,thousand pesos,PHP,379524,164867,40000,0,584391,
m-b9-p003-r002-y2026,M,B.9,3,363,https://github.com/tordecilla/unprogrammed-appropriations/releases/download/pdfs-agency-expenditure-pages-v1/annex-m-p003.pdf,Ilocos Sur Polytechnic State College,DEPARTMENTS > Region I - Ilocos > Ilocos Sur Polytechnic State College,detail,True,2026,proposed,thousand pesos,PHP,459686,205917,74650,0,740253,
m-b9-p003-r003-y2024,M,B.9,3,363,https://github.com/tordecilla/unprogrammed-appropriations/releases/download/pdfs-agency-expenditure-pages-v1/annex-m-p003.pdf,Mariano Marcos State University,DEPARTMENTS > Region I - Ilocos > Mariano Marcos State University,detail,True,2024,actual,thousand pesos,PHP,834378,209725,1536824,0,2580927,
m-b9-p003-r003-y2025,M,B.9,3,363,https://github.com/tordecilla/unprogrammed-appropriations/releases/download/pdfs-agency-expenditure-pages-v1/annex-m-p003.pdf,Mariano Marcos State University,DEPARTMENTS > Region I - Ilocos > Mariano Marcos State University,detail,True,2025,program,thousand pesos,PHP,786724,241645,70000,0,1098369,
m-b9-p003-r003-y2026,M,B.9,3,363,https://github.com/tordecilla/unprogrammed-appropriations/releases/download/pdfs-agency-expenditure-pages-v1/annex-m-p003.pdf,Mariano Marcos State University,DEPARTMENTS > Region I - Ilocos > Mariano Marcos State University,detail,True,2026,proposed,thousand pesos,PHP,888509,267260,223195,0,1378964,
m-b9-p003-r004-y2024,M,B.9,3,363,https://github.com/tordecilla/unprogrammed-appropriations/releases/download/pdfs-agency-expenditure-pages-v1/annex-m-p003.pdf,Pangasinan State University,DEPARTMENTS > Region I - Ilocos > Pangasinan State University,detail,True,2024,actual,thousand pesos,PHP,860690,449846,19948,0,1330484,
m-b9-p003-r004-y2025,M,B.9,3,363,https://github.com/tordecilla/unprogrammed-appropriations/releases/download/pdfs-agency-expenditure-pages-v1/annex-m-p003.pdf,Pangasinan State University,DEPARTMENTS > Region I - Ilocos > Pangasinan State University,detail,True,2025,program,thousand pesos,PHP,874601,545061,97650,0,1517312,
m-b9-p003-r004-y2026,M,B.9,3,363,https://github.com/tordecilla/unprogrammed-appropriations/releases/download/pdfs-agency-expenditure-pages-v1/annex-m-p003.pdf,Pangasinan State University,DEPARTMENTS > Region I - Ilocos > Pangasinan State University,detail,True,2026,proposed,thousand pesos,PHP,1108028,557890,133772,0,1799690,
m-b9-p003-r005-y2024,M,B.9,3,363,https://github.com/tordecilla/unprogrammed-appropriations/releases/download/pdfs-agency-expenditure-pages-v1/annex-m-p003.pdf,University of Northern Philippines,DEPARTMENTS > Region I - Ilocos > University of Northern Philippines,detail,True,2024,actual,thousand pesos,PHP,615335,160695,19587,0,795617,
m-b9-p003-r005-y2025,M,B.9,3,363,https://github.com/tordecilla/unprogrammed-appropriations/releases/download/pdfs-agency-expenditure-pages-v1/annex-m-p003.pdf,University of Northern Philippines,DEPARTMENTS > Region I - Ilocos > University of Northern Philippines,detail,True,2025,program,thousand pesos,PHP,586738,181387,46000,0,814125,
m-b9-p003-r005-y2026,M,B.9,3,363,https://github.com/tordecilla/unprogrammed-appropriations/releases/download/pdfs-agency-expenditure-pages-v1/annex-m-p003.pdf,University of Northern Philippines,DEPARTMENTS > Region I - Ilocos > University of Northern Philippines,detail,True,2026,proposed,thousand pesos,PHP,689764,207434,115988,0,1013186,
m-b9-p003-r006-y2024,M,B.9,3,363,https://github.com/tordecilla/unprogrammed-appropriations/releases/download/pdfs-agency-expenditure-pages-v1/annex-m-p003.pdf,Cordillera Administrative Region (CAR),DEPARTMENTS > Cordillera Administrative Region (CAR),subtotal,False,2024,actual,thousand pesos,PHP,1911175,953056,138431,0,3002662,
m-b9-p003-r006-y2025,M,B.9,3,363,https://github.com/tordecilla/unprogrammed-appropriations/releases/download/pdfs-agency-expenditure-pages-v1/annex-m-p003.pdf,Cordillera Administrative Region (CAR),DEPARTMENTS > Cordillera Administrative Region (CAR),subtotal,False,2025,program,thousand pesos,PHP,2047021,992258,1786909,0,4826188,
m-b9-p003-r006-y2026,M,B.9,3,363,https://github.com/tordecilla/unprogrammed-appropriations/releases/download/pdfs-agency-expenditure-pages-v1/annex-m-p003.pdf,Cordillera Administrative Region (CAR),DEPARTMENTS > Cordillera Administrative Region (CAR),subtotal,False,2026,proposed,thousand pesos,PHP,2387551,1041549,143634,0,3572734,
m-b9-p003-r007-y2024,M,B.9,3,363,https://github.com/tordecilla/unprogrammed-appropriations/releases/download/pdfs-agency-expenditure-pages-v1/annex-m-p003.pdf,Abra State Institute of Sciences and Technology,DEPARTMENTS > Cordillera Administrative Region (CAR) > Abra State Institute of Sciences and Technology,detail,True,2024,actual,thousand pesos,PHP,214451,81394,10000,0,305845,
m-b9-p003-r007-y2025,M,B.9,3,363,https://github.com/tordecilla/unprogrammed-appropriations/releases/download/pdfs-agency-expenditure-pages-v1/annex-m-p003.pdf,Abra State Institute of Sciences and Technology,DEPARTMENTS > Cordillera Administrative Region (CAR) > Abra State Institute of Sciences and Technology,detail,True,2025,program,thousand pesos,PHP,233137,99725,385000,0,717862,
m-b9-p003-r007-y2026,M,B.9,3,363,https://github.com/tordecilla/unprogrammed-appropriations/releases/download/pdfs-agency-expenditure-pages-v1/annex-m-p003.pdf,Abra State Institute of Sciences and Technology,DEPARTMENTS > Cordillera Administrative Region (CAR) > Abra State Institute of Sciences and Technology,detail,True,2026,proposed,thousand pesos,PHP,276008,102183,8000,0,386191,
m-b9-p003-r008-y2024,M,B.9,3,363,https://github.com/tordecilla/unprogrammed-appropriations/releases/download/pdfs-agency-expenditure-pages-v1/annex-m-p003.pdf,Apayao State College,DEPARTMENTS > Cordillera Administrative Region (CAR) > Apayao State College,detail,True,2024,actual,thousand pesos,PHP,137307,154458,22656,0,314421,
m-b9-p003-r008-y2025,M,B.9,3,363,https://github.com/tordecilla/unprogrammed-appropriations/releases/download/pdfs-agency-expenditure-pages-v1/annex-m-p003.pdf,Apayao State College,DEPARTMENTS > Cordillera Administrative Region (CAR) > Apayao State College,detail,True,2025,program,thousand pesos,PHP,147701,124631,144000,0,416332,
m-b9-p003-r008-y2026,M,B.9,3,363,https://github.com/tordecilla/unprogrammed-appropriations/releases/download/pdfs-agency-expenditure-pages-v1/annex-m-p003.pdf,Apayao State College,DEPARTMENTS > Cordillera Administrative Region (CAR) > Apayao State College,detail,True,2026,proposed,thousand pesos,PHP,170447,143638,18634,0,332719,
m-b9-p003-r009-y2024,M,B.9,3,363,https://github.com/tordecilla/unprogrammed-appropriations/releases/download/pdfs-agency-expenditure-pages-v1/annex-m-p003.pdf,Benguet State University,DEPARTMENTS > Cordillera Administrative Region (CAR) > Benguet State University,detail,True,2024,actual,thousand pesos,PHP,610227,200664,42302,0,853193,
m-b9-p003-r009-y2025,M,B.9,3,363,https://github.com/tordecilla/unprogrammed-appropriations/releases/download/pdfs-agency-expenditure-pages-v1/annex-m-p003.pdf,Benguet State University,DEPARTMENTS > Cordillera Administrative Region (CAR) > Benguet State University,detail,True,2025,program,thousand pesos,PHP,705115,228013,52950,0,986078,
m-b9-p003-r009-y2026,M,B.9,3,363,https://github.com/tordecilla/unprogrammed-appropriations/releases/download/pdfs-agency-expenditure-pages-v1/annex-m-p003.pdf,Benguet State University,DEPARTMENTS > Cordillera Administrative Region (CAR) > Benguet State University,detail,True,2026,proposed,thousand pesos,PHP,802931,258105,28500,0,1089536,
m-b9-p003-r010-y2024,M,B.9,3,363,https://github.com/tordecilla/unprogrammed-appropriations/releases/download/pdfs-agency-expenditure-pages-v1/annex-m-p003.pdf,Ifugao State University,DEPARTMENTS > Cordillera Administrative Region (CAR) > Ifugao State University,detail,True,2024,actual,thousand pesos,PHP,380712,218658,31192,0,630562,
m-b9-p003-r010-y2025,M,B.9,3,363,https://github.com/tordecilla/unprogrammed-appropriations/releases/download/pdfs-agency-expenditure-pages-v1/annex-m-p003.pdf,Ifugao State University,DEPARTMENTS > Cordillera Administrative Region (CAR) > Ifugao State University,detail,True,2025,program,thousand pesos,PHP,364266,218597,62400,0,645263,
m-b9-p003-r010-y2026,M,B.9,3,363,https://github.com/tordecilla/unprogrammed-appropriations/releases/download/pdfs-agency-expenditure-pages-v1/annex-m-p003.pdf,Ifugao State University,DEPARTMENTS > Cordillera Administrative Region (CAR) > Ifugao State University,detail,True,2026,proposed,thousand pesos,PHP,436930,232076,72500,0,741506,
m-b9-p003-r011-y2024,M,B.9,3,363,https://github.com/tordecilla/unprogrammed-appropriations/releases/download/pdfs-agency-expenditure-pages-v1/annex-m-p003.pdf,Kalinga State University,DEPARTMENTS > Cordillera Administrative Region (CAR) > Kalinga State University,detail,True,2024,actual,thousand pesos,PHP,313739,128058,17282,0,459079,
m-b9-p003-r011-y2025,M,B.9,3,363,https://github.com/tordecilla/unprogrammed-appropriations/releases/download/pdfs-agency-expenditure-pages-v1/annex-m-p003.pdf,Kalinga State University,DEPARTMENTS > Cordillera Administrative Region (CAR) > Kalinga State University,detail,True,2025,program,thousand pesos,PHP,328447,115706,140559,0,584712,
m-b9-p003-r011-y2026,M,B.9,3,363,https://github.com/tordecilla/unprogrammed-appropriations/releases/download/pdfs-agency-expenditure-pages-v1/annex-m-p003.pdf,Kalinga State University,DEPARTMENTS > Cordillera Administrative Region (CAR) > Kalinga State University,detail,True,2026,proposed,thousand pesos,PHP,373822,120816,8000,0,502638,
m-b9-p003-r012-y2024,M,B.9,3,363,https://github.com/tordecilla/unprogrammed-appropriations/releases/download/pdfs-agency-expenditure-pages-v1/annex-m-p003.pdf,Mountain Province State University,DEPARTMENTS > Cordillera Administrative Region (CAR) > Mountain Province State University,detail,True,2024,actual,thousand pesos,PHP,254739,169824,14999,0,439562,
m-b9-p003-r012-y2025,M,B.9,3,363,https://github.com/tordecilla/unprogrammed-appropriations/releases/download/pdfs-agency-expenditure-pages-v1/annex-m-p003.pdf,Mountain Province State University,DEPARTMENTS > Cordillera Administrative Region (CAR) > Mountain Province State University,detail,True,2025,program,thousand pesos,PHP,268355,205586,1002000,0,1475941,
m-b9-p003-r012-y2026,M,B.9,3,363,https://github.com/tordecilla/unprogrammed-appropriations/releases/download/pdfs-agency-expenditure-pages-v1/annex-m-p003.pdf,Mountain Province State University,DEPARTMENTS > Cordillera Administrative Region (CAR) > Mountain Province State University,detail,True,2026,proposed,thousand pesos,PHP,327413,184731,8000,0,520144,
m-b9-p003-r013-y2024,M,B.9,3,363,https://github.com/tordecilla/unprogrammed-appropriations/releases/download/pdfs-agency-expenditure-pages-v1/annex-m-p003.pdf,Region II - Cagayan Valley,DEPARTMENTS > Region II - Cagayan Valley,subtotal,False,2024,actual,thousand pesos,PHP,2967033,984052,154956,0,4106041,
m-b9-p003-r013-y2025,M,B.9,3,363,https://github.com/tordecilla/unprogrammed-appropriations/releases/download/pdfs-agency-expenditure-pages-v1/annex-m-p003.pdf,Region II - Cagayan Valley,DEPARTMENTS > Region II - Cagayan Valley,subtotal,False,2025,program,thousand pesos,PHP,2939937,1108048,253451,0,4301436,
m-b9-p003-r013-y2026,M,B.9,3,363,https://github.com/tordecilla/unprogrammed-appropriations/releases/download/pdfs-agency-expenditure-pages-v1/annex-m-p003.pdf,Region II - Cagayan Valley,DEPARTMENTS > Region II - Cagayan Valley,subtotal,False,2026,proposed,thousand pesos,PHP,3509827,1176376,259197,0,4945400,
m-b9-p003-r014-y2024,M,B.9,3,363,https://github.com/tordecilla/unprogrammed-appropriations/releases/download/pdfs-agency-expenditure-pages-v1/annex-m-p003.pdf,Batanes State College,DEPARTMENTS > Region II - Cagayan Valley > Batanes State College,detail,True,2024,actual,thousand pesos,PHP,45612,19888,16779,0,82279,
m-b9-p003-r014-y2025,M,B.9,3,363,https://github.com/tordecilla/unprogrammed-appropriations/releases/download/pdfs-agency-expenditure-pages-v1/annex-m-p003.pdf,Batanes State College,DEPARTMENTS > Region II - Cagayan Valley > Batanes State College,detail,True,2025,program,thousand pesos,PHP,44418,25834,37515,0,107767,
m-b9-p003-r014-y2026,M,B.9,3,363,https://github.com/tordecilla/unprogrammed-appropriations/releases/download/pdfs-agency-expenditure-pages-v1/annex-m-p003.pdf,Batanes State College,DEPARTMENTS > Region II - Cagayan Valley > Batanes State College,detail,True,2026,proposed,thousand pesos,PHP,63889,37401,86135,0,187425,
m-b9-p003-r015-y2024,M,B.9,3,363,https://github.com/tordecilla/unprogrammed-appropriations/releases/download/pdfs-agency-expenditure-pages-v1/annex-m-p003.pdf,Cagayan State University,DEPARTMENTS > Region II - Cagayan Valley > Cagayan State University,detail,True,2024,actual,thousand pesos,PHP,991422,320358,87799,0,1399579,
m-b9-p003-r015-y2025,M,B.9,3,363,https://github.com/tordecilla/unprogrammed-appropriations/releases/download/pdfs-agency-expenditure-pages-v1/annex-m-p003.pdf,Cagayan State University,DEPARTMENTS > Region II - Cagayan Valley > Cagayan State University,detail,True,2025,program,thousand pesos,PHP,957525,385404,51436,0,1394365,
m-b9-p003-r015-y2026,M,B.9,3,363,https://github.com/tordecilla/unprogrammed-appropriations/releases/download/pdfs-agency-expenditure-pages-v1/annex-m-p003.pdf,Cagayan State University,DEPARTMENTS > Region II - Cagayan Valley > Cagayan State University,detail,True,2026,proposed,thousand pesos,PHP,1142445,412635,25000,0,1580080,
m-b9-p003-r016-y2024,M,B.9,3,363,https://github.com/tordecilla/unprogrammed-appropriations/releases/download/pdfs-agency-expenditure-pages-v1/annex-m-p003.pdf,Isabela State University,DEPARTMENTS > Region II - Cagayan Valley > Isabela State University,detail,True,2024,actual,thousand pesos,PHP,1205789,393658,27587,0,1627034,
m-b9-p003-r016-y2025,M,B.9,3,363,https://github.com/tordecilla/unprogrammed-appropriations/releases/download/pdfs-agency-expenditure-pages-v1/annex-m-p003.pdf,Isabela State University,DEPARTMENTS > Region II - Cagayan Valley > Isabela State University,detail,True,2025,program,thousand pesos,PHP,1135757,409639,54500,0,1599896,
m-b9-p003-r016-y2026,M,B.9,3,363,https://github.com/tordecilla/unprogrammed-appropriations/releases/download/pdfs-agency-expenditure-pages-v1/annex-m-p003.pdf,Isabela State University,DEPARTMENTS > Region II - Cagayan Valley > Isabela State University,detail,True,2026,proposed,thousand pesos,PHP,1360771,414714,80062,0,1855547,
m-b9-p003-r017-y2024,M,B.9,3,363,https://github.com/tordecilla/unprogrammed-appropriations/releases/download/pdfs-agency-expenditure-pages-v1/annex-m-p003.pdf,Nueva Vizcaya State University,DEPARTMENTS > Region II - Cagayan Valley > Nueva Vizcaya State University,detail,True,2024,actual,thousand pesos,PHP,484837,142826,13039,0,640702,
m-b9-p003-r017-y2025,M,B.9,3,363,https://github.com/tordecilla/unprogrammed-appropriations/releases/download/pdfs-agency-expenditure-pages-v1/annex-m-p003.pdf,Nueva Vizcaya State University,DEPARTMENTS > Region II - Cagayan Valley > Nueva Vizcaya State University,detail,True,2025,program,thousand pesos,PHP,563802,158819,45000,0,767621,
m-b9-p003-r017-y2026,M,B.9,3,363,https://github.com/tordecilla/unprogrammed-appropriations/releases/download/pdfs-agency-expenditure-pages-v1/annex-m-p003.pdf,Nueva Vizcaya State University,DEPARTMENTS > Region II - Cagayan Valley > Nueva Vizcaya State University,detail,True,2026,proposed,thousand pesos,PHP,656692,172717,60000,0,889409,
m-b9-p003-r018-y2024,M,B.9,3,363,https://github.com/tordecilla/unprogrammed-appropriations/releases/download/pdfs-agency-expenditure-pages-v1/annex-m-p003.pdf,Quirino State University,DEPARTMENTS > Region II - Cagayan Valley > Quirino State University,detail,True,2024,actual,thousand pesos,PHP,239373,107322,9752,0,356447,
m-b9-p003-r018-y2025,M,B.9,3,363,https://github.com/tordecilla/unprogrammed-appropriations/releases/download/pdfs-agency-expenditure-pages-v1/annex-m-p003.pdf,Quirino State University,DEPARTMENTS > Region II - Cagayan Valley > Quirino State University,detail,True,2025,program,thousand pesos,PHP,238435,128352,65000,0,431787,
m-b9-p003-r018-y2026,M,B.9,3,363,https://github.com/tordecilla/unprogrammed-appropriations/releases/download/pdfs-agency-expenditure-pages-v1/annex-m-p003.pdf,Quirino State University,DEPARTMENTS > Region II - Cagayan Valley > Quirino State University,detail,True,2026,proposed,thousand pesos,PHP,286030,138909,8000,0,432939,
m-b9-p003-r019-y2024,M,B.9,3,363,https://github.com/tordecilla/unprogrammed-appropriations/releases/download/pdfs-agency-expenditure-pages-v1/annex-m-p003.pdf,Region III - Central Luzon,DEPARTMENTS > Region III - Central Luzon,subtotal,False,2024,actual,thousand pesos,PHP,5283143,3821305,425953,0,9530401,
m-b9-p003-r019-y2025,M,B.9,3,363,https://github.com/tordecilla/unprogrammed-appropriations/releases/download/pdfs-agency-expenditure-pages-v1/annex-m-p003.pdf,Region III - Central Luzon,DEPARTMENTS > Region III - Central Luzon,subtotal,False,2025,program,thousand pesos,PHP,5164822,3980630,1926857,0,11072309,
m-b9-p003-r019-y2026,M,B.9,3,363,https://github.com/tordecilla/unprogrammed-appropriations/releases/download/pdfs-agency-expenditure-pages-v1/annex-m-p003.pdf,Region III - Central Luzon,DEPARTMENTS > Region III - Central Luzon,subtotal,False,2026,proposed,thousand pesos,PHP,5901309,4210744,749841,0,10861894,
m-b9-p003-r020-y2024,M,B.9,3,363,https://github.com/tordecilla/unprogrammed-appropriations/releases/download/pdfs-agency-expenditure-pages-v1/annex-m-p003.pdf,Aurora State College of Technology,DEPARTMENTS > Region III - Central Luzon > Aurora State College of Technology,detail,True,2024,actual,thousand pesos,PHP,155277,91418,95480,0,342175,
m-b9-p003-r020-y2025,M,B.9,3,363,https://github.com/tordecilla/unprogrammed-appropriations/releases/download/pdfs-agency-expenditure-pages-v1/annex-m-p003.pdf,Aurora State College of Technology,DEPARTMENTS > Region III - Central Luzon > Aurora State College of Technology,detail,True,2025,program,thousand pesos,PHP,148087,118888,28387,0,295362,
m-b9-p003-r020-y2026,M,B.9,3,363,https://github.com/tordecilla/unprogrammed-appropriations/releases/download/pdfs-agency-expenditure-pages-v1/annex-m-p003.pdf,Aurora State College of Technology,DEPARTMENTS > Region III - Central Luzon > Aurora State College of Technology,detail,True,2026,proposed,thousand pesos,PHP,163573,107461,8000,0,279034,
m-b9-p003-r021-y2024,M,B.9,3,363,https://github.com/tordecilla/unprogrammed-appropriations/releases/download/pdfs-agency-expenditure-pages-v1/annex-m-p003.pdf,Bataan Peninsula State University,DEPARTMENTS > Region III - Central Luzon > Bataan Peninsula State University,detail,True,2024,actual,thousand pesos,PHP,544343,319336,24095,0,887774,
m-b9-p003-r021-y2025,M,B.9,3,363,https://github.com/tordecilla/unprogrammed-appropriations/releases/download/pdfs-agency-expenditure-pages-v1/annex-m-p003.pdf,Bataan Peninsula State University,DEPARTMENTS > Region III - Central Luzon > Bataan Peninsula State University,detail,True,2025,program,thousand pesos,PHP,516348,361658,103164,0,981170,
m-b9-p003-r021-y2026,M,B.9,3,363,https://github.com/tordecilla/unprogrammed-appropriations/releases/download/pdfs-agency-expenditure-pages-v1/annex-m-p003.pdf,Bataan Peninsula State University,DEPARTMENTS > Region III - Central Luzon > Bataan Peninsula State University,detail,True,2026,proposed,thousand pesos,PHP,600946,438447,8000,0,1047393,
m-b9-p003-r022-y2024,M,B.9,3,363,https://github.com/tordecilla/unprogrammed-appropriations/releases/download/pdfs-agency-expenditure-pages-v1/annex-m-p003.pdf,Bulacan Agricultural State College,DEPARTMENTS > Region III - Central Luzon > Bulacan Agricultural State College,detail,True,2024,actual,thousand pesos,PHP,158454,112835,16985,0,288274,
m-b9-p003-r022-y2025,M,B.9,3,363,https://github.com/tordecilla/unprogrammed-appropriations/releases/download/pdfs-agency-expenditure-pages-v1/annex-m-p003.pdf,Bulacan Agricultural State College,DEPARTMENTS > Region III - Central Luzon > Bulacan Agricultural State College,detail,True,2025,program,thousand pesos,PHP,164161,116653,1042500,0,1323314,
m-b9-p003-r022-y2026,M,B.9,3,363,https://github.com/tordecilla/unprogrammed-appropriations/releases/download/pdfs-agency-expenditure-pages-v1/annex-m-p003.pdf,Bulacan Agricultural State College,DEPARTMENTS > Region III - Central Luzon > Bulacan Agricultural State College,detail,True,2026,proposed,thousand pesos,PHP,193511,123710,8000,0,325221,
m-b9-p003-r023-y2024,M,B.9,3,363,https://github.com/tordecilla/unprogrammed-appropriations/releases/download/pdfs-agency-expenditure-pages-v1/annex-m-p003.pdf,Bulacan State University,DEPARTMENTS > Region III - Central Luzon > Bulacan State University,detail,True,2024,actual,thousand pesos,PHP,829537,662812,31304,0,1523653,
m-b9-p003-r023-y2025,M,B.9,3,363,https://github.com/tordecilla/unprogrammed-appropriations/releases/download/pdfs-agency-expenditure-pages-v1/annex-m-p003.pdf,Bulacan State University,DEPARTMENTS > Region III - Central Luzon > Bulacan State University,detail,True,2025,program,thousand pesos,PHP,837815,776224,165900,0,1779939,
m-b9-p003-r023-y2026,M,B.9,3,363,https://github.com/tordecilla/unprogrammed-appropriations/releases/download/pdfs-agency-expenditure-pages-v1/annex-m-p003.pdf,Bulacan State University,DEPARTMENTS > Region III - Central Luzon > Bulacan State University,detail,True,2026,proposed,thousand pesos,PHP,954392,776652,218700,0,1949744,
m-b9-p003-r024-y2024,M,B.9,3,363,https://github.com/tordecilla/unprogrammed-appropriations/releases/download/pdfs-agency-expenditure-pages-v1/annex-m-p003.pdf,Central Luzon State University,DEPARTMENTS > Region III - Central Luzon > Central Luzon State University,detail,True,2024,actual,thousand pesos,PHP,816225,287056,12400,0,1115681,
m-b9-p003-r024-y2025,M,B.9,3,363,https://github.com/tordecilla/unprogrammed-appropriations/releases/download/pdfs-agency-expenditure-pages-v1/annex-m-p003.pdf,Central Luzon State University,DEPARTMENTS > Region III - Central Luzon > Central Luzon State University,detail,True,2025,program,thousand pesos,PHP,803697,364796,152471,0,1320964,
m-b9-p003-r024-y2026,M,B.9,3,363,https://github.com/tordecilla/unprogrammed-appropriations/releases/download/pdfs-agency-expenditure-pages-v1/annex-m-p003.pdf,Central Luzon State University,DEPARTMENTS > Region III - Central Luzon > Central Luzon State University,detail,True,2026,proposed,thousand pesos,PHP,869572,360933,57471,0,1287976,
m-b9-p003-r025-y2024,M,B.9,3,363,https://github.com/tordecilla/unprogrammed-appropriations/releases/download/pdfs-agency-expenditure-pages-v1/annex-m-p003.pdf,Don Honorio Ventura State University,DEPARTMENTS > Region III - Central Luzon > Don Honorio Ventura State University,detail,True,2024,actual,thousand pesos,PHP,455577,883818,21511,0,1360906,
m-b9-p003-r025-y2025,M,B.9,3,363,https://github.com/tordecilla/unprogrammed-appropriations/releases/download/pdfs-agency-expenditure-pages-v1/annex-m-p003.pdf,Don Honorio Ventura State University,DEPARTMENTS > Region III - Central Luzon > Don Honorio Ventura State University,detail,True,2025,program,thousand pesos,PHP,409912,705027,37314,0,1152253,
m-b9-p003-r025-y2026,M,B.9,3,363,https://github.com/tordecilla/unprogrammed-appropriations/releases/download/pdfs-agency-expenditure-pages-v1/annex-m-p003.pdf,Don Honorio Ventura State University,DEPARTMENTS > Region III - Central Luzon > Don Honorio Ventura State University,detail,True,2026,proposed,thousand pesos,PHP,484783,784833,8000,0,1277616,
m-b9-p003-r026-y2024,M,B.9,3,363,https://github.com/tordecilla/unprogrammed-appropriations/releases/download/pdfs-agency-expenditure-pages-v1/annex-m-p003.pdf,Nueva Ecija University of Science and Technology,DEPARTMENTS > Region III - Central Luzon > Nueva Ecija University of Science and Technology,detail,True,2024,actual,thousand pesos,PHP,692717,454231,23983,0,1170931,
m-b9-p003-r026-y2025,M,B.9,3,363,https://github.com/tordecilla/unprogrammed-appropriations/releases/download/pdfs-agency-expenditure-pages-v1/annex-m-p003.pdf,Nueva Ecija University of Science and Technology,DEPARTMENTS > Region III - Central Luzon > Nueva Ecija University of Science and Technology,detail,True,2025,program,thousand pesos,PHP,682895,433611,47500,0,1164006,
m-b9-p003-r026-y2026,M,B.9,3,363,https://github.com/tordecilla/unprogrammed-appropriations/releases/download/pdfs-agency-expenditure-pages-v1/annex-m-p003.pdf,Nueva Ecija University of Science and Technology,DEPARTMENTS > Region III - Central Luzon > Nueva Ecija University of Science and Technology,detail,True,2026,proposed,thousand pesos,PHP,784438,517429,167500,0,1469367,
m-b9-p003-r027-y2024,M,B.9,3,363,https://github.com/tordecilla/unprogrammed-appropriations/releases/download/pdfs-agency-expenditure-pages-v1/annex-m-p003.pdf,Pampanga State Agricultural University,DEPARTMENTS > Region III - Central Luzon > Pampanga State Agricultural University,detail,True,2024,actual,thousand pesos,PHP,354521,115342,19758,0,489621,
m-b9-p003-r027-y2025,M,B.9,3,363,https://github.com/tordecilla/unprogrammed-appropriations/releases/download/pdfs-agency-expenditure-pages-v1/annex-m-p003.pdf,Pampanga State Agricultural University,DEPARTMENTS > Region III - Central Luzon > Pampanga State Agricultural University,detail,True,2025,program,thousand pesos,PHP,341170,134147,50200,0,525517,
m-b9-p003-r027-y2026,M,B.9,3,363,https://github.com/tordecilla/unprogrammed-appropriations/releases/download/pdfs-agency-expenditure-pages-v1/annex-m-p003.pdf,Pampanga State Agricultural University,DEPARTMENTS > Region III - Central Luzon > Pampanga State Agricultural University,detail,True,2026,proposed,thousand pesos,PHP,386871,133581,110000,0,630452,
m-b9-p003-r028-y2024,M,B.9,3,363,https://github.com/tordecilla/unprogrammed-appropriations/releases/download/pdfs-agency-expenditure-pages-v1/annex-m-p003.pdf,Philippine Merchant Marine Academy,DEPARTMENTS > Region III - Central Luzon > Philippine Merchant Marine Academy,detail,True,2024,actual,thousand pesos,PHP,144370,144243,46331,0,334944,
m-b9-p003-r028-y2025,M,B.9,3,363,https://github.com/tordecilla/unprogrammed-appropriations/releases/download/pdfs-agency-expenditure-pages-v1/annex-m-p003.pdf,Philippine Merchant Marine Academy,DEPARTMENTS > Region III - Central Luzon > Philippine Merchant Marine Academy,detail,True,2025,program,thousand pesos,PHP,142063,171462,134500,0,448025,
m-b9-p003-r028-y2026,M,B.9,3,363,https://github.com/tordecilla/unprogrammed-appropriations/releases/download/pdfs-agency-expenditure-pages-v1/annex-m-p003.pdf,Philippine Merchant Marine Academy,DEPARTMENTS > Region III - Central Luzon > Philippine Merchant Marine Academy,detail,True,2026,proposed,thousand pesos,PHP,175096,149540,8000,0,332636,
m-b9-p003-r029-y2024,M,B.9,3,363,https://github.com/tordecilla/unprogrammed-appropriations/releases/download/pdfs-agency-expenditure-pages-v1/annex-m-p003.pdf,President Ramon Magsaysay State University,DEPARTMENTS > Region III - Central Luzon > President Ramon Magsaysay State University,detail,True,2024,actual,thousand pesos,PHP,397497,178746,15145,0,591388,
m-b9-p003-r029-y2025,M,B.9,3,363,https://github.com/tordecilla/unprogrammed-appropriations/releases/download/pdfs-agency-expenditure-pages-v1/annex-m-p003.pdf,President Ramon Magsaysay State University,DEPARTMENTS > Region III - Central Luzon > President Ramon Magsaysay State University,detail,True,2025,program,thousand pesos,PHP,383795,215770,64000,0,663565,
m-b9-p003-r029-y2026,M,B.9,3,363,https://github.com/tordecilla/unprogrammed-appropriations/releases/download/pdfs-agency-expenditure-pages-v1/annex-m-p003.pdf,President Ramon Magsaysay State University,DEPARTMENTS > Region III - Central Luzon > President Ramon Magsaysay State University,detail,True,2026,proposed,thousand pesos,PHP,431706,209407,93750,0,734863,
m-b9-p004-r001-y2024,M,B.9,4,364,https://github.com/tordecilla/unprogrammed-appropriations/releases/download/pdfs-agency-expenditure-pages-v1/annex-m-p004.pdf,Tarlac Agricultural University,DEPARTMENTS > Region III - Central Luzon > Tarlac Agricultural University,detail,True,2024,actual,thousand pesos,PHP,277889,162066,35752,0,475707,
m-b9-p004-r001-y2025,M,B.9,4,364,https://github.com/tordecilla/unprogrammed-appropriations/releases/download/pdfs-agency-expenditure-pages-v1/annex-m-p004.pdf,Tarlac Agricultural University,DEPARTMENTS > Region III - Central Luzon > Tarlac Agricultural University,detail,True,2025,program,thousand pesos,PHP,282125,149908,39000,0,471033,
m-b9-p004-r001-y2026,M,B.9,4,364,https://github.com/tordecilla/unprogrammed-appropriations/releases/download/pdfs-agency-expenditure-pages-v1/annex-m-p004.pdf,Tarlac Agricultural University,DEPARTMENTS > Region III - Central Luzon > Tarlac Agricultural University,detail,True,2026,proposed,thousand pesos,PHP,332989,147947,12420,0,493356,
m-b9-p004-r002-y2024,M,B.9,4,364,https://github.com/tordecilla/unprogrammed-appropriations/releases/download/pdfs-agency-expenditure-pages-v1/annex-m-p004.pdf,Tarlac State University,DEPARTMENTS > Region III - Central Luzon > Tarlac State University,detail,True,2024,actual,thousand pesos,PHP,456736,409402,83209,0,949347,
m-b9-p004-r002-y2025,M,B.9,4,364,https://github.com/tordecilla/unprogrammed-appropriations/releases/download/pdfs-agency-expenditure-pages-v1/annex-m-p004.pdf,Tarlac State University,DEPARTMENTS > Region III - Central Luzon > Tarlac State University,detail,True,2025,program,thousand pesos,PHP,452754,432486,61921,0,947161,
m-b9-p004-r002-y2026,M,B.9,4,364,https://github.com/tordecilla/unprogrammed-appropriations/releases/download/pdfs-agency-expenditure-pages-v1/annex-m-p004.pdf,Tarlac State University,DEPARTMENTS > Region III - Central Luzon > Tarlac State University,detail,True,2026,proposed,thousand pesos,PHP,523432,460804,50000,0,1034236,
m-b9-p004-r003-y2024,M,B.9,4,364,https://github.com/tordecilla/unprogrammed-appropriations/releases/download/pdfs-agency-expenditure-pages-v1/annex-m-p004.pdf,Region IVA - CALABARZON,DEPARTMENTS > Region IVA - CALABARZON,subtotal,False,2024,actual,thousand pesos,PHP,2719094,3257861,440381,0,6417336,
m-b9-p004-r003-y2025,M,B.9,4,364,https://github.com/tordecilla/unprogrammed-appropriations/releases/download/pdfs-agency-expenditure-pages-v1/annex-m-p004.pdf,Region IVA - CALABARZON,DEPARTMENTS > Region IVA - CALABARZON,subtotal,False,2025,program,thousand pesos,PHP,2945915,3185132,701116,0,6832163,
m-b9-p004-r003-y2026,M,B.9,4,364,https://github.com/tordecilla/unprogrammed-appropriations/releases/download/pdfs-agency-expenditure-pages-v1/annex-m-p004.pdf,Region IVA - CALABARZON,DEPARTMENTS > Region IVA - CALABARZON,subtotal,False,2026,proposed,thousand pesos,PHP,3399628,3291946,543208,0,7234782,
m-b9-p004-r004-y2024,M,B.9,4,364,https://github.com/tordecilla/unprogrammed-appropriations/releases/download/pdfs-agency-expenditure-pages-v1/annex-m-p004.pdf,Batangas State University,DEPARTMENTS > Region IVA - CALABARZON > Batangas State University,detail,True,2024,actual,thousand pesos,PHP,671063,1090045,85730,0,1846838,
m-b9-p004-r004-y2025,M,B.9,4,364,https://github.com/tordecilla/unprogrammed-appropriations/releases/download/pdfs-agency-expenditure-pages-v1/annex-m-p004.pdf,Batangas State University,DEPARTMENTS > Region IVA - CALABARZON > Batangas State University,detail,True,2025,program,thousand pesos,PHP,675268,1227276,99000,0,2001544,
m-b9-p004-r004-y2026,M,B.9,4,364,https://github.com/tordecilla/unprogrammed-appropriations/releases/download/pdfs-agency-expenditure-pages-v1/annex-m-p004.pdf,Batangas State University,DEPARTMENTS > Region IVA - CALABARZON > Batangas State University,detail,True,2026,proposed,thousand pesos,PHP,805391,1226415,150000,0,2181806,
m-b9-p004-r005-y2024,M,B.9,4,364,https://github.com/tordecilla/unprogrammed-appropriations/releases/download/pdfs-agency-expenditure-pages-v1/annex-m-p004.pdf,Cavite State University,DEPARTMENTS > Region IVA - CALABARZON > Cavite State University,detail,True,2024,actual,thousand pesos,PHP,637616,1397465,184870,0,2219951,
m-b9-p004-r005-y2025,M,B.9,4,364,https://github.com/tordecilla/unprogrammed-appropriations/releases/download/pdfs-agency-expenditure-pages-v1/annex-m-p004.pdf,Cavite State University,DEPARTMENTS > Region IVA - CALABARZON > Cavite State University,detail,True,2025,program,thousand pesos,PHP,697531,1127389,398616,0,2223536,
m-b9-p004-r005-y2026,M,B.9,4,364,https://github.com/tordecilla/unprogrammed-appropriations/releases/download/pdfs-agency-expenditure-pages-v1/annex-m-p004.pdf,Cavite State University,DEPARTMENTS > Region IVA - CALABARZON > Cavite State University,detail,True,2026,proposed,thousand pesos,PHP,799463,1164109,164700,0,2128272,
m-b9-p004-r006-y2024,M,B.9,4,364,https://github.com/tordecilla/unprogrammed-appropriations/releases/download/pdfs-agency-expenditure-pages-v1/annex-m-p004.pdf,Laguna State Polytechnic University,DEPARTMENTS > Region IVA - CALABARZON > Laguna State Polytechnic University,detail,True,2024,actual,thousand pesos,PHP,506348,304328,23511,0,834187,
m-b9-p004-r006-y2025,M,B.9,4,364,https://github.com/tordecilla/unprogrammed-appropriations/releases/download/pdfs-agency-expenditure-pages-v1/annex-m-p004.pdf,Laguna State Polytechnic University,DEPARTMENTS > Region IVA - CALABARZON > Laguna State Polytechnic University,detail,True,2025,program,thousand pesos,PHP,543489,347252,122000,0,1012741,
m-b9-p004-r006-y2026,M,B.9,4,364,https://github.com/tordecilla/unprogrammed-appropriations/releases/download/pdfs-agency-expenditure-pages-v1/annex-m-p004.pdf,Laguna State Polytechnic University,DEPARTMENTS > Region IVA - CALABARZON > Laguna State Polytechnic University,detail,True,2026,proposed,thousand pesos,PHP,634532,380702,158000,0,1173234,
m-b9-p004-r007-y2024,M,B.9,4,364,https://github.com/tordecilla/unprogrammed-appropriations/releases/download/pdfs-agency-expenditure-pages-v1/annex-m-p004.pdf,Southern Luzon State University,DEPARTMENTS > Region IVA - CALABARZON > Southern Luzon State University,detail,True,2024,actual,thousand pesos,PHP,336890,258993,133709,0,729592,
m-b9-p004-r007-y2025,M,B.9,4,364,https://github.com/tordecilla/unprogrammed-appropriations/releases/download/pdfs-agency-expenditure-pages-v1/annex-m-p004.pdf,Southern Luzon State University,DEPARTMENTS > Region IVA - CALABARZON > Southern Luzon State University,detail,True,2025,program,thousand pesos,PHP,374965,258257,45000,0,678222,
m-b9-p004-r007-y2026,M,B.9,4,364,https://github.com/tordecilla/unprogrammed-appropriations/releases/download/pdfs-agency-expenditure-pages-v1/annex-m-p004.pdf,Southern Luzon State University,DEPARTMENTS > Region IVA - CALABARZON > Southern Luzon State University,detail,True,2026,proposed,thousand pesos,PHP,432455,285604,62505,0,780564,
m-b9-p004-r008-y2024,M,B.9,4,364,https://github.com/tordecilla/unprogrammed-appropriations/releases/download/pdfs-agency-expenditure-pages-v1/annex-m-p004.pdf,University of Rizal System,DEPARTMENTS > Region IVA - CALABARZON > University of Rizal System,detail,True,2024,actual,thousand pesos,PHP,567177,207030,12561,0,786768,
m-b9-p004-r008-y2025,M,B.9,4,364,https://github.com/tordecilla/unprogrammed-appropriations/releases/download/pdfs-agency-expenditure-pages-v1/annex-m-p004.pdf,University of Rizal System,DEPARTMENTS > Region IVA - CALABARZON > University of Rizal System,detail,True,2025,program,thousand pesos,PHP,654662,224958,36500,0,916120,
m-b9-p004-r008-y2026,M,B.9,4,364,https://github.com/tordecilla/unprogrammed-appropriations/releases/download/pdfs-agency-expenditure-pages-v1/annex-m-p004.pdf,University of Rizal System,DEPARTMENTS > Region IVA - CALABARZON > University of Rizal System,detail,True,2026,proposed,thousand pesos,PHP,727787,235116,8003,0,970906,
m-b9-p004-r009-y2024,M,B.9,4,364,https://github.com/tordecilla/unprogrammed-appropriations/releases/download/pdfs-agency-expenditure-pages-v1/annex-m-p004.pdf,Region IVB - MIMAROPA,DEPARTMENTS > Region IVB - MIMAROPA,subtotal,False,2024,actual,thousand pesos,PHP,1963661,1437322,3395348,0,6796331,
m-b9-p004-r009-y2025,M,B.9,4,364,https://github.com/tordecilla/unprogrammed-appropriations/releases/download/pdfs-agency-expenditure-pages-v1/annex-m-p004.pdf,Region IVB - MIMAROPA,DEPARTMENTS > Region IVB - MIMAROPA,subtotal,False,2025,program,thousand pesos,PHP,1880939,1462061,266939,0,3609939,
m-b9-p004-r009-y2026,M,B.9,4,364,https://github.com/tordecilla/unprogrammed-appropriations/releases/download/pdfs-agency-expenditure-pages-v1/annex-m-p004.pdf,Region IVB - MIMAROPA,DEPARTMENTS > Region IVB - MIMAROPA,subtotal,False,2026,proposed,thousand pesos,PHP,2359736,1412341,73921,0,3845998,
m-b9-p004-r010-y2024,M,B.9,4,364,https://github.com/tordecilla/unprogrammed-appropriations/releases/download/pdfs-agency-expenditure-pages-v1/annex-m-p004.pdf,Marinduque State University,DEPARTMENTS > Region IVB - MIMAROPA > Marinduque State University,detail,True,2024,actual,thousand pesos,PHP,225464,88883,1706868,0,2021215,
m-b9-p004-r010-y2025,M,B.9,4,364,https://github.com/tordecilla/unprogrammed-appropriations/releases/download/pdfs-agency-expenditure-pages-v1/annex-m-p004.pdf,Marinduque State University,DEPARTMENTS > Region IVB - MIMAROPA > Marinduque State University,detail,True,2025,program,thousand pesos,PHP,229119,114888,42400,0,386407,
m-b9-p004-r010-y2026,M,B.9,4,364,https://github.com/tordecilla/unprogrammed-appropriations/releases/download/pdfs-agency-expenditure-pages-v1/annex-m-p004.pdf,Marinduque State University,DEPARTMENTS > Region IVB - MIMAROPA > Marinduque State University,detail,True,2026,proposed,thousand pesos,PHP,280192,129872,14315,0,424379,
m-b9-p004-r011-y2024,M,B.9,4,364,https://github.com/tordecilla/unprogrammed-appropriations/releases/download/pdfs-agency-expenditure-pages-v1/annex-m-p004.pdf,Mindoro State University,DEPARTMENTS > Region IVB - MIMAROPA > Mindoro State University,detail,True,2024,actual,thousand pesos,PHP,245377,156679,8009,0,410065,
m-b9-p004-r011-y2025,M,B.9,4,364,https://github.com/tordecilla/unprogrammed-appropriations/releases/download/pdfs-agency-expenditure-pages-v1/annex-m-p004.pdf,Mindoro State University,DEPARTMENTS > Region IVB - MIMAROPA > Mindoro State University,detail,True,2025,program,thousand pesos,PHP,235980,201505,32671,0,470156,
m-b9-p004-r011-y2026,M,B.9,4,364,https://github.com/tordecilla/unprogrammed-appropriations/releases/download/pdfs-agency-expenditure-pages-v1/annex-m-p004.pdf,Mindoro State University,DEPARTMENTS > Region IVB - MIMAROPA > Mindoro State University,detail,True,2026,proposed,thousand pesos,PHP,292889,176356,8745,0,477990,
m-b9-p004-r012-y2024,M,B.9,4,364,https://github.com/tordecilla/unprogrammed-appropriations/releases/download/pdfs-agency-expenditure-pages-v1/annex-m-p004.pdf,Occidental Mindoro State College,DEPARTMENTS > Region IVB - MIMAROPA > Occidental Mindoro State College,detail,True,2024,actual,thousand pesos,PHP,356140,242951,16217,0,615308,
m-b9-p004-r012-y2025,M,B.9,4,364,https://github.com/tordecilla/unprogrammed-appropriations/releases/download/pdfs-agency-expenditure-pages-v1/annex-m-p004.pdf,Occidental Mindoro State College,DEPARTMENTS > Region IVB - MIMAROPA > Occidental Mindoro State College,detail,True,2025,program,thousand pesos,PHP,293575,314940,34900,0,643415,
m-b9-p004-r012-y2026,M,B.9,4,364,https://github.com/tordecilla/unprogrammed-appropriations/releases/download/pdfs-agency-expenditure-pages-v1/annex-m-p004.pdf,Occidental Mindoro State College,DEPARTMENTS > Region IVB - MIMAROPA > Occidental Mindoro State College,detail,True,2026,proposed,thousand pesos,PHP,378048,273940,18626,0,670614,
m-b9-p004-r013-y2024,M,B.9,4,364,https://github.com/tordecilla/unprogrammed-appropriations/releases/download/pdfs-agency-expenditure-pages-v1/annex-m-p004.pdf,Palawan State University,DEPARTMENTS > Region IVB - MIMAROPA > Palawan State University,detail,True,2024,actual,thousand pesos,PHP,488244,536723,34940,0,1059907,
m-b9-p004-r013-y2025,M,B.9,4,364,https://github.com/tordecilla/unprogrammed-appropriations/releases/download/pdfs-agency-expenditure-pages-v1/annex-m-p004.pdf,Palawan State University,DEPARTMENTS > Region IVB - MIMAROPA > Palawan State University,detail,True,2025,program,thousand pesos,PHP,505333,453515,47193,0,1006041,
m-b9-p004-r013-y2026,M,B.9,4,364,https://github.com/tordecilla/unprogrammed-appropriations/releases/download/pdfs-agency-expenditure-pages-v1/annex-m-p004.pdf,Palawan State University,DEPARTMENTS > Region IVB - MIMAROPA > Palawan State University,detail,True,2026,proposed,thousand pesos,PHP,635552,438505,10480,0,1084537,
m-b9-p004-r014-y2024,M,B.9,4,364,https://github.com/tordecilla/unprogrammed-appropriations/releases/download/pdfs-agency-expenditure-pages-v1/annex-m-p004.pdf,Romblon State University,DEPARTMENTS > Region IVB - MIMAROPA > Romblon State University,detail,True,2024,actual,thousand pesos,PHP,344590,145330,1607900,0,2097820,
m-b9-p004-r014-y2025,M,B.9,4,364,https://github.com/tordecilla/unprogrammed-appropriations/releases/download/pdfs-agency-expenditure-pages-v1/annex-m-p004.pdf,Romblon State University,DEPARTMENTS > Region IVB - MIMAROPA > Romblon State University,detail,True,2025,program,thousand pesos,PHP,335803,169587,35175,0,540565,
m-b9-p004-r014-y2026,M,B.9,4,364,https://github.com/tordecilla/unprogrammed-appropriations/releases/download/pdfs-agency-expenditure-pages-v1/annex-m-p004.pdf,Romblon State University,DEPARTMENTS > Region IVB - MIMAROPA > Romblon State University,detail,True,2026,proposed,thousand pesos,PHP,408079,188174,8000,0,604253,
m-b9-p004-r015-y2024,M,B.9,4,364,https://github.com/tordecilla/unprogrammed-appropriations/releases/download/pdfs-agency-expenditure-pages-v1/annex-m-p004.pdf,Western Philippines University,DEPARTMENTS > Region IVB - MIMAROPA > Western Philippines University,detail,True,2024,actual,thousand pesos,PHP,303846,266756,21414,0,592016,
m-b9-p004-r015-y2025,M,B.9,4,364,https://github.com/tordecilla/unprogrammed-appropriations/releases/download/pdfs-agency-expenditure-pages-v1/annex-m-p004.pdf,Western Philippines University,DEPARTMENTS > Region IVB - MIMAROPA > Western Philippines University,detail,True,2025,program,thousand pesos,PHP,281129,207626,74600,0,563355,
m-b9-p004-r015-y2026,M,B.9,4,364,https://github.com/tordecilla/unprogrammed-appropriations/releases/download/pdfs-agency-expenditure-pages-v1/annex-m-p004.pdf,Western Philippines University,DEPARTMENTS > Region IVB - MIMAROPA > Western Philippines University,detail,True,2026,proposed,thousand pesos,PHP,364976,205494,13755,0,584225,
m-b9-p004-r016-y2024,M,B.9,4,364,https://github.com/tordecilla/unprogrammed-appropriations/releases/download/pdfs-agency-expenditure-pages-v1/annex-m-p004.pdf,Region V - Bicol,DEPARTMENTS > Region V - Bicol,subtotal,False,2024,actual,thousand pesos,PHP,3411449,1894793,2486688,0,7792930,
m-b9-p004-r016-y2025,M,B.9,4,364,https://github.com/tordecilla/unprogrammed-appropriations/releases/download/pdfs-agency-expenditure-pages-v1/annex-m-p004.pdf,Region V - Bicol,DEPARTMENTS > Region V - Bicol,subtotal,False,2025,program,thousand pesos,PHP,3412189,2115249,794530,0,6321968,
m-b9-p004-r016-y2026,M,B.9,4,364,https://github.com/tordecilla/unprogrammed-appropriations/releases/download/pdfs-agency-expenditure-pages-v1/annex-m-p004.pdf,Region V - Bicol,DEPARTMENTS > Region V - Bicol,subtotal,False,2026,proposed,thousand pesos,PHP,3993118,2438235,490684,0,6922037,
m-b9-p004-r017-y2024,M,B.9,4,364,https://github.com/tordecilla/unprogrammed-appropriations/releases/download/pdfs-agency-expenditure-pages-v1/annex-m-p004.pdf,Bicol University,DEPARTMENTS > Region V - Bicol > Bicol University,detail,True,2024,actual,thousand pesos,PHP,996967,362003,1077680,0,2436650,
m-b9-p004-r017-y2025,M,B.9,4,364,https://github.com/tordecilla/unprogrammed-appropriations/releases/download/pdfs-agency-expenditure-pages-v1/annex-m-p004.pdf,Bicol University,DEPARTMENTS > Region V - Bicol > Bicol University,detail,True,2025,program,thousand pesos,PHP,1021200,416582,44000,0,1481782,
m-b9-p004-r017-y2026,M,B.9,4,364,https://github.com/tordecilla/unprogrammed-appropriations/releases/download/pdfs-agency-expenditure-pages-v1/annex-m-p004.pdf,Bicol University,DEPARTMENTS > Region V - Bicol > Bicol University,detail,True,2026,proposed,thousand pesos,PHP,1144578,423778,8000,0,1576356,
m-b9-p004-r018-y2024,M,B.9,4,364,https://github.com/tordecilla/unprogrammed-appropriations/releases/download/pdfs-agency-expenditure-pages-v1/annex-m-p004.pdf,Bicol State College of Applied Sciences and Technology,DEPARTMENTS > Region V - Bicol > Bicol State College of Applied Sciences and Technology,detail,True,2024,actual,thousand pesos,PHP,156151,89642,34472,0,280265,
m-b9-p004-r018-y2025,M,B.9,4,364,https://github.com/tordecilla/unprogrammed-appropriations/releases/download/pdfs-agency-expenditure-pages-v1/annex-m-p004.pdf,Bicol State College of Applied Sciences and Technology,DEPARTMENTS > Region V - Bicol > Bicol State College of Applied Sciences and Technology,detail,True,2025,program,thousand pesos,PHP,159141,96243,22500,0,277884,
m-b9-p004-r018-y2026,M,B.9,4,364,https://github.com/tordecilla/unprogrammed-appropriations/releases/download/pdfs-agency-expenditure-pages-v1/annex-m-p004.pdf,Bicol State College of Applied Sciences and Technology,DEPARTMENTS > Region V - Bicol > Bicol State College of Applied Sciences and Technology,detail,True,2026,proposed,thousand pesos,PHP,188212,118781,11100,0,318093,
m-b9-p004-r019-y2024,M,B.9,4,364,https://github.com/tordecilla/unprogrammed-appropriations/releases/download/pdfs-agency-expenditure-pages-v1/annex-m-p004.pdf,Camarines Norte State College,DEPARTMENTS > Region V - Bicol > Camarines Norte State College,detail,True,2024,actual,thousand pesos,PHP,282247,157079,6612,0,445938,
m-b9-p004-r019-y2025,M,B.9,4,364,https://github.com/tordecilla/unprogrammed-appropriations/releases/download/pdfs-agency-expenditure-pages-v1/annex-m-p004.pdf,Camarines Norte State College,DEPARTMENTS > Region V - Bicol > Camarines Norte State College,detail,True,2025,program,thousand pesos,PHP,281066,165990,152200,0,599256,
m-b9-p004-r019-y2026,M,B.9,4,364,https://github.com/tordecilla/unprogrammed-appropriations/releases/download/pdfs-agency-expenditure-pages-v1/annex-m-p004.pdf,Camarines Norte State College,DEPARTMENTS > Region V - Bicol > Camarines Norte State College,detail,True,2026,proposed,thousand pesos,PHP,342036,184127,51337,0,577500,
m-b9-p004-r020-y2024,M,B.9,4,364,https://github.com/tordecilla/unprogrammed-appropriations/releases/download/pdfs-agency-expenditure-pages-v1/annex-m-p004.pdf,Camarines Sur Polytechnic Colleges,DEPARTMENTS > Region V - Bicol > Camarines Sur Polytechnic Colleges,detail,True,2024,actual,thousand pesos,PHP,265611,249351,65690,0,580652,
m-b9-p004-r020-y2025,M,B.9,4,364,https://github.com/tordecilla/unprogrammed-appropriations/releases/download/pdfs-agency-expenditure-pages-v1/annex-m-p004.pdf,Camarines Sur Polytechnic Colleges,DEPARTMENTS > Region V - Bicol > Camarines Sur Polytechnic Colleges,detail,True,2025,program,thousand pesos,PHP,235733,292696,59530,0,587959,
m-b9-p004-r020-y2026,M,B.9,4,364,https://github.com/tordecilla/unprogrammed-appropriations/releases/download/pdfs-agency-expenditure-pages-v1/annex-m-p004.pdf,Camarines Sur Polytechnic Colleges,DEPARTMENTS > Region V - Bicol > Camarines Sur Polytechnic Colleges,detail,True,2026,proposed,thousand pesos,PHP,290806,328372,106750,0,725928,
m-b9-p004-r021-y2024,M,B.9,4,364,https://github.com/tordecilla/unprogrammed-appropriations/releases/download/pdfs-agency-expenditure-pages-v1/annex-m-p004.pdf,Catanduanes State University,DEPARTMENTS > Region V - Bicol > Catanduanes State University,detail,True,2024,actual,thousand pesos,PHP,458722,145563,1196,0,605481,
m-b9-p004-r021-y2025,M,B.9,4,364,https://github.com/tordecilla/unprogrammed-appropriations/releases/download/pdfs-agency-expenditure-pages-v1/annex-m-p004.pdf,Catanduanes State University,DEPARTMENTS > Region V - Bicol > Catanduanes State University,detail,True,2025,program,thousand pesos,PHP,445603,168095,127700,0,741398,
m-b9-p004-r021-y2026,M,B.9,4,364,https://github.com/tordecilla/unprogrammed-appropriations/releases/download/pdfs-agency-expenditure-pages-v1/annex-m-p004.pdf,Catanduanes State University,DEPARTMENTS > Region V - Bicol > Catanduanes State University,detail,True,2026,proposed,thousand pesos,PHP,489248,196759,83519,0,769526,
m-b9-p004-r022-y2024,M,B.9,4,364,https://github.com/tordecilla/unprogrammed-appropriations/releases/download/pdfs-agency-expenditure-pages-v1/annex-m-p004.pdf,Central Bicol State University of Agriculture,DEPARTMENTS > Region V - Bicol > Central Bicol State University of Agriculture,detail,True,2024,actual,thousand pesos,PHP,442775,478214,1267742,0,2188731,
m-b9-p004-r022-y2025,M,B.9,4,364,https://github.com/tordecilla/unprogrammed-appropriations/releases/download/pdfs-agency-expenditure-pages-v1/annex-m-p004.pdf,Central Bicol State University of Agriculture,DEPARTMENTS > Region V - Bicol > Central Bicol State University of Agriculture,detail,True,2025,program,thousand pesos,PHP,470943,488716,264900,0,1224559,
m-b9-p004-r022-y2026,M,B.9,4,364,https://github.com/tordecilla/unprogrammed-appropriations/releases/download/pdfs-agency-expenditure-pages-v1/annex-m-p004.pdf,Central Bicol State University of Agriculture,DEPARTMENTS > Region V - Bicol > Central Bicol State University of Agriculture,detail,True,2026,proposed,thousand pesos,PHP,552925,659399,14135,0,1226459,
m-b9-p004-r023-y2024,M,B.9,4,364,https://github.com/tordecilla/unprogrammed-appropriations/releases/download/pdfs-agency-expenditure-pages-v1/annex-m-p004.pdf,"Dr. Emilio B. Espinosa, Sr. Memorial State College of Agriculture and Technology","DEPARTMENTS > Region V - Bicol > Dr. Emilio B. Espinosa, Sr. Memorial State College of Agriculture and Technology",detail,True,2024,actual,thousand pesos,PHP,157471,110786,13809,0,282066,
m-b9-p004-r023-y2025,M,B.9,4,364,https://github.com/tordecilla/unprogrammed-appropriations/releases/download/pdfs-agency-expenditure-pages-v1/annex-m-p004.pdf,"Dr. Emilio B. Espinosa, Sr. Memorial State College of Agriculture and Technology","DEPARTMENTS > Region V - Bicol > Dr. Emilio B. Espinosa, Sr. Memorial State College of Agriculture and Technology",detail,True,2025,program,thousand pesos,PHP,152386,119221,35000,0,306607,
m-b9-p004-r023-y2026,M,B.9,4,364,https://github.com/tordecilla/unprogrammed-appropriations/releases/download/pdfs-agency-expenditure-pages-v1/annex-m-p004.pdf,"Dr. Emilio B. Espinosa, Sr. Memorial State College of Agriculture and Technology","DEPARTMENTS > Region V - Bicol > Dr. Emilio B. Espinosa, Sr. Memorial State College of Agriculture and Technology",detail,True,2026,proposed,thousand pesos,PHP,188676,130811,9108,0,328595,
m-b9-p004-r024-y2024,M,B.9,4,364,https://github.com/tordecilla/unprogrammed-appropriations/releases/download/pdfs-agency-expenditure-pages-v1/annex-m-p004.pdf,Partido State University,DEPARTMENTS > Region V - Bicol > Partido State University,detail,True,2024,actual,thousand pesos,PHP,298070,119129,19447,0,436646,
m-b9-p004-r024-y2025,M,B.9,4,364,https://github.com/tordecilla/unprogrammed-appropriations/releases/download/pdfs-agency-expenditure-pages-v1/annex-m-p004.pdf,Partido State University,DEPARTMENTS > Region V - Bicol > Partido State University,detail,True,2025,program,thousand pesos,PHP,325014,145019,27500,0,497533,
m-b9-p004-r024-y2026,M,B.9,4,364,https://github.com/tordecilla/unprogrammed-appropriations/releases/download/pdfs-agency-expenditure-pages-v1/annex-m-p004.pdf,Partido State University,DEPARTMENTS > Region V - Bicol > Partido State University,detail,True,2026,proposed,thousand pesos,PHP,402283,175160,149378,0,726821,
m-b9-p004-r025-y2024,M,B.9,4,364,https://github.com/tordecilla/unprogrammed-appropriations/releases/download/pdfs-agency-expenditure-pages-v1/annex-m-p004.pdf,Sorsogon State University,DEPARTMENTS > Region V - Bicol > Sorsogon State University,detail,True,2024,actual,thousand pesos,PHP,353435,183026,40,0,536501,
m-b9-p004-r025-y2025,M,B.9,4,364,https://github.com/tordecilla/unprogrammed-appropriations/releases/download/pdfs-agency-expenditure-pages-v1/annex-m-p004.pdf,Sorsogon State University,DEPARTMENTS > Region V - Bicol > Sorsogon State University,detail,True,2025,program,thousand pesos,PHP,321103,222687,61200,0,604990,
m-b9-p004-r025-y2026,M,B.9,4,364,https://github.com/tordecilla/unprogrammed-appropriations/releases/download/pdfs-agency-expenditure-pages-v1/annex-m-p004.pdf,Sorsogon State University,DEPARTMENTS > Region V - Bicol > Sorsogon State University,detail,True,2026,proposed,thousand pesos,PHP,394354,221048,57357,0,672759,
m-b9-p004-r026-y2024,M,B.9,4,364,https://github.com/tordecilla/unprogrammed-appropriations/releases/download/pdfs-agency-expenditure-pages-v1/annex-m-p004.pdf,Region VI - Western Visayas,DEPARTMENTS > Region VI - Western Visayas,subtotal,False,2024,actual,thousand pesos,PHP,4789908,2102839,1104072,0,7996819,
m-b9-p004-r026-y2025,M,B.9,4,364,https://github.com/tordecilla/unprogrammed-appropriations/releases/download/pdfs-agency-expenditure-pages-v1/annex-m-p004.pdf,Region VI - Western Visayas,DEPARTMENTS > Region VI - Western Visayas,subtotal,False,2025,program,thousand pesos,PHP,4650725,2399604,497906,0,7548235,
m-b9-p004-r026-y2026,M,B.9,4,364,https://github.com/tordecilla/unprogrammed-appropriations/releases/download/pdfs-agency-expenditure-pages-v1/annex-m-p004.pdf,Region VI - Western Visayas,DEPARTMENTS > Region VI - Western Visayas,subtotal,False,2026,proposed,thousand pesos,PHP,5560733,2547786,211689,0,8320208,
m-b9-p005-r001-y2024,M,B.9,5,365,https://github.com/tordecilla/unprogrammed-appropriations/releases/download/pdfs-agency-expenditure-pages-v1/annex-m-p005.pdf,Aklan State University,DEPARTMENTS > Region VI - Western Visayas > Aklan State University,detail,True,2024,actual,thousand pesos,PHP,397293,179461,28484,0,605238,
m-b9-p005-r001-y2025,M,B.9,5,365,https://github.com/tordecilla/unprogrammed-appropriations/releases/download/pdfs-agency-expenditure-pages-v1/annex-m-p005.pdf,Aklan State University,DEPARTMENTS > Region VI - Western Visayas > Aklan State University,detail,True,2025,program,thousand pesos,PHP,431469,178329,37000,0,646798,
m-b9-p005-r001-y2026,M,B.9,5,365,https://github.com/tordecilla/unprogrammed-appropriations/releases/download/pdfs-agency-expenditure-pages-v1/annex-m-p005.pdf,Aklan State University,DEPARTMENTS > Region VI - Western Visayas > Aklan State University,detail,True,2026,proposed,thousand pesos,PHP,559468,199604,8000,0,767072,
m-b9-p005-r002-y2024,M,B.9,5,365,https://github.com/tordecilla/unprogrammed-appropriations/releases/download/pdfs-agency-expenditure-pages-v1/annex-m-p005.pdf,Capiz State University,DEPARTMENTS > Region VI - Western Visayas > Capiz State University,detail,True,2024,actual,thousand pesos,PHP,701625,182636,21616,0,905877,
m-b9-p005-r002-y2025,M,B.9,5,365,https://github.com/tordecilla/unprogrammed-appropriations/releases/download/pdfs-agency-expenditure-pages-v1/annex-m-p005.pdf,Capiz State University,DEPARTMENTS > Region VI - Western Visayas > Capiz State University,detail,True,2025,program,thousand pesos,PHP,755864,335671,70000,0,1161535,
m-b9-p005-r002-y2026,M,B.9,5,365,https://github.com/tordecilla/unprogrammed-appropriations/releases/download/pdfs-agency-expenditure-pages-v1/annex-m-p005.pdf,Capiz State University,DEPARTMENTS > Region VI - Western Visayas > Capiz State University,detail,True,2026,proposed,thousand pesos,PHP,849026,364374,80000,0,1293400,
m-b9-p005-r003-y2024,M,B.9,5,365,https://github.com/tordecilla/unprogrammed-appropriations/releases/download/pdfs-agency-expenditure-pages-v1/annex-m-p005.pdf,Guimaras State University,DEPARTMENTS > Region VI - Western Visayas > Guimaras State University,detail,True,2024,actual,thousand pesos,PHP,153284,148475,39945,0,341704,
m-b9-p005-r003-y2025,M,B.9,5,365,https://github.com/tordecilla/unprogrammed-appropriations/releases/download/pdfs-agency-expenditure-pages-v1/annex-m-p005.pdf,Guimaras State University,DEPARTMENTS > Region VI - Western Visayas > Guimaras State University,detail,True,2025,program,thousand pesos,PHP,140929,154872,65432,0,361233,
m-b9-p005-r003-y2026,M,B.9,5,365,https://github.com/tordecilla/unprogrammed-appropriations/releases/download/pdfs-agency-expenditure-pages-v1/annex-m-p005.pdf,Guimaras State University,DEPARTMENTS > Region VI - Western Visayas > Guimaras State University,detail,True,2026,proposed,thousand pesos,PHP,173164,182996,8000,0,364160,
m-b9-p005-r004-y2024,M,B.9,5,365,https://github.com/tordecilla/unprogrammed-appropriations/releases/download/pdfs-agency-expenditure-pages-v1/annex-m-p005.pdf,Iloilo State University of Fisheries Science and Technology,DEPARTMENTS > Region VI - Western Visayas > Iloilo State University of Fisheries Science and Technology,detail,True,2024,actual,thousand pesos,PHP,372451,221362,9495,0,603308,
m-b9-p005-r004-y2025,M,B.9,5,365,https://github.com/tordecilla/unprogrammed-appropriations/releases/download/pdfs-agency-expenditure-pages-v1/annex-m-p005.pdf,Iloilo State University of Fisheries Science and Technology,DEPARTMENTS > Region VI - Western Visayas > Iloilo State University of Fisheries Science and Technology,detail,True,2025,program,thousand pesos,PHP,348504,171311,57500,0,577315,
m-b9-p005-r004-y2026,M,B.9,5,365,https://github.com/tordecilla/unprogrammed-appropriations/releases/download/pdfs-agency-expenditure-pages-v1/annex-m-p005.pdf,Iloilo State University of Fisheries Science and Technology,DEPARTMENTS > Region VI - Western Visayas > Iloilo State University of Fisheries Science and Technology,detail,True,2026,proposed,thousand pesos,PHP,423090,189874,8000,0,620964,
m-b9-p005-r005-y2024,M,B.9,5,365,https://github.com/tordecilla/unprogrammed-appropriations/releases/download/pdfs-agency-expenditure-pages-v1/annex-m-p005.pdf,Northern Iloilo State University,DEPARTMENTS > Region VI - Western Visayas > Northern Iloilo State University,detail,True,2024,actual,thousand pesos,PHP,473781,232717,10491,0,716989,
m-b9-p005-r005-y2025,M,B.9,5,365,https://github.com/tordecilla/unprogrammed-appropriations/releases/download/pdfs-agency-expenditure-pages-v1/annex-m-p005.pdf,Northern Iloilo State University,DEPARTMENTS > Region VI - Western Visayas > Northern Iloilo State University,detail,True,2025,program,thousand pesos,PHP,414240,263207,36500,0,713947,
m-b9-p005-r005-y2026,M,B.9,5,365,https://github.com/tordecilla/unprogrammed-appropriations/releases/download/pdfs-agency-expenditure-pages-v1/annex-m-p005.pdf,Northern Iloilo State University,DEPARTMENTS > Region VI - Western Visayas > Northern Iloilo State University,detail,True,2026,proposed,thousand pesos,PHP,552794,287204,8000,0,847998,
m-b9-p005-r006-y2024,M,B.9,5,365,https://github.com/tordecilla/unprogrammed-appropriations/releases/download/pdfs-agency-expenditure-pages-v1/annex-m-p005.pdf,University of Antique,DEPARTMENTS > Region VI - Western Visayas > University of Antique,detail,True,2024,actual,thousand pesos,PHP,355158,336328,37715,0,729201,
m-b9-p005-r006-y2025,M,B.9,5,365,https://github.com/tordecilla/unprogrammed-appropriations/releases/download/pdfs-agency-expenditure-pages-v1/annex-m-p005.pdf,University of Antique,DEPARTMENTS > Region VI - Western Visayas > University of Antique,detail,True,2025,program,thousand pesos,PHP,354129,365021,61475,0,780625,
m-b9-p005-r006-y2026,M,B.9,5,365,https://github.com/tordecilla/unprogrammed-appropriations/releases/download/pdfs-agency-expenditure-pages-v1/annex-m-p005.pdf,University of Antique,DEPARTMENTS > Region VI - Western Visayas > University of Antique,detail,True,2026,proposed,thousand pesos,PHP,414605,363310,13000,0,790915,
m-b9-p005-r007-y2024,M,B.9,5,365,https://github.com/tordecilla/unprogrammed-appropriations/releases/download/pdfs-agency-expenditure-pages-v1/annex-m-p005.pdf,Iloilo Science and Technology University,DEPARTMENTS > Region VI - Western Visayas > Iloilo Science and Technology University,detail,True,2024,actual,thousand pesos,PHP,642705,354389,14805,0,1011899,
m-b9-p005-r007-y2025,M,B.9,5,365,https://github.com/tordecilla/unprogrammed-appropriations/releases/download/pdfs-agency-expenditure-pages-v1/annex-m-p005.pdf,Iloilo Science and Technology University,DEPARTMENTS > Region VI - Western Visayas > Iloilo Science and Technology University,detail,True,2025,program,thousand pesos,PHP,596543,426526,57499,0,1080568,
m-b9-p005-r007-y2026,M,B.9,5,365,https://github.com/tordecilla/unprogrammed-appropriations/releases/download/pdfs-agency-expenditure-pages-v1/annex-m-p005.pdf,Iloilo Science and Technology University,DEPARTMENTS > Region VI - Western Visayas > Iloilo Science and Technology University,detail,True,2026,proposed,thousand pesos,PHP,695919,426937,50559,0,1173415,
m-b9-p005-r008-y2024,M,B.9,5,365,https://github.com/tordecilla/unprogrammed-appropriations/releases/download/pdfs-agency-expenditure-pages-v1/annex-m-p005.pdf,West Visayas State University,DEPARTMENTS > Region VI - Western Visayas > West Visayas State University,detail,True,2024,actual,thousand pesos,PHP,1693611,447471,941521,0,3082603,
m-b9-p005-r008-y2025,M,B.9,5,365,https://github.com/tordecilla/unprogrammed-appropriations/releases/download/pdfs-agency-expenditure-pages-v1/annex-m-p005.pdf,West Visayas State University,DEPARTMENTS > Region VI - Western Visayas > West Visayas State University,detail,True,2025,program,thousand pesos,PHP,1609047,504667,112500,0,2226214,
m-b9-p005-r008-y2026,M,B.9,5,365,https://github.com/tordecilla/unprogrammed-appropriations/releases/download/pdfs-agency-expenditure-pages-v1/annex-m-p005.pdf,West Visayas State University,DEPARTMENTS > Region VI - Western Visayas > West Visayas State University,detail,True,2026,proposed,thousand pesos,PHP,1892667,533487,36130,0,2462284,
m-b9-p005-r009-y2024,M,B.9,5,365,https://github.com/tordecilla/unprogrammed-appropriations/releases/download/pdfs-agency-expenditure-pages-v1/annex-m-p005.pdf,Negros Island Region,DEPARTMENTS > Negros Island Region,subtotal,False,2024,actual,thousand pesos,PHP,1395046,1359794,74983,0,2829823,
m-b9-p005-r009-y2025,M,B.9,5,365,https://github.com/tordecilla/unprogrammed-appropriations/releases/download/pdfs-agency-expenditure-pages-v1/annex-m-p005.pdf,Negros Island Region,DEPARTMENTS > Negros Island Region,subtotal,False,2025,program,thousand pesos,PHP,1421617,1188348,402915,0,3012880,
m-b9-p005-r009-y2026,M,B.9,5,365,https://github.com/tordecilla/unprogrammed-appropriations/releases/download/pdfs-agency-expenditure-pages-v1/annex-m-p005.pdf,Negros Island Region,DEPARTMENTS > Negros Island Region,subtotal,False,2026,proposed,thousand pesos,PHP,1802161,1259107,53410,0,3114678,
m-b9-p005-r010-y2024,M,B.9,5,365,https://github.com/tordecilla/unprogrammed-appropriations/releases/download/pdfs-agency-expenditure-pages-v1/annex-m-p005.pdf,Carlos Hilado Memorial State University,DEPARTMENTS > Negros Island Region > Carlos Hilado Memorial State University,detail,True,2024,actual,thousand pesos,PHP,414329,308107,19773,0,742209,
m-b9-p005-r010-y2025,M,B.9,5,365,https://github.com/tordecilla/unprogrammed-appropriations/releases/download/pdfs-agency-expenditure-pages-v1/annex-m-p005.pdf,Carlos Hilado Memorial State University,DEPARTMENTS > Negros Island Region > Carlos Hilado Memorial State University,detail,True,2025,program,thousand pesos,PHP,375215,267758,27500,0,670473,
m-b9-p005-r010-y2026,M,B.9,5,365,https://github.com/tordecilla/unprogrammed-appropriations/releases/download/pdfs-agency-expenditure-pages-v1/annex-m-p005.pdf,Carlos Hilado Memorial State University,DEPARTMENTS > Negros Island Region > Carlos Hilado Memorial State University,detail,True,2026,proposed,thousand pesos,PHP,497300,264230,9950,0,771480,
m-b9-p005-r011-y2024,M,B.9,5,365,https://github.com/tordecilla/unprogrammed-appropriations/releases/download/pdfs-agency-expenditure-pages-v1/annex-m-p005.pdf,Central Philippines State University,DEPARTMENTS > Negros Island Region > Central Philippines State University,detail,True,2024,actual,thousand pesos,PHP,255933,282532,9990,0,548455,
m-b9-p005-r011-y2025,M,B.9,5,365,https://github.com/tordecilla/unprogrammed-appropriations/releases/download/pdfs-agency-expenditure-pages-v1/annex-m-p005.pdf,Central Philippines State University,DEPARTMENTS > Negros Island Region > Central Philippines State University,detail,True,2025,program,thousand pesos,PHP,228594,304840,35000,0,568434,
m-b9-p005-r011-y2026,M,B.9,5,365,https://github.com/tordecilla/unprogrammed-appropriations/releases/download/pdfs-agency-expenditure-pages-v1/annex-m-p005.pdf,Central Philippines State University,DEPARTMENTS > Negros Island Region > Central Philippines State University,detail,True,2026,proposed,thousand pesos,PHP,280426,336605,8000,0,625031,
m-b9-p005-r012-y2024,M,B.9,5,365,https://github.com/tordecilla/unprogrammed-appropriations/releases/download/pdfs-agency-expenditure-pages-v1/annex-m-p005.pdf,State University of Northern Negros,DEPARTMENTS > Negros Island Region > State University of Northern Negros,detail,True,2024,actual,thousand pesos,PHP,175065,174328,26050,0,375443,
m-b9-p005-r012-y2025,M,B.9,5,365,https://github.com/tordecilla/unprogrammed-appropriations/releases/download/pdfs-agency-expenditure-pages-v1/annex-m-p005.pdf,State University of Northern Negros,DEPARTMENTS > Negros Island Region > State University of Northern Negros,detail,True,2025,program,thousand pesos,PHP,165968,125505,235400,0,526873,
m-b9-p005-r012-y2026,M,B.9,5,365,https://github.com/tordecilla/unprogrammed-appropriations/releases/download/pdfs-agency-expenditure-pages-v1/annex-m-p005.pdf,State University of Northern Negros,DEPARTMENTS > Negros Island Region > State University of Northern Negros,detail,True,2026,proposed,thousand pesos,PHP,203772,139902,8000,0,351674,
m-b9-p005-r013-y2024,M,B.9,5,365,https://github.com/tordecilla/unprogrammed-appropriations/releases/download/pdfs-agency-expenditure-pages-v1/annex-m-p005.pdf,Negros Oriental State University,DEPARTMENTS > Negros Island Region > Negros Oriental State University,detail,True,2024,actual,thousand pesos,PHP,452648,568694,1700,0,1023042,
m-b9-p005-r013-y2025,M,B.9,5,365,https://github.com/tordecilla/unprogrammed-appropriations/releases/download/pdfs-agency-expenditure-pages-v1/annex-m-p005.pdf,Negros Oriental State University,DEPARTMENTS > Negros Island Region > Negros Oriental State University,detail,True,2025,program,thousand pesos,PHP,557926,437092,65000,0,1060018,
m-b9-p005-r013-y2026,M,B.9,5,365,https://github.com/tordecilla/unprogrammed-appropriations/releases/download/pdfs-agency-expenditure-pages-v1/annex-m-p005.pdf,Negros Oriental State University,DEPARTMENTS > Negros Island Region > Negros Oriental State University,detail,True,2026,proposed,thousand pesos,PHP,693553,455971,19460,0,1168984,
m-b9-p005-r014-y2024,M,B.9,5,365,https://github.com/tordecilla/unprogrammed-appropriations/releases/download/pdfs-agency-expenditure-pages-v1/annex-m-p005.pdf,Siquijor State College,DEPARTMENTS > Negros Island Region > Siquijor State College,detail,True,2024,actual,thousand pesos,PHP,97071,26133,17470,0,140674,
m-b9-p005-r014-y2025,M,B.9,5,365,https://github.com/tordecilla/unprogrammed-appropriations/releases/download/pdfs-agency-expenditure-pages-v1/annex-m-p005.pdf,Siquijor State College,DEPARTMENTS > Negros Island Region > Siquijor State College,detail,True,2025,program,thousand pesos,PHP,93914,53153,40015,0,187082,
m-b9-p005-r014-y2026,M,B.9,5,365,https://github.com/tordecilla/unprogrammed-appropriations/releases/download/pdfs-agency-expenditure-pages-v1/annex-m-p005.pdf,Siquijor State College,DEPARTMENTS > Negros Island Region > Siquijor State College,detail,True,2026,proposed,thousand pesos,PHP,127110,62399,8000,0,197509,
m-b9-p005-r015-y2024,M,B.9,5,365,https://github.com/tordecilla/unprogrammed-appropriations/releases/download/pdfs-agency-expenditure-pages-v1/annex-m-p005.pdf,Region VII - Central Visayas,DEPARTMENTS > Region VII - Central Visayas,subtotal,False,2024,actual,thousand pesos,PHP,2003691,1802325,2043872,0,5849888,
m-b9-p005-r015-y2025,M,B.9,5,365,https://github.com/tordecilla/unprogrammed-appropriations/releases/download/pdfs-agency-expenditure-pages-v1/annex-m-p005.pdf,Region VII - Central Visayas,DEPARTMENTS > Region VII - Central Visayas,subtotal,False,2025,program,thousand pesos,PHP,1920769,1934408,156822,0,4011999,
m-b9-p005-r015-y2026,M,B.9,5,365,https://github.com/tordecilla/unprogrammed-appropriations/releases/download/pdfs-agency-expenditure-pages-v1/annex-m-p005.pdf,Region VII - Central Visayas,DEPARTMENTS > Region VII - Central Visayas,subtotal,False,2026,proposed,thousand pesos,PHP,2465567,2005772,161701,0,4633040,
m-b9-p005-r016-y2024,M,B.9,5,365,https://github.com/tordecilla/unprogrammed-appropriations/releases/download/pdfs-agency-expenditure-pages-v1/annex-m-p005.pdf,Bohol Island State University,DEPARTMENTS > Region VII - Central Visayas > Bohol Island State University,detail,True,2024,actual,thousand pesos,PHP,501214,200104,61298,0,762616,
m-b9-p005-r016-y2025,M,B.9,5,365,https://github.com/tordecilla/unprogrammed-appropriations/releases/download/pdfs-agency-expenditure-pages-v1/annex-m-p005.pdf,Bohol Island State University,DEPARTMENTS > Region VII - Central Visayas > Bohol Island State University,detail,True,2025,program,thousand pesos,PHP,514281,327425,27500,0,869206,
m-b9-p005-r016-y2026,M,B.9,5,365,https://github.com/tordecilla/unprogrammed-appropriations/releases/download/pdfs-agency-expenditure-pages-v1/annex-m-p005.pdf,Bohol Island State University,DEPARTMENTS > Region VII - Central Visayas > Bohol Island State University,detail,True,2026,proposed,thousand pesos,PHP,644018,361987,11701,0,1017706,
m-b9-p005-r017-y2024,M,B.9,5,365,https://github.com/tordecilla/unprogrammed-appropriations/releases/download/pdfs-agency-expenditure-pages-v1/annex-m-p005.pdf,Cebu Normal University,DEPARTMENTS > Region VII - Central Visayas > Cebu Normal University,detail,True,2024,actual,thousand pesos,PHP,400644,142583,1964828,0,2508055,
m-b9-p005-r017-y2025,M,B.9,5,365,https://github.com/tordecilla/unprogrammed-appropriations/releases/download/pdfs-agency-expenditure-pages-v1/annex-m-p005.pdf,Cebu Normal University,DEPARTMENTS > Region VII - Central Visayas > Cebu Normal University,detail,True,2025,program,thousand pesos,PHP,401655,121980,37500,0,561135,
m-b9-p005-r017-y2026,M,B.9,5,365,https://github.com/tordecilla/unprogrammed-appropriations/releases/download/pdfs-agency-expenditure-pages-v1/annex-m-p005.pdf,Cebu Normal University,DEPARTMENTS > Region VII - Central Visayas > Cebu Normal University,detail,True,2026,proposed,thousand pesos,PHP,515650,126973,8000,0,650623,
m-b9-p005-r018-y2024,M,B.9,5,365,https://github.com/tordecilla/unprogrammed-appropriations/releases/download/pdfs-agency-expenditure-pages-v1/annex-m-p005.pdf,Cebu Technological University,DEPARTMENTS > Region VII - Central Visayas > Cebu Technological University,detail,True,2024,actual,thousand pesos,PHP,1101833,1459638,17746,0,2579217,
m-b9-p005-r018-y2025,M,B.9,5,365,https://github.com/tordecilla/unprogrammed-appropriations/releases/download/pdfs-agency-expenditure-pages-v1/annex-m-p005.pdf,Cebu Technological University,DEPARTMENTS > Region VII - Central Visayas > Cebu Technological University,detail,True,2025,program,thousand pesos,PHP,1004833,1485003,91822,0,2581658,
m-b9-p005-r018-y2026,M,B.9,5,365,https://github.com/tordecilla/unprogrammed-appropriations/releases/download/pdfs-agency-expenditure-pages-v1/annex-m-p005.pdf,Cebu Technological University,DEPARTMENTS > Region VII - Central Visayas > Cebu Technological University,detail,True,2026,proposed,thousand pesos,PHP,1305899,1516812,142000,0,2964711,
m-b9-p005-r019-y2024,M,B.9,5,365,https://github.com/tordecilla/unprogrammed-appropriations/releases/download/pdfs-agency-expenditure-pages-v1/annex-m-p005.pdf,Region VIII - Eastern Visayas,DEPARTMENTS > Region VIII - Eastern Visayas,subtotal,False,2024,actual,thousand pesos,PHP,4211761,1785049,389162,0,6385972,
m-b9-p005-r019-y2025,M,B.9,5,365,https://github.com/tordecilla/unprogrammed-appropriations/releases/download/pdfs-agency-expenditure-pages-v1/annex-m-p005.pdf,Region VIII - Eastern Visayas,DEPARTMENTS > Region VIII - Eastern Visayas,subtotal,False,2025,program,thousand pesos,PHP,4191288,2151244,866062,0,7208594,
m-b9-p005-r019-y2026,M,B.9,5,365,https://github.com/tordecilla/unprogrammed-appropriations/releases/download/pdfs-agency-expenditure-pages-v1/annex-m-p005.pdf,Region VIII - Eastern Visayas,DEPARTMENTS > Region VIII - Eastern Visayas,subtotal,False,2026,proposed,thousand pesos,PHP,4963240,2305320,1335671,0,8604231,
m-b9-p005-r020-y2024,M,B.9,5,365,https://github.com/tordecilla/unprogrammed-appropriations/releases/download/pdfs-agency-expenditure-pages-v1/annex-m-p005.pdf,Eastern Samar State University,DEPARTMENTS > Region VIII - Eastern Visayas > Eastern Samar State University,detail,True,2024,actual,thousand pesos,PHP,600761,183620,14975,0,799356,
m-b9-p005-r020-y2025,M,B.9,5,365,https://github.com/tordecilla/unprogrammed-appropriations/releases/download/pdfs-agency-expenditure-pages-v1/annex-m-p005.pdf,Eastern Samar State University,DEPARTMENTS > Region VIII - Eastern Visayas > Eastern Samar State University,detail,True,2025,program,thousand pesos,PHP,532114,216905,244100,0,993119,
m-b9-p005-r020-y2026,M,B.9,5,365,https://github.com/tordecilla/unprogrammed-appropriations/releases/download/pdfs-agency-expenditure-pages-v1/annex-m-p005.pdf,Eastern Samar State University,DEPARTMENTS > Region VIII - Eastern Visayas > Eastern Samar State University,detail,True,2026,proposed,thousand pesos,PHP,608538,238022,35895,0,882455,
m-b9-p005-r021-y2024,M,B.9,5,365,https://github.com/tordecilla/unprogrammed-appropriations/releases/download/pdfs-agency-expenditure-pages-v1/annex-m-p005.pdf,Eastern Visayas State University,DEPARTMENTS > Region VIII - Eastern Visayas > Eastern Visayas State University,detail,True,2024,actual,thousand pesos,PHP,542398,187500,40467,0,770365,
m-b9-p005-r021-y2025,M,B.9,5,365,https://github.com/tordecilla/unprogrammed-appropriations/releases/download/pdfs-agency-expenditure-pages-v1/annex-m-p005.pdf,Eastern Visayas State University,DEPARTMENTS > Region VIII - Eastern Visayas > Eastern Visayas State University,detail,True,2025,program,thousand pesos,PHP,549999,305948,27500,0,883447,
m-b9-p005-r021-y2026,M,B.9,5,365,https://github.com/tordecilla/unprogrammed-appropriations/releases/download/pdfs-agency-expenditure-pages-v1/annex-m-p005.pdf,Eastern Visayas State University,DEPARTMENTS > Region VIII - Eastern Visayas > Eastern Visayas State University,detail,True,2026,proposed,thousand pesos,PHP,666095,333697,8000,0,1007792,
m-b9-p005-r022-y2024,M,B.9,5,365,https://github.com/tordecilla/unprogrammed-appropriations/releases/download/pdfs-agency-expenditure-pages-v1/annex-m-p005.pdf,Leyte Normal University,DEPARTMENTS > Region VIII - Eastern Visayas > Leyte Normal University,detail,True,2024,actual,thousand pesos,PHP,252264,134675,132500,0,519439,
m-b9-p005-r022-y2025,M,B.9,5,365,https://github.com/tordecilla/unprogrammed-appropriations/releases/download/pdfs-agency-expenditure-pages-v1/annex-m-p005.pdf,Leyte Normal University,DEPARTMENTS > Region VIII - Eastern Visayas > Leyte Normal University,detail,True,2025,program,thousand pesos,PHP,261461,177111,27500,0,466072,
m-b9-p005-r022-y2026,M,B.9,5,365,https://github.com/tordecilla/unprogrammed-appropriations/releases/download/pdfs-agency-expenditure-pages-v1/annex-m-p005.pdf,Leyte Normal University,DEPARTMENTS > Region VIII - Eastern Visayas > Leyte Normal University,detail,True,2026,proposed,thousand pesos,PHP,296311,117708,198210,0,612229,
m-b9-p005-r023-y2024,M,B.9,5,365,https://github.com/tordecilla/unprogrammed-appropriations/releases/download/pdfs-agency-expenditure-pages-v1/annex-m-p005.pdf,Biliran Province State University,DEPARTMENTS > Region VIII - Eastern Visayas > Biliran Province State University,detail,True,2024,actual,thousand pesos,PHP,310586,189467,24492,0,524545,
m-b9-p005-r023-y2025,M,B.9,5,365,https://github.com/tordecilla/unprogrammed-appropriations/releases/download/pdfs-agency-expenditure-pages-v1/annex-m-p005.pdf,Biliran Province State University,DEPARTMENTS > Region VIII - Eastern Visayas > Biliran Province State University,detail,True,2025,program,thousand pesos,PHP,292121,188473,85000,0,565594,
m-b9-p005-r023-y2026,M,B.9,5,365,https://github.com/tordecilla/unprogrammed-appropriations/releases/download/pdfs-agency-expenditure-pages-v1/annex-m-p005.pdf,Biliran Province State University,DEPARTMENTS > Region VIII - Eastern Visayas > Biliran Province State University,detail,True,2026,proposed,thousand pesos,PHP,338974,215065,178615,0,732654,
m-b9-p005-r024-y2024,M,B.9,5,365,https://github.com/tordecilla/unprogrammed-appropriations/releases/download/pdfs-agency-expenditure-pages-v1/annex-m-p005.pdf,Northwest Samar State University,DEPARTMENTS > Region VIII - Eastern Visayas > Northwest Samar State University,detail,True,2024,actual,thousand pesos,PHP,233485,94815,11623,0,339923,
m-b9-p005-r024-y2025,M,B.9,5,365,https://github.com/tordecilla/unprogrammed-appropriations/releases/download/pdfs-agency-expenditure-pages-v1/annex-m-p005.pdf,Northwest Samar State University,DEPARTMENTS > Region VIII - Eastern Visayas > Northwest Samar State University,detail,True,2025,program,thousand pesos,PHP,211490,159683,106400,0,477573,
m-b9-p005-r024-y2026,M,B.9,5,365,https://github.com/tordecilla/unprogrammed-appropriations/releases/download/pdfs-agency-expenditure-pages-v1/annex-m-p005.pdf,Northwest Samar State University,DEPARTMENTS > Region VIII - Eastern Visayas > Northwest Samar State University,detail,True,2026,proposed,thousand pesos,PHP,270540,265866,133500,0,669906,
m-b9-p005-r025-y2024,M,B.9,5,365,https://github.com/tordecilla/unprogrammed-appropriations/releases/download/pdfs-agency-expenditure-pages-v1/annex-m-p005.pdf,Palompon Institute of Technology,DEPARTMENTS > Region VIII - Eastern Visayas > Palompon Institute of Technology,detail,True,2024,actual,thousand pesos,PHP,208880,81150,5267,0,295297,
m-b9-p005-r025-y2025,M,B.9,5,365,https://github.com/tordecilla/unprogrammed-appropriations/releases/download/pdfs-agency-expenditure-pages-v1/annex-m-p005.pdf,Palompon Institute of Technology,DEPARTMENTS > Region VIII - Eastern Visayas > Palompon Institute of Technology,detail,True,2025,program,thousand pesos,PHP,213149,89237,35000,0,337386,
m-b9-p005-r025-y2026,M,B.9,5,365,https://github.com/tordecilla/unprogrammed-appropriations/releases/download/pdfs-agency-expenditure-pages-v1/annex-m-p005.pdf,Palompon Institute of Technology,DEPARTMENTS > Region VIII - Eastern Visayas > Palompon Institute of Technology,detail,True,2026,proposed,thousand pesos,PHP,269201,90890,88339,0,448430,
m-b9-p005-r026-y2024,M,B.9,5,365,https://github.com/tordecilla/unprogrammed-appropriations/releases/download/pdfs-agency-expenditure-pages-v1/annex-m-p005.pdf,Samar State University,DEPARTMENTS > Region VIII - Eastern Visayas > Samar State University,detail,True,2024,actual,thousand pesos,PHP,319004,140186,26505,0,485695,
m-b9-p005-r026-y2025,M,B.9,5,365,https://github.com/tordecilla/unprogrammed-appropriations/releases/download/pdfs-agency-expenditure-pages-v1/annex-m-p005.pdf,Samar State University,DEPARTMENTS > Region VIII - Eastern Visayas > Samar State University,detail,True,2025,program,thousand pesos,PHP,313898,192761,173000,0,679659,
m-b9-p005-r026-y2026,M,B.9,5,365,https://github.com/tordecilla/unprogrammed-appropriations/releases/download/pdfs-agency-expenditure-pages-v1/annex-m-p005.pdf,Samar State University,DEPARTMENTS > Region VIII - Eastern Visayas > Samar State University,detail,True,2026,proposed,thousand pesos,PHP,356557,160511,203870,0,720938,
m-b9-p005-r027-y2024,M,B.9,5,365,https://github.com/tordecilla/unprogrammed-appropriations/releases/download/pdfs-agency-expenditure-pages-v1/annex-m-p005.pdf,Southern Leyte State University,DEPARTMENTS > Region VIII - Eastern Visayas > Southern Leyte State University,detail,True,2024,actual,thousand pesos,PHP,455166,161699,13585,0,630450,
m-b9-p005-r027-y2025,M,B.9,5,365,https://github.com/tordecilla/unprogrammed-appropriations/releases/download/pdfs-agency-expenditure-pages-v1/annex-m-p005.pdf,Southern Leyte State University,DEPARTMENTS > Region VIII - Eastern Visayas > Southern Leyte State University,detail,True,2025,program,thousand pesos,PHP,451550,209560,29500,0,690610,
m-b9-p005-r027-y2026,M,B.9,5,365,https://github.com/tordecilla/unprogrammed-appropriations/releases/download/pdfs-agency-expenditure-pages-v1/annex-m-p005.pdf,Southern Leyte State University,DEPARTMENTS > Region VIII - Eastern Visayas > Southern Leyte State University,detail,True,2026,proposed,thousand pesos,PHP,527072,228654,169175,0,924901,
m-b9-p005-r028-y2024,M,B.9,5,365,https://github.com/tordecilla/unprogrammed-appropriations/releases/download/pdfs-agency-expenditure-pages-v1/annex-m-p005.pdf,University of Eastern Philippines,DEPARTMENTS > Region VIII - Eastern Visayas > University of Eastern Philippines,detail,True,2024,actual,thousand pesos,PHP,558497,210429,24433,0,793359,
m-b9-p005-r028-y2025,M,B.9,5,365,https://github.com/tordecilla/unprogrammed-appropriations/releases/download/pdfs-agency-expenditure-pages-v1/annex-m-p005.pdf,University of Eastern Philippines,DEPARTMENTS > Region VIII - Eastern Visayas > University of Eastern Philippines,detail,True,2025,program,thousand pesos,PHP,592799,222177,69692,0,884668,
m-b9-p005-r028-y2026,M,B.9,5,365,https://github.com/tordecilla/unprogrammed-appropriations/releases/download/pdfs-agency-expenditure-pages-v1/annex-m-p005.pdf,University of Eastern Philippines,DEPARTMENTS > Region VIII - Eastern Visayas > University of Eastern Philippines,detail,True,2026,proposed,thousand pesos,PHP,695570,253646,119302,0,1068518,
m-b9-p006-r001-y2024,M,B.9,6,366,https://github.com/tordecilla/unprogrammed-appropriations/releases/download/pdfs-agency-expenditure-pages-v1/annex-m-p006.pdf,Visayas State University,DEPARTMENTS > Region VIII - Eastern Visayas > Visayas State University,detail,True,2024,actual,thousand pesos,PHP,730720,401508,95315,0,1227543,
m-b9-p006-r001-y2025,M,B.9,6,366,https://github.com/tordecilla/unprogrammed-appropriations/releases/download/pdfs-agency-expenditure-pages-v1/annex-m-p006.pdf,Visayas State University,DEPARTMENTS > Region VIII - Eastern Visayas > Visayas State University,detail,True,2025,program,thousand pesos,PHP,772707,389389,68370,0,1230466,
m-b9-p006-r001-y2026,M,B.9,6,366,https://github.com/tordecilla/unprogrammed-appropriations/releases/download/pdfs-agency-expenditure-pages-v1/annex-m-p006.pdf,Visayas State University,DEPARTMENTS > Region VIII - Eastern Visayas > Visayas State University,detail,True,2026,proposed,thousand pesos,PHP,934382,401261,200765,0,1536408,
m-b9-p006-r002-y2024,M,B.9,6,366,https://github.com/tordecilla/unprogrammed-appropriations/releases/download/pdfs-agency-expenditure-pages-v1/annex-m-p006.pdf,Region IX - Zamboanga Peninsula,DEPARTMENTS > Region IX - Zamboanga Peninsula,subtotal,False,2024,actual,thousand pesos,PHP,2026129,1195963,197372,0,3419464,
m-b9-p006-r002-y2025,M,B.9,6,366,https://github.com/tordecilla/unprogrammed-appropriations/releases/download/pdfs-agency-expenditure-pages-v1/annex-m-p006.pdf,Region IX - Zamboanga Peninsula,DEPARTMENTS > Region IX - Zamboanga Peninsula,subtotal,False,2025,program,thousand pesos,PHP,2115796,1041591,2383800,0,5541187,
m-b9-p006-r002-y2026,M,B.9,6,366,https://github.com/tordecilla/unprogrammed-appropriations/releases/download/pdfs-agency-expenditure-pages-v1/annex-m-p006.pdf,Region IX - Zamboanga Peninsula,DEPARTMENTS > Region IX - Zamboanga Peninsula,subtotal,False,2026,proposed,thousand pesos,PHP,2513553,1171368,592789,0,4277710,
m-b9-p006-r003-y2024,M,B.9,6,366,https://github.com/tordecilla/unprogrammed-appropriations/releases/download/pdfs-agency-expenditure-pages-v1/annex-m-p006.pdf,J. H. Cerilles State College,DEPARTMENTS > Region IX - Zamboanga Peninsula > J. H. Cerilles State College,detail,True,2024,actual,thousand pesos,PHP,255249,187495,32251,0,474995,
m-b9-p006-r003-y2025,M,B.9,6,366,https://github.com/tordecilla/unprogrammed-appropriations/releases/download/pdfs-agency-expenditure-pages-v1/annex-m-p006.pdf,J. H. Cerilles State College,DEPARTMENTS > Region IX - Zamboanga Peninsula > J. H. Cerilles State College,detail,True,2025,program,thousand pesos,PHP,257219,144416,40300,0,441935,
m-b9-p006-r003-y2026,M,B.9,6,366,https://github.com/tordecilla/unprogrammed-appropriations/releases/download/pdfs-agency-expenditure-pages-v1/annex-m-p006.pdf,J. H. Cerilles State College,DEPARTMENTS > Region IX - Zamboanga Peninsula > J. H. Cerilles State College,detail,True,2026,proposed,thousand pesos,PHP,296958,148283,88585,0,533826,
m-b9-p006-r004-y2024,M,B.9,6,366,https://github.com/tordecilla/unprogrammed-appropriations/releases/download/pdfs-agency-expenditure-pages-v1/annex-m-p006.pdf,Jose Rizal Memorial State University,DEPARTMENTS > Region IX - Zamboanga Peninsula > Jose Rizal Memorial State University,detail,True,2024,actual,thousand pesos,PHP,475075,426337,7327,0,908739,
m-b9-p006-r004-y2025,M,B.9,6,366,https://github.com/tordecilla/unprogrammed-appropriations/releases/download/pdfs-agency-expenditure-pages-v1/annex-m-p006.pdf,Jose Rizal Memorial State University,DEPARTMENTS > Region IX - Zamboanga Peninsula > Jose Rizal Memorial State University,detail,True,2025,program,thousand pesos,PHP,480474,321124,990000,0,1791598,
m-b9-p006-r004-y2026,M,B.9,6,366,https://github.com/tordecilla/unprogrammed-appropriations/releases/download/pdfs-agency-expenditure-pages-v1/annex-m-p006.pdf,Jose Rizal Memorial State University,DEPARTMENTS > Region IX - Zamboanga Peninsula > Jose Rizal Memorial State University,detail,True,2026,proposed,thousand pesos,PHP,602844,333147,11600,0,947591,
m-b9-p006-r005-y2024,M,B.9,6,366,https://github.com/tordecilla/unprogrammed-appropriations/releases/download/pdfs-agency-expenditure-pages-v1/annex-m-p006.pdf,Western Mindanao State University,DEPARTMENTS > Region IX - Zamboanga Peninsula > Western Mindanao State University,detail,True,2024,actual,thousand pesos,PHP,749399,211725,34156,0,995280,
m-b9-p006-r005-y2025,M,B.9,6,366,https://github.com/tordecilla/unprogrammed-appropriations/releases/download/pdfs-agency-expenditure-pages-v1/annex-m-p006.pdf,Western Mindanao State University,DEPARTMENTS > Region IX - Zamboanga Peninsula > Western Mindanao State University,detail,True,2025,program,thousand pesos,PHP,813963,220398,1100000,0,2134361,
m-b9-p006-r005-y2026,M,B.9,6,366,https://github.com/tordecilla/unprogrammed-appropriations/releases/download/pdfs-agency-expenditure-pages-v1/annex-m-p006.pdf,Western Mindanao State University,DEPARTMENTS > Region IX - Zamboanga Peninsula > Western Mindanao State University,detail,True,2026,proposed,thousand pesos,PHP,950905,235130,234710,0,1420745,
m-b9-p006-r006-y2024,M,B.9,6,366,https://github.com/tordecilla/unprogrammed-appropriations/releases/download/pdfs-agency-expenditure-pages-v1/annex-m-p006.pdf,Zamboanga Peninsula Polytechnic State University,DEPARTMENTS > Region IX - Zamboanga Peninsula > Zamboanga Peninsula Polytechnic State University,detail,True,2024,actual,thousand pesos,PHP,231924,176361,7762,0,416047,
m-b9-p006-r006-y2025,M,B.9,6,366,https://github.com/tordecilla/unprogrammed-appropriations/releases/download/pdfs-agency-expenditure-pages-v1/annex-m-p006.pdf,Zamboanga Peninsula Polytechnic State University,DEPARTMENTS > Region IX - Zamboanga Peninsula > Zamboanga Peninsula Polytechnic State University,detail,True,2025,program,thousand pesos,PHP,228106,184334,101000,0,513440,
m-b9-p006-r006-y2026,M,B.9,6,366,https://github.com/tordecilla/unprogrammed-appropriations/releases/download/pdfs-agency-expenditure-pages-v1/annex-m-p006.pdf,Zamboanga Peninsula Polytechnic State University,DEPARTMENTS > Region IX - Zamboanga Peninsula > Zamboanga Peninsula Polytechnic State University,detail,True,2026,proposed,thousand pesos,PHP,258131,229848,233974,0,721953,
m-b9-p006-r007-y2024,M,B.9,6,366,https://github.com/tordecilla/unprogrammed-appropriations/releases/download/pdfs-agency-expenditure-pages-v1/annex-m-p006.pdf,Zamboanga State College of Marine Sciences and Technology,DEPARTMENTS > Region IX - Zamboanga Peninsula > Zamboanga State College of Marine Sciences and Technology,detail,True,2024,actual,thousand pesos,PHP,188320,66506,45818,0,300644,
m-b9-p006-r007-y2025,M,B.9,6,366,https://github.com/tordecilla/unprogrammed-appropriations/releases/download/pdfs-agency-expenditure-pages-v1/annex-m-p006.pdf,Zamboanga State College of Marine Sciences and Technology,DEPARTMENTS > Region IX - Zamboanga Peninsula > Zamboanga State College of Marine Sciences and Technology,detail,True,2025,program,thousand pesos,PHP,206470,57711,37500,0,301681,
m-b9-p006-r007-y2026,M,B.9,6,366,https://github.com/tordecilla/unprogrammed-appropriations/releases/download/pdfs-agency-expenditure-pages-v1/annex-m-p006.pdf,Zamboanga State College of Marine Sciences and Technology,DEPARTMENTS > Region IX - Zamboanga Peninsula > Zamboanga State College of Marine Sciences and Technology,detail,True,2026,proposed,thousand pesos,PHP,234312,93923,12920,0,341155,
m-b9-p006-r008-y2024,M,B.9,6,366,https://github.com/tordecilla/unprogrammed-appropriations/releases/download/pdfs-agency-expenditure-pages-v1/annex-m-p006.pdf,Basilan State College,DEPARTMENTS > Region IX - Zamboanga Peninsula > Basilan State College,detail,True,2024,actual,thousand pesos,PHP,126162,127539,70058,0,323759,
m-b9-p006-r008-y2025,M,B.9,6,366,https://github.com/tordecilla/unprogrammed-appropriations/releases/download/pdfs-agency-expenditure-pages-v1/annex-m-p006.pdf,Basilan State College,DEPARTMENTS > Region IX - Zamboanga Peninsula > Basilan State College,detail,True,2025,program,thousand pesos,PHP,129564,113608,115000,0,358172,
m-b9-p006-r008-y2026,M,B.9,6,366,https://github.com/tordecilla/unprogrammed-appropriations/releases/download/pdfs-agency-expenditure-pages-v1/annex-m-p006.pdf,Basilan State College,DEPARTMENTS > Region IX - Zamboanga Peninsula > Basilan State College,detail,True,2026,proposed,thousand pesos,PHP,170403,131037,11000,0,312440,
m-b9-p006-r009-y2024,M,B.9,6,366,https://github.com/tordecilla/unprogrammed-appropriations/releases/download/pdfs-agency-expenditure-pages-v1/annex-m-p006.pdf,Region X - Northern Mindanao,DEPARTMENTS > Region X - Northern Mindanao,subtotal,False,2024,actual,thousand pesos,PHP,3035205,2235569,326535,0,5597309,
m-b9-p006-r009-y2025,M,B.9,6,366,https://github.com/tordecilla/unprogrammed-appropriations/releases/download/pdfs-agency-expenditure-pages-v1/annex-m-p006.pdf,Region X - Northern Mindanao,DEPARTMENTS > Region X - Northern Mindanao,subtotal,False,2025,program,thousand pesos,PHP,3163524,2127653,490200,0,5781377,
m-b9-p006-r009-y2026,M,B.9,6,366,https://github.com/tordecilla/unprogrammed-appropriations/releases/download/pdfs-agency-expenditure-pages-v1/annex-m-p006.pdf,Region X - Northern Mindanao,DEPARTMENTS > Region X - Northern Mindanao,subtotal,False,2026,proposed,thousand pesos,PHP,3710981,2318460,756445,0,6785886,
m-b9-p006-r010-y2024,M,B.9,6,366,https://github.com/tordecilla/unprogrammed-appropriations/releases/download/pdfs-agency-expenditure-pages-v1/annex-m-p006.pdf,Bukidnon State University,DEPARTMENTS > Region X - Northern Mindanao > Bukidnon State University,detail,True,2024,actual,thousand pesos,PHP,480938,398623,72093,0,951654,
m-b9-p006-r010-y2025,M,B.9,6,366,https://github.com/tordecilla/unprogrammed-appropriations/releases/download/pdfs-agency-expenditure-pages-v1/annex-m-p006.pdf,Bukidnon State University,DEPARTMENTS > Region X - Northern Mindanao > Bukidnon State University,detail,True,2025,program,thousand pesos,PHP,486122,431007,33000,0,950129,
m-b9-p006-r010-y2026,M,B.9,6,366,https://github.com/tordecilla/unprogrammed-appropriations/releases/download/pdfs-agency-expenditure-pages-v1/annex-m-p006.pdf,Bukidnon State University,DEPARTMENTS > Region X - Northern Mindanao > Bukidnon State University,detail,True,2026,proposed,thousand pesos,PHP,561002,454464,67225,0,1082691,
m-b9-p006-r011-y2024,M,B.9,6,366,https://github.com/tordecilla/unprogrammed-appropriations/releases/download/pdfs-agency-expenditure-pages-v1/annex-m-p006.pdf,Camiguin Polytechnic State College,DEPARTMENTS > Region X - Northern Mindanao > Camiguin Polytechnic State College,detail,True,2024,actual,thousand pesos,PHP,101863,38586,4995,0,145444,
m-b9-p006-r011-y2025,M,B.9,6,366,https://github.com/tordecilla/unprogrammed-appropriations/releases/download/pdfs-agency-expenditure-pages-v1/annex-m-p006.pdf,Camiguin Polytechnic State College,DEPARTMENTS > Region X - Northern Mindanao > Camiguin Polytechnic State College,detail,True,2025,program,thousand pesos,PHP,94934,39075,25000,0,159009,
m-b9-p006-r011-y2026,M,B.9,6,366,https://github.com/tordecilla/unprogrammed-appropriations/releases/download/pdfs-agency-expenditure-pages-v1/annex-m-p006.pdf,Camiguin Polytechnic State College,DEPARTMENTS > Region X - Northern Mindanao > Camiguin Polytechnic State College,detail,True,2026,proposed,thousand pesos,PHP,111227,39437,115600,0,266264,
m-b9-p006-r012-y2024,M,B.9,6,366,https://github.com/tordecilla/unprogrammed-appropriations/releases/download/pdfs-agency-expenditure-pages-v1/annex-m-p006.pdf,Central Mindanao University,DEPARTMENTS > Region X - Northern Mindanao > Central Mindanao University,detail,True,2024,actual,thousand pesos,PHP,688045,273525,50309,0,1011879,
m-b9-p006-r012-y2025,M,B.9,6,366,https://github.com/tordecilla/unprogrammed-appropriations/releases/download/pdfs-agency-expenditure-pages-v1/annex-m-p006.pdf,Central Mindanao University,DEPARTMENTS > Region X - Northern Mindanao > Central Mindanao University,detail,True,2025,program,thousand pesos,PHP,644635,322503,62200,0,1029338,
m-b9-p006-r012-y2026,M,B.9,6,366,https://github.com/tordecilla/unprogrammed-appropriations/releases/download/pdfs-agency-expenditure-pages-v1/annex-m-p006.pdf,Central Mindanao University,DEPARTMENTS > Region X - Northern Mindanao > Central Mindanao University,detail,True,2026,proposed,thousand pesos,PHP,747327,369789,40800,0,1157916,
m-b9-p006-r013-y2024,M,B.9,6,366,https://github.com/tordecilla/unprogrammed-appropriations/releases/download/pdfs-agency-expenditure-pages-v1/annex-m-p006.pdf,University of Science and Technology of Southern Philippines - Cagayan de Oro Campus,DEPARTMENTS > Region X - Northern Mindanao > University of Science and Technology of Southern Philippines - Cagayan de Oro Campus,detail,True,2024,actual,thousand pesos,PHP,528241,669311,31587,0,1229139,
m-b9-p006-r013-y2025,M,B.9,6,366,https://github.com/tordecilla/unprogrammed-appropriations/releases/download/pdfs-agency-expenditure-pages-v1/annex-m-p006.pdf,University of Science and Technology of Southern Philippines - Cagayan de Oro Campus,DEPARTMENTS > Region X - Northern Mindanao > University of Science and Technology of Southern Philippines - Cagayan de Oro Campus,detail,True,2025,program,thousand pesos,PHP,584624,509171,32500,0,1126295,
m-b9-p006-r013-y2026,M,B.9,6,366,https://github.com/tordecilla/unprogrammed-appropriations/releases/download/pdfs-agency-expenditure-pages-v1/annex-m-p006.pdf,University of Science and Technology of Southern Philippines - Cagayan de Oro Campus,DEPARTMENTS > Region X - Northern Mindanao > University of Science and Technology of Southern Philippines - Cagayan de Oro Campus,detail,True,2026,proposed,thousand pesos,PHP,0,0,0,0,0,
m-b9-p006-r014-y2024,M,B.9,6,366,https://github.com/tordecilla/unprogrammed-appropriations/releases/download/pdfs-agency-expenditure-pages-v1/annex-m-p006.pdf,MSU-Iligan Institute of Technology,DEPARTMENTS > Region X - Northern Mindanao > MSU-Iligan Institute of Technology,detail,True,2024,actual,thousand pesos,PHP,941878,380160,83909,0,1405947,
m-b9-p006-r014-y2025,M,B.9,6,366,https://github.com/tordecilla/unprogrammed-appropriations/releases/download/pdfs-agency-expenditure-pages-v1/annex-m-p006.pdf,MSU-Iligan Institute of Technology,DEPARTMENTS > Region X - Northern Mindanao > MSU-Iligan Institute of Technology,detail,True,2025,program,thousand pesos,PHP,986241,418770,70000,0,1475011,
m-b9-p006-r014-y2026,M,B.9,6,366,https://github.com/tordecilla/unprogrammed-appropriations/releases/download/pdfs-agency-expenditure-pages-v1/annex-m-p006.pdf,MSU-Iligan Institute of Technology,DEPARTMENTS > Region X - Northern Mindanao > MSU-Iligan Institute of Technology,detail,True,2026,proposed,thousand pesos,PHP,1150528,441583,133700,0,1725811,
m-b9-p006-r015-y2024,M,B.9,6,366,https://github.com/tordecilla/unprogrammed-appropriations/releases/download/pdfs-agency-expenditure-pages-v1/annex-m-p006.pdf,University of Science and Technology of Southern Philippines - Claveria Campus,DEPARTMENTS > Region X - Northern Mindanao > University of Science and Technology of Southern Philippines - Claveria Campus,detail,True,2024,actual,thousand pesos,PHP,130207,155488,17468,0,303163,
m-b9-p006-r015-y2025,M,B.9,6,366,https://github.com/tordecilla/unprogrammed-appropriations/releases/download/pdfs-agency-expenditure-pages-v1/annex-m-p006.pdf,University of Science and Technology of Southern Philippines - Claveria Campus,DEPARTMENTS > Region X - Northern Mindanao > University of Science and Technology of Southern Philippines - Claveria Campus,detail,True,2025,program,thousand pesos,PHP,159959,125123,80000,0,365082,
m-b9-p006-r015-y2026,M,B.9,6,366,https://github.com/tordecilla/unprogrammed-appropriations/releases/download/pdfs-agency-expenditure-pages-v1/annex-m-p006.pdf,University of Science and Technology of Southern Philippines - Claveria Campus,DEPARTMENTS > Region X - Northern Mindanao > University of Science and Technology of Southern Philippines - Claveria Campus,detail,True,2026,proposed,thousand pesos,PHP,0,0,0,0,0,
m-b9-p006-r016-y2024,M,B.9,6,366,https://github.com/tordecilla/unprogrammed-appropriations/releases/download/pdfs-agency-expenditure-pages-v1/annex-m-p006.pdf,Northwestern Mindanao State College of Science and Technology,DEPARTMENTS > Region X - Northern Mindanao > Northwestern Mindanao State College of Science and Technology,detail,True,2024,actual,thousand pesos,PHP,108502,141283,4894,0,254679,
m-b9-p006-r016-y2025,M,B.9,6,366,https://github.com/tordecilla/unprogrammed-appropriations/releases/download/pdfs-agency-expenditure-pages-v1/annex-m-p006.pdf,Northwestern Mindanao State College of Science and Technology,DEPARTMENTS > Region X - Northern Mindanao > Northwestern Mindanao State College of Science and Technology,detail,True,2025,program,thousand pesos,PHP,148024,162454,170000,0,480478,
m-b9-p006-r016-y2026,M,B.9,6,366,https://github.com/tordecilla/unprogrammed-appropriations/releases/download/pdfs-agency-expenditure-pages-v1/annex-m-p006.pdf,Northwestern Mindanao State College of Science and Technology,DEPARTMENTS > Region X - Northern Mindanao > Northwestern Mindanao State College of Science and Technology,detail,True,2026,proposed,thousand pesos,PHP,168315,183406,144000,0,495721,
m-b9-p006-r017-y2024,M,B.9,6,366,https://github.com/tordecilla/unprogrammed-appropriations/releases/download/pdfs-agency-expenditure-pages-v1/annex-m-p006.pdf,Northern Bukidnon State College,DEPARTMENTS > Region X - Northern Mindanao > Northern Bukidnon State College,detail,True,2024,actual,thousand pesos,PHP,55531,178593,61280,0,295404,
m-b9-p006-r017-y2025,M,B.9,6,366,https://github.com/tordecilla/unprogrammed-appropriations/releases/download/pdfs-agency-expenditure-pages-v1/annex-m-p006.pdf,Northern Bukidnon State College,DEPARTMENTS > Region X - Northern Mindanao > Northern Bukidnon State College,detail,True,2025,program,thousand pesos,PHP,58985,119550,17500,0,196035,
m-b9-p006-r017-y2026,M,B.9,6,366,https://github.com/tordecilla/unprogrammed-appropriations/releases/download/pdfs-agency-expenditure-pages-v1/annex-m-p006.pdf,Northern Bukidnon State College,DEPARTMENTS > Region X - Northern Mindanao > Northern Bukidnon State College,detail,True,2026,proposed,thousand pesos,PHP,72416,142388,60120,0,274924,
m-b9-p006-r018-y2024,M,B.9,6,366,https://github.com/tordecilla/unprogrammed-appropriations/releases/download/pdfs-agency-expenditure-pages-v1/annex-m-p006.pdf,University of Science and Technology of Southern Philippines,DEPARTMENTS > Region X - Northern Mindanao > University of Science and Technology of Southern Philippines,detail,True,2024,actual,thousand pesos,PHP,0,0,0,0,0,
m-b9-p006-r018-y2025,M,B.9,6,366,https://github.com/tordecilla/unprogrammed-appropriations/releases/download/pdfs-agency-expenditure-pages-v1/annex-m-p006.pdf,University of Science and Technology of Southern Philippines,DEPARTMENTS > Region X - Northern Mindanao > University of Science and Technology of Southern Philippines,detail,True,2025,program,thousand pesos,PHP,0,0,0,0,0,
m-b9-p006-r018-y2026,M,B.9,6,366,https://github.com/tordecilla/unprogrammed-appropriations/releases/download/pdfs-agency-expenditure-pages-v1/annex-m-p006.pdf,University of Science and Technology of Southern Philippines,DEPARTMENTS > Region X - Northern Mindanao > University of Science and Technology of Southern Philippines,detail,True,2026,proposed,thousand pesos,PHP,900166,687393,195000,0,1782559,
m-b9-p006-r019-y2024,M,B.9,6,366,https://github.com/tordecilla/unprogrammed-appropriations/releases/download/pdfs-agency-expenditure-pages-v1/annex-m-p006.pdf,Region XI - Davao,DEPARTMENTS > Region XI - Davao,subtotal,False,2024,actual,thousand pesos,PHP,1606753,754054,191020,0,2551827,
m-b9-p006-r019-y2025,M,B.9,6,366,https://github.com/tordecilla/unprogrammed-appropriations/releases/download/pdfs-agency-expenditure-pages-v1/annex-m-p006.pdf,Region XI - Davao,DEPARTMENTS > Region XI - Davao,subtotal,False,2025,program,thousand pesos,PHP,1621539,841300,873757,0,3336596,
m-b9-p006-r019-y2026,M,B.9,6,366,https://github.com/tordecilla/unprogrammed-appropriations/releases/download/pdfs-agency-expenditure-pages-v1/annex-m-p006.pdf,Region XI - Davao,DEPARTMENTS > Region XI - Davao,subtotal,False,2026,proposed,thousand pesos,PHP,1987331,972342,290658,0,3250331,
m-b9-p006-r020-y2024,M,B.9,6,366,https://github.com/tordecilla/unprogrammed-appropriations/releases/download/pdfs-agency-expenditure-pages-v1/annex-m-p006.pdf,University of Southeastern Philippines,DEPARTMENTS > Region XI - Davao > University of Southeastern Philippines,detail,True,2024,actual,thousand pesos,PHP,554674,228506,110300,0,893480,
m-b9-p006-r020-y2025,M,B.9,6,366,https://github.com/tordecilla/unprogrammed-appropriations/releases/download/pdfs-agency-expenditure-pages-v1/annex-m-p006.pdf,University of Southeastern Philippines,DEPARTMENTS > Region XI - Davao > University of Southeastern Philippines,detail,True,2025,program,thousand pesos,PHP,580322,227764,458000,0,1266086,
m-b9-p006-r020-y2026,M,B.9,6,366,https://github.com/tordecilla/unprogrammed-appropriations/releases/download/pdfs-agency-expenditure-pages-v1/annex-m-p006.pdf,University of Southeastern Philippines,DEPARTMENTS > Region XI - Davao > University of Southeastern Philippines,detail,True,2026,proposed,thousand pesos,PHP,669973,240422,108481,0,1018876,
m-b9-p006-r021-y2024,M,B.9,6,366,https://github.com/tordecilla/unprogrammed-appropriations/releases/download/pdfs-agency-expenditure-pages-v1/annex-m-p006.pdf,Davao de Oro State College,DEPARTMENTS > Region XI - Davao > Davao de Oro State College,detail,True,2024,actual,thousand pesos,PHP,239983,109744,35365,0,385092,
m-b9-p006-r021-y2025,M,B.9,6,366,https://github.com/tordecilla/unprogrammed-appropriations/releases/download/pdfs-agency-expenditure-pages-v1/annex-m-p006.pdf,Davao de Oro State College,DEPARTMENTS > Region XI - Davao > Davao de Oro State College,detail,True,2025,program,thousand pesos,PHP,292422,125040,82121,0,499583,
m-b9-p006-r021-y2026,M,B.9,6,366,https://github.com/tordecilla/unprogrammed-appropriations/releases/download/pdfs-agency-expenditure-pages-v1/annex-m-p006.pdf,Davao de Oro State College,DEPARTMENTS > Region XI - Davao > Davao de Oro State College,detail,True,2026,proposed,thousand pesos,PHP,260555,152998,8000,0,421553,
m-b9-p006-r022-y2024,M,B.9,6,366,https://github.com/tordecilla/unprogrammed-appropriations/releases/download/pdfs-agency-expenditure-pages-v1/annex-m-p006.pdf,Davao del Sur State College,DEPARTMENTS > Region XI - Davao > Davao del Sur State College,detail,True,2024,actual,thousand pesos,PHP,148685,80535,0,0,229220,
m-b9-p006-r022-y2025,M,B.9,6,366,https://github.com/tordecilla/unprogrammed-appropriations/releases/download/pdfs-agency-expenditure-pages-v1/annex-m-p006.pdf,Davao del Sur State College,DEPARTMENTS > Region XI - Davao > Davao del Sur State College,detail,True,2025,program,thousand pesos,PHP,134789,105096,30000,0,269885,
m-b9-p006-r022-y2026,M,B.9,6,366,https://github.com/tordecilla/unprogrammed-appropriations/releases/download/pdfs-agency-expenditure-pages-v1/annex-m-p006.pdf,Davao del Sur State College,DEPARTMENTS > Region XI - Davao > Davao del Sur State College,detail,True,2026,proposed,thousand pesos,PHP,206158,132066,38268,0,376492,
m-b9-p006-r023-y2024,M,B.9,6,366,https://github.com/tordecilla/unprogrammed-appropriations/releases/download/pdfs-agency-expenditure-pages-v1/annex-m-p006.pdf,Davao Oriental State University,DEPARTMENTS > Region XI - Davao > Davao Oriental State University,detail,True,2024,actual,thousand pesos,PHP,351095,168603,21640,0,541338,
m-b9-p006-r023-y2025,M,B.9,6,366,https://github.com/tordecilla/unprogrammed-appropriations/releases/download/pdfs-agency-expenditure-pages-v1/annex-m-p006.pdf,Davao Oriental State University,DEPARTMENTS > Region XI - Davao > Davao Oriental State University,detail,True,2025,program,thousand pesos,PHP,345396,193341,154737,0,693474,
m-b9-p006-r023-y2026,M,B.9,6,366,https://github.com/tordecilla/unprogrammed-appropriations/releases/download/pdfs-agency-expenditure-pages-v1/annex-m-p006.pdf,Davao Oriental State University,DEPARTMENTS > Region XI - Davao > Davao Oriental State University,detail,True,2026,proposed,thousand pesos,PHP,403330,220185,33570,0,657085,
m-b9-p007-r001-y2024,M,B.9,7,367,https://github.com/tordecilla/unprogrammed-appropriations/releases/download/pdfs-agency-expenditure-pages-v1/annex-m-p007.pdf,Southern Philippines Agri-Business and Marine and Aquatic School of Technology,DEPARTMENTS > Region XI - Davao > Southern Philippines Agri-Business and Marine and Aquatic School of Technology,detail,True,2024,actual,thousand pesos,PHP,121856,53835,14467,0,190158,
m-b9-p007-r001-y2025,M,B.9,7,367,https://github.com/tordecilla/unprogrammed-appropriations/releases/download/pdfs-agency-expenditure-pages-v1/annex-m-p007.pdf,Southern Philippines Agri-Business and Marine and Aquatic School of Technology,DEPARTMENTS > Region XI - Davao > Southern Philippines Agri-Business and Marine and Aquatic School of Technology,detail,True,2025,program,thousand pesos,PHP,119438,69202,108899,0,297539,
m-b9-p007-r001-y2026,M,B.9,7,367,https://github.com/tordecilla/unprogrammed-appropriations/releases/download/pdfs-agency-expenditure-pages-v1/annex-m-p007.pdf,Southern Philippines Agri-Business and Marine and Aquatic School of Technology,DEPARTMENTS > Region XI - Davao > Southern Philippines Agri-Business and Marine and Aquatic School of Technology,detail,True,2026,proposed,thousand pesos,PHP,164341,72747,11365,0,248453,
m-b9-p007-r002-y2024,M,B.9,7,367,https://github.com/tordecilla/unprogrammed-appropriations/releases/download/pdfs-agency-expenditure-pages-v1/annex-m-p007.pdf,Davao del Norte State College,DEPARTMENTS > Region XI - Davao > Davao del Norte State College,detail,True,2024,actual,thousand pesos,PHP,190460,112831,9248,0,312539,
m-b9-p007-r002-y2025,M,B.9,7,367,https://github.com/tordecilla/unprogrammed-appropriations/releases/download/pdfs-agency-expenditure-pages-v1/annex-m-p007.pdf,Davao del Norte State College,DEPARTMENTS > Region XI - Davao > Davao del Norte State College,detail,True,2025,program,thousand pesos,PHP,149172,120857,40000,0,310029,
m-b9-p007-r002-y2026,M,B.9,7,367,https://github.com/tordecilla/unprogrammed-appropriations/releases/download/pdfs-agency-expenditure-pages-v1/annex-m-p007.pdf,Davao del Norte State College,DEPARTMENTS > Region XI - Davao > Davao del Norte State College,detail,True,2026,proposed,thousand pesos,PHP,282974,153924,90974,0,527872,
m-b9-p007-r003-y2024,M,B.9,7,367,https://github.com/tordecilla/unprogrammed-appropriations/releases/download/pdfs-agency-expenditure-pages-v1/annex-m-p007.pdf,Region XII - SOCCSKSARGEN,DEPARTMENTS > Region XII - SOCCSKSARGEN,subtotal,False,2024,actual,thousand pesos,PHP,1234105,633149,95411,0,1962665,
m-b9-p007-r003-y2025,M,B.9,7,367,https://github.com/tordecilla/unprogrammed-appropriations/releases/download/pdfs-agency-expenditure-pages-v1/annex-m-p007.pdf,Region XII - SOCCSKSARGEN,DEPARTMENTS > Region XII - SOCCSKSARGEN,subtotal,False,2025,program,thousand pesos,PHP,1317380,702237,230000,0,2249617,
m-b9-p007-r003-y2026,M,B.9,7,367,https://github.com/tordecilla/unprogrammed-appropriations/releases/download/pdfs-agency-expenditure-pages-v1/annex-m-p007.pdf,Region XII - SOCCSKSARGEN,DEPARTMENTS > Region XII - SOCCSKSARGEN,subtotal,False,2026,proposed,thousand pesos,PHP,1529634,767961,52134,0,2349729,
m-b9-p007-r004-y2024,M,B.9,7,367,https://github.com/tordecilla/unprogrammed-appropriations/releases/download/pdfs-agency-expenditure-pages-v1/annex-m-p007.pdf,Cotabato Foundation College of Science and Technology,DEPARTMENTS > Region XII - SOCCSKSARGEN > Cotabato Foundation College of Science and Technology,detail,True,2024,actual,thousand pesos,PHP,185664,125943,10204,0,321811,
m-b9-p007-r004-y2025,M,B.9,7,367,https://github.com/tordecilla/unprogrammed-appropriations/releases/download/pdfs-agency-expenditure-pages-v1/annex-m-p007.pdf,Cotabato Foundation College of Science and Technology,DEPARTMENTS > Region XII - SOCCSKSARGEN > Cotabato Foundation College of Science and Technology,detail,True,2025,program,thousand pesos,PHP,202198,132000,22500,0,356698,
m-b9-p007-r004-y2026,M,B.9,7,367,https://github.com/tordecilla/unprogrammed-appropriations/releases/download/pdfs-agency-expenditure-pages-v1/annex-m-p007.pdf,Cotabato Foundation College of Science and Technology,DEPARTMENTS > Region XII - SOCCSKSARGEN > Cotabato Foundation College of Science and Technology,detail,True,2026,proposed,thousand pesos,PHP,228200,157107,23274,0,408581,
m-b9-p007-r005-y2024,M,B.9,7,367,https://github.com/tordecilla/unprogrammed-appropriations/releases/download/pdfs-agency-expenditure-pages-v1/annex-m-p007.pdf,Sultan Kudarat State University,DEPARTMENTS > Region XII - SOCCSKSARGEN > Sultan Kudarat State University,detail,True,2024,actual,thousand pesos,PHP,377837,207615,34624,0,620076,
m-b9-p007-r005-y2025,M,B.9,7,367,https://github.com/tordecilla/unprogrammed-appropriations/releases/download/pdfs-agency-expenditure-pages-v1/annex-m-p007.pdf,Sultan Kudarat State University,DEPARTMENTS > Region XII - SOCCSKSARGEN > Sultan Kudarat State University,detail,True,2025,program,thousand pesos,PHP,378436,223086,22500,0,624022,
m-b9-p007-r005-y2026,M,B.9,7,367,https://github.com/tordecilla/unprogrammed-appropriations/releases/download/pdfs-agency-expenditure-pages-v1/annex-m-p007.pdf,Sultan Kudarat State University,DEPARTMENTS > Region XII - SOCCSKSARGEN > Sultan Kudarat State University,detail,True,2026,proposed,thousand pesos,PHP,443846,256185,8610,0,708641,
m-b9-p007-r006-y2024,M,B.9,7,367,https://github.com/tordecilla/unprogrammed-appropriations/releases/download/pdfs-agency-expenditure-pages-v1/annex-m-p007.pdf,University of Southern Mindanao,DEPARTMENTS > Region XII - SOCCSKSARGEN > University of Southern Mindanao,detail,True,2024,actual,thousand pesos,PHP,621272,265332,43445,0,930049,
m-b9-p007-r006-y2025,M,B.9,7,367,https://github.com/tordecilla/unprogrammed-appropriations/releases/download/pdfs-agency-expenditure-pages-v1/annex-m-p007.pdf,University of Southern Mindanao,DEPARTMENTS > Region XII - SOCCSKSARGEN > University of Southern Mindanao,detail,True,2025,program,thousand pesos,PHP,685141,315237,80000,0,1080378,
m-b9-p007-r006-y2026,M,B.9,7,367,https://github.com/tordecilla/unprogrammed-appropriations/releases/download/pdfs-agency-expenditure-pages-v1/annex-m-p007.pdf,University of Southern Mindanao,DEPARTMENTS > Region XII - SOCCSKSARGEN > University of Southern Mindanao,detail,True,2026,proposed,thousand pesos,PHP,798461,304376,12250,0,1115087,
m-b9-p007-r007-y2024,M,B.9,7,367,https://github.com/tordecilla/unprogrammed-appropriations/releases/download/pdfs-agency-expenditure-pages-v1/annex-m-p007.pdf,South Cotabato State College,DEPARTMENTS > Region XII - SOCCSKSARGEN > South Cotabato State College,detail,True,2024,actual,thousand pesos,PHP,49332,34259,7138,0,90729,
m-b9-p007-r007-y2025,M,B.9,7,367,https://github.com/tordecilla/unprogrammed-appropriations/releases/download/pdfs-agency-expenditure-pages-v1/annex-m-p007.pdf,South Cotabato State College,DEPARTMENTS > Region XII - SOCCSKSARGEN > South Cotabato State College,detail,True,2025,program,thousand pesos,PHP,51605,31914,105000,0,188519,
m-b9-p007-r007-y2026,M,B.9,7,367,https://github.com/tordecilla/unprogrammed-appropriations/releases/download/pdfs-agency-expenditure-pages-v1/annex-m-p007.pdf,South Cotabato State College,DEPARTMENTS > Region XII - SOCCSKSARGEN > South Cotabato State College,detail,True,2026,proposed,thousand pesos,PHP,59127,50293,8000,0,117420,
m-b9-p007-r008-y2024,M,B.9,7,367,https://github.com/tordecilla/unprogrammed-appropriations/releases/download/pdfs-agency-expenditure-pages-v1/annex-m-p007.pdf,Region XIII - CARAGA,DEPARTMENTS > Region XIII - CARAGA,subtotal,False,2024,actual,thousand pesos,PHP,1506931,1087849,61000,0,2655780,
m-b9-p007-r008-y2025,M,B.9,7,367,https://github.com/tordecilla/unprogrammed-appropriations/releases/download/pdfs-agency-expenditure-pages-v1/annex-m-p007.pdf,Region XIII - CARAGA,DEPARTMENTS > Region XIII - CARAGA,subtotal,False,2025,program,thousand pesos,PHP,1422424,1209330,732344,0,3364098,
m-b9-p007-r008-y2026,M,B.9,7,367,https://github.com/tordecilla/unprogrammed-appropriations/releases/download/pdfs-agency-expenditure-pages-v1/annex-m-p007.pdf,Region XIII - CARAGA,DEPARTMENTS > Region XIII - CARAGA,subtotal,False,2026,proposed,thousand pesos,PHP,2153664,1560226,165455,0,3879345,
m-b9-p007-r009-y2024,M,B.9,7,367,https://github.com/tordecilla/unprogrammed-appropriations/releases/download/pdfs-agency-expenditure-pages-v1/annex-m-p007.pdf,Agusan del Sur State College of Agriculture and Technology,DEPARTMENTS > Region XIII - CARAGA > Agusan del Sur State College of Agriculture and Technology,detail,True,2024,actual,thousand pesos,PHP,170666,201275,19911,0,391852,
m-b9-p007-r009-y2025,M,B.9,7,367,https://github.com/tordecilla/unprogrammed-appropriations/releases/download/pdfs-agency-expenditure-pages-v1/annex-m-p007.pdf,Agusan del Sur State College of Agriculture and Technology,DEPARTMENTS > Region XIII - CARAGA > Agusan del Sur State College of Agriculture and Technology,detail,True,2025,program,thousand pesos,PHP,170585,188462,202508,0,561555,
m-b9-p007-r009-y2026,M,B.9,7,367,https://github.com/tordecilla/unprogrammed-appropriations/releases/download/pdfs-agency-expenditure-pages-v1/annex-m-p007.pdf,Agusan del Sur State College of Agriculture and Technology,DEPARTMENTS > Region XIII - CARAGA > Agusan del Sur State College of Agriculture and Technology,detail,True,2026,proposed,thousand pesos,PHP,267842,193603,69750,0,531195,
m-b9-p007-r010-y2024,M,B.9,7,367,https://github.com/tordecilla/unprogrammed-appropriations/releases/download/pdfs-agency-expenditure-pages-v1/annex-m-p007.pdf,Caraga State University,DEPARTMENTS > Region XIII - CARAGA > Caraga State University,detail,True,2024,actual,thousand pesos,PHP,479213,287990,19695,0,786898,
m-b9-p007-r010-y2025,M,B.9,7,367,https://github.com/tordecilla/unprogrammed-appropriations/releases/download/pdfs-agency-expenditure-pages-v1/annex-m-p007.pdf,Caraga State University,DEPARTMENTS > Region XIII - CARAGA > Caraga State University,detail,True,2025,program,thousand pesos,PHP,417396,362301,435000,0,1214697,
m-b9-p007-r010-y2026,M,B.9,7,367,https://github.com/tordecilla/unprogrammed-appropriations/releases/download/pdfs-agency-expenditure-pages-v1/annex-m-p007.pdf,Caraga State University,DEPARTMENTS > Region XIII - CARAGA > Caraga State University,detail,True,2026,proposed,thousand pesos,PHP,645912,512409,33000,0,1191321,
m-b9-p007-r011-y2024,M,B.9,7,367,https://github.com/tordecilla/unprogrammed-appropriations/releases/download/pdfs-agency-expenditure-pages-v1/annex-m-p007.pdf,North Eastern Mindanao State University,DEPARTMENTS > Region XIII - CARAGA > North Eastern Mindanao State University,detail,True,2024,actual,thousand pesos,PHP,549763,399286,4436,0,953485,
m-b9-p007-r011-y2025,M,B.9,7,367,https://github.com/tordecilla/unprogrammed-appropriations/releases/download/pdfs-agency-expenditure-pages-v1/annex-m-p007.pdf,North Eastern Mindanao State University,DEPARTMENTS > Region XIII - CARAGA > North Eastern Mindanao State University,detail,True,2025,program,thousand pesos,PHP,484713,449713,55000,0,989426,
m-b9-p007-r011-y2026,M,B.9,7,367,https://github.com/tordecilla/unprogrammed-appropriations/releases/download/pdfs-agency-expenditure-pages-v1/annex-m-p007.pdf,North Eastern Mindanao State University,DEPARTMENTS > Region XIII - CARAGA > North Eastern Mindanao State University,detail,True,2026,proposed,thousand pesos,PHP,814376,592324,28000,0,1434700,
m-b9-p007-r012-y2024,M,B.9,7,367,https://github.com/tordecilla/unprogrammed-appropriations/releases/download/pdfs-agency-expenditure-pages-v1/annex-m-p007.pdf,Surigao del Norte State University,DEPARTMENTS > Region XIII - CARAGA > Surigao del Norte State University,detail,True,2024,actual,thousand pesos,PHP,307289,199298,16958,0,523545,
m-b9-p007-r012-y2025,M,B.9,7,367,https://github.com/tordecilla/unprogrammed-appropriations/releases/download/pdfs-agency-expenditure-pages-v1/annex-m-p007.pdf,Surigao del Norte State University,DEPARTMENTS > Region XIII - CARAGA > Surigao del Norte State University,detail,True,2025,program,thousand pesos,PHP,349730,208854,39836,0,598420,
m-b9-p007-r012-y2026,M,B.9,7,367,https://github.com/tordecilla/unprogrammed-appropriations/releases/download/pdfs-agency-expenditure-pages-v1/annex-m-p007.pdf,Surigao del Norte State University,DEPARTMENTS > Region XIII - CARAGA > Surigao del Norte State University,detail,True,2026,proposed,thousand pesos,PHP,425534,261890,34705,0,722129,
m-b9-p007-r013-y2024,M,B.9,7,367,https://github.com/tordecilla/unprogrammed-appropriations/releases/download/pdfs-agency-expenditure-pages-v1/annex-m-p007.pdf,Bangsamoro Autonomous Region In Muslim Mindanao (BARMM),DEPARTMENTS > Bangsamoro Autonomous Region In Muslim Mindanao (BARMM),subtotal,False,2024,actual,thousand pesos,PHP,5143969,1189304,10052125,0,16385398,
m-b9-p007-r013-y2025,M,B.9,7,367,https://github.com/tordecilla/unprogrammed-appropriations/releases/download/pdfs-agency-expenditure-pages-v1/annex-m-p007.pdf,Bangsamoro Autonomous Region In Muslim Mindanao (BARMM),DEPARTMENTS > Bangsamoro Autonomous Region In Muslim Mindanao (BARMM),subtotal,False,2025,program,thousand pesos,PHP,5232348,1448553,3425604,0,10106505,
m-b9-p007-r013-y2026,M,B.9,7,367,https://github.com/tordecilla/unprogrammed-appropriations/releases/download/pdfs-agency-expenditure-pages-v1/annex-m-p007.pdf,Bangsamoro Autonomous Region In Muslim Mindanao (BARMM),DEPARTMENTS > Bangsamoro Autonomous Region In Muslim Mindanao (BARMM),subtotal,False,2026,proposed,thousand pesos,PHP,6072518,1729889,971201,0,8773608,
m-b9-p007-r014-y2024,M,B.9,7,367,https://github.com/tordecilla/unprogrammed-appropriations/releases/download/pdfs-agency-expenditure-pages-v1/annex-m-p007.pdf,Cotabato State University,DEPARTMENTS > Bangsamoro Autonomous Region In Muslim Mindanao (BARMM) > Cotabato State University,detail,True,2024,actual,thousand pesos,PHP,196838,126482,10000,0,333320,
m-b9-p007-r014-y2025,M,B.9,7,367,https://github.com/tordecilla/unprogrammed-appropriations/releases/download/pdfs-agency-expenditure-pages-v1/annex-m-p007.pdf,Cotabato State University,DEPARTMENTS > Bangsamoro Autonomous Region In Muslim Mindanao (BARMM) > Cotabato State University,detail,True,2025,program,thousand pesos,PHP,180598,113890,22500,0,316988,
m-b9-p007-r014-y2026,M,B.9,7,367,https://github.com/tordecilla/unprogrammed-appropriations/releases/download/pdfs-agency-expenditure-pages-v1/annex-m-p007.pdf,Cotabato State University,DEPARTMENTS > Bangsamoro Autonomous Region In Muslim Mindanao (BARMM) > Cotabato State University,detail,True,2026,proposed,thousand pesos,PHP,242089,144638,10150,0,396877,
m-b9-p007-r015-y2024,M,B.9,7,367,https://github.com/tordecilla/unprogrammed-appropriations/releases/download/pdfs-agency-expenditure-pages-v1/annex-m-p007.pdf,Adiong Memorial State College,DEPARTMENTS > Bangsamoro Autonomous Region In Muslim Mindanao (BARMM) > Adiong Memorial State College,detail,True,2024,actual,thousand pesos,PHP,57562,48998,9512,0,116072,
m-b9-p007-r015-y2025,M,B.9,7,367,https://github.com/tordecilla/unprogrammed-appropriations/releases/download/pdfs-agency-expenditure-pages-v1/annex-m-p007.pdf,Adiong Memorial State College,DEPARTMENTS > Bangsamoro Autonomous Region In Muslim Mindanao (BARMM) > Adiong Memorial State College,detail,True,2025,program,thousand pesos,PHP,47103,47997,17500,0,112600,
m-b9-p007-r015-y2026,M,B.9,7,367,https://github.com/tordecilla/unprogrammed-appropriations/releases/download/pdfs-agency-expenditure-pages-v1/annex-m-p007.pdf,Adiong Memorial State College,DEPARTMENTS > Bangsamoro Autonomous Region In Muslim Mindanao (BARMM) > Adiong Memorial State College,detail,True,2026,proposed,thousand pesos,PHP,83666,62686,8120,0,154472,
m-b9-p007-r016-y2024,M,B.9,7,367,https://github.com/tordecilla/unprogrammed-appropriations/releases/download/pdfs-agency-expenditure-pages-v1/annex-m-p007.pdf,Mindanao State University,DEPARTMENTS > Bangsamoro Autonomous Region In Muslim Mindanao (BARMM) > Mindanao State University,detail,True,2024,actual,thousand pesos,PHP,3871692,779872,7876714,0,12528278,
m-b9-p007-r016-y2025,M,B.9,7,367,https://github.com/tordecilla/unprogrammed-appropriations/releases/download/pdfs-agency-expenditure-pages-v1/annex-m-p007.pdf,Mindanao State University,DEPARTMENTS > Bangsamoro Autonomous Region In Muslim Mindanao (BARMM) > Mindanao State University,detail,True,2025,program,thousand pesos,PHP,4045692,958276,2288104,0,7292072,
m-b9-p007-r016-y2026,M,B.9,7,367,https://github.com/tordecilla/unprogrammed-appropriations/releases/download/pdfs-agency-expenditure-pages-v1/annex-m-p007.pdf,Mindanao State University,DEPARTMENTS > Bangsamoro Autonomous Region In Muslim Mindanao (BARMM) > Mindanao State University,detail,True,2026,proposed,thousand pesos,PHP,4600585,1130556,768639,0,6499780,
m-b9-p007-r017-y2024,M,B.9,7,367,https://github.com/tordecilla/unprogrammed-appropriations/releases/download/pdfs-agency-expenditure-pages-v1/annex-m-p007.pdf,MSU-Tawi-Tawi College of Technology and Oceanography,DEPARTMENTS > Bangsamoro Autonomous Region In Muslim Mindanao (BARMM) > MSU-Tawi-Tawi College of Technology and Oceanography,detail,True,2024,actual,thousand pesos,PHP,642366,111748,2146169,0,2900283,
m-b9-p007-r017-y2025,M,B.9,7,367,https://github.com/tordecilla/unprogrammed-appropriations/releases/download/pdfs-agency-expenditure-pages-v1/annex-m-p007.pdf,MSU-Tawi-Tawi College of Technology and Oceanography,DEPARTMENTS > Bangsamoro Autonomous Region In Muslim Mindanao (BARMM) > MSU-Tawi-Tawi College of Technology and Oceanography,detail,True,2025,program,thousand pesos,PHP,621522,106780,1037500,0,1765802,
m-b9-p007-r017-y2026,M,B.9,7,367,https://github.com/tordecilla/unprogrammed-appropriations/releases/download/pdfs-agency-expenditure-pages-v1/annex-m-p007.pdf,MSU-Tawi-Tawi College of Technology and Oceanography,DEPARTMENTS > Bangsamoro Autonomous Region In Muslim Mindanao (BARMM) > MSU-Tawi-Tawi College of Technology and Oceanography,detail,True,2026,proposed,thousand pesos,PHP,743725,162478,125373,0,1031576,
m-b9-p007-r018-y2024,M,B.9,7,367,https://github.com/tordecilla/unprogrammed-appropriations/releases/download/pdfs-agency-expenditure-pages-v1/annex-m-p007.pdf,Sulu State College,DEPARTMENTS > Bangsamoro Autonomous Region In Muslim Mindanao (BARMM) > Sulu State College,detail,True,2024,actual,thousand pesos,PHP,187310,80183,4750,0,272243,
m-b9-p007-r018-y2025,M,B.9,7,367,https://github.com/tordecilla/unprogrammed-appropriations/releases/download/pdfs-agency-expenditure-pages-v1/annex-m-p007.pdf,Sulu State College,DEPARTMENTS > Bangsamoro Autonomous Region In Muslim Mindanao (BARMM) > Sulu State College,detail,True,2025,program,thousand pesos,PHP,188540,158588,30000,0,377128,
m-b9-p007-r018-y2026,M,B.9,7,367,https://github.com/tordecilla/unprogrammed-appropriations/releases/download/pdfs-agency-expenditure-pages-v1/annex-m-p007.pdf,Sulu State College,DEPARTMENTS > Bangsamoro Autonomous Region In Muslim Mindanao (BARMM) > Sulu State College,detail,True,2026,proposed,thousand pesos,PHP,214596,155531,50919,0,421046,
m-b9-p007-r019-y2024,M,B.9,7,367,https://github.com/tordecilla/unprogrammed-appropriations/releases/download/pdfs-agency-expenditure-pages-v1/annex-m-p007.pdf,Tawi-Tawi Regional Agricultural College,DEPARTMENTS > Bangsamoro Autonomous Region In Muslim Mindanao (BARMM) > Tawi-Tawi Regional Agricultural College,detail,True,2024,actual,thousand pesos,PHP,188201,42021,4980,0,235202,
m-b9-p007-r019-y2025,M,B.9,7,367,https://github.com/tordecilla/unprogrammed-appropriations/releases/download/pdfs-agency-expenditure-pages-v1/annex-m-p007.pdf,Tawi-Tawi Regional Agricultural College,DEPARTMENTS > Bangsamoro Autonomous Region In Muslim Mindanao (BARMM) > Tawi-Tawi Regional Agricultural College,detail,True,2025,program,thousand pesos,PHP,148893,63022,30000,0,241915,
m-b9-p007-r019-y2026,M,B.9,7,367,https://github.com/tordecilla/unprogrammed-appropriations/releases/download/pdfs-agency-expenditure-pages-v1/annex-m-p007.pdf,Tawi-Tawi Regional Agricultural College,DEPARTMENTS > Bangsamoro Autonomous Region In Muslim Mindanao (BARMM) > Tawi-Tawi Regional Agricultural College,detail,True,2026,proposed,thousand pesos,PHP,187857,74000,8000,0,269857,
m-b9-p007-r020-y2024,M,B.9,7,367,https://github.com/tordecilla/unprogrammed-appropriations/releases/download/pdfs-agency-expenditure-pages-v1/annex-m-p007.pdf,Department of Energy (DOE),DEPARTMENTS > Department of Energy (DOE),subtotal,False,2024,actual,thousand pesos,PHP,874313,1189181,589902,0,2653396,
m-b9-p007-r020-y2025,M,B.9,7,367,https://github.com/tordecilla/unprogrammed-appropriations/releases/download/pdfs-agency-expenditure-pages-v1/annex-m-p007.pdf,Department of Energy (DOE),DEPARTMENTS > Department of Energy (DOE),subtotal,False,2025,program,thousand pesos,PHP,761272,1633033,690899,0,3085204,
m-b9-p007-r020-y2026,M,B.9,7,367,https://github.com/tordecilla/unprogrammed-appropriations/releases/download/pdfs-agency-expenditure-pages-v1/annex-m-p007.pdf,Department of Energy (DOE),DEPARTMENTS > Department of Energy (DOE),subtotal,False,2026,proposed,thousand pesos,PHP,910255,1946724,982372,0,3839351,
m-b9-p007-r021-y2024,M,B.9,7,367,https://github.com/tordecilla/unprogrammed-appropriations/releases/download/pdfs-agency-expenditure-pages-v1/annex-m-p007.pdf,Office of the Secretary,DEPARTMENTS > Department of Energy (DOE) > Office of the Secretary,detail,True,2024,actual,thousand pesos,PHP,874313,1189181,589902,0,2653396,
m-b9-p007-r021-y2025,M,B.9,7,367,https://github.com/tordecilla/unprogrammed-appropriations/releases/download/pdfs-agency-expenditure-pages-v1/annex-m-p007.pdf,Office of the Secretary,DEPARTMENTS > Department of Energy (DOE) > Office of the Secretary,detail,True,2025,program,thousand pesos,PHP,761272,1633033,690899,0,3085204,
m-b9-p007-r021-y2026,M,B.9,7,367,https://github.com/tordecilla/unprogrammed-appropriations/releases/download/pdfs-agency-expenditure-pages-v1/annex-m-p007.pdf,Office of the Secretary,DEPARTMENTS > Department of Energy (DOE) > Office of the Secretary,detail,True,2026,proposed,thousand pesos,PHP,910255,1946724,982372,0,3839351,
m-b9-p007-r022-y2024,M,B.9,7,367,https://github.com/tordecilla/unprogrammed-appropriations/releases/download/pdfs-agency-expenditure-pages-v1/annex-m-p007.pdf,Department of Environment and Natural Resources (DENR),DEPARTMENTS > Department of Environment and Natural Resources (DENR),subtotal,False,2024,actual,thousand pesos,PHP,12591313,10777693,3486619,0,26855625,
m-b9-p007-r022-y2025,M,B.9,7,367,https://github.com/tordecilla/unprogrammed-appropriations/releases/download/pdfs-agency-expenditure-pages-v1/annex-m-p007.pdf,Department of Environment and Natural Resources (DENR),DEPARTMENTS > Department of Environment and Natural Resources (DENR),subtotal,False,2025,program,thousand pesos,PHP,10963544,12444945,3883742,0,27292231,
m-b9-p007-r022-y2026,M,B.9,7,367,https://github.com/tordecilla/unprogrammed-appropriations/releases/download/pdfs-agency-expenditure-pages-v1/annex-m-p007.pdf,Department of Environment and Natural Resources (DENR),DEPARTMENTS > Department of Environment and Natural Resources (DENR),subtotal,False,2026,proposed,thousand pesos,PHP,12452133,13018265,3871856,0,29342254,
m-b9-p008-r001-y2024,M,B.9,8,368,https://github.com/tordecilla/unprogrammed-appropriations/releases/download/pdfs-agency-expenditure-pages-v1/annex-m-p008.pdf,Office of the Secretary,DEPARTMENTS > Department of Environment and Natural Resources (DENR) > Office of the Secretary,detail,True,2024,actual,thousand pesos,PHP,9586727,7717647,2961518,0,20265892,
m-b9-p008-r001-y2025,M,B.9,8,368,https://github.com/tordecilla/unprogrammed-appropriations/releases/download/pdfs-agency-expenditure-pages-v1/annex-m-p008.pdf,Office of the Secretary,DEPARTMENTS > Department of Environment and Natural Resources (DENR) > Office of the Secretary,detail,True,2025,program,thousand pesos,PHP,8292916,8781130,2881888,0,19955934,
m-b9-p008-r001-y2026,M,B.9,8,368,https://github.com/tordecilla/unprogrammed-appropriations/releases/download/pdfs-agency-expenditure-pages-v1/annex-m-p008.pdf,Office of the Secretary,DEPARTMENTS > Department of Environment and Natural Resources (DENR) > Office of the Secretary,detail,True,2026,proposed,thousand pesos,PHP,9413945,9138770,2773756,0,21326471,
m-b9-p008-r002-y2024,M,B.9,8,368,https://github.com/tordecilla/unprogrammed-appropriations/releases/download/pdfs-agency-expenditure-pages-v1/annex-m-p008.pdf,Environmental Management Bureau,DEPARTMENTS > Department of Environment and Natural Resources (DENR) > Environmental Management Bureau,detail,True,2024,actual,thousand pesos,PHP,1304045,1227009,279193,0,2810247,
m-b9-p008-r002-y2025,M,B.9,8,368,https://github.com/tordecilla/unprogrammed-appropriations/releases/download/pdfs-agency-expenditure-pages-v1/annex-m-p008.pdf,Environmental Management Bureau,DEPARTMENTS > Department of Environment and Natural Resources (DENR) > Environmental Management Bureau,detail,True,2025,program,thousand pesos,PHP,1158897,1304989,619709,0,3083595,
m-b9-p008-r002-y2026,M,B.9,8,368,https://github.com/tordecilla/unprogrammed-appropriations/releases/download/pdfs-agency-expenditure-pages-v1/annex-m-p008.pdf,Environmental Management Bureau,DEPARTMENTS > Department of Environment and Natural Resources (DENR) > Environmental Management Bureau,detail,True,2026,proposed,thousand pesos,PHP,1337494,1441228,687781,0,3466503,
m-b9-p008-r003-y2024,M,B.9,8,368,https://github.com/tordecilla/unprogrammed-appropriations/releases/download/pdfs-agency-expenditure-pages-v1/annex-m-p008.pdf,Mines and Geosciences Bureau,DEPARTMENTS > Department of Environment and Natural Resources (DENR) > Mines and Geosciences Bureau,detail,True,2024,actual,thousand pesos,PHP,969685,648293,168078,0,1786056,
m-b9-p008-r003-y2025,M,B.9,8,368,https://github.com/tordecilla/unprogrammed-appropriations/releases/download/pdfs-agency-expenditure-pages-v1/annex-m-p008.pdf,Mines and Geosciences Bureau,DEPARTMENTS > Department of Environment and Natural Resources (DENR) > Mines and Geosciences Bureau,detail,True,2025,program,thousand pesos,PHP,850958,907746,169364,0,1928068,
m-b9-p008-r003-y2026,M,B.9,8,368,https://github.com/tordecilla/unprogrammed-appropriations/releases/download/pdfs-agency-expenditure-pages-v1/annex-m-p008.pdf,Mines and Geosciences Bureau,DEPARTMENTS > Department of Environment and Natural Resources (DENR) > Mines and Geosciences Bureau,detail,True,2026,proposed,thousand pesos,PHP,979826,859850,230804,0,2070480,
m-b9-p008-r004-y2024,M,B.9,8,368,https://github.com/tordecilla/unprogrammed-appropriations/releases/download/pdfs-agency-expenditure-pages-v1/annex-m-p008.pdf,National Mapping and Resource Information Authority,DEPARTMENTS > Department of Environment and Natural Resources (DENR) > National Mapping and Resource Information Authority,detail,True,2024,actual,thousand pesos,PHP,568419,1046798,36746,0,1651963,
m-b9-p008-r004-y2025,M,B.9,8,368,https://github.com/tordecilla/unprogrammed-appropriations/releases/download/pdfs-agency-expenditure-pages-v1/annex-m-p008.pdf,National Mapping and Resource Information Authority,DEPARTMENTS > Department of Environment and Natural Resources (DENR) > National Mapping and Resource Information Authority,detail,True,2025,program,thousand pesos,PHP,513314,1229538,175467,0,1918319,
m-b9-p008-r004-y2026,M,B.9,8,368,https://github.com/tordecilla/unprogrammed-appropriations/releases/download/pdfs-agency-expenditure-pages-v1/annex-m-p008.pdf,National Mapping and Resource Information Authority,DEPARTMENTS > Department of Environment and Natural Resources (DENR) > National Mapping and Resource Information Authority,detail,True,2026,proposed,thousand pesos,PHP,560079,1352918,92915,0,2005912,
m-b9-p008-r005-y2024,M,B.9,8,368,https://github.com/tordecilla/unprogrammed-appropriations/releases/download/pdfs-agency-expenditure-pages-v1/annex-m-p008.pdf,National Water Resources Board,DEPARTMENTS > Department of Environment and Natural Resources (DENR) > National Water Resources Board,detail,True,2024,actual,thousand pesos,PHP,92367,81819,40334,0,214520,
m-b9-p008-r005-y2025,M,B.9,8,368,https://github.com/tordecilla/unprogrammed-appropriations/releases/download/pdfs-agency-expenditure-pages-v1/annex-m-p008.pdf,National Water Resources Board,DEPARTMENTS > Department of Environment and Natural Resources (DENR) > National Water Resources Board,detail,True,2025,program,thousand pesos,PHP,85524,152508,28705,0,266737,
m-b9-p008-r005-y2026,M,B.9,8,368,https://github.com/tordecilla/unprogrammed-appropriations/releases/download/pdfs-agency-expenditure-pages-v1/annex-m-p008.pdf,National Water Resources Board,DEPARTMENTS > Department of Environment and Natural Resources (DENR) > National Water Resources Board,detail,True,2026,proposed,thousand pesos,PHP,90461,152437,59055,0,301953,
m-b9-p008-r006-y2024,M,B.9,8,368,https://github.com/tordecilla/unprogrammed-appropriations/releases/download/pdfs-agency-expenditure-pages-v1/annex-m-p008.pdf,Palawan Council for Sustainable Development Staff,DEPARTMENTS > Department of Environment and Natural Resources (DENR) > Palawan Council for Sustainable Development Staff,detail,True,2024,actual,thousand pesos,PHP,70070,56127,750,0,126947,
m-b9-p008-r006-y2025,M,B.9,8,368,https://github.com/tordecilla/unprogrammed-appropriations/releases/download/pdfs-agency-expenditure-pages-v1/annex-m-p008.pdf,Palawan Council for Sustainable Development Staff,DEPARTMENTS > Department of Environment and Natural Resources (DENR) > Palawan Council for Sustainable Development Staff,detail,True,2025,program,thousand pesos,PHP,61935,69034,8609,0,139578,
m-b9-p008-r006-y2026,M,B.9,8,368,https://github.com/tordecilla/unprogrammed-appropriations/releases/download/pdfs-agency-expenditure-pages-v1/annex-m-p008.pdf,Palawan Council for Sustainable Development Staff,DEPARTMENTS > Department of Environment and Natural Resources (DENR) > Palawan Council for Sustainable Development Staff,detail,True,2026,proposed,thousand pesos,PHP,70328,73062,27545,0,170935,
m-b9-p008-r007-y2024,M,B.9,8,368,https://github.com/tordecilla/unprogrammed-appropriations/releases/download/pdfs-agency-expenditure-pages-v1/annex-m-p008.pdf,Department of Finance (DOF),DEPARTMENTS > Department of Finance (DOF),subtotal,False,2024,actual,thousand pesos,PHP,16119228,42492856,4188357,519540,63319981,
m-b9-p008-r007-y2025,M,B.9,8,368,https://github.com/tordecilla/unprogrammed-appropriations/releases/download/pdfs-agency-expenditure-pages-v1/annex-m-p008.pdf,Department of Finance (DOF),DEPARTMENTS > Department of Finance (DOF),subtotal,False,2025,program,thousand pesos,PHP,13459538,12304035,6695632,30893,32490098,
m-b9-p008-r007-y2026,M,B.9,8,368,https://github.com/tordecilla/unprogrammed-appropriations/releases/download/pdfs-agency-expenditure-pages-v1/annex-m-p008.pdf,Department of Finance (DOF),DEPARTMENTS > Department of Finance (DOF),subtotal,False,2026,proposed,thousand pesos,PHP,15513187,13237130,5729653,26682,34506652,
m-b9-p008-r008-y2024,M,B.9,8,368,https://github.com/tordecilla/unprogrammed-appropriations/releases/download/pdfs-agency-expenditure-pages-v1/annex-m-p008.pdf,Office of the Secretary,DEPARTMENTS > Department of Finance (DOF) > Office of the Secretary,detail,True,2024,actual,thousand pesos,PHP,516812,542272,47488,0,1106572,
m-b9-p008-r008-y2025,M,B.9,8,368,https://github.com/tordecilla/unprogrammed-appropriations/releases/download/pdfs-agency-expenditure-pages-v1/annex-m-p008.pdf,Office of the Secretary,DEPARTMENTS > Department of Finance (DOF) > Office of the Secretary,detail,True,2025,program,thousand pesos,PHP,428252,491254,47461,0,966967,
m-b9-p008-r008-y2026,M,B.9,8,368,https://github.com/tordecilla/unprogrammed-appropriations/releases/download/pdfs-agency-expenditure-pages-v1/annex-m-p008.pdf,Office of the Secretary,DEPARTMENTS > Department of Finance (DOF) > Office of the Secretary,detail,True,2026,proposed,thousand pesos,PHP,522613,665827,64475,0,1252915,
m-b9-p008-r009-y2024,M,B.9,8,368,https://github.com/tordecilla/unprogrammed-appropriations/releases/download/pdfs-agency-expenditure-pages-v1/annex-m-p008.pdf,Bureau of Customs,DEPARTMENTS > Department of Finance (DOF) > Bureau of Customs,detail,True,2024,actual,thousand pesos,PHP,3263763,1389021,639726,0,5292510,
m-b9-p008-r009-y2025,M,B.9,8,368,https://github.com/tordecilla/unprogrammed-appropriations/releases/download/pdfs-agency-expenditure-pages-v1/annex-m-p008.pdf,Bureau of Customs,DEPARTMENTS > Department of Finance (DOF) > Bureau of Customs,detail,True,2025,program,thousand pesos,PHP,2068348,1892192,1702868,0,5663408,
m-b9-p008-r009-y2026,M,B.9,8,368,https://github.com/tordecilla/unprogrammed-appropriations/releases/download/pdfs-agency-expenditure-pages-v1/annex-m-p008.pdf,Bureau of Customs,DEPARTMENTS > Department of Finance (DOF) > Bureau of Customs,detail,True,2026,proposed,thousand pesos,PHP,2433653,3185505,1289214,0,6908372,
m-b9-p008-r010-y2024,M,B.9,8,368,https://github.com/tordecilla/unprogrammed-appropriations/releases/download/pdfs-agency-expenditure-pages-v1/annex-m-p008.pdf,Bureau of Internal Revenue,DEPARTMENTS > Department of Finance (DOF) > Bureau of Internal Revenue,detail,True,2024,actual,thousand pesos,PHP,10878317,5008648,951639,54406,16893010,
m-b9-p008-r010-y2025,M,B.9,8,368,https://github.com/tordecilla/unprogrammed-appropriations/releases/download/pdfs-agency-expenditure-pages-v1/annex-m-p008.pdf,Bureau of Internal Revenue,DEPARTMENTS > Department of Finance (DOF) > Bureau of Internal Revenue,detail,True,2025,program,thousand pesos,PHP,9718724,6056675,1881548,30893,17687840,
m-b9-p008-r010-y2026,M,B.9,8,368,https://github.com/tordecilla/unprogrammed-appropriations/releases/download/pdfs-agency-expenditure-pages-v1/annex-m-p008.pdf,Bureau of Internal Revenue,DEPARTMENTS > Department of Finance (DOF) > Bureau of Internal Revenue,detail,True,2026,proposed,thousand pesos,PHP,11098558,6798366,1231237,26682,19154843,
m-b9-p008-r011-y2024,M,B.9,8,368,https://github.com/tordecilla/unprogrammed-appropriations/releases/download/pdfs-agency-expenditure-pages-v1/annex-m-p008.pdf,Bureau of Local Government Finance,DEPARTMENTS > Department of Finance (DOF) > Bureau of Local Government Finance,detail,True,2024,actual,thousand pesos,PHP,240584,195125,22267,0,457976,
m-b9-p008-r011-y2025,M,B.9,8,368,https://github.com/tordecilla/unprogrammed-appropriations/releases/download/pdfs-agency-expenditure-pages-v1/annex-m-p008.pdf,Bureau of Local Government Finance,DEPARTMENTS > Department of Finance (DOF) > Bureau of Local Government Finance,detail,True,2025,program,thousand pesos,PHP,237063,109825,90084,0,436972,
m-b9-p008-r011-y2026,M,B.9,8,368,https://github.com/tordecilla/unprogrammed-appropriations/releases/download/pdfs-agency-expenditure-pages-v1/annex-m-p008.pdf,Bureau of Local Government Finance,DEPARTMENTS > Department of Finance (DOF) > Bureau of Local Government Finance,detail,True,2026,proposed,thousand pesos,PHP,263595,651800,80804,0,996199,
m-b9-p008-r012-y2024,M,B.9,8,368,https://github.com/tordecilla/unprogrammed-appropriations/releases/download/pdfs-agency-expenditure-pages-v1/annex-m-p008.pdf,Bureau of the Treasury,DEPARTMENTS > Department of Finance (DOF) > Bureau of the Treasury,detail,True,2024,actual,thousand pesos,PHP,618210,35068539,2489625,465134,38641508,
m-b9-p008-r012-y2025,M,B.9,8,368,https://github.com/tordecilla/unprogrammed-appropriations/releases/download/pdfs-agency-expenditure-pages-v1/annex-m-p008.pdf,Bureau of the Treasury,DEPARTMENTS > Department of Finance (DOF) > Bureau of the Treasury,detail,True,2025,program,thousand pesos,PHP,507690,3250770,2703001,0,6461461,
m-b9-p008-r012-y2026,M,B.9,8,368,https://github.com/tordecilla/unprogrammed-appropriations/releases/download/pdfs-agency-expenditure-pages-v1/annex-m-p008.pdf,Bureau of the Treasury,DEPARTMENTS > Department of Finance (DOF) > Bureau of the Treasury,detail,True,2026,proposed,thousand pesos,PHP,606568,1357484,2736937,0,4700989,
m-b9-p008-r013-y2024,M,B.9,8,368,https://github.com/tordecilla/unprogrammed-appropriations/releases/download/pdfs-agency-expenditure-pages-v1/annex-m-p008.pdf,Central Board of Assessment Appeals,DEPARTMENTS > Department of Finance (DOF) > Central Board of Assessment Appeals,detail,True,2024,actual,thousand pesos,PHP,16270,1956,0,0,18226,
m-b9-p008-r013-y2025,M,B.9,8,368,https://github.com/tordecilla/unprogrammed-appropriations/releases/download/pdfs-agency-expenditure-pages-v1/annex-m-p008.pdf,Central Board of Assessment Appeals,DEPARTMENTS > Department of Finance (DOF) > Central Board of Assessment Appeals,detail,True,2025,program,thousand pesos,PHP,15184,2867,0,0,18051,
m-b9-p008-r013-y2026,M,B.9,8,368,https://github.com/tordecilla/unprogrammed-appropriations/releases/download/pdfs-agency-expenditure-pages-v1/annex-m-p008.pdf,Central Board of Assessment Appeals,DEPARTMENTS > Department of Finance (DOF) > Central Board of Assessment Appeals,detail,True,2026,proposed,thousand pesos,PHP,14795,3540,0,0,18335,
m-b9-p008-r014-y2024,M,B.9,8,368,https://github.com/tordecilla/unprogrammed-appropriations/releases/download/pdfs-agency-expenditure-pages-v1/annex-m-p008.pdf,Insurance Commission,DEPARTMENTS > Department of Finance (DOF) > Insurance Commission,detail,True,2024,actual,thousand pesos,PHP,395173,237026,5689,0,637888,
m-b9-p008-r014-y2025,M,B.9,8,368,https://github.com/tordecilla/unprogrammed-appropriations/releases/download/pdfs-agency-expenditure-pages-v1/annex-m-p008.pdf,Insurance Commission,DEPARTMENTS > Department of Finance (DOF) > Insurance Commission,detail,True,2025,program,thousand pesos,PHP,318997,434582,246650,0,1000229,
m-b9-p008-r014-y2026,M,B.9,8,368,https://github.com/tordecilla/unprogrammed-appropriations/releases/download/pdfs-agency-expenditure-pages-v1/annex-m-p008.pdf,Insurance Commission,DEPARTMENTS > Department of Finance (DOF) > Insurance Commission,detail,True,2026,proposed,thousand pesos,PHP,385376,496573,304496,0,1186445,
m-b9-p008-r015-y2024,M,B.9,8,368,https://github.com/tordecilla/unprogrammed-appropriations/releases/download/pdfs-agency-expenditure-pages-v1/annex-m-p008.pdf,National Tax Research Center,DEPARTMENTS > Department of Finance (DOF) > National Tax Research Center,detail,True,2024,actual,thousand pesos,PHP,109363,29873,28305,0,167541,
m-b9-p008-r015-y2025,M,B.9,8,368,https://github.com/tordecilla/unprogrammed-appropriations/releases/download/pdfs-agency-expenditure-pages-v1/annex-m-p008.pdf,National Tax Research Center,DEPARTMENTS > Department of Finance (DOF) > National Tax Research Center,detail,True,2025,program,thousand pesos,PHP,86599,36619,20895,0,144113,
m-b9-p008-r015-y2026,M,B.9,8,368,https://github.com/tordecilla/unprogrammed-appropriations/releases/download/pdfs-agency-expenditure-pages-v1/annex-m-p008.pdf,National Tax Research Center,DEPARTMENTS > Department of Finance (DOF) > National Tax Research Center,detail,True,2026,proposed,thousand pesos,PHP,98547,38144,17260,0,153951,
m-b9-p008-r016-y2024,M,B.9,8,368,https://github.com/tordecilla/unprogrammed-appropriations/releases/download/pdfs-agency-expenditure-pages-v1/annex-m-p008.pdf,Privatization and Management Office,DEPARTMENTS > Department of Finance (DOF) > Privatization and Management Office,detail,True,2024,actual,thousand pesos,PHP,80736,20396,3618,0,104750,
m-b9-p008-r016-y2025,M,B.9,8,368,https://github.com/tordecilla/unprogrammed-appropriations/releases/download/pdfs-agency-expenditure-pages-v1/annex-m-p008.pdf,Privatization and Management Office,DEPARTMENTS > Department of Finance (DOF) > Privatization and Management Office,detail,True,2025,program,thousand pesos,PHP,78681,29251,3125,0,111057,
m-b9-p008-r016-y2026,M,B.9,8,368,https://github.com/tordecilla/unprogrammed-appropriations/releases/download/pdfs-agency-expenditure-pages-v1/annex-m-p008.pdf,Privatization and Management Office,DEPARTMENTS > Department of Finance (DOF) > Privatization and Management Office,detail,True,2026,proposed,thousand pesos,PHP,89482,39891,5230,0,134603,
m-b9-p008-r017-y2024,M,B.9,8,368,https://github.com/tordecilla/unprogrammed-appropriations/releases/download/pdfs-agency-expenditure-pages-v1/annex-m-p008.pdf,Department of Foreign Affairs (DFA),DEPARTMENTS > Department of Foreign Affairs (DFA),subtotal,False,2024,actual,thousand pesos,PHP,10173824,9983922,955634,0,21113380,
m-b9-p008-r017-y2025,M,B.9,8,368,https://github.com/tordecilla/unprogrammed-appropriations/releases/download/pdfs-agency-expenditure-pages-v1/annex-m-p008.pdf,Department of Foreign Affairs (DFA),DEPARTMENTS > Department of Foreign Affairs (DFA),subtotal,False,2025,program,thousand pesos,PHP,9877463,15614916,2360420,0,27852799,
m-b9-p008-r017-y2026,M,B.9,8,368,https://github.com/tordecilla/unprogrammed-appropriations/releases/download/pdfs-agency-expenditure-pages-v1/annex-m-p008.pdf,Department of Foreign Affairs (DFA),DEPARTMENTS > Department of Foreign Affairs (DFA),subtotal,False,2026,proposed,thousand pesos,PHP,11712748,15205710,3170472,0,30088930,
m-b9-p008-r018-y2024,M,B.9,8,368,https://github.com/tordecilla/unprogrammed-appropriations/releases/download/pdfs-agency-expenditure-pages-v1/annex-m-p008.pdf,Office of the Secretary,DEPARTMENTS > Department of Foreign Affairs (DFA) > Office of the Secretary,detail,True,2024,actual,thousand pesos,PHP,10075267,9895518,945508,0,20916293,
m-b9-p008-r018-y2025,M,B.9,8,368,https://github.com/tordecilla/unprogrammed-appropriations/releases/download/pdfs-agency-expenditure-pages-v1/annex-m-p008.pdf,Office of the Secretary,DEPARTMENTS > Department of Foreign Affairs (DFA) > Office of the Secretary,detail,True,2025,program,thousand pesos,PHP,9784304,15467806,2354675,0,27606785,
m-b9-p008-r018-y2026,M,B.9,8,368,https://github.com/tordecilla/unprogrammed-appropriations/releases/download/pdfs-agency-expenditure-pages-v1/annex-m-p008.pdf,Office of the Secretary,DEPARTMENTS > Department of Foreign Affairs (DFA) > Office of the Secretary,detail,True,2026,proposed,thousand pesos,PHP,11595159,15019451,3165615,0,29780225,
m-b9-p008-r019-y2024,M,B.9,8,368,https://github.com/tordecilla/unprogrammed-appropriations/releases/download/pdfs-agency-expenditure-pages-v1/annex-m-p008.pdf,Foreign Service Institute,DEPARTMENTS > Department of Foreign Affairs (DFA) > Foreign Service Institute,detail,True,2024,actual,thousand pesos,PHP,69176,28027,5677,0,102880,
m-b9-p008-r019-y2025,M,B.9,8,368,https://github.com/tordecilla/unprogrammed-appropriations/releases/download/pdfs-agency-expenditure-pages-v1/annex-m-p008.pdf,Foreign Service Institute,DEPARTMENTS > Department of Foreign Affairs (DFA) > Foreign Service Institute,detail,True,2025,program,thousand pesos,PHP,58674,93724,4370,0,156768,
m-b9-p008-r019-y2026,M,B.9,8,368,https://github.com/tordecilla/unprogrammed-appropriations/releases/download/pdfs-agency-expenditure-pages-v1/annex-m-p008.pdf,Foreign Service Institute,DEPARTMENTS > Department of Foreign Affairs (DFA) > Foreign Service Institute,detail,True,2026,proposed,thousand pesos,PHP,78011,93762,1100,0,172873,
m-b9-p008-r020-y2024,M,B.9,8,368,https://github.com/tordecilla/unprogrammed-appropriations/releases/download/pdfs-agency-expenditure-pages-v1/annex-m-p008.pdf,Technical Cooperation Council of the Philippines,DEPARTMENTS > Department of Foreign Affairs (DFA) > Technical Cooperation Council of the Philippines,detail,True,2024,actual,thousand pesos,PHP,2466,2698,0,0,5164,
m-b9-p008-r020-y2025,M,B.9,8,368,https://github.com/tordecilla/unprogrammed-appropriations/releases/download/pdfs-agency-expenditure-pages-v1/annex-m-p008.pdf,Technical Cooperation Council of the Philippines,DEPARTMENTS > Department of Foreign Affairs (DFA) > Technical Cooperation Council of the Philippines,detail,True,2025,program,thousand pesos,PHP,2135,2989,0,0,5124,
m-b9-p008-r020-y2026,M,B.9,8,368,https://github.com/tordecilla/unprogrammed-appropriations/releases/download/pdfs-agency-expenditure-pages-v1/annex-m-p008.pdf,Technical Cooperation Council of the Philippines,DEPARTMENTS > Department of Foreign Affairs (DFA) > Technical Cooperation Council of the Philippines,detail,True,2026,proposed,thousand pesos,PHP,2366,29091,280,0,31737,
m-b9-p008-r021-y2024,M,B.9,8,368,https://github.com/tordecilla/unprogrammed-appropriations/releases/download/pdfs-agency-expenditure-pages-v1/annex-m-p008.pdf,UNESCO National Commission of the Philippines,DEPARTMENTS > Department of Foreign Affairs (DFA) > UNESCO National Commission of the Philippines,detail,True,2024,actual,thousand pesos,PHP,13127,35504,2649,0,51280,
m-b9-p008-r021-y2025,M,B.9,8,368,https://github.com/tordecilla/unprogrammed-appropriations/releases/download/pdfs-agency-expenditure-pages-v1/annex-m-p008.pdf,UNESCO National Commission of the Philippines,DEPARTMENTS > Department of Foreign Affairs (DFA) > UNESCO National Commission of the Philippines,detail,True,2025,program,thousand pesos,PHP,12643,27969,0,0,40612,
m-b9-p008-r021-y2026,M,B.9,8,368,https://github.com/tordecilla/unprogrammed-appropriations/releases/download/pdfs-agency-expenditure-pages-v1/annex-m-p008.pdf,UNESCO National Commission of the Philippines,DEPARTMENTS > Department of Foreign Affairs (DFA) > UNESCO National Commission of the Philippines,detail,True,2026,proposed,thousand pesos,PHP,14199,36521,1800,0,52520,
m-b9-p008-r022-y2024,M,B.9,8,368,https://github.com/tordecilla/unprogrammed-appropriations/releases/download/pdfs-agency-expenditure-pages-v1/annex-m-p008.pdf,Presidential Commission on Visiting Forces,DEPARTMENTS > Department of Foreign Affairs (DFA) > Presidential Commission on Visiting Forces,detail,True,2024,actual,thousand pesos,PHP,13788,22175,1800,0,37763,
m-b9-p008-r022-y2025,M,B.9,8,368,https://github.com/tordecilla/unprogrammed-appropriations/releases/download/pdfs-agency-expenditure-pages-v1/annex-m-p008.pdf,Presidential Commission on Visiting Forces,DEPARTMENTS > Department of Foreign Affairs (DFA) > Presidential Commission on Visiting Forces,detail,True,2025,program,thousand pesos,PHP,19707,22428,1375,0,43510,
m-b9-p008-r022-y2026,M,B.9,8,368,https://github.com/tordecilla/unprogrammed-appropriations/releases/download/pdfs-agency-expenditure-pages-v1/annex-m-p008.pdf,Presidential Commission on Visiting Forces,DEPARTMENTS > Department of Foreign Affairs (DFA) > Presidential Commission on Visiting Forces,detail,True,2026,proposed,thousand pesos,PHP,23013,26885,1677,0,51575,
m-b9-p008-r023-y2024,M,B.9,8,368,https://github.com/tordecilla/unprogrammed-appropriations/releases/download/pdfs-agency-expenditure-pages-v1/annex-m-p008.pdf,Department of Health (DOH),DEPARTMENTS > Department of Health (DOH),subtotal,False,2024,actual,thousand pesos,PHP,94894881,159482111,23518304,0,277895296,
m-b9-p008-r023-y2025,M,B.9,8,368,https://github.com/tordecilla/unprogrammed-appropriations/releases/download/pdfs-agency-expenditure-pages-v1/annex-m-p008.pdf,Department of Health (DOH),DEPARTMENTS > Department of Health (DOH),subtotal,False,2025,program,thousand pesos,PHP,86783224,124997520,41580025,0,253360769,
m-b9-p008-r023-y2026,M,B.9,8,368,https://github.com/tordecilla/unprogrammed-appropriations/releases/download/pdfs-agency-expenditure-pages-v1/annex-m-p008.pdf,Department of Health (DOH),DEPARTMENTS > Department of Health (DOH),subtotal,False,2026,proposed,thousand pesos,PHP,108879316,122317056,29371641,0,260568013,
m-b9-p008-r024-y2024,M,B.9,8,368,https://github.com/tordecilla/unprogrammed-appropriations/releases/download/pdfs-agency-expenditure-pages-v1/annex-m-p008.pdf,Office of the Secretary,DEPARTMENTS > Department of Health (DOH) > Office of the Secretary,detail,True,2024,actual,thousand pesos,PHP,94769244,159050175,23498510,0,277317929,
m-b9-p008-r024-y2025,M,B.9,8,368,https://github.com/tordecilla/unprogrammed-appropriations/releases/download/pdfs-agency-expenditure-pages-v1/annex-m-p008.pdf,Office of the Secretary,DEPARTMENTS > Department of Health (DOH) > Office of the Secretary,detail,True,2025,program,thousand pesos,PHP,86663564,124771683,41554206,0,252989453,
m-b9-p008-r024-y2026,M,B.9,8,368,https://github.com/tordecilla/unprogrammed-appropriations/releases/download/pdfs-agency-expenditure-pages-v1/annex-m-p008.pdf,Office of the Secretary,DEPARTMENTS > Department of Health (DOH) > Office of the Secretary,detail,True,2026,proposed,thousand pesos,PHP,108741711,122083222,29365734,0,260190667,
m-b9-p008-r025-y2024,M,B.9,8,368,https://github.com/tordecilla/unprogrammed-appropriations/releases/download/pdfs-agency-expenditure-pages-v1/annex-m-p008.pdf,National Nutrition Council,DEPARTMENTS > Department of Health (DOH) > National Nutrition Council,detail,True,2024,actual,thousand pesos,PHP,95076,416898,16804,0,528778,
m-b9-p008-r025-y2025,M,B.9,8,368,https://github.com/tordecilla/unprogrammed-appropriations/releases/download/pdfs-agency-expenditure-pages-v1/annex-m-p008.pdf,National Nutrition Council,DEPARTMENTS > Department of Health (DOH) > National Nutrition Council,detail,True,2025,program,thousand pesos,PHP,92115,208510,18475,0,319100,
m-b9-p008-r025-y2026,M,B.9,8,368,https://github.com/tordecilla/unprogrammed-appropriations/releases/download/pdfs-agency-expenditure-pages-v1/annex-m-p008.pdf,National Nutrition Council,DEPARTMENTS > Department of Health (DOH) > National Nutrition Council,detail,True,2026,proposed,thousand pesos,PHP,101970,209786,0,0,311756,
m-b9-p008-r026-y2024,M,B.9,8,368,https://github.com/tordecilla/unprogrammed-appropriations/releases/download/pdfs-agency-expenditure-pages-v1/annex-m-p008.pdf,Philippine National AIDS Council,DEPARTMENTS > Department of Health (DOH) > Philippine National AIDS Council,detail,True,2024,actual,thousand pesos,PHP,30561,15038,2990,0,48589,
m-b9-p008-r026-y2025,M,B.9,8,368,https://github.com/tordecilla/unprogrammed-appropriations/releases/download/pdfs-agency-expenditure-pages-v1/annex-m-p008.pdf,Philippine National AIDS Council,DEPARTMENTS > Department of Health (DOH) > Philippine National AIDS Council,detail,True,2025,program,thousand pesos,PHP,27545,17327,7344,0,52216,
m-b9-p008-r026-y2026,M,B.9,8,368,https://github.com/tordecilla/unprogrammed-appropriations/releases/download/pdfs-agency-expenditure-pages-v1/annex-m-p008.pdf,Philippine National AIDS Council,DEPARTMENTS > Department of Health (DOH) > Philippine National AIDS Council,detail,True,2026,proposed,thousand pesos,PHP,35635,24048,5907,0,65590,
m-b9-p009-r001-y2024,M,B.9,9,369,https://github.com/tordecilla/unprogrammed-appropriations/releases/download/pdfs-agency-expenditure-pages-v1/annex-m-p009.pdf,Department of Human Settlements and Urban Development (DHSUD),DEPARTMENTS > Department of Human Settlements and Urban Development (DHSUD),subtotal,False,2024,actual,thousand pesos,PHP,1254062,1033513,297606,0,2585181,
m-b9-p009-r001-y2025,M,B.9,9,369,https://github.com/tordecilla/unprogrammed-appropriations/releases/download/pdfs-agency-expenditure-pages-v1/annex-m-p009.pdf,Department of Human Settlements and Urban Development (DHSUD),DEPARTMENTS > Department of Human Settlements and Urban Development (DHSUD),subtotal,False,2025,program,thousand pesos,PHP,1076417,2187623,485006,0,3749046,
m-b9-p009-r001-y2026,M,B.9,9,369,https://github.com/tordecilla/unprogrammed-appropriations/releases/download/pdfs-agency-expenditure-pages-v1/annex-m-p009.pdf,Department of Human Settlements and Urban Development (DHSUD),DEPARTMENTS > Department of Human Settlements and Urban Development (DHSUD),subtotal,False,2026,proposed,thousand pesos,PHP,1265523,1839175,91770,0,3196468,
m-b9-p009-r002-y2024,M,B.9,9,369,https://github.com/tordecilla/unprogrammed-appropriations/releases/download/pdfs-agency-expenditure-pages-v1/annex-m-p009.pdf,Office of the Secretary,DEPARTMENTS > Department of Human Settlements and Urban Development (DHSUD) > Office of the Secretary,detail,True,2024,actual,thousand pesos,PHP,848672,860916,241833,0,1951421,
m-b9-p009-r002-y2025,M,B.9,9,369,https://github.com/tordecilla/unprogrammed-appropriations/releases/download/pdfs-agency-expenditure-pages-v1/annex-m-p009.pdf,Office of the Secretary,DEPARTMENTS > Department of Human Settlements and Urban Development (DHSUD) > Office of the Secretary,detail,True,2025,program,thousand pesos,PHP,722540,1926565,389531,0,3038636,
m-b9-p009-r002-y2026,M,B.9,9,369,https://github.com/tordecilla/unprogrammed-appropriations/releases/download/pdfs-agency-expenditure-pages-v1/annex-m-p009.pdf,Office of the Secretary,DEPARTMENTS > Department of Human Settlements and Urban Development (DHSUD) > Office of the Secretary,detail,True,2026,proposed,thousand pesos,PHP,863884,1681060,91770,0,2636714,
m-b9-p009-r003-y2024,M,B.9,9,369,https://github.com/tordecilla/unprogrammed-appropriations/releases/download/pdfs-agency-expenditure-pages-v1/annex-m-p009.pdf,Human Settlements Adjudication Commission,DEPARTMENTS > Department of Human Settlements and Urban Development (DHSUD) > Human Settlements Adjudication Commission,detail,True,2024,actual,thousand pesos,PHP,405390,172597,55773,0,633760,
m-b9-p009-r003-y2025,M,B.9,9,369,https://github.com/tordecilla/unprogrammed-appropriations/releases/download/pdfs-agency-expenditure-pages-v1/annex-m-p009.pdf,Human Settlements Adjudication Commission,DEPARTMENTS > Department of Human Settlements and Urban Development (DHSUD) > Human Settlements Adjudication Commission,detail,True,2025,program,thousand pesos,PHP,353877,261058,95475,0,710410,
m-b9-p009-r003-y2026,M,B.9,9,369,https://github.com/tordecilla/unprogrammed-appropriations/releases/download/pdfs-agency-expenditure-pages-v1/annex-m-p009.pdf,Human Settlements Adjudication Commission,DEPARTMENTS > Department of Human Settlements and Urban Development (DHSUD) > Human Settlements Adjudication Commission,detail,True,2026,proposed,thousand pesos,PHP,401639,158115,0,0,559754,
m-b9-p009-r004-y2024,M,B.9,9,369,https://github.com/tordecilla/unprogrammed-appropriations/releases/download/pdfs-agency-expenditure-pages-v1/annex-m-p009.pdf,Department of Information and Communications Technology (DICT),DEPARTMENTS > Department of Information and Communications Technology (DICT),subtotal,False,2024,actual,thousand pesos,PHP,1574143,11161672,2074448,0,14810263,
m-b9-p009-r004-y2025,M,B.9,9,369,https://github.com/tordecilla/unprogrammed-appropriations/releases/download/pdfs-agency-expenditure-pages-v1/annex-m-p009.pdf,Department of Information and Communications Technology (DICT),DEPARTMENTS > Department of Information and Communications Technology (DICT),subtotal,False,2025,program,thousand pesos,PHP,1354170,10945464,2798127,0,15097761,
m-b9-p009-r004-y2026,M,B.9,9,369,https://github.com/tordecilla/unprogrammed-appropriations/releases/download/pdfs-agency-expenditure-pages-v1/annex-m-p009.pdf,Department of Information and Communications Technology (DICT),DEPARTMENTS > Department of Information and Communications Technology (DICT),subtotal,False,2026,proposed,thousand pesos,PHP,1595337,11858085,5459051,0,18912473,
m-b9-p009-r005-y2024,M,B.9,9,369,https://github.com/tordecilla/unprogrammed-appropriations/releases/download/pdfs-agency-expenditure-pages-v1/annex-m-p009.pdf,Office of the Secretary,DEPARTMENTS > Department of Information and Communications Technology (DICT) > Office of the Secretary,detail,True,2024,actual,thousand pesos,PHP,992446,10441117,1722622,0,13156185,
m-b9-p009-r005-y2025,M,B.9,9,369,https://github.com/tordecilla/unprogrammed-appropriations/releases/download/pdfs-agency-expenditure-pages-v1/annex-m-p009.pdf,Office of the Secretary,DEPARTMENTS > Department of Information and Communications Technology (DICT) > Office of the Secretary,detail,True,2025,program,thousand pesos,PHP,847986,9978046,2007000,0,12833032,
m-b9-p009-r005-y2026,M,B.9,9,369,https://github.com/tordecilla/unprogrammed-appropriations/releases/download/pdfs-agency-expenditure-pages-v1/annex-m-p009.pdf,Office of the Secretary,DEPARTMENTS > Department of Information and Communications Technology (DICT) > Office of the Secretary,detail,True,2026,proposed,thousand pesos,PHP,1024207,10952365,5356393,0,17332965,
m-b9-p009-r006-y2024,M,B.9,9,369,https://github.com/tordecilla/unprogrammed-appropriations/releases/download/pdfs-agency-expenditure-pages-v1/annex-m-p009.pdf,Cybercrime Investigation and Coordination Center,DEPARTMENTS > Department of Information and Communications Technology (DICT) > Cybercrime Investigation and Coordination Center,detail,True,2024,actual,thousand pesos,PHP,64436,355269,30330,0,450035,
m-b9-p009-r006-y2025,M,B.9,9,369,https://github.com/tordecilla/unprogrammed-appropriations/releases/download/pdfs-agency-expenditure-pages-v1/annex-m-p009.pdf,Cybercrime Investigation and Coordination Center,DEPARTMENTS > Department of Information and Communications Technology (DICT) > Cybercrime Investigation and Coordination Center,detail,True,2025,program,thousand pesos,PHP,59321,476015,779283,0,1314619,
m-b9-p009-r006-y2026,M,B.9,9,369,https://github.com/tordecilla/unprogrammed-appropriations/releases/download/pdfs-agency-expenditure-pages-v1/annex-m-p009.pdf,Cybercrime Investigation and Coordination Center,DEPARTMENTS > Department of Information and Communications Technology (DICT) > Cybercrime Investigation and Coordination Center,detail,True,2026,proposed,thousand pesos,PHP,62834,400254,0,0,463088,
m-b9-p009-r007-y2024,M,B.9,9,369,https://github.com/tordecilla/unprogrammed-appropriations/releases/download/pdfs-agency-expenditure-pages-v1/annex-m-p009.pdf,National Privacy Commission,DEPARTMENTS > Department of Information and Communications Technology (DICT) > National Privacy Commission,detail,True,2024,actual,thousand pesos,PHP,146317,166961,118989,0,432267,
m-b9-p009-r007-y2025,M,B.9,9,369,https://github.com/tordecilla/unprogrammed-appropriations/releases/download/pdfs-agency-expenditure-pages-v1/annex-m-p009.pdf,National Privacy Commission,DEPARTMENTS > Department of Information and Communications Technology (DICT) > National Privacy Commission,detail,True,2025,program,thousand pesos,PHP,130561,237893,3331,0,371785,
m-b9-p009-r007-y2026,M,B.9,9,369,https://github.com/tordecilla/unprogrammed-appropriations/releases/download/pdfs-agency-expenditure-pages-v1/annex-m-p009.pdf,National Privacy Commission,DEPARTMENTS > Department of Information and Communications Technology (DICT) > National Privacy Commission,detail,True,2026,proposed,thousand pesos,PHP,157202,249400,33934,0,440536,
m-b9-p009-r008-y2024,M,B.9,9,369,https://github.com/tordecilla/unprogrammed-appropriations/releases/download/pdfs-agency-expenditure-pages-v1/annex-m-p009.pdf,National Telecommunications Commission,DEPARTMENTS > Department of Information and Communications Technology (DICT) > National Telecommunications Commission,detail,True,2024,actual,thousand pesos,PHP,370944,198325,202507,0,771776,
m-b9-p009-r008-y2025,M,B.9,9,369,https://github.com/tordecilla/unprogrammed-appropriations/releases/download/pdfs-agency-expenditure-pages-v1/annex-m-p009.pdf,National Telecommunications Commission,DEPARTMENTS > Department of Information and Communications Technology (DICT) > National Telecommunications Commission,detail,True,2025,program,thousand pesos,PHP,316302,253510,8513,0,578325,
m-b9-p009-r008-y2026,M,B.9,9,369,https://github.com/tordecilla/unprogrammed-appropriations/releases/download/pdfs-agency-expenditure-pages-v1/annex-m-p009.pdf,National Telecommunications Commission,DEPARTMENTS > Department of Information and Communications Technology (DICT) > National Telecommunications Commission,detail,True,2026,proposed,thousand pesos,PHP,351094,256066,68724,0,675884,
m-b9-p009-r009-y2024,M,B.9,9,369,https://github.com/tordecilla/unprogrammed-appropriations/releases/download/pdfs-agency-expenditure-pages-v1/annex-m-p009.pdf,Department of the Interior and Local Government (DILG),DEPARTMENTS > Department of the Interior and Local Government (DILG),subtotal,False,2024,actual,thousand pesos,PHP,298753173,33072342,9946506,0,341772021,
m-b9-p009-r009-y2025,M,B.9,9,369,https://github.com/tordecilla/unprogrammed-appropriations/releases/download/pdfs-agency-expenditure-pages-v1/annex-m-p009.pdf,Department of the Interior and Local Government (DILG),DEPARTMENTS > Department of the Interior and Local Government (DILG),subtotal,False,2025,program,thousand pesos,PHP,228654874,39250720,14058856,0,281964450,
m-b9-p009-r009-y2026,M,B.9,9,369,https://github.com/tordecilla/unprogrammed-appropriations/releases/download/pdfs-agency-expenditure-pages-v1/annex-m-p009.pdf,Department of the Interior and Local Government (DILG),DEPARTMENTS > Department of the Interior and Local Government (DILG),subtotal,False,2026,proposed,thousand pesos,PHP,236298358,40540871,10641591,0,287480820,
m-b9-p009-r010-y2024,M,B.9,9,369,https://github.com/tordecilla/unprogrammed-appropriations/releases/download/pdfs-agency-expenditure-pages-v1/annex-m-p009.pdf,Office of the Secretary,DEPARTMENTS > Department of the Interior and Local Government (DILG) > Office of the Secretary,detail,True,2024,actual,thousand pesos,PHP,4935564,3152375,408623,0,8496562,
m-b9-p009-r010-y2025,M,B.9,9,369,https://github.com/tordecilla/unprogrammed-appropriations/releases/download/pdfs-agency-expenditure-pages-v1/annex-m-p009.pdf,Office of the Secretary,DEPARTMENTS > Department of the Interior and Local Government (DILG) > Office of the Secretary,detail,True,2025,program,thousand pesos,PHP,4323627,3712796,402486,0,8438909,
m-b9-p009-r010-y2026,M,B.9,9,369,https://github.com/tordecilla/unprogrammed-appropriations/releases/download/pdfs-agency-expenditure-pages-v1/annex-m-p009.pdf,Office of the Secretary,DEPARTMENTS > Department of the Interior and Local Government (DILG) > Office of the Secretary,detail,True,2026,proposed,thousand pesos,PHP,4900623,3057962,986400,0,8944985,
m-b9-p009-r011-y2024,M,B.9,9,369,https://github.com/tordecilla/unprogrammed-appropriations/releases/download/pdfs-agency-expenditure-pages-v1/annex-m-p009.pdf,Bureau of Fire Protection,DEPARTMENTS > Department of the Interior and Local Government (DILG) > Bureau of Fire Protection,detail,True,2024,actual,thousand pesos,PHP,31916116,2147386,4728781,0,38792283,
m-b9-p009-r011-y2025,M,B.9,9,369,https://github.com/tordecilla/unprogrammed-appropriations/releases/download/pdfs-agency-expenditure-pages-v1/annex-m-p009.pdf,Bureau of Fire Protection,DEPARTMENTS > Department of the Interior and Local Government (DILG) > Bureau of Fire Protection,detail,True,2025,program,thousand pesos,PHP,26927547,2497078,2651707,0,32076332,
m-b9-p009-r011-y2026,M,B.9,9,369,https://github.com/tordecilla/unprogrammed-appropriations/releases/download/pdfs-agency-expenditure-pages-v1/annex-m-p009.pdf,Bureau of Fire Protection,DEPARTMENTS > Department of the Interior and Local Government (DILG) > Bureau of Fire Protection,detail,True,2026,proposed,thousand pesos,PHP,28150124,2843890,1735741,0,32729755,
m-b9-p009-r012-y2024,M,B.9,9,369,https://github.com/tordecilla/unprogrammed-appropriations/releases/download/pdfs-agency-expenditure-pages-v1/annex-m-p009.pdf,Bureau of Jail Management and Penology,DEPARTMENTS > Department of the Interior and Local Government (DILG) > Bureau of Jail Management and Penology,detail,True,2024,actual,thousand pesos,PHP,19146974,6726306,195420,0,26068700,
m-b9-p009-r012-y2025,M,B.9,9,369,https://github.com/tordecilla/unprogrammed-appropriations/releases/download/pdfs-agency-expenditure-pages-v1/annex-m-p009.pdf,Bureau of Jail Management and Penology,DEPARTMENTS > Department of the Interior and Local Government (DILG) > Bureau of Jail Management and Penology,detail,True,2025,program,thousand pesos,PHP,17537945,7572056,4246088,0,29356089,
m-b9-p009-r012-y2026,M,B.9,9,369,https://github.com/tordecilla/unprogrammed-appropriations/releases/download/pdfs-agency-expenditure-pages-v1/annex-m-p009.pdf,Bureau of Jail Management and Penology,DEPARTMENTS > Department of the Interior and Local Government (DILG) > Bureau of Jail Management and Penology,detail,True,2026,proposed,thousand pesos,PHP,19719214,8996663,542214,0,29258091,
m-b9-p009-r013-y2024,M,B.9,9,369,https://github.com/tordecilla/unprogrammed-appropriations/releases/download/pdfs-agency-expenditure-pages-v1/annex-m-p009.pdf,Early Childhood Care and Development Council,DEPARTMENTS > Department of the Interior and Local Government (DILG) > Early Childhood Care and Development Council,detail,True,2024,actual,thousand pesos,PHP,0,0,0,0,0,
m-b9-p009-r013-y2025,M,B.9,9,369,https://github.com/tordecilla/unprogrammed-appropriations/releases/download/pdfs-agency-expenditure-pages-v1/annex-m-p009.pdf,Early Childhood Care and Development Council,DEPARTMENTS > Department of the Interior and Local Government (DILG) > Early Childhood Care and Development Council,detail,True,2025,program,thousand pesos,PHP,0,0,0,0,0,
m-b9-p009-r013-y2026,M,B.9,9,369,https://github.com/tordecilla/unprogrammed-appropriations/releases/download/pdfs-agency-expenditure-pages-v1/annex-m-p009.pdf,Early Childhood Care and Development Council,DEPARTMENTS > Department of the Interior and Local Government (DILG) > Early Childhood Care and Development Council,detail,True,2026,proposed,thousand pesos,PHP,18263,337623,1210,0,357096,
m-b9-p009-r014-y2024,M,B.9,9,369,https://github.com/tordecilla/unprogrammed-appropriations/releases/download/pdfs-agency-expenditure-pages-v1/annex-m-p009.pdf,Local Government Academy,DEPARTMENTS > Department of the Interior and Local Government (DILG) > Local Government Academy,detail,True,2024,actual,thousand pesos,PHP,43944,243573,4156,0,291673,
m-b9-p009-r014-y2025,M,B.9,9,369,https://github.com/tordecilla/unprogrammed-appropriations/releases/download/pdfs-agency-expenditure-pages-v1/annex-m-p009.pdf,Local Government Academy,DEPARTMENTS > Department of the Interior and Local Government (DILG) > Local Government Academy,detail,True,2025,program,thousand pesos,PHP,37021,487903,4314,0,529238,
m-b9-p009-r014-y2026,M,B.9,9,369,https://github.com/tordecilla/unprogrammed-appropriations/releases/download/pdfs-agency-expenditure-pages-v1/annex-m-p009.pdf,Local Government Academy,DEPARTMENTS > Department of the Interior and Local Government (DILG) > Local Government Academy,detail,True,2026,proposed,thousand pesos,PHP,46131,479895,18250,0,544276,
m-b9-p009-r015-y2024,M,B.9,9,369,https://github.com/tordecilla/unprogrammed-appropriations/releases/download/pdfs-agency-expenditure-pages-v1/annex-m-p009.pdf,National Commission on Muslim Filipinos (Office on Muslim Affairs),DEPARTMENTS > Department of the Interior and Local Government (DILG) > National Commission on Muslim Filipinos (Office on Muslim Affairs),detail,True,2024,actual,thousand pesos,PHP,754344,198119,20691,0,973154,
m-b9-p009-r015-y2025,M,B.9,9,369,https://github.com/tordecilla/unprogrammed-appropriations/releases/download/pdfs-agency-expenditure-pages-v1/annex-m-p009.pdf,National Commission on Muslim Filipinos (Office on Muslim Affairs),DEPARTMENTS > Department of the Interior and Local Government (DILG) > National Commission on Muslim Filipinos (Office on Muslim Affairs),detail,True,2025,program,thousand pesos,PHP,744597,308177,137290,0,1190064,
m-b9-p009-r015-y2026,M,B.9,9,369,https://github.com/tordecilla/unprogrammed-appropriations/releases/download/pdfs-agency-expenditure-pages-v1/annex-m-p009.pdf,National Commission on Muslim Filipinos (Office on Muslim Affairs),DEPARTMENTS > Department of the Interior and Local Government (DILG) > National Commission on Muslim Filipinos (Office on Muslim Affairs),detail,True,2026,proposed,thousand pesos,PHP,806688,396465,28145,0,1231298,
m-b9-p009-r016-y2024,M,B.9,9,369,https://github.com/tordecilla/unprogrammed-appropriations/releases/download/pdfs-agency-expenditure-pages-v1/annex-m-p009.pdf,National Police Commission,DEPARTMENTS > Department of the Interior and Local Government (DILG) > National Police Commission,detail,True,2024,actual,thousand pesos,PHP,5067232,256550,36379,0,5360161,
m-b9-p009-r016-y2025,M,B.9,9,369,https://github.com/tordecilla/unprogrammed-appropriations/releases/download/pdfs-agency-expenditure-pages-v1/annex-m-p009.pdf,National Police Commission,DEPARTMENTS > Department of the Interior and Local Government (DILG) > National Police Commission,detail,True,2025,program,thousand pesos,PHP,1818067,404856,317611,0,2540534,
m-b9-p009-r016-y2026,M,B.9,9,369,https://github.com/tordecilla/unprogrammed-appropriations/releases/download/pdfs-agency-expenditure-pages-v1/annex-m-p009.pdf,National Police Commission,DEPARTMENTS > Department of the Interior and Local Government (DILG) > National Police Commission,detail,True,2026,proposed,thousand pesos,PHP,1947536,362464,246766,0,2556766,
m-b9-p009-r017-y2024,M,B.9,9,369,https://github.com/tordecilla/unprogrammed-appropriations/releases/download/pdfs-agency-expenditure-pages-v1/annex-m-p009.pdf,National Youth Commission,DEPARTMENTS > Department of the Interior and Local Government (DILG) > National Youth Commission,detail,True,2024,actual,thousand pesos,PHP,97788,76280,8847,0,182915,
m-b9-p009-r017-y2025,M,B.9,9,369,https://github.com/tordecilla/unprogrammed-appropriations/releases/download/pdfs-agency-expenditure-pages-v1/annex-m-p009.pdf,National Youth Commission,DEPARTMENTS > Department of the Interior and Local Government (DILG) > National Youth Commission,detail,True,2025,program,thousand pesos,PHP,90788,517532,31545,0,639865,
m-b9-p009-r017-y2026,M,B.9,9,369,https://github.com/tordecilla/unprogrammed-appropriations/releases/download/pdfs-agency-expenditure-pages-v1/annex-m-p009.pdf,National Youth Commission,DEPARTMENTS > Department of the Interior and Local Government (DILG) > National Youth Commission,detail,True,2026,proposed,thousand pesos,PHP,97574,224141,1995,0,323710,
m-b9-p009-r018-y2024,M,B.9,9,369,https://github.com/tordecilla/unprogrammed-appropriations/releases/download/pdfs-agency-expenditure-pages-v1/annex-m-p009.pdf,Philippine Commission on Women (National Commission on the Role of Filipino Women),DEPARTMENTS > Department of the Interior and Local Government (DILG) > Philippine Commission on Women (National Commission on the Role of Filipino Women),detail,True,2024,actual,thousand pesos,PHP,65542,97774,2285,0,165601,
m-b9-p009-r018-y2025,M,B.9,9,369,https://github.com/tordecilla/unprogrammed-appropriations/releases/download/pdfs-agency-expenditure-pages-v1/annex-m-p009.pdf,Philippine Commission on Women (National Commission on the Role of Filipino Women),DEPARTMENTS > Department of the Interior and Local Government (DILG) > Philippine Commission on Women (National Commission on the Role of Filipino Women),detail,True,2025,program,thousand pesos,PHP,56588,115647,8380,0,180615,
m-b9-p009-r018-y2026,M,B.9,9,369,https://github.com/tordecilla/unprogrammed-appropriations/releases/download/pdfs-agency-expenditure-pages-v1/annex-m-p009.pdf,Philippine Commission on Women (National Commission on the Role of Filipino Women),DEPARTMENTS > Department of the Interior and Local Government (DILG) > Philippine Commission on Women (National Commission on the Role of Filipino Women),detail,True,2026,proposed,thousand pesos,PHP,58909,118501,3465,0,180875,
m-b9-p009-r019-y2024,M,B.9,9,369,https://github.com/tordecilla/unprogrammed-appropriations/releases/download/pdfs-agency-expenditure-pages-v1/annex-m-p009.pdf,Philippine National Police,DEPARTMENTS > Department of the Interior and Local Government (DILG) > Philippine National Police,detail,True,2024,actual,thousand pesos,PHP,236417525,19698479,4448313,0,260564317,
m-b9-p009-r019-y2025,M,B.9,9,369,https://github.com/tordecilla/unprogrammed-appropriations/releases/download/pdfs-agency-expenditure-pages-v1/annex-m-p009.pdf,Philippine National Police,DEPARTMENTS > Department of the Interior and Local Government (DILG) > Philippine National Police,detail,True,2025,program,thousand pesos,PHP,176743332,23097852,6177320,0,206018504,
m-b9-p009-r019-y2026,M,B.9,9,369,https://github.com/tordecilla/unprogrammed-appropriations/releases/download/pdfs-agency-expenditure-pages-v1/annex-m-p009.pdf,Philippine National Police,DEPARTMENTS > Department of the Interior and Local Government (DILG) > Philippine National Police,detail,True,2026,proposed,thousand pesos,PHP,180122280,23141311,6885401,0,210148992,
m-b9-p009-r020-y2024,M,B.9,9,369,https://github.com/tordecilla/unprogrammed-appropriations/releases/download/pdfs-agency-expenditure-pages-v1/annex-m-p009.pdf,Philippine Public Safety College,DEPARTMENTS > Department of the Interior and Local Government (DILG) > Philippine Public Safety College,detail,True,2024,actual,thousand pesos,PHP,308144,475500,93011,0,876655,
m-b9-p009-r020-y2025,M,B.9,9,369,https://github.com/tordecilla/unprogrammed-appropriations/releases/download/pdfs-agency-expenditure-pages-v1/annex-m-p009.pdf,Philippine Public Safety College,DEPARTMENTS > Department of the Interior and Local Government (DILG) > Philippine Public Safety College,detail,True,2025,program,thousand pesos,PHP,375362,536823,82115,0,994300,
m-b9-p009-r020-y2026,M,B.9,9,369,https://github.com/tordecilla/unprogrammed-appropriations/releases/download/pdfs-agency-expenditure-pages-v1/annex-m-p009.pdf,Philippine Public Safety College,DEPARTMENTS > Department of the Interior and Local Government (DILG) > Philippine Public Safety College,detail,True,2026,proposed,thousand pesos,PHP,431016,581956,192004,0,1204976,
m-b9-p009-r021-y2024,M,B.9,9,369,https://github.com/tordecilla/unprogrammed-appropriations/releases/download/pdfs-agency-expenditure-pages-v1/annex-m-p009.pdf,Department of Justice (DOJ),DEPARTMENTS > Department of Justice (DOJ),subtotal,False,2024,actual,thousand pesos,PHP,28110787,6367150,3615050,0,38092987,
m-b9-p009-r021-y2025,M,B.9,9,369,https://github.com/tordecilla/unprogrammed-appropriations/releases/download/pdfs-agency-expenditure-pages-v1/annex-m-p009.pdf,Department of Justice (DOJ),DEPARTMENTS > Department of Justice (DOJ),subtotal,False,2025,program,thousand pesos,PHP,24728267,10794504,6665601,0,42188372,
m-b9-p009-r021-y2026,M,B.9,9,369,https://github.com/tordecilla/unprogrammed-appropriations/releases/download/pdfs-agency-expenditure-pages-v1/annex-m-p009.pdf,Department of Justice (DOJ),DEPARTMENTS > Department of Justice (DOJ),subtotal,False,2026,proposed,thousand pesos,PHP,28063127,10795884,4794461,0,43653472,
m-b9-p009-r022-y2024,M,B.9,9,369,https://github.com/tordecilla/unprogrammed-appropriations/releases/download/pdfs-agency-expenditure-pages-v1/annex-m-p009.pdf,Office of the Secretary,DEPARTMENTS > Department of Justice (DOJ) > Office of the Secretary,detail,True,2024,actual,thousand pesos,PHP,10459014,974183,900868,0,12334065,
m-b9-p009-r022-y2025,M,B.9,9,369,https://github.com/tordecilla/unprogrammed-appropriations/releases/download/pdfs-agency-expenditure-pages-v1/annex-m-p009.pdf,Office of the Secretary,DEPARTMENTS > Department of Justice (DOJ) > Office of the Secretary,detail,True,2025,program,thousand pesos,PHP,8114682,2318638,367560,0,10800880,
m-b9-p009-r022-y2026,M,B.9,9,369,https://github.com/tordecilla/unprogrammed-appropriations/releases/download/pdfs-agency-expenditure-pages-v1/annex-m-p009.pdf,Office of the Secretary,DEPARTMENTS > Department of Justice (DOJ) > Office of the Secretary,detail,True,2026,proposed,thousand pesos,PHP,8903606,1525128,415544,0,10844278,
m-b9-p009-r023-y2024,M,B.9,9,369,https://github.com/tordecilla/unprogrammed-appropriations/releases/download/pdfs-agency-expenditure-pages-v1/annex-m-p009.pdf,Bureau of Corrections,DEPARTMENTS > Department of Justice (DOJ) > Bureau of Corrections,detail,True,2024,actual,thousand pesos,PHP,4659441,2561712,895592,0,8116745,
m-b9-p009-r023-y2025,M,B.9,9,369,https://github.com/tordecilla/unprogrammed-appropriations/releases/download/pdfs-agency-expenditure-pages-v1/annex-m-p009.pdf,Bureau of Corrections,DEPARTMENTS > Department of Justice (DOJ) > Bureau of Corrections,detail,True,2025,program,thousand pesos,PHP,5062573,2987291,1163338,0,9213202,
m-b9-p009-r023-y2026,M,B.9,9,369,https://github.com/tordecilla/unprogrammed-appropriations/releases/download/pdfs-agency-expenditure-pages-v1/annex-m-p009.pdf,Bureau of Corrections,DEPARTMENTS > Department of Justice (DOJ) > Bureau of Corrections,detail,True,2026,proposed,thousand pesos,PHP,5628506,3444319,1019734,0,10092559,
m-b9-p010-r001-y2024,M,B.9,10,370,https://github.com/tordecilla/unprogrammed-appropriations/releases/download/pdfs-agency-expenditure-pages-v1/annex-m-p010.pdf,Bureau of Immigration,DEPARTMENTS > Department of Justice (DOJ) > Bureau of Immigration,detail,True,2024,actual,thousand pesos,PHP,1510598,443375,740265,0,2694238,
m-b9-p010-r001-y2025,M,B.9,10,370,https://github.com/tordecilla/unprogrammed-appropriations/releases/download/pdfs-agency-expenditure-pages-v1/annex-m-p010.pdf,Bureau of Immigration,DEPARTMENTS > Department of Justice (DOJ) > Bureau of Immigration,detail,True,2025,program,thousand pesos,PHP,1391338,1482820,2918002,0,5792160,
m-b9-p010-r001-y2026,M,B.9,10,370,https://github.com/tordecilla/unprogrammed-appropriations/releases/download/pdfs-agency-expenditure-pages-v1/annex-m-p010.pdf,Bureau of Immigration,DEPARTMENTS > Department of Justice (DOJ) > Bureau of Immigration,detail,True,2026,proposed,thousand pesos,PHP,1661223,1910535,1811426,0,5383184,
m-b9-p010-r002-y2024,M,B.9,10,370,https://github.com/tordecilla/unprogrammed-appropriations/releases/download/pdfs-agency-expenditure-pages-v1/annex-m-p010.pdf,Land Registration Authority,DEPARTMENTS > Department of Justice (DOJ) > Land Registration Authority,detail,True,2024,actual,thousand pesos,PHP,1428662,607675,406883,0,2443220,
m-b9-p010-r002-y2025,M,B.9,10,370,https://github.com/tordecilla/unprogrammed-appropriations/releases/download/pdfs-agency-expenditure-pages-v1/annex-m-p010.pdf,Land Registration Authority,DEPARTMENTS > Department of Justice (DOJ) > Land Registration Authority,detail,True,2025,program,thousand pesos,PHP,1236805,1166127,752265,0,3155197,
m-b9-p010-r002-y2026,M,B.9,10,370,https://github.com/tordecilla/unprogrammed-appropriations/releases/download/pdfs-agency-expenditure-pages-v1/annex-m-p010.pdf,Land Registration Authority,DEPARTMENTS > Department of Justice (DOJ) > Land Registration Authority,detail,True,2026,proposed,thousand pesos,PHP,1369831,1246593,267479,0,2883903,
m-b9-p010-r003-y2024,M,B.9,10,370,https://github.com/tordecilla/unprogrammed-appropriations/releases/download/pdfs-agency-expenditure-pages-v1/annex-m-p010.pdf,National Bureau of Investigation,DEPARTMENTS > Department of Justice (DOJ) > National Bureau of Investigation,detail,True,2024,actual,thousand pesos,PHP,1267648,855816,562419,0,2685883,
m-b9-p010-r003-y2025,M,B.9,10,370,https://github.com/tordecilla/unprogrammed-appropriations/releases/download/pdfs-agency-expenditure-pages-v1/annex-m-p010.pdf,National Bureau of Investigation,DEPARTMENTS > Department of Justice (DOJ) > National Bureau of Investigation,detail,True,2025,program,thousand pesos,PHP,1134708,1547826,1270761,0,3953295,
m-b9-p010-r003-y2026,M,B.9,10,370,https://github.com/tordecilla/unprogrammed-appropriations/releases/download/pdfs-agency-expenditure-pages-v1/annex-m-p010.pdf,National Bureau of Investigation,DEPARTMENTS > Department of Justice (DOJ) > National Bureau of Investigation,detail,True,2026,proposed,thousand pesos,PHP,1370878,1259824,1113919,0,3744621,
m-b9-p010-r004-y2024,M,B.9,10,370,https://github.com/tordecilla/unprogrammed-appropriations/releases/download/pdfs-agency-expenditure-pages-v1/annex-m-p010.pdf,Office of the Government Corporate Counsel,DEPARTMENTS > Department of Justice (DOJ) > Office of the Government Corporate Counsel,detail,True,2024,actual,thousand pesos,PHP,296257,54950,9028,0,360235,
m-b9-p010-r004-y2025,M,B.9,10,370,https://github.com/tordecilla/unprogrammed-appropriations/releases/download/pdfs-agency-expenditure-pages-v1/annex-m-p010.pdf,Office of the Government Corporate Counsel,DEPARTMENTS > Department of Justice (DOJ) > Office of the Government Corporate Counsel,detail,True,2025,program,thousand pesos,PHP,184140,107361,6940,0,298441,
m-b9-p010-r004-y2026,M,B.9,10,370,https://github.com/tordecilla/unprogrammed-appropriations/releases/download/pdfs-agency-expenditure-pages-v1/annex-m-p010.pdf,Office of the Government Corporate Counsel,DEPARTMENTS > Department of Justice (DOJ) > Office of the Government Corporate Counsel,detail,True,2026,proposed,thousand pesos,PHP,220266,87646,8744,0,316656,
m-b9-p010-r005-y2024,M,B.9,10,370,https://github.com/tordecilla/unprogrammed-appropriations/releases/download/pdfs-agency-expenditure-pages-v1/annex-m-p010.pdf,Office of the Solicitor General,DEPARTMENTS > Department of Justice (DOJ) > Office of the Solicitor General,detail,True,2024,actual,thousand pesos,PHP,1292385,460358,40052,0,1792795,
m-b9-p010-r005-y2025,M,B.9,10,370,https://github.com/tordecilla/unprogrammed-appropriations/releases/download/pdfs-agency-expenditure-pages-v1/annex-m-p010.pdf,Office of the Solicitor General,DEPARTMENTS > Department of Justice (DOJ) > Office of the Solicitor General,detail,True,2025,program,thousand pesos,PHP,1120986,586253,43305,0,1750544,
m-b9-p010-r005-y2026,M,B.9,10,370,https://github.com/tordecilla/unprogrammed-appropriations/releases/download/pdfs-agency-expenditure-pages-v1/annex-m-p010.pdf,Office of the Solicitor General,DEPARTMENTS > Department of Justice (DOJ) > Office of the Solicitor General,detail,True,2026,proposed,thousand pesos,PHP,1280416,602048,59605,0,1942069,
m-b9-p010-r006-y2024,M,B.9,10,370,https://github.com/tordecilla/unprogrammed-appropriations/releases/download/pdfs-agency-expenditure-pages-v1/annex-m-p010.pdf,Parole and Probation Administration,DEPARTMENTS > Department of Justice (DOJ) > Parole and Probation Administration,detail,True,2024,actual,thousand pesos,PHP,898001,140395,55155,0,1093551,
m-b9-p010-r006-y2025,M,B.9,10,370,https://github.com/tordecilla/unprogrammed-appropriations/releases/download/pdfs-agency-expenditure-pages-v1/annex-m-p010.pdf,Parole and Probation Administration,DEPARTMENTS > Department of Justice (DOJ) > Parole and Probation Administration,detail,True,2025,program,thousand pesos,PHP,820023,272264,110995,0,1203282,
m-b9-p010-r006-y2026,M,B.9,10,370,https://github.com/tordecilla/unprogrammed-appropriations/releases/download/pdfs-agency-expenditure-pages-v1/annex-m-p010.pdf,Parole and Probation Administration,DEPARTMENTS > Department of Justice (DOJ) > Parole and Probation Administration,detail,True,2026,proposed,thousand pesos,PHP,913688,302566,61380,0,1277634,
m-b9-p010-r007-y2024,M,B.9,10,370,https://github.com/tordecilla/unprogrammed-appropriations/releases/download/pdfs-agency-expenditure-pages-v1/annex-m-p010.pdf,Presidential Commission on Good Government,DEPARTMENTS > Department of Justice (DOJ) > Presidential Commission on Good Government,detail,True,2024,actual,thousand pesos,PHP,145343,62244,3820,0,211407,
m-b9-p010-r007-y2025,M,B.9,10,370,https://github.com/tordecilla/unprogrammed-appropriations/releases/download/pdfs-agency-expenditure-pages-v1/annex-m-p010.pdf,Presidential Commission on Good Government,DEPARTMENTS > Department of Justice (DOJ) > Presidential Commission on Good Government,detail,True,2025,program,thousand pesos,PHP,125449,75374,5595,0,206418,
m-b9-p010-r007-y2026,M,B.9,10,370,https://github.com/tordecilla/unprogrammed-appropriations/releases/download/pdfs-agency-expenditure-pages-v1/annex-m-p010.pdf,Presidential Commission on Good Government,DEPARTMENTS > Department of Justice (DOJ) > Presidential Commission on Good Government,detail,True,2026,proposed,thousand pesos,PHP,164507,136399,8747,0,309653,
m-b9-p010-r008-y2024,M,B.9,10,370,https://github.com/tordecilla/unprogrammed-appropriations/releases/download/pdfs-agency-expenditure-pages-v1/annex-m-p010.pdf,Public Attorney's Office,DEPARTMENTS > Department of Justice (DOJ) > Public Attorney's Office,detail,True,2024,actual,thousand pesos,PHP,6094042,150723,0,0,6244765,
m-b9-p010-r008-y2025,M,B.9,10,370,https://github.com/tordecilla/unprogrammed-appropriations/releases/download/pdfs-agency-expenditure-pages-v1/annex-m-p010.pdf,Public Attorney's Office,DEPARTMENTS > Department of Justice (DOJ) > Public Attorney's Office,detail,True,2025,program,thousand pesos,PHP,5482975,167022,0,0,5649997,
m-b9-p010-r008-y2026,M,B.9,10,370,https://github.com/tordecilla/unprogrammed-appropriations/releases/download/pdfs-agency-expenditure-pages-v1/annex-m-p010.pdf,Public Attorney's Office,DEPARTMENTS > Department of Justice (DOJ) > Public Attorney's Office,detail,True,2026,proposed,thousand pesos,PHP,6485163,187172,20458,0,6692793,
m-b9-p010-r009-y2024,M,B.9,10,370,https://github.com/tordecilla/unprogrammed-appropriations/releases/download/pdfs-agency-expenditure-pages-v1/annex-m-p010.pdf,Office for Alternative Dispute Resolution,DEPARTMENTS > Department of Justice (DOJ) > Office for Alternative Dispute Resolution,detail,True,2024,actual,thousand pesos,PHP,59396,55719,968,0,116083,
m-b9-p010-r009-y2025,M,B.9,10,370,https://github.com/tordecilla/unprogrammed-appropriations/releases/download/pdfs-agency-expenditure-pages-v1/annex-m-p010.pdf,Office for Alternative Dispute Resolution,DEPARTMENTS > Department of Justice (DOJ) > Office for Alternative Dispute Resolution,detail,True,2025,program,thousand pesos,PHP,54588,83528,26840,0,164956,
m-b9-p010-r009-y2026,M,B.9,10,370,https://github.com/tordecilla/unprogrammed-appropriations/releases/download/pdfs-agency-expenditure-pages-v1/annex-m-p010.pdf,Office for Alternative Dispute Resolution,DEPARTMENTS > Department of Justice (DOJ) > Office for Alternative Dispute Resolution,detail,True,2026,proposed,thousand pesos,PHP,65043,93654,7425,0,166122,
m-b9-p010-r010-y2024,M,B.9,10,370,https://github.com/tordecilla/unprogrammed-appropriations/releases/download/pdfs-agency-expenditure-pages-v1/annex-m-p010.pdf,Department of Labor and Employment (DOLE),DEPARTMENTS > Department of Labor and Employment (DOLE),subtotal,False,2024,actual,thousand pesos,PHP,9215892,53914651,1286136,0,64416679,
m-b9-p010-r010-y2025,M,B.9,10,370,https://github.com/tordecilla/unprogrammed-appropriations/releases/download/pdfs-agency-expenditure-pages-v1/annex-m-p010.pdf,Department of Labor and Employment (DOLE),DEPARTMENTS > Department of Labor and Employment (DOLE),subtotal,False,2025,program,thousand pesos,PHP,7912918,40188456,3652720,0,51754094,
m-b9-p010-r010-y2026,M,B.9,10,370,https://github.com/tordecilla/unprogrammed-appropriations/releases/download/pdfs-agency-expenditure-pages-v1/annex-m-p010.pdf,Department of Labor and Employment (DOLE),DEPARTMENTS > Department of Labor and Employment (DOLE),subtotal,False,2026,proposed,thousand pesos,PHP,9059272,35052717,907117,0,45019106,
m-b9-p010-r011-y2024,M,B.9,10,370,https://github.com/tordecilla/unprogrammed-appropriations/releases/download/pdfs-agency-expenditure-pages-v1/annex-m-p010.pdf,Office of the Secretary,DEPARTMENTS > Department of Labor and Employment (DOLE) > Office of the Secretary,detail,True,2024,actual,thousand pesos,PHP,2333886,34744858,495772,0,37574516,
m-b9-p010-r011-y2025,M,B.9,10,370,https://github.com/tordecilla/unprogrammed-appropriations/releases/download/pdfs-agency-expenditure-pages-v1/annex-m-p010.pdf,Office of the Secretary,DEPARTMENTS > Department of Labor and Employment (DOLE) > Office of the Secretary,detail,True,2025,program,thousand pesos,PHP,2076522,23230232,327828,0,25634582,
m-b9-p010-r011-y2026,M,B.9,10,370,https://github.com/tordecilla/unprogrammed-appropriations/releases/download/pdfs-agency-expenditure-pages-v1/annex-m-p010.pdf,Office of the Secretary,DEPARTMENTS > Department of Labor and Employment (DOLE) > Office of the Secretary,detail,True,2026,proposed,thousand pesos,PHP,2313478,16926609,215217,0,19455304,
m-b9-p010-r012-y2024,M,B.9,10,370,https://github.com/tordecilla/unprogrammed-appropriations/releases/download/pdfs-agency-expenditure-pages-v1/annex-m-p010.pdf,Institute for Labor Studies,DEPARTMENTS > Department of Labor and Employment (DOLE) > Institute for Labor Studies,detail,True,2024,actual,thousand pesos,PHP,43956,30781,12280,0,87017,
m-b9-p010-r012-y2025,M,B.9,10,370,https://github.com/tordecilla/unprogrammed-appropriations/releases/download/pdfs-agency-expenditure-pages-v1/annex-m-p010.pdf,Institute for Labor Studies,DEPARTMENTS > Department of Labor and Employment (DOLE) > Institute for Labor Studies,detail,True,2025,program,thousand pesos,PHP,38677,41870,18242,0,98789,
m-b9-p010-r012-y2026,M,B.9,10,370,https://github.com/tordecilla/unprogrammed-appropriations/releases/download/pdfs-agency-expenditure-pages-v1/annex-m-p010.pdf,Institute for Labor Studies,DEPARTMENTS > Department of Labor and Employment (DOLE) > Institute for Labor Studies,detail,True,2026,proposed,thousand pesos,PHP,40730,35769,4870,0,81369,
m-b9-p010-r013-y2024,M,B.9,10,370,https://github.com/tordecilla/unprogrammed-appropriations/releases/download/pdfs-agency-expenditure-pages-v1/annex-m-p010.pdf,National Conciliation and Mediation Board,DEPARTMENTS > Department of Labor and Employment (DOLE) > National Conciliation and Mediation Board,detail,True,2024,actual,thousand pesos,PHP,209502,106199,540,0,316241,
m-b9-p010-r013-y2025,M,B.9,10,370,https://github.com/tordecilla/unprogrammed-appropriations/releases/download/pdfs-agency-expenditure-pages-v1/annex-m-p010.pdf,National Conciliation and Mediation Board,DEPARTMENTS > Department of Labor and Employment (DOLE) > National Conciliation and Mediation Board,detail,True,2025,program,thousand pesos,PHP,182978,118739,42583,0,344300,
m-b9-p010-r013-y2026,M,B.9,10,370,https://github.com/tordecilla/unprogrammed-appropriations/releases/download/pdfs-agency-expenditure-pages-v1/annex-m-p010.pdf,National Conciliation and Mediation Board,DEPARTMENTS > Department of Labor and Employment (DOLE) > National Conciliation and Mediation Board,detail,True,2026,proposed,thousand pesos,PHP,209769,124715,54453,0,388937,
m-b9-p010-r014-y2024,M,B.9,10,370,https://github.com/tordecilla/unprogrammed-appropriations/releases/download/pdfs-agency-expenditure-pages-v1/annex-m-p010.pdf,National Labor Relations Commission,DEPARTMENTS > Department of Labor and Employment (DOLE) > National Labor Relations Commission,detail,True,2024,actual,thousand pesos,PHP,1770359,234575,43941,0,2048875,
m-b9-p010-r014-y2025,M,B.9,10,370,https://github.com/tordecilla/unprogrammed-appropriations/releases/download/pdfs-agency-expenditure-pages-v1/annex-m-p010.pdf,National Labor Relations Commission,DEPARTMENTS > Department of Labor and Employment (DOLE) > National Labor Relations Commission,detail,True,2025,program,thousand pesos,PHP,1228029,294535,44602,0,1567166,
m-b9-p010-r014-y2026,M,B.9,10,370,https://github.com/tordecilla/unprogrammed-appropriations/releases/download/pdfs-agency-expenditure-pages-v1/annex-m-p010.pdf,National Labor Relations Commission,DEPARTMENTS > Department of Labor and Employment (DOLE) > National Labor Relations Commission,detail,True,2026,proposed,thousand pesos,PHP,1499956,308291,79770,0,1888017,
m-b9-p010-r015-y2024,M,B.9,10,370,https://github.com/tordecilla/unprogrammed-appropriations/releases/download/pdfs-agency-expenditure-pages-v1/annex-m-p010.pdf,National Wages and Productivity Commission,DEPARTMENTS > Department of Labor and Employment (DOLE) > National Wages and Productivity Commission,detail,True,2024,actual,thousand pesos,PHP,210783,85395,1450,0,297628,
m-b9-p010-r015-y2025,M,B.9,10,370,https://github.com/tordecilla/unprogrammed-appropriations/releases/download/pdfs-agency-expenditure-pages-v1/annex-m-p010.pdf,National Wages and Productivity Commission,DEPARTMENTS > Department of Labor and Employment (DOLE) > National Wages and Productivity Commission,detail,True,2025,program,thousand pesos,PHP,185209,143501,35990,0,364700,
m-b9-p010-r015-y2026,M,B.9,10,370,https://github.com/tordecilla/unprogrammed-appropriations/releases/download/pdfs-agency-expenditure-pages-v1/annex-m-p010.pdf,National Wages and Productivity Commission,DEPARTMENTS > Department of Labor and Employment (DOLE) > National Wages and Productivity Commission,detail,True,2026,proposed,thousand pesos,PHP,223654,134257,15940,0,373851,
m-b9-p010-r016-y2024,M,B.9,10,370,https://github.com/tordecilla/unprogrammed-appropriations/releases/download/pdfs-agency-expenditure-pages-v1/annex-m-p010.pdf,Professional Regulation Commission,DEPARTMENTS > Department of Labor and Employment (DOLE) > Professional Regulation Commission,detail,True,2024,actual,thousand pesos,PHP,1082024,888067,81440,0,2051531,
m-b9-p010-r016-y2025,M,B.9,10,370,https://github.com/tordecilla/unprogrammed-appropriations/releases/download/pdfs-agency-expenditure-pages-v1/annex-m-p010.pdf,Professional Regulation Commission,DEPARTMENTS > Department of Labor and Employment (DOLE) > Professional Regulation Commission,detail,True,2025,program,thousand pesos,PHP,983352,1112752,669381,0,2765485,
m-b9-p010-r016-y2026,M,B.9,10,370,https://github.com/tordecilla/unprogrammed-appropriations/releases/download/pdfs-agency-expenditure-pages-v1/annex-m-p010.pdf,Professional Regulation Commission,DEPARTMENTS > Department of Labor and Employment (DOLE) > Professional Regulation Commission,detail,True,2026,proposed,thousand pesos,PHP,1142381,1206042,240843,0,2589266,
m-b9-p010-r017-y2024,M,B.9,10,370,https://github.com/tordecilla/unprogrammed-appropriations/releases/download/pdfs-agency-expenditure-pages-v1/annex-m-p010.pdf,Technical Education and Skills Development Authority,DEPARTMENTS > Department of Labor and Employment (DOLE) > Technical Education and Skills Development Authority,detail,True,2024,actual,thousand pesos,PHP,3565382,17824776,650713,0,22040871,
m-b9-p010-r017-y2025,M,B.9,10,370,https://github.com/tordecilla/unprogrammed-appropriations/releases/download/pdfs-agency-expenditure-pages-v1/annex-m-p010.pdf,Technical Education and Skills Development Authority,DEPARTMENTS > Department of Labor and Employment (DOLE) > Technical Education and Skills Development Authority,detail,True,2025,program,thousand pesos,PHP,3218151,15246827,2514094,0,20979072,
m-b9-p010-r017-y2026,M,B.9,10,370,https://github.com/tordecilla/unprogrammed-appropriations/releases/download/pdfs-agency-expenditure-pages-v1/annex-m-p010.pdf,Technical Education and Skills Development Authority,DEPARTMENTS > Department of Labor and Employment (DOLE) > Technical Education and Skills Development Authority,detail,True,2026,proposed,thousand pesos,PHP,3629304,16317034,296024,0,20242362,
m-b9-p010-r018-y2024,M,B.9,10,370,https://github.com/tordecilla/unprogrammed-appropriations/releases/download/pdfs-agency-expenditure-pages-v1/annex-m-p010.pdf,Department of Migrant Workers (DMW),DEPARTMENTS > Department of Migrant Workers (DMW),subtotal,False,2024,actual,thousand pesos,PHP,2584030,5431399,2480693,726,10496848,
m-b9-p010-r018-y2025,M,B.9,10,370,https://github.com/tordecilla/unprogrammed-appropriations/releases/download/pdfs-agency-expenditure-pages-v1/annex-m-p010.pdf,Department of Migrant Workers (DMW),DEPARTMENTS > Department of Migrant Workers (DMW),subtotal,False,2025,program,thousand pesos,PHP,2448456,5942539,358364,0,8749359,
m-b9-p010-r018-y2026,M,B.9,10,370,https://github.com/tordecilla/unprogrammed-appropriations/releases/download/pdfs-agency-expenditure-pages-v1/annex-m-p010.pdf,Department of Migrant Workers (DMW),DEPARTMENTS > Department of Migrant Workers (DMW),subtotal,False,2026,proposed,thousand pesos,PHP,3581672,5937390,682720,0,10201782,
m-b9-p010-r019-y2024,M,B.9,10,370,https://github.com/tordecilla/unprogrammed-appropriations/releases/download/pdfs-agency-expenditure-pages-v1/annex-m-p010.pdf,Office of the Secretary,DEPARTMENTS > Department of Migrant Workers (DMW) > Office of the Secretary,detail,True,2024,actual,thousand pesos,PHP,1701763,3102246,853613,726,5658348,
m-b9-p010-r019-y2025,M,B.9,10,370,https://github.com/tordecilla/unprogrammed-appropriations/releases/download/pdfs-agency-expenditure-pages-v1/annex-m-p010.pdf,Office of the Secretary,DEPARTMENTS > Department of Migrant Workers (DMW) > Office of the Secretary,detail,True,2025,program,thousand pesos,PHP,1401104,3627621,311464,0,5340189,
m-b9-p010-r019-y2026,M,B.9,10,370,https://github.com/tordecilla/unprogrammed-appropriations/releases/download/pdfs-agency-expenditure-pages-v1/annex-m-p010.pdf,Office of the Secretary,DEPARTMENTS > Department of Migrant Workers (DMW) > Office of the Secretary,detail,True,2026,proposed,thousand pesos,PHP,2567201,3561604,587619,0,6716424,
m-b9-p010-r020-y2024,M,B.9,10,370,https://github.com/tordecilla/unprogrammed-appropriations/releases/download/pdfs-agency-expenditure-pages-v1/annex-m-p010.pdf,Overseas Workers Welfare Administration,DEPARTMENTS > Department of Migrant Workers (DMW) > Overseas Workers Welfare Administration,detail,True,2024,actual,thousand pesos,PHP,882267,2329153,1627080,0,4838500,
m-b9-p010-r020-y2025,M,B.9,10,370,https://github.com/tordecilla/unprogrammed-appropriations/releases/download/pdfs-agency-expenditure-pages-v1/annex-m-p010.pdf,Overseas Workers Welfare Administration,DEPARTMENTS > Department of Migrant Workers (DMW) > Overseas Workers Welfare Administration,detail,True,2025,program,thousand pesos,PHP,1047352,2314918,46900,0,3409170,
m-b9-p010-r020-y2026,M,B.9,10,370,https://github.com/tordecilla/unprogrammed-appropriations/releases/download/pdfs-agency-expenditure-pages-v1/annex-m-p010.pdf,Overseas Workers Welfare Administration,DEPARTMENTS > Department of Migrant Workers (DMW) > Overseas Workers Welfare Administration,detail,True,2026,proposed,thousand pesos,PHP,1014471,2375786,95101,0,3485358,
m-b9-p010-r021-y2024,M,B.9,10,370,https://github.com/tordecilla/unprogrammed-appropriations/releases/download/pdfs-agency-expenditure-pages-v1/annex-m-p010.pdf,Department of National Defense (DND),DEPARTMENTS > Department of National Defense (DND),subtotal,False,2024,actual,thousand pesos,PHP,222243249,77370419,53798086,8,353411762,
m-b9-p010-r021-y2025,M,B.9,10,370,https://github.com/tordecilla/unprogrammed-appropriations/releases/download/pdfs-agency-expenditure-pages-v1/annex-m-p010.pdf,Department of National Defense (DND),DEPARTMENTS > Department of National Defense (DND),subtotal,False,2025,program,thousand pesos,PHP,163971388,79392899,32609536,0,275973823,
m-b9-p010-r021-y2026,M,B.9,10,370,https://github.com/tordecilla/unprogrammed-appropriations/releases/download/pdfs-agency-expenditure-pages-v1/annex-m-p010.pdf,Department of National Defense (DND),DEPARTMENTS > Department of National Defense (DND),subtotal,False,2026,proposed,thousand pesos,PHP,167745955,94029715,37524469,0,299300139,
m-b9-p010-r022-y2024,M,B.9,10,370,https://github.com/tordecilla/unprogrammed-appropriations/releases/download/pdfs-agency-expenditure-pages-v1/annex-m-p010.pdf,Office of the Secretary - Proper,DEPARTMENTS > Department of National Defense (DND) > Office of the Secretary - Proper,detail,True,2024,actual,thousand pesos,PHP,263406,722504,196886,0,1182796,
m-b9-p010-r022-y2025,M,B.9,10,370,https://github.com/tordecilla/unprogrammed-appropriations/releases/download/pdfs-agency-expenditure-pages-v1/annex-m-p010.pdf,Office of the Secretary - Proper,DEPARTMENTS > Department of National Defense (DND) > Office of the Secretary - Proper,detail,True,2025,program,thousand pesos,PHP,230383,793400,1234341,0,2258124,
m-b9-p010-r022-y2026,M,B.9,10,370,https://github.com/tordecilla/unprogrammed-appropriations/releases/download/pdfs-agency-expenditure-pages-v1/annex-m-p010.pdf,Office of the Secretary - Proper,DEPARTMENTS > Department of National Defense (DND) > Office of the Secretary - Proper,detail,True,2026,proposed,thousand pesos,PHP,284479,1220729,859271,0,2364479,
m-b9-p010-r023-y2024,M,B.9,10,370,https://github.com/tordecilla/unprogrammed-appropriations/releases/download/pdfs-agency-expenditure-pages-v1/annex-m-p010.pdf,Government Arsenal,DEPARTMENTS > Department of National Defense (DND) > Government Arsenal,detail,True,2024,actual,thousand pesos,PHP,351795,910045,144792,0,1406632,
m-b9-p010-r023-y2025,M,B.9,10,370,https://github.com/tordecilla/unprogrammed-appropriations/releases/download/pdfs-agency-expenditure-pages-v1/annex-m-p010.pdf,Government Arsenal,DEPARTMENTS > Department of National Defense (DND) > Government Arsenal,detail,True,2025,program,thousand pesos,PHP,351730,1537727,693148,0,2582605,
m-b9-p010-r023-y2026,M,B.9,10,370,https://github.com/tordecilla/unprogrammed-appropriations/releases/download/pdfs-agency-expenditure-pages-v1/annex-m-p010.pdf,Government Arsenal,DEPARTMENTS > Department of National Defense (DND) > Government Arsenal,detail,True,2026,proposed,thousand pesos,PHP,376998,1630844,367152,0,2374994,
m-b9-p010-r024-y2024,M,B.9,10,370,https://github.com/tordecilla/unprogrammed-appropriations/releases/download/pdfs-agency-expenditure-pages-v1/annex-m-p010.pdf,National Defense College of the Philippines,DEPARTMENTS > Department of National Defense (DND) > National Defense College of the Philippines,detail,True,2024,actual,thousand pesos,PHP,57577,104257,31717,0,193551,
m-b9-p010-r024-y2025,M,B.9,10,370,https://github.com/tordecilla/unprogrammed-appropriations/releases/download/pdfs-agency-expenditure-pages-v1/annex-m-p010.pdf,National Defense College of the Philippines,DEPARTMENTS > Department of National Defense (DND) > National Defense College of the Philippines,detail,True,2025,program,thousand pesos,PHP,53572,130666,150400,0,334638,
m-b9-p010-r024-y2026,M,B.9,10,370,https://github.com/tordecilla/unprogrammed-appropriations/releases/download/pdfs-agency-expenditure-pages-v1/annex-m-p010.pdf,National Defense College of the Philippines,DEPARTMENTS > Department of National Defense (DND) > National Defense College of the Philippines,detail,True,2026,proposed,thousand pesos,PHP,64177,207186,42517,0,313880,
m-b9-p010-r025-y2024,M,B.9,10,370,https://github.com/tordecilla/unprogrammed-appropriations/releases/download/pdfs-agency-expenditure-pages-v1/annex-m-p010.pdf,Office of Civil Defense,DEPARTMENTS > Department of National Defense (DND) > Office of Civil Defense,detail,True,2024,actual,thousand pesos,PHP,494148,1671712,400603,0,2566463,
m-b9-p010-r025-y2025,M,B.9,10,370,https://github.com/tordecilla/unprogrammed-appropriations/releases/download/pdfs-agency-expenditure-pages-v1/annex-m-p010.pdf,Office of Civil Defense,DEPARTMENTS > Department of National Defense (DND) > Office of Civil Defense,detail,True,2025,program,thousand pesos,PHP,406799,1236649,908684,0,2552132,
m-b9-p010-r025-y2026,M,B.9,10,370,https://github.com/tordecilla/unprogrammed-appropriations/releases/download/pdfs-agency-expenditure-pages-v1/annex-m-p010.pdf,Office of Civil Defense,DEPARTMENTS > Department of National Defense (DND) > Office of Civil Defense,detail,True,2026,proposed,thousand pesos,PHP,482026,1722914,396179,0,2601119,
m-b9-p010-r026-y2024,M,B.9,10,370,https://github.com/tordecilla/unprogrammed-appropriations/releases/download/pdfs-agency-expenditure-pages-v1/annex-m-p010.pdf,Philippine Veterans Affairs Office (PVAO) - Proper,DEPARTMENTS > Department of National Defense (DND) > Philippine Veterans Affairs Office (PVAO) - Proper,detail,True,2024,actual,thousand pesos,PHP,10595307,427615,38778,8,11061708,
m-b9-p010-r026-y2025,M,B.9,10,370,https://github.com/tordecilla/unprogrammed-appropriations/releases/download/pdfs-agency-expenditure-pages-v1/annex-m-p010.pdf,Philippine Veterans Affairs Office (PVAO) - Proper,DEPARTMENTS > Department of National Defense (DND) > Philippine Veterans Affairs Office (PVAO) - Proper,detail,True,2025,program,thousand pesos,PHP,175780,665818,309181,0,1150779,
m-b9-p010-r026-y2026,M,B.9,10,370,https://github.com/tordecilla/unprogrammed-appropriations/releases/download/pdfs-agency-expenditure-pages-v1/annex-m-p010.pdf,Philippine Veterans Affairs Office (PVAO) - Proper,DEPARTMENTS > Department of National Defense (DND) > Philippine Veterans Affairs Office (PVAO) - Proper,detail,True,2026,proposed,thousand pesos,PHP,201135,1021408,318927,0,1541470,
m-b9-p010-r027-y2024,M,B.9,10,370,https://github.com/tordecilla/unprogrammed-appropriations/releases/download/pdfs-agency-expenditure-pages-v1/annex-m-p010.pdf,Veterans Memorial Medical Center,DEPARTMENTS > Department of National Defense (DND) > Veterans Memorial Medical Center,detail,True,2024,actual,thousand pesos,PHP,1299110,1174569,17822,0,2491501,
m-b9-p010-r027-y2025,M,B.9,10,370,https://github.com/tordecilla/unprogrammed-appropriations/releases/download/pdfs-agency-expenditure-pages-v1/annex-m-p010.pdf,Veterans Memorial Medical Center,DEPARTMENTS > Department of National Defense (DND) > Veterans Memorial Medical Center,detail,True,2025,program,thousand pesos,PHP,1300112,1493501,185356,0,2978969,
m-b9-p010-r027-y2026,M,B.9,10,370,https://github.com/tordecilla/unprogrammed-appropriations/releases/download/pdfs-agency-expenditure-pages-v1/annex-m-p010.pdf,Veterans Memorial Medical Center,DEPARTMENTS > Department of National Defense (DND) > Veterans Memorial Medical Center,detail,True,2026,proposed,thousand pesos,PHP,1507766,1621124,111680,0,3240570,
m-b9-p011-r001-y2024,M,B.9,11,371,https://github.com/tordecilla/unprogrammed-appropriations/releases/download/pdfs-agency-expenditure-pages-v1/annex-m-p011.pdf,Philippine Army (Land Forces),DEPARTMENTS > Department of National Defense (DND),detail,True,2024,actual,thousand pesos,PHP,99909087,18221051,3597279,0,121727417,
m-b9-p011-r001-y2025,M,B.9,11,371,https://github.com/tordecilla/unprogrammed-appropriations/releases/download/pdfs-agency-expenditure-pages-v1/annex-m-p011.pdf,Philippine Army (Land Forces),DEPARTMENTS > Department of National Defense (DND),detail,True,2025,program,thousand pesos,PHP,107990228,20264152,10019325,0,138273705,
m-b9-p011-r001-y2026,M,B.9,11,371,https://github.com/tordecilla/unprogrammed-appropriations/releases/download/pdfs-agency-expenditure-pages-v1/annex-m-p011.pdf,Philippine Army (Land Forces),DEPARTMENTS > Department of National Defense (DND),detail,True,2026,proposed,thousand pesos,PHP,109079397,21352503,11651645,0,142083545,
m-b9-p011-r002-y2024,M,B.9,11,371,https://github.com/tordecilla/unprogrammed-appropriations/releases/download/pdfs-agency-expenditure-pages-v1/annex-m-p011.pdf,Philippine Air Force (Air Forces),DEPARTMENTS > Department of National Defense (DND),detail,True,2024,actual,thousand pesos,PHP,18971783,23300455,3601668,0,45873906,
m-b9-p011-r002-y2025,M,B.9,11,371,https://github.com/tordecilla/unprogrammed-appropriations/releases/download/pdfs-agency-expenditure-pages-v1/annex-m-p011.pdf,Philippine Air Force (Air Forces),DEPARTMENTS > Department of National Defense (DND),detail,True,2025,program,thousand pesos,PHP,19864440,27243978,4513786,0,51622204,
m-b9-p011-r002-y2026,M,B.9,11,371,https://github.com/tordecilla/unprogrammed-appropriations/releases/download/pdfs-agency-expenditure-pages-v1/annex-m-p011.pdf,Philippine Air Force (Air Forces),DEPARTMENTS > Department of National Defense (DND),detail,True,2026,proposed,thousand pesos,PHP,20703159,29740431,8691218,0,59134808,
m-b9-p011-r003-y2024,M,B.9,11,371,https://github.com/tordecilla/unprogrammed-appropriations/releases/download/pdfs-agency-expenditure-pages-v1/annex-m-p011.pdf,Philippine Navy (Naval Forces),DEPARTMENTS > Department of National Defense (DND),detail,True,2024,actual,thousand pesos,PHP,23418771,14645800,4238802,0,42303373,
m-b9-p011-r003-y2025,M,B.9,11,371,https://github.com/tordecilla/unprogrammed-appropriations/releases/download/pdfs-agency-expenditure-pages-v1/annex-m-p011.pdf,Philippine Navy (Naval Forces),DEPARTMENTS > Department of National Defense (DND),detail,True,2025,program,thousand pesos,PHP,25398194,17862396,7816170,0,51076760,
m-b9-p011-r003-y2026,M,B.9,11,371,https://github.com/tordecilla/unprogrammed-appropriations/releases/download/pdfs-agency-expenditure-pages-v1/annex-m-p011.pdf,Philippine Navy (Naval Forces),DEPARTMENTS > Department of National Defense (DND),detail,True,2026,proposed,thousand pesos,PHP,27508077,23553747,8367977,0,59429801,
m-b9-p011-r004-y2024,M,B.9,11,371,https://github.com/tordecilla/unprogrammed-appropriations/releases/download/pdfs-agency-expenditure-pages-v1/annex-m-p011.pdf,Service Support Units (AFPWSSUs),"DEPARTMENTS > Department of National Defense (DND) > General Headquarters, AFP and AFP-Wide",detail,True,2024,actual,thousand pesos,PHP,66882265,16192411,41529739,0,124604415,
m-b9-p011-r004-y2025,M,B.9,11,371,https://github.com/tordecilla/unprogrammed-appropriations/releases/download/pdfs-agency-expenditure-pages-v1/annex-m-p011.pdf,Service Support Units (AFPWSSUs),"DEPARTMENTS > Department of National Defense (DND) > General Headquarters, AFP and AFP-Wide",detail,True,2025,program,thousand pesos,PHP,8200150,8164612,6779145,0,23143907,
m-b9-p011-r004-y2026,M,B.9,11,371,https://github.com/tordecilla/unprogrammed-appropriations/releases/download/pdfs-agency-expenditure-pages-v1/annex-m-p011.pdf,Service Support Units (AFPWSSUs),"DEPARTMENTS > Department of National Defense (DND) > General Headquarters, AFP and AFP-Wide",detail,True,2026,proposed,thousand pesos,PHP,7538741,11958829,6717903,0,26215473,
m-b9-p011-r005-y2024,M,B.9,11,371,https://github.com/tordecilla/unprogrammed-appropriations/releases/download/pdfs-agency-expenditure-pages-v1/annex-m-p011.pdf,Department of Public Works and Highways (DPWH),DEPARTMENTS > Department of Public Works and Highways (DPWH),subtotal,False,2024,actual,thousand pesos,PHP,14901379,16122017,1208689785,0,1239713181,
m-b9-p011-r005-y2025,M,B.9,11,371,https://github.com/tordecilla/unprogrammed-appropriations/releases/download/pdfs-agency-expenditure-pages-v1/annex-m-p011.pdf,Department of Public Works and Highways (DPWH),DEPARTMENTS > Department of Public Works and Highways (DPWH),subtotal,False,2025,program,thousand pesos,PHP,13181881,6929387,1068689040,0,1088800308,
m-b9-p011-r005-y2026,M,B.9,11,371,https://github.com/tordecilla/unprogrammed-appropriations/releases/download/pdfs-agency-expenditure-pages-v1/annex-m-p011.pdf,Department of Public Works and Highways (DPWH),DEPARTMENTS > Department of Public Works and Highways (DPWH),subtotal,False,2026,proposed,thousand pesos,PHP,15562458,26787695,838962406,0,881312559,
m-b9-p011-r006-y2024,M,B.9,11,371,https://github.com/tordecilla/unprogrammed-appropriations/releases/download/pdfs-agency-expenditure-pages-v1/annex-m-p011.pdf,Office of the Secretary,DEPARTMENTS > Department of Public Works and Highways (DPWH) > Office of the Secretary,detail,True,2024,actual,thousand pesos,PHP,14901379,16122017,1208689785,0,1239713181,
m-b9-p011-r006-y2025,M,B.9,11,371,https://github.com/tordecilla/unprogrammed-appropriations/releases/download/pdfs-agency-expenditure-pages-v1/annex-m-p011.pdf,Office of the Secretary,DEPARTMENTS > Department of Public Works and Highways (DPWH) > Office of the Secretary,detail,True,2025,program,thousand pesos,PHP,13181881,6929387,1068689040,0,1088800308,
m-b9-p011-r006-y2026,M,B.9,11,371,https://github.com/tordecilla/unprogrammed-appropriations/releases/download/pdfs-agency-expenditure-pages-v1/annex-m-p011.pdf,Office of the Secretary,DEPARTMENTS > Department of Public Works and Highways (DPWH) > Office of the Secretary,detail,True,2026,proposed,thousand pesos,PHP,15562458,26787695,838962406,0,881312559,
m-b9-p011-r007-y2024,M,B.9,11,371,https://github.com/tordecilla/unprogrammed-appropriations/releases/download/pdfs-agency-expenditure-pages-v1/annex-m-p011.pdf,Department of Science and Technology (DOST),DEPARTMENTS > Department of Science and Technology (DOST),subtotal,False,2024,actual,thousand pesos,PHP,5414754,19918966,2195785,0,27529505,
m-b9-p011-r007-y2025,M,B.9,11,371,https://github.com/tordecilla/unprogrammed-appropriations/releases/download/pdfs-agency-expenditure-pages-v1/annex-m-p011.pdf,Department of Science and Technology (DOST),DEPARTMENTS > Department of Science and Technology (DOST),subtotal,False,2025,program,thousand pesos,PHP,4971500,20793556,3229617,0,28994673,
m-b9-p011-r007-y2026,M,B.9,11,371,https://github.com/tordecilla/unprogrammed-appropriations/releases/download/pdfs-agency-expenditure-pages-v1/annex-m-p011.pdf,Department of Science and Technology (DOST),DEPARTMENTS > Department of Science and Technology (DOST),subtotal,False,2026,proposed,thousand pesos,PHP,5948766,21464474,2976265,0,30389505,
m-b9-p011-r008-y2024,M,B.9,11,371,https://github.com/tordecilla/unprogrammed-appropriations/releases/download/pdfs-agency-expenditure-pages-v1/annex-m-p011.pdf,Office of the Secretary,DEPARTMENTS > Department of Science and Technology (DOST) > Office of the Secretary,detail,True,2024,actual,thousand pesos,PHP,1122947,5960531,228161,0,7311639,
m-b9-p011-r008-y2025,M,B.9,11,371,https://github.com/tordecilla/unprogrammed-appropriations/releases/download/pdfs-agency-expenditure-pages-v1/annex-m-p011.pdf,Office of the Secretary,DEPARTMENTS > Department of Science and Technology (DOST) > Office of the Secretary,detail,True,2025,program,thousand pesos,PHP,978348,6207520,626776,0,7812644,
m-b9-p011-r008-y2026,M,B.9,11,371,https://github.com/tordecilla/unprogrammed-appropriations/releases/download/pdfs-agency-expenditure-pages-v1/annex-m-p011.pdf,Office of the Secretary,DEPARTMENTS > Department of Science and Technology (DOST) > Office of the Secretary,detail,True,2026,proposed,thousand pesos,PHP,1284636,6448967,271277,0,8004880,
m-b9-p011-r009-y2024,M,B.9,11,371,https://github.com/tordecilla/unprogrammed-appropriations/releases/download/pdfs-agency-expenditure-pages-v1/annex-m-p011.pdf,Advanced Science and Technology Institute,DEPARTMENTS > Department of Science and Technology (DOST) > Advanced Science and Technology Institute,detail,True,2024,actual,thousand pesos,PHP,82376,269617,24323,0,376316,
m-b9-p011-r009-y2025,M,B.9,11,371,https://github.com/tordecilla/unprogrammed-appropriations/releases/download/pdfs-agency-expenditure-pages-v1/annex-m-p011.pdf,Advanced Science and Technology Institute,DEPARTMENTS > Department of Science and Technology (DOST) > Advanced Science and Technology Institute,detail,True,2025,program,thousand pesos,PHP,79451,305218,2750,0,387419,
m-b9-p011-r009-y2026,M,B.9,11,371,https://github.com/tordecilla/unprogrammed-appropriations/releases/download/pdfs-agency-expenditure-pages-v1/annex-m-p011.pdf,Advanced Science and Technology Institute,DEPARTMENTS > Department of Science and Technology (DOST) > Advanced Science and Technology Institute,detail,True,2026,proposed,thousand pesos,PHP,90284,314554,2330,0,407168,
m-b9-p011-r010-y2024,M,B.9,11,371,https://github.com/tordecilla/unprogrammed-appropriations/releases/download/pdfs-agency-expenditure-pages-v1/annex-m-p011.pdf,Food and Nutrition Research Institute,DEPARTMENTS > Department of Science and Technology (DOST) > Food and Nutrition Research Institute,detail,True,2024,actual,thousand pesos,PHP,156224,426754,3962,0,586940,
m-b9-p011-r010-y2025,M,B.9,11,371,https://github.com/tordecilla/unprogrammed-appropriations/releases/download/pdfs-agency-expenditure-pages-v1/annex-m-p011.pdf,Food and Nutrition Research Institute,DEPARTMENTS > Department of Science and Technology (DOST) > Food and Nutrition Research Institute,detail,True,2025,program,thousand pesos,PHP,141214,441775,210985,0,793974,
m-b9-p011-r010-y2026,M,B.9,11,371,https://github.com/tordecilla/unprogrammed-appropriations/releases/download/pdfs-agency-expenditure-pages-v1/annex-m-p011.pdf,Food and Nutrition Research Institute,DEPARTMENTS > Department of Science and Technology (DOST) > Food and Nutrition Research Institute,detail,True,2026,proposed,thousand pesos,PHP,166865,335127,636517,0,1138509,
m-b9-p011-r011-y2024,M,B.9,11,371,https://github.com/tordecilla/unprogrammed-appropriations/releases/download/pdfs-agency-expenditure-pages-v1/annex-m-p011.pdf,Forest Products Research and Development Institute,DEPARTMENTS > Department of Science and Technology (DOST) > Forest Products Research and Development Institute,detail,True,2024,actual,thousand pesos,PHP,159326,69607,75792,0,304725,
m-b9-p011-r011-y2025,M,B.9,11,371,https://github.com/tordecilla/unprogrammed-appropriations/releases/download/pdfs-agency-expenditure-pages-v1/annex-m-p011.pdf,Forest Products Research and Development Institute,DEPARTMENTS > Department of Science and Technology (DOST) > Forest Products Research and Development Institute,detail,True,2025,program,thousand pesos,PHP,152967,78522,18774,0,250263,
m-b9-p011-r011-y2026,M,B.9,11,371,https://github.com/tordecilla/unprogrammed-appropriations/releases/download/pdfs-agency-expenditure-pages-v1/annex-m-p011.pdf,Forest Products Research and Development Institute,DEPARTMENTS > Department of Science and Technology (DOST) > Forest Products Research and Development Institute,detail,True,2026,proposed,thousand pesos,PHP,169609,86622,18040,0,274271,
m-b9-p011-r012-y2024,M,B.9,11,371,https://github.com/tordecilla/unprogrammed-appropriations/releases/download/pdfs-agency-expenditure-pages-v1/annex-m-p011.pdf,Industrial Technology Development Institute,DEPARTMENTS > Department of Science and Technology (DOST) > Industrial Technology Development Institute,detail,True,2024,actual,thousand pesos,PHP,315077,124090,62322,0,501489,
m-b9-p011-r012-y2025,M,B.9,11,371,https://github.com/tordecilla/unprogrammed-appropriations/releases/download/pdfs-agency-expenditure-pages-v1/annex-m-p011.pdf,Industrial Technology Development Institute,DEPARTMENTS > Department of Science and Technology (DOST) > Industrial Technology Development Institute,detail,True,2025,program,thousand pesos,PHP,288182,172726,73590,0,534498,
m-b9-p011-r012-y2026,M,B.9,11,371,https://github.com/tordecilla/unprogrammed-appropriations/releases/download/pdfs-agency-expenditure-pages-v1/annex-m-p011.pdf,Industrial Technology Development Institute,DEPARTMENTS > Department of Science and Technology (DOST) > Industrial Technology Development Institute,detail,True,2026,proposed,thousand pesos,PHP,329037,184897,92378,0,606312,
m-b9-p011-r013-y2024,M,B.9,11,371,https://github.com/tordecilla/unprogrammed-appropriations/releases/download/pdfs-agency-expenditure-pages-v1/annex-m-p011.pdf,Metals Industry Research and Development Center,DEPARTMENTS > Department of Science and Technology (DOST) > Metals Industry Research and Development Center,detail,True,2024,actual,thousand pesos,PHP,209489,74558,17061,0,301108,
m-b9-p011-r013-y2025,M,B.9,11,371,https://github.com/tordecilla/unprogrammed-appropriations/releases/download/pdfs-agency-expenditure-pages-v1/annex-m-p011.pdf,Metals Industry Research and Development Center,DEPARTMENTS > Department of Science and Technology (DOST) > Metals Industry Research and Development Center,detail,True,2025,program,thousand pesos,PHP,187803,70228,26800,0,284831,
m-b9-p011-r013-y2026,M,B.9,11,371,https://github.com/tordecilla/unprogrammed-appropriations/releases/download/pdfs-agency-expenditure-pages-v1/annex-m-p011.pdf,Metals Industry Research and Development Center,DEPARTMENTS > Department of Science and Technology (DOST) > Metals Industry Research and Development Center,detail,True,2026,proposed,thousand pesos,PHP,220745,74042,22000,0,316787,
m-b9-p011-r014-y2024,M,B.9,11,371,https://github.com/tordecilla/unprogrammed-appropriations/releases/download/pdfs-agency-expenditure-pages-v1/annex-m-p011.pdf,National Academy of Science and Technology,DEPARTMENTS > Department of Science and Technology (DOST) > National Academy of Science and Technology,detail,True,2024,actual,thousand pesos,PHP,22123,108105,20174,0,150402,
m-b9-p011-r014-y2025,M,B.9,11,371,https://github.com/tordecilla/unprogrammed-appropriations/releases/download/pdfs-agency-expenditure-pages-v1/annex-m-p011.pdf,National Academy of Science and Technology,DEPARTMENTS > Department of Science and Technology (DOST) > National Academy of Science and Technology,detail,True,2025,program,thousand pesos,PHP,19503,131367,1290,0,152160,
m-b9-p011-r014-y2026,M,B.9,11,371,https://github.com/tordecilla/unprogrammed-appropriations/releases/download/pdfs-agency-expenditure-pages-v1/annex-m-p011.pdf,National Academy of Science and Technology,DEPARTMENTS > Department of Science and Technology (DOST) > National Academy of Science and Technology,detail,True,2026,proposed,thousand pesos,PHP,23552,142715,6525,0,172792,
m-b9-p011-r015-y2024,M,B.9,11,371,https://github.com/tordecilla/unprogrammed-appropriations/releases/download/pdfs-agency-expenditure-pages-v1/annex-m-p011.pdf,National Research Council of the Philippines,DEPARTMENTS > Department of Science and Technology (DOST) > National Research Council of the Philippines,detail,True,2024,actual,thousand pesos,PHP,41299,196577,11675,0,249551,
m-b9-p011-r015-y2025,M,B.9,11,371,https://github.com/tordecilla/unprogrammed-appropriations/releases/download/pdfs-agency-expenditure-pages-v1/annex-m-p011.pdf,National Research Council of the Philippines,DEPARTMENTS > Department of Science and Technology (DOST) > National Research Council of the Philippines,detail,True,2025,program,thousand pesos,PHP,39562,205519,2885,0,247966,
m-b9-p011-r015-y2026,M,B.9,11,371,https://github.com/tordecilla/unprogrammed-appropriations/releases/download/pdfs-agency-expenditure-pages-v1/annex-m-p011.pdf,National Research Council of the Philippines,DEPARTMENTS > Department of Science and Technology (DOST) > National Research Council of the Philippines,detail,True,2026,proposed,thousand pesos,PHP,44371,210358,3635,0,258364,
m-b9-p011-r016-y2024,M,B.9,11,371,https://github.com/tordecilla/unprogrammed-appropriations/releases/download/pdfs-agency-expenditure-pages-v1/annex-m-p011.pdf,"Philippine Atmospheric, Geophysical and Astronomical Services Administration","DEPARTMENTS > Department of Science and Technology (DOST) > Philippine Atmospheric, Geophysical and Astronomical Services Administration",detail,True,2024,actual,thousand pesos,PHP,716545,713848,398936,0,1829329,
m-b9-p011-r016-y2025,M,B.9,11,371,https://github.com/tordecilla/unprogrammed-appropriations/releases/download/pdfs-agency-expenditure-pages-v1/annex-m-p011.pdf,"Philippine Atmospheric, Geophysical and Astronomical Services Administration","DEPARTMENTS > Department of Science and Technology (DOST) > Philippine Atmospheric, Geophysical and Astronomical Services Administration",detail,True,2025,program,thousand pesos,PHP,647344,711791,611027,0,1970162,
m-b9-p011-r016-y2026,M,B.9,11,371,https://github.com/tordecilla/unprogrammed-appropriations/releases/download/pdfs-agency-expenditure-pages-v1/annex-m-p011.pdf,"Philippine Atmospheric, Geophysical and Astronomical Services Administration","DEPARTMENTS > Department of Science and Technology (DOST) > Philippine Atmospheric, Geophysical and Astronomical Services Administration",detail,True,2026,proposed,thousand pesos,PHP,763623,834003,576942,0,2174568,
m-b9-p011-r017-y2024,M,B.9,11,371,https://github.com/tordecilla/unprogrammed-appropriations/releases/download/pdfs-agency-expenditure-pages-v1/annex-m-p011.pdf,"Philippine Council for Agriculture, Aquatic and Natural Resources Research and Development","DEPARTMENTS > Department of Science and Technology (DOST) > Philippine Council for Agriculture, Aquatic and Natural Resources Research and Development",detail,True,2024,actual,thousand pesos,PHP,220602,1373253,0,0,1593855,
m-b9-p011-r017-y2025,M,B.9,11,371,https://github.com/tordecilla/unprogrammed-appropriations/releases/download/pdfs-agency-expenditure-pages-v1/annex-m-p011.pdf,"Philippine Council for Agriculture, Aquatic and Natural Resources Research and Development","DEPARTMENTS > Department of Science and Technology (DOST) > Philippine Council for Agriculture, Aquatic and Natural Resources Research and Development",detail,True,2025,program,thousand pesos,PHP,199994,1456379,15305,0,1671678,
m-b9-p011-r017-y2026,M,B.9,11,371,https://github.com/tordecilla/unprogrammed-appropriations/releases/download/pdfs-agency-expenditure-pages-v1/annex-m-p011.pdf,"Philippine Council for Agriculture, Aquatic and Natural Resources Research and Development","DEPARTMENTS > Department of Science and Technology (DOST) > Philippine Council for Agriculture, Aquatic and Natural Resources Research and Development",detail,True,2026,proposed,thousand pesos,PHP,227770,1459077,12362,0,1699209,
m-b9-p011-r018-y2024,M,B.9,11,371,https://github.com/tordecilla/unprogrammed-appropriations/releases/download/pdfs-agency-expenditure-pages-v1/annex-m-p011.pdf,Philippine Council for Health Research and Development,DEPARTMENTS > Department of Science and Technology (DOST) > Philippine Council for Health Research and Development,detail,True,2024,actual,thousand pesos,PHP,63299,772454,14561,0,850314,
m-b9-p011-r018-y2025,M,B.9,11,371,https://github.com/tordecilla/unprogrammed-appropriations/releases/download/pdfs-agency-expenditure-pages-v1/annex-m-p011.pdf,Philippine Council for Health Research and Development,DEPARTMENTS > Department of Science and Technology (DOST) > Philippine Council for Health Research and Development,detail,True,2025,program,thousand pesos,PHP,55988,831237,0,0,887225,
m-b9-p011-r018-y2026,M,B.9,11,371,https://github.com/tordecilla/unprogrammed-appropriations/releases/download/pdfs-agency-expenditure-pages-v1/annex-m-p011.pdf,Philippine Council for Health Research and Development,DEPARTMENTS > Department of Science and Technology (DOST) > Philippine Council for Health Research and Development,detail,True,2026,proposed,thousand pesos,PHP,70618,836201,3410,0,910229,
m-b9-p011-r019-y2024,M,B.9,11,371,https://github.com/tordecilla/unprogrammed-appropriations/releases/download/pdfs-agency-expenditure-pages-v1/annex-m-p011.pdf,"Philippine Council for Industry, Energy and Emerging Technology Research and Development","DEPARTMENTS > Department of Science and Technology (DOST) > Philippine Council for Industry, Energy and Emerging Technology Research and Development",detail,True,2024,actual,thousand pesos,PHP,79018,834244,12749,0,926011,
m-b9-p011-r019-y2025,M,B.9,11,371,https://github.com/tordecilla/unprogrammed-appropriations/releases/download/pdfs-agency-expenditure-pages-v1/annex-m-p011.pdf,"Philippine Council for Industry, Energy and Emerging Technology Research and Development","DEPARTMENTS > Department of Science and Technology (DOST) > Philippine Council for Industry, Energy and Emerging Technology Research and Development",detail,True,2025,program,thousand pesos,PHP,79464,986184,2700,0,1068348,
m-b9-p011-r019-y2026,M,B.9,11,371,https://github.com/tordecilla/unprogrammed-appropriations/releases/download/pdfs-agency-expenditure-pages-v1/annex-m-p011.pdf,"Philippine Council for Industry, Energy and Emerging Technology Research and Development","DEPARTMENTS > Department of Science and Technology (DOST) > Philippine Council for Industry, Energy and Emerging Technology Research and Development",detail,True,2026,proposed,thousand pesos,PHP,88910,991625,5440,0,1085975,
m-b9-p011-r020-y2024,M,B.9,11,371,https://github.com/tordecilla/unprogrammed-appropriations/releases/download/pdfs-agency-expenditure-pages-v1/annex-m-p011.pdf,Philippine Institute of Volcanology and Seismology,DEPARTMENTS > Department of Science and Technology (DOST) > Philippine Institute of Volcanology and Seismology,detail,True,2024,actual,thousand pesos,PHP,188756,281682,323202,0,793640,
m-b9-p011-r020-y2025,M,B.9,11,371,https://github.com/tordecilla/unprogrammed-appropriations/releases/download/pdfs-agency-expenditure-pages-v1/annex-m-p011.pdf,Philippine Institute of Volcanology and Seismology,DEPARTMENTS > Department of Science and Technology (DOST) > Philippine Institute of Volcanology and Seismology,detail,True,2025,program,thousand pesos,PHP,166046,326507,405432,0,897985,
m-b9-p011-r020-y2026,M,B.9,11,371,https://github.com/tordecilla/unprogrammed-appropriations/releases/download/pdfs-agency-expenditure-pages-v1/annex-m-p011.pdf,Philippine Institute of Volcanology and Seismology,DEPARTMENTS > Department of Science and Technology (DOST) > Philippine Institute of Volcanology and Seismology,detail,True,2026,proposed,thousand pesos,PHP,197852,420665,369264,0,987781,
m-b9-p011-r021-y2024,M,B.9,11,371,https://github.com/tordecilla/unprogrammed-appropriations/releases/download/pdfs-agency-expenditure-pages-v1/annex-m-p011.pdf,Philippine Nuclear Research Institute,DEPARTMENTS > Department of Science and Technology (DOST) > Philippine Nuclear Research Institute,detail,True,2024,actual,thousand pesos,PHP,233888,166393,484754,0,885035,
m-b9-p011-r021-y2025,M,B.9,11,371,https://github.com/tordecilla/unprogrammed-appropriations/releases/download/pdfs-agency-expenditure-pages-v1/annex-m-p011.pdf,Philippine Nuclear Research Institute,DEPARTMENTS > Department of Science and Technology (DOST) > Philippine Nuclear Research Institute,detail,True,2025,program,thousand pesos,PHP,208363,181601,644990,0,1034954,
m-b9-p011-r021-y2026,M,B.9,11,371,https://github.com/tordecilla/unprogrammed-appropriations/releases/download/pdfs-agency-expenditure-pages-v1/annex-m-p011.pdf,Philippine Nuclear Research Institute,DEPARTMENTS > Department of Science and Technology (DOST) > Philippine Nuclear Research Institute,detail,True,2026,proposed,thousand pesos,PHP,245767,196548,461209,0,903524,
m-b9-p011-r022-y2024,M,B.9,11,371,https://github.com/tordecilla/unprogrammed-appropriations/releases/download/pdfs-agency-expenditure-pages-v1/annex-m-p011.pdf,Philippine Science High School System,DEPARTMENTS > Department of Science and Technology (DOST) > Philippine Science High School System,detail,True,2024,actual,thousand pesos,PHP,1546256,864364,430243,0,2840863,
m-b9-p011-r022-y2025,M,B.9,11,371,https://github.com/tordecilla/unprogrammed-appropriations/releases/download/pdfs-agency-expenditure-pages-v1/annex-m-p011.pdf,Philippine Science High School System,DEPARTMENTS > Department of Science and Technology (DOST) > Philippine Science High School System,detail,True,2025,program,thousand pesos,PHP,1499233,919227,385600,0,2804060,
m-b9-p011-r022-y2026,M,B.9,11,371,https://github.com/tordecilla/unprogrammed-appropriations/releases/download/pdfs-agency-expenditure-pages-v1/annex-m-p011.pdf,Philippine Science High School System,DEPARTMENTS > Department of Science and Technology (DOST) > Philippine Science High School System,detail,True,2026,proposed,thousand pesos,PHP,1747683,925338,373100,0,3046121,
m-b9-p011-r023-y2024,M,B.9,11,371,https://github.com/tordecilla/unprogrammed-appropriations/releases/download/pdfs-agency-expenditure-pages-v1/annex-m-p011.pdf,Philippine Textile Research Institute,DEPARTMENTS > Department of Science and Technology (DOST) > Philippine Textile Research Institute,detail,True,2024,actual,thousand pesos,PHP,67835,127828,61728,0,257391,
m-b9-p011-r023-y2025,M,B.9,11,371,https://github.com/tordecilla/unprogrammed-appropriations/releases/download/pdfs-agency-expenditure-pages-v1/annex-m-p011.pdf,Philippine Textile Research Institute,DEPARTMENTS > Department of Science and Technology (DOST) > Philippine Textile Research Institute,detail,True,2025,program,thousand pesos,PHP,59317,128110,135634,0,323061,
m-b9-p011-r023-y2026,M,B.9,11,371,https://github.com/tordecilla/unprogrammed-appropriations/releases/download/pdfs-agency-expenditure-pages-v1/annex-m-p011.pdf,Philippine Textile Research Institute,DEPARTMENTS > Department of Science and Technology (DOST) > Philippine Textile Research Institute,detail,True,2026,proposed,thousand pesos,PHP,74205,196248,95473,0,365926,
m-b9-p012-r001-y2024,M,B.9,12,372,https://github.com/tordecilla/unprogrammed-appropriations/releases/download/pdfs-agency-expenditure-pages-v1/annex-m-p012.pdf,Science Education Institute,DEPARTMENTS > Department of Science and Technology (DOST) > Science Education Institute,detail,True,2024,actual,thousand pesos,PHP,60725,7294161,0,0,7354886,
m-b9-p012-r001-y2025,M,B.9,12,372,https://github.com/tordecilla/unprogrammed-appropriations/releases/download/pdfs-agency-expenditure-pages-v1/annex-m-p012.pdf,Science Education Institute,DEPARTMENTS > Department of Science and Technology (DOST) > Science Education Institute,detail,True,2025,program,thousand pesos,PHP,52900,7404152,35200,0,7492252,
m-b9-p012-r001-y2026,M,B.9,12,372,https://github.com/tordecilla/unprogrammed-appropriations/releases/download/pdfs-agency-expenditure-pages-v1/annex-m-p012.pdf,Science Education Institute,DEPARTMENTS > Department of Science and Technology (DOST) > Science Education Institute,detail,True,2026,proposed,thousand pesos,PHP,66856,7537426,0,0,7604282,
m-b9-p012-r002-y2024,M,B.9,12,372,https://github.com/tordecilla/unprogrammed-appropriations/releases/download/pdfs-agency-expenditure-pages-v1/annex-m-p012.pdf,Science and Technology Information Institute,DEPARTMENTS > Department of Science and Technology (DOST) > Science and Technology Information Institute,detail,True,2024,actual,thousand pesos,PHP,57279,71239,15640,0,144158,
m-b9-p012-r002-y2025,M,B.9,12,372,https://github.com/tordecilla/unprogrammed-appropriations/releases/download/pdfs-agency-expenditure-pages-v1/annex-m-p012.pdf,Science and Technology Information Institute,DEPARTMENTS > Department of Science and Technology (DOST) > Science and Technology Information Institute,detail,True,2025,program,thousand pesos,PHP,50734,81780,13481,0,145995,
m-b9-p012-r002-y2026,M,B.9,12,372,https://github.com/tordecilla/unprogrammed-appropriations/releases/download/pdfs-agency-expenditure-pages-v1/annex-m-p012.pdf,Science and Technology Information Institute,DEPARTMENTS > Department of Science and Technology (DOST) > Science and Technology Information Institute,detail,True,2026,proposed,thousand pesos,PHP,62947,98224,13455,0,174626,
m-b9-p012-r003-y2024,M,B.9,12,372,https://github.com/tordecilla/unprogrammed-appropriations/releases/download/pdfs-agency-expenditure-pages-v1/annex-m-p012.pdf,Technology Application and Promotion Institute,DEPARTMENTS > Department of Science and Technology (DOST) > Technology Application and Promotion Institute,detail,True,2024,actual,thousand pesos,PHP,71690,189661,10502,0,271853,
m-b9-p012-r003-y2025,M,B.9,12,372,https://github.com/tordecilla/unprogrammed-appropriations/releases/download/pdfs-agency-expenditure-pages-v1/annex-m-p012.pdf,Technology Application and Promotion Institute,DEPARTMENTS > Department of Science and Technology (DOST) > Technology Application and Promotion Institute,detail,True,2025,program,thousand pesos,PHP,65087,153713,16398,0,235198,
m-b9-p012-r003-y2026,M,B.9,12,372,https://github.com/tordecilla/unprogrammed-appropriations/releases/download/pdfs-agency-expenditure-pages-v1/annex-m-p012.pdf,Technology Application and Promotion Institute,DEPARTMENTS > Department of Science and Technology (DOST) > Technology Application and Promotion Institute,detail,True,2026,proposed,thousand pesos,PHP,73436,171837,12908,0,258181,
m-b9-p012-r004-y2024,M,B.9,12,372,https://github.com/tordecilla/unprogrammed-appropriations/releases/download/pdfs-agency-expenditure-pages-v1/annex-m-p012.pdf,Department of Social Welfare and Development (DSWD),DEPARTMENTS > Department of Social Welfare and Development (DSWD),subtotal,False,2024,actual,thousand pesos,PHP,14288459,265909526,1329907,0,281527892,
m-b9-p012-r004-y2025,M,B.9,12,372,https://github.com/tordecilla/unprogrammed-appropriations/releases/download/pdfs-agency-expenditure-pages-v1/annex-m-p012.pdf,Department of Social Welfare and Development (DSWD),DEPARTMENTS > Department of Social Welfare and Development (DSWD),subtotal,False,2025,program,thousand pesos,PHP,11270794,205534246,731977,0,217537017,
m-b9-p012-r004-y2026,M,B.9,12,372,https://github.com/tordecilla/unprogrammed-appropriations/releases/download/pdfs-agency-expenditure-pages-v1/annex-m-p012.pdf,Department of Social Welfare and Development (DSWD),DEPARTMENTS > Department of Social Welfare and Development (DSWD),subtotal,False,2026,proposed,thousand pesos,PHP,16744201,203743656,2956763,0,223444620,
m-b9-p012-r005-y2024,M,B.9,12,372,https://github.com/tordecilla/unprogrammed-appropriations/releases/download/pdfs-agency-expenditure-pages-v1/annex-m-p012.pdf,Office of the Secretary,DEPARTMENTS > Department of Social Welfare and Development (DSWD) > Office of the Secretary,detail,True,2024,actual,thousand pesos,PHP,12720031,264452145,1092599,0,278264775,
m-b9-p012-r005-y2025,M,B.9,12,372,https://github.com/tordecilla/unprogrammed-appropriations/releases/download/pdfs-agency-expenditure-pages-v1/annex-m-p012.pdf,Office of the Secretary,DEPARTMENTS > Department of Social Welfare and Development (DSWD) > Office of the Secretary,detail,True,2025,program,thousand pesos,PHP,10781546,204567070,627613,0,215976229,
m-b9-p012-r005-y2026,M,B.9,12,372,https://github.com/tordecilla/unprogrammed-appropriations/releases/download/pdfs-agency-expenditure-pages-v1/annex-m-p012.pdf,Office of the Secretary,DEPARTMENTS > Department of Social Welfare and Development (DSWD) > Office of the Secretary,detail,True,2026,proposed,thousand pesos,PHP,16048049,202649996,2844220,0,221542265,
m-b9-p012-r006-y2024,M,B.9,12,372,https://github.com/tordecilla/unprogrammed-appropriations/releases/download/pdfs-agency-expenditure-pages-v1/annex-m-p012.pdf,Council for the Welfare of Children,DEPARTMENTS > Department of Social Welfare and Development (DSWD) > Council for the Welfare of Children,detail,True,2024,actual,thousand pesos,PHP,46010,92066,13679,0,151755,
m-b9-p012-r006-y2025,M,B.9,12,372,https://github.com/tordecilla/unprogrammed-appropriations/releases/download/pdfs-agency-expenditure-pages-v1/annex-m-p012.pdf,Council for the Welfare of Children,DEPARTMENTS > Department of Social Welfare and Development (DSWD) > Council for the Welfare of Children,detail,True,2025,program,thousand pesos,PHP,43249,92773,14210,0,150232,
m-b9-p012-r006-y2026,M,B.9,12,372,https://github.com/tordecilla/unprogrammed-appropriations/releases/download/pdfs-agency-expenditure-pages-v1/annex-m-p012.pdf,Council for the Welfare of Children,DEPARTMENTS > Department of Social Welfare and Development (DSWD) > Council for the Welfare of Children,detail,True,2026,proposed,thousand pesos,PHP,51234,135110,20598,0,206942,
m-b9-p012-r007-y2024,M,B.9,12,372,https://github.com/tordecilla/unprogrammed-appropriations/releases/download/pdfs-agency-expenditure-pages-v1/annex-m-p012.pdf,National Council on Disability Affairs,DEPARTMENTS > Department of Social Welfare and Development (DSWD) > National Council on Disability Affairs,detail,True,2024,actual,thousand pesos,PHP,42989,40147,6883,0,90019,
m-b9-p012-r007-y2025,M,B.9,12,372,https://github.com/tordecilla/unprogrammed-appropriations/releases/download/pdfs-agency-expenditure-pages-v1/annex-m-p012.pdf,National Council on Disability Affairs,DEPARTMENTS > Department of Social Welfare and Development (DSWD) > National Council on Disability Affairs,detail,True,2025,program,thousand pesos,PHP,35206,36746,53393,0,125345,
m-b9-p012-r007-y2026,M,B.9,12,372,https://github.com/tordecilla/unprogrammed-appropriations/releases/download/pdfs-agency-expenditure-pages-v1/annex-m-p012.pdf,National Council on Disability Affairs,DEPARTMENTS > Department of Social Welfare and Development (DSWD) > National Council on Disability Affairs,detail,True,2026,proposed,thousand pesos,PHP,41836,50398,82145,0,174379,
m-b9-p012-r008-y2024,M,B.9,12,372,https://github.com/tordecilla/unprogrammed-appropriations/releases/download/pdfs-agency-expenditure-pages-v1/annex-m-p012.pdf,Juvenile Justice and Welfare Council,DEPARTMENTS > Department of Social Welfare and Development (DSWD) > Juvenile Justice and Welfare Council,detail,True,2024,actual,thousand pesos,PHP,54302,122973,839,0,178114,
m-b9-p012-r008-y2025,M,B.9,12,372,https://github.com/tordecilla/unprogrammed-appropriations/releases/download/pdfs-agency-expenditure-pages-v1/annex-m-p012.pdf,Juvenile Justice and Welfare Council,DEPARTMENTS > Department of Social Welfare and Development (DSWD) > Juvenile Justice and Welfare Council,detail,True,2025,program,thousand pesos,PHP,47669,71991,3891,0,123551,
m-b9-p012-r008-y2026,M,B.9,12,372,https://github.com/tordecilla/unprogrammed-appropriations/releases/download/pdfs-agency-expenditure-pages-v1/annex-m-p012.pdf,Juvenile Justice and Welfare Council,DEPARTMENTS > Department of Social Welfare and Development (DSWD) > Juvenile Justice and Welfare Council,detail,True,2026,proposed,thousand pesos,PHP,56717,76130,4750,0,137597,
m-b9-p012-r009-y2024,M,B.9,12,372,https://github.com/tordecilla/unprogrammed-appropriations/releases/download/pdfs-agency-expenditure-pages-v1/annex-m-p012.pdf,National Anti-Poverty Commission,DEPARTMENTS > Department of Social Welfare and Development (DSWD) > National Anti-Poverty Commission,detail,True,2024,actual,thousand pesos,PHP,79057,169599,2967,0,251623,
m-b9-p012-r009-y2025,M,B.9,12,372,https://github.com/tordecilla/unprogrammed-appropriations/releases/download/pdfs-agency-expenditure-pages-v1/annex-m-p012.pdf,National Anti-Poverty Commission,DEPARTMENTS > Department of Social Welfare and Development (DSWD) > National Anti-Poverty Commission,detail,True,2025,program,thousand pesos,PHP,69495,280116,13750,0,363361,
m-b9-p012-r009-y2026,M,B.9,12,372,https://github.com/tordecilla/unprogrammed-appropriations/releases/download/pdfs-agency-expenditure-pages-v1/annex-m-p012.pdf,National Anti-Poverty Commission,DEPARTMENTS > Department of Social Welfare and Development (DSWD) > National Anti-Poverty Commission,detail,True,2026,proposed,thousand pesos,PHP,87624,284729,2920,0,375273,
m-b9-p012-r010-y2024,M,B.9,12,372,https://github.com/tordecilla/unprogrammed-appropriations/releases/download/pdfs-agency-expenditure-pages-v1/annex-m-p012.pdf,National Commission on Indigenous Peoples,DEPARTMENTS > Department of Social Welfare and Development (DSWD) > National Commission on Indigenous Peoples,detail,True,2024,actual,thousand pesos,PHP,972076,561018,136721,0,1669815,
m-b9-p012-r010-y2025,M,B.9,12,372,https://github.com/tordecilla/unprogrammed-appropriations/releases/download/pdfs-agency-expenditure-pages-v1/annex-m-p012.pdf,National Commission on Indigenous Peoples,DEPARTMENTS > Department of Social Welfare and Development (DSWD) > National Commission on Indigenous Peoples,detail,True,2025,program,thousand pesos,PHP,0,0,0,0,0,
m-b9-p012-r010-y2026,M,B.9,12,372,https://github.com/tordecilla/unprogrammed-appropriations/releases/download/pdfs-agency-expenditure-pages-v1/annex-m-p012.pdf,National Commission on Indigenous Peoples,DEPARTMENTS > Department of Social Welfare and Development (DSWD) > National Commission on Indigenous Peoples,detail,True,2026,proposed,thousand pesos,PHP,0,0,0,0,0,
m-b9-p012-r011-y2024,M,B.9,12,372,https://github.com/tordecilla/unprogrammed-appropriations/releases/download/pdfs-agency-expenditure-pages-v1/annex-m-p012.pdf,Presidential Commission for the Urban Poor,DEPARTMENTS > Department of Social Welfare and Development (DSWD) > Presidential Commission for the Urban Poor,detail,True,2024,actual,thousand pesos,PHP,123378,82153,7877,0,213408,
m-b9-p012-r011-y2025,M,B.9,12,372,https://github.com/tordecilla/unprogrammed-appropriations/releases/download/pdfs-agency-expenditure-pages-v1/annex-m-p012.pdf,Presidential Commission for the Urban Poor,DEPARTMENTS > Department of Social Welfare and Development (DSWD) > Presidential Commission for the Urban Poor,detail,True,2025,program,thousand pesos,PHP,105458,103056,5800,0,214314,
m-b9-p012-r011-y2026,M,B.9,12,372,https://github.com/tordecilla/unprogrammed-appropriations/releases/download/pdfs-agency-expenditure-pages-v1/annex-m-p012.pdf,Presidential Commission for the Urban Poor,DEPARTMENTS > Department of Social Welfare and Development (DSWD) > Presidential Commission for the Urban Poor,detail,True,2026,proposed,thousand pesos,PHP,128838,127956,2130,0,258924,
m-b9-p012-r012-y2024,M,B.9,12,372,https://github.com/tordecilla/unprogrammed-appropriations/releases/download/pdfs-agency-expenditure-pages-v1/annex-m-p012.pdf,National Authority for Child Care,DEPARTMENTS > Department of Social Welfare and Development (DSWD) > National Authority for Child Care,detail,True,2024,actual,thousand pesos,PHP,250616,389425,68342,0,708383,
m-b9-p012-r012-y2025,M,B.9,12,372,https://github.com/tordecilla/unprogrammed-appropriations/releases/download/pdfs-agency-expenditure-pages-v1/annex-m-p012.pdf,National Authority for Child Care,DEPARTMENTS > Department of Social Welfare and Development (DSWD) > National Authority for Child Care,detail,True,2025,program,thousand pesos,PHP,188171,382494,13320,0,583985,
m-b9-p012-r012-y2026,M,B.9,12,372,https://github.com/tordecilla/unprogrammed-appropriations/releases/download/pdfs-agency-expenditure-pages-v1/annex-m-p012.pdf,National Authority for Child Care,DEPARTMENTS > Department of Social Welfare and Development (DSWD) > National Authority for Child Care,detail,True,2026,proposed,thousand pesos,PHP,329903,419337,0,0,749240,
m-b9-p012-r013-y2024,M,B.9,12,372,https://github.com/tordecilla/unprogrammed-appropriations/releases/download/pdfs-agency-expenditure-pages-v1/annex-m-p012.pdf,Department of Tourism (DOT),DEPARTMENTS > Department of Tourism (DOT),subtotal,False,2024,actual,thousand pesos,PHP,814576,2021594,473465,49,3309684,
m-b9-p012-r013-y2025,M,B.9,12,372,https://github.com/tordecilla/unprogrammed-appropriations/releases/download/pdfs-agency-expenditure-pages-v1/annex-m-p012.pdf,Department of Tourism (DOT),DEPARTMENTS > Department of Tourism (DOT),subtotal,False,2025,program,thousand pesos,PHP,764466,2787673,345470,0,3897609,
m-b9-p012-r013-y2026,M,B.9,12,372,https://github.com/tordecilla/unprogrammed-appropriations/releases/download/pdfs-agency-expenditure-pages-v1/annex-m-p012.pdf,Department of Tourism (DOT),DEPARTMENTS > Department of Tourism (DOT),subtotal,False,2026,proposed,thousand pesos,PHP,899766,2570883,247646,0,3718295,
m-b9-p012-r014-y2024,M,B.9,12,372,https://github.com/tordecilla/unprogrammed-appropriations/releases/download/pdfs-agency-expenditure-pages-v1/annex-m-p012.pdf,Office of the Secretary,DEPARTMENTS > Department of Tourism (DOT) > Office of the Secretary,detail,True,2024,actual,thousand pesos,PHP,684094,1808102,335315,49,2827560,
m-b9-p012-r014-y2025,M,B.9,12,372,https://github.com/tordecilla/unprogrammed-appropriations/releases/download/pdfs-agency-expenditure-pages-v1/annex-m-p012.pdf,Office of the Secretary,DEPARTMENTS > Department of Tourism (DOT) > Office of the Secretary,detail,True,2025,program,thousand pesos,PHP,656418,2414127,118376,0,3188921,
m-b9-p012-r014-y2026,M,B.9,12,372,https://github.com/tordecilla/unprogrammed-appropriations/releases/download/pdfs-agency-expenditure-pages-v1/annex-m-p012.pdf,Office of the Secretary,DEPARTMENTS > Department of Tourism (DOT) > Office of the Secretary,detail,True,2026,proposed,thousand pesos,PHP,766145,2272073,154809,0,3193027,
m-b9-p012-r015-y2024,M,B.9,12,372,https://github.com/tordecilla/unprogrammed-appropriations/releases/download/pdfs-agency-expenditure-pages-v1/annex-m-p012.pdf,Intramuros Administration,DEPARTMENTS > Department of Tourism (DOT) > Intramuros Administration,detail,True,2024,actual,thousand pesos,PHP,44595,46572,43489,0,134656,
m-b9-p012-r015-y2025,M,B.9,12,372,https://github.com/tordecilla/unprogrammed-appropriations/releases/download/pdfs-agency-expenditure-pages-v1/annex-m-p012.pdf,Intramuros Administration,DEPARTMENTS > Department of Tourism (DOT) > Intramuros Administration,detail,True,2025,program,thousand pesos,PHP,34754,193539,70684,0,298977,
m-b9-p012-r015-y2026,M,B.9,12,372,https://github.com/tordecilla/unprogrammed-appropriations/releases/download/pdfs-agency-expenditure-pages-v1/annex-m-p012.pdf,Intramuros Administration,DEPARTMENTS > Department of Tourism (DOT) > Intramuros Administration,detail,True,2026,proposed,thousand pesos,PHP,48315,83730,27335,0,159380,
m-b9-p012-r016-y2024,M,B.9,12,372,https://github.com/tordecilla/unprogrammed-appropriations/releases/download/pdfs-agency-expenditure-pages-v1/annex-m-p012.pdf,National Parks Development Committee,DEPARTMENTS > Department of Tourism (DOT) > National Parks Development Committee,detail,True,2024,actual,thousand pesos,PHP,73343,149955,94661,0,317959,
m-b9-p012-r016-y2025,M,B.9,12,372,https://github.com/tordecilla/unprogrammed-appropriations/releases/download/pdfs-agency-expenditure-pages-v1/annex-m-p012.pdf,National Parks Development Committee,DEPARTMENTS > Department of Tourism (DOT) > National Parks Development Committee,detail,True,2025,program,thousand pesos,PHP,61436,170131,152710,0,384277,
m-b9-p012-r016-y2026,M,B.9,12,372,https://github.com/tordecilla/unprogrammed-appropriations/releases/download/pdfs-agency-expenditure-pages-v1/annex-m-p012.pdf,National Parks Development Committee,DEPARTMENTS > Department of Tourism (DOT) > National Parks Development Committee,detail,True,2026,proposed,thousand pesos,PHP,66210,189502,65267,0,320979,
m-b9-p012-r017-y2024,M,B.9,12,372,https://github.com/tordecilla/unprogrammed-appropriations/releases/download/pdfs-agency-expenditure-pages-v1/annex-m-p012.pdf,Philippine Commission on Sports Scuba Diving,DEPARTMENTS > Department of Tourism (DOT) > Philippine Commission on Sports Scuba Diving,detail,True,2024,actual,thousand pesos,PHP,12544,16965,0,0,29509,
m-b9-p012-r017-y2025,M,B.9,12,372,https://github.com/tordecilla/unprogrammed-appropriations/releases/download/pdfs-agency-expenditure-pages-v1/annex-m-p012.pdf,Philippine Commission on Sports Scuba Diving,DEPARTMENTS > Department of Tourism (DOT) > Philippine Commission on Sports Scuba Diving,detail,True,2025,program,thousand pesos,PHP,11858,9876,3700,0,25434,
m-b9-p012-r017-y2026,M,B.9,12,372,https://github.com/tordecilla/unprogrammed-appropriations/releases/download/pdfs-agency-expenditure-pages-v1/annex-m-p012.pdf,Philippine Commission on Sports Scuba Diving,DEPARTMENTS > Department of Tourism (DOT) > Philippine Commission on Sports Scuba Diving,detail,True,2026,proposed,thousand pesos,PHP,19096,25578,235,0,44909,
m-b9-p012-r018-y2024,M,B.9,12,372,https://github.com/tordecilla/unprogrammed-appropriations/releases/download/pdfs-agency-expenditure-pages-v1/annex-m-p012.pdf,Department of Trade and Industry (DTI),DEPARTMENTS > Department of Trade and Industry (DTI),subtotal,False,2024,actual,thousand pesos,PHP,3526102,5590572,568886,0,9685560,
m-b9-p012-r018-y2025,M,B.9,12,372,https://github.com/tordecilla/unprogrammed-appropriations/releases/download/pdfs-agency-expenditure-pages-v1/annex-m-p012.pdf,Department of Trade and Industry (DTI),DEPARTMENTS > Department of Trade and Industry (DTI),subtotal,False,2025,program,thousand pesos,PHP,3109572,5662324,927198,0,9699094,
m-b9-p012-r018-y2026,M,B.9,12,372,https://github.com/tordecilla/unprogrammed-appropriations/releases/download/pdfs-agency-expenditure-pages-v1/annex-m-p012.pdf,Department of Trade and Industry (DTI),DEPARTMENTS > Department of Trade and Industry (DTI),subtotal,False,2026,proposed,thousand pesos,PHP,3690507,5315682,945702,0,9951891,
m-b9-p012-r019-y2024,M,B.9,12,372,https://github.com/tordecilla/unprogrammed-appropriations/releases/download/pdfs-agency-expenditure-pages-v1/annex-m-p012.pdf,Office of the Secretary,DEPARTMENTS > Department of Trade and Industry (DTI) > Office of the Secretary,detail,True,2024,actual,thousand pesos,PHP,2500203,3935002,489544,0,6924749,
m-b9-p012-r019-y2025,M,B.9,12,372,https://github.com/tordecilla/unprogrammed-appropriations/releases/download/pdfs-agency-expenditure-pages-v1/annex-m-p012.pdf,Office of the Secretary,DEPARTMENTS > Department of Trade and Industry (DTI) > Office of the Secretary,detail,True,2025,program,thousand pesos,PHP,2214800,4372349,810899,0,7398048,
m-b9-p012-r019-y2026,M,B.9,12,372,https://github.com/tordecilla/unprogrammed-appropriations/releases/download/pdfs-agency-expenditure-pages-v1/annex-m-p012.pdf,Office of the Secretary,DEPARTMENTS > Department of Trade and Industry (DTI) > Office of the Secretary,detail,True,2026,proposed,thousand pesos,PHP,2633778,3866840,735594,0,7236212,
m-b9-p012-r020-y2024,M,B.9,12,372,https://github.com/tordecilla/unprogrammed-appropriations/releases/download/pdfs-agency-expenditure-pages-v1/annex-m-p012.pdf,Board of Investments,DEPARTMENTS > Department of Trade and Industry (DTI) > Board of Investments,detail,True,2024,actual,thousand pesos,PHP,209052,891896,8029,0,1108977,
m-b9-p012-r020-y2025,M,B.9,12,372,https://github.com/tordecilla/unprogrammed-appropriations/releases/download/pdfs-agency-expenditure-pages-v1/annex-m-p012.pdf,Board of Investments,DEPARTMENTS > Department of Trade and Industry (DTI) > Board of Investments,detail,True,2025,program,thousand pesos,PHP,180716,655718,42050,0,878484,
m-b9-p012-r020-y2026,M,B.9,12,372,https://github.com/tordecilla/unprogrammed-appropriations/releases/download/pdfs-agency-expenditure-pages-v1/annex-m-p012.pdf,Board of Investments,DEPARTMENTS > Department of Trade and Industry (DTI) > Board of Investments,detail,True,2026,proposed,thousand pesos,PHP,220159,798602,40771,0,1059532,
m-b9-p012-r021-y2024,M,B.9,12,372,https://github.com/tordecilla/unprogrammed-appropriations/releases/download/pdfs-agency-expenditure-pages-v1/annex-m-p012.pdf,Construction Industry Authority of the Philippines (CIAP),DEPARTMENTS > Department of Trade and Industry (DTI) > Construction Industry Authority of the Philippines (CIAP),detail,True,2024,actual,thousand pesos,PHP,93915,90431,10706,0,195052,
m-b9-p012-r021-y2025,M,B.9,12,372,https://github.com/tordecilla/unprogrammed-appropriations/releases/download/pdfs-agency-expenditure-pages-v1/annex-m-p012.pdf,Construction Industry Authority of the Philippines (CIAP),DEPARTMENTS > Department of Trade and Industry (DTI) > Construction Industry Authority of the Philippines (CIAP),detail,True,2025,program,thousand pesos,PHP,83979,77141,3414,0,164534,
m-b9-p012-r021-y2026,M,B.9,12,372,https://github.com/tordecilla/unprogrammed-appropriations/releases/download/pdfs-agency-expenditure-pages-v1/annex-m-p012.pdf,Construction Industry Authority of the Philippines (CIAP),DEPARTMENTS > Department of Trade and Industry (DTI) > Construction Industry Authority of the Philippines (CIAP),detail,True,2026,proposed,thousand pesos,PHP,98995,70875,31013,0,200883,
m-b9-p012-r022-y2024,M,B.9,12,372,https://github.com/tordecilla/unprogrammed-appropriations/releases/download/pdfs-agency-expenditure-pages-v1/annex-m-p012.pdf,Cooperative Development Authority,DEPARTMENTS > Department of Trade and Industry (DTI) > Cooperative Development Authority,detail,True,2024,actual,thousand pesos,PHP,606339,567485,44414,0,1218238,
m-b9-p012-r022-y2025,M,B.9,12,372,https://github.com/tordecilla/unprogrammed-appropriations/releases/download/pdfs-agency-expenditure-pages-v1/annex-m-p012.pdf,Cooperative Development Authority,DEPARTMENTS > Department of Trade and Industry (DTI) > Cooperative Development Authority,detail,True,2025,program,thousand pesos,PHP,528295,416290,53674,0,998259,
m-b9-p012-r022-y2026,M,B.9,12,372,https://github.com/tordecilla/unprogrammed-appropriations/releases/download/pdfs-agency-expenditure-pages-v1/annex-m-p012.pdf,Cooperative Development Authority,DEPARTMENTS > Department of Trade and Industry (DTI) > Cooperative Development Authority,detail,True,2026,proposed,thousand pesos,PHP,618839,412703,109175,0,1140717,
m-b9-p012-r023-y2024,M,B.9,12,372,https://github.com/tordecilla/unprogrammed-appropriations/releases/download/pdfs-agency-expenditure-pages-v1/annex-m-p012.pdf,Design Center of the Philippines,DEPARTMENTS > Department of Trade and Industry (DTI) > Design Center of the Philippines,detail,True,2024,actual,thousand pesos,PHP,73273,67669,2900,0,143842,
m-b9-p012-r023-y2025,M,B.9,12,372,https://github.com/tordecilla/unprogrammed-appropriations/releases/download/pdfs-agency-expenditure-pages-v1/annex-m-p012.pdf,Design Center of the Philippines,DEPARTMENTS > Department of Trade and Industry (DTI) > Design Center of the Philippines,detail,True,2025,program,thousand pesos,PHP,62132,107136,8449,0,177717,
m-b9-p012-r023-y2026,M,B.9,12,372,https://github.com/tordecilla/unprogrammed-appropriations/releases/download/pdfs-agency-expenditure-pages-v1/annex-m-p012.pdf,Design Center of the Philippines,DEPARTMENTS > Department of Trade and Industry (DTI) > Design Center of the Philippines,detail,True,2026,proposed,thousand pesos,PHP,76181,116119,14809,0,207109,
m-b9-p012-r024-y2024,M,B.9,12,372,https://github.com/tordecilla/unprogrammed-appropriations/releases/download/pdfs-agency-expenditure-pages-v1/annex-m-p012.pdf,Philippine Trade Training Center,DEPARTMENTS > Department of Trade and Industry (DTI) > Philippine Trade Training Center,detail,True,2024,actual,thousand pesos,PHP,43320,38089,13293,0,94702,
m-b9-p012-r024-y2025,M,B.9,12,372,https://github.com/tordecilla/unprogrammed-appropriations/releases/download/pdfs-agency-expenditure-pages-v1/annex-m-p012.pdf,Philippine Trade Training Center,DEPARTMENTS > Department of Trade and Industry (DTI) > Philippine Trade Training Center,detail,True,2025,program,thousand pesos,PHP,39650,33690,8712,0,82052,
m-b9-p012-r024-y2026,M,B.9,12,372,https://github.com/tordecilla/unprogrammed-appropriations/releases/download/pdfs-agency-expenditure-pages-v1/annex-m-p012.pdf,Philippine Trade Training Center,DEPARTMENTS > Department of Trade and Industry (DTI) > Philippine Trade Training Center,detail,True,2026,proposed,thousand pesos,PHP,42555,50543,14340,0,107438,
m-b9-p012-r025-y2024,M,B.9,12,372,https://github.com/tordecilla/unprogrammed-appropriations/releases/download/pdfs-agency-expenditure-pages-v1/annex-m-p012.pdf,Department of Transportation (DOTr),DEPARTMENTS > Department of Transportation (DOTr),subtotal,False,2024,actual,thousand pesos,PHP,27928900,32187380,125616799,7840,185740919,
m-b9-p012-r025-y2025,M,B.9,12,372,https://github.com/tordecilla/unprogrammed-appropriations/releases/download/pdfs-agency-expenditure-pages-v1/annex-m-p012.pdf,Department of Transportation (DOTr),DEPARTMENTS > Department of Transportation (DOTr),subtotal,False,2025,program,thousand pesos,PHP,27398358,19050899,41541773,7068,87998098,
m-b9-p012-r025-y2026,M,B.9,12,372,https://github.com/tordecilla/unprogrammed-appropriations/releases/download/pdfs-agency-expenditure-pages-v1/annex-m-p012.pdf,Department of Transportation (DOTr),DEPARTMENTS > Department of Transportation (DOTr),subtotal,False,2026,proposed,thousand pesos,PHP,29467030,18217939,149639269,7068,197331306,
m-b9-p012-r026-y2024,M,B.9,12,372,https://github.com/tordecilla/unprogrammed-appropriations/releases/download/pdfs-agency-expenditure-pages-v1/annex-m-p012.pdf,Office of the Secretary,DEPARTMENTS > Department of Transportation (DOTr) > Office of the Secretary,detail,True,2024,actual,thousand pesos,PHP,3563062,26482550,122108364,7840,152161816,
m-b9-p012-r026-y2025,M,B.9,12,372,https://github.com/tordecilla/unprogrammed-appropriations/releases/download/pdfs-agency-expenditure-pages-v1/annex-m-p012.pdf,Office of the Secretary,DEPARTMENTS > Department of Transportation (DOTr) > Office of the Secretary,detail,True,2025,program,thousand pesos,PHP,3112865,10516175,37312305,7068,50948413,
m-b9-p012-r026-y2026,M,B.9,12,372,https://github.com/tordecilla/unprogrammed-appropriations/releases/download/pdfs-agency-expenditure-pages-v1/annex-m-p012.pdf,Office of the Secretary,DEPARTMENTS > Department of Transportation (DOTr) > Office of the Secretary,detail,True,2026,proposed,thousand pesos,PHP,3941137,9096316,145249489,7068,158294010,
m-b9-p013-r001-y2024,M,B.9,13,373,https://github.com/tordecilla/unprogrammed-appropriations/releases/download/pdfs-agency-expenditure-pages-v1/annex-m-p013.pdf,Civil Aeronautics Board,DEPARTMENTS > Department of Transportation (DOTr) > Civil Aeronautics Board,detail,True,2024,actual,thousand pesos,PHP,183991,47221,10053,0,241265,
m-b9-p013-r001-y2025,M,B.9,13,373,https://github.com/tordecilla/unprogrammed-appropriations/releases/download/pdfs-agency-expenditure-pages-v1/annex-m-p013.pdf,Civil Aeronautics Board,DEPARTMENTS > Department of Transportation (DOTr) > Civil Aeronautics Board,detail,True,2025,program,thousand pesos,PHP,164713,67513,24000,0,256226,
m-b9-p013-r001-y2026,M,B.9,13,373,https://github.com/tordecilla/unprogrammed-appropriations/releases/download/pdfs-agency-expenditure-pages-v1/annex-m-p013.pdf,Civil Aeronautics Board,DEPARTMENTS > Department of Transportation (DOTr) > Civil Aeronautics Board,detail,True,2026,proposed,thousand pesos,PHP,197025,69975,3220,0,270220,
m-b9-p013-r002-y2024,M,B.9,13,373,https://github.com/tordecilla/unprogrammed-appropriations/releases/download/pdfs-agency-expenditure-pages-v1/annex-m-p013.pdf,Maritime Industry Authority (MARINA),DEPARTMENTS > Department of Transportation (DOTr) > Maritime Industry Authority (MARINA),detail,True,2024,actual,thousand pesos,PHP,623309,570133,134327,0,1327769,
m-b9-p013-r002-y2025,M,B.9,13,373,https://github.com/tordecilla/unprogrammed-appropriations/releases/download/pdfs-agency-expenditure-pages-v1/annex-m-p013.pdf,Maritime Industry Authority (MARINA),DEPARTMENTS > Department of Transportation (DOTr) > Maritime Industry Authority (MARINA),detail,True,2025,program,thousand pesos,PHP,532754,712549,133926,0,1379229,
m-b9-p013-r002-y2026,M,B.9,13,373,https://github.com/tordecilla/unprogrammed-appropriations/releases/download/pdfs-agency-expenditure-pages-v1/annex-m-p013.pdf,Maritime Industry Authority (MARINA),DEPARTMENTS > Department of Transportation (DOTr) > Maritime Industry Authority (MARINA),detail,True,2026,proposed,thousand pesos,PHP,622115,722652,109875,0,1454642,
m-b9-p013-r003-y2024,M,B.9,13,373,https://github.com/tordecilla/unprogrammed-appropriations/releases/download/pdfs-agency-expenditure-pages-v1/annex-m-p013.pdf,Office of Transportation Cooperatives,DEPARTMENTS > Department of Transportation (DOTr) > Office of Transportation Cooperatives,detail,True,2024,actual,thousand pesos,PHP,27805,13639,6203,0,47647,
m-b9-p013-r003-y2025,M,B.9,13,373,https://github.com/tordecilla/unprogrammed-appropriations/releases/download/pdfs-agency-expenditure-pages-v1/annex-m-p013.pdf,Office of Transportation Cooperatives,DEPARTMENTS > Department of Transportation (DOTr) > Office of Transportation Cooperatives,detail,True,2025,program,thousand pesos,PHP,27685,11789,0,0,39474,
m-b9-p013-r003-y2026,M,B.9,13,373,https://github.com/tordecilla/unprogrammed-appropriations/releases/download/pdfs-agency-expenditure-pages-v1/annex-m-p013.pdf,Office of Transportation Cooperatives,DEPARTMENTS > Department of Transportation (DOTr) > Office of Transportation Cooperatives,detail,True,2026,proposed,thousand pesos,PHP,32445,12001,5550,0,49996,
m-b9-p013-r004-y2024,M,B.9,13,373,https://github.com/tordecilla/unprogrammed-appropriations/releases/download/pdfs-agency-expenditure-pages-v1/annex-m-p013.pdf,Office for Transportation Security,DEPARTMENTS > Department of Transportation (DOTr) > Office for Transportation Security,detail,True,2024,actual,thousand pesos,PHP,972800,244367,573627,0,1790794,
m-b9-p013-r004-y2025,M,B.9,13,373,https://github.com/tordecilla/unprogrammed-appropriations/releases/download/pdfs-agency-expenditure-pages-v1/annex-m-p013.pdf,Office for Transportation Security,DEPARTMENTS > Department of Transportation (DOTr) > Office for Transportation Security,detail,True,2025,program,thousand pesos,PHP,424602,622855,999269,0,2046726,
m-b9-p013-r004-y2026,M,B.9,13,373,https://github.com/tordecilla/unprogrammed-appropriations/releases/download/pdfs-agency-expenditure-pages-v1/annex-m-p013.pdf,Office for Transportation Security,DEPARTMENTS > Department of Transportation (DOTr) > Office for Transportation Security,detail,True,2026,proposed,thousand pesos,PHP,693655,686574,404206,0,1784435,
m-b9-p013-r005-y2024,M,B.9,13,373,https://github.com/tordecilla/unprogrammed-appropriations/releases/download/pdfs-agency-expenditure-pages-v1/annex-m-p013.pdf,Philippine Coast Guard,DEPARTMENTS > Department of Transportation (DOTr) > Philippine Coast Guard,detail,True,2024,actual,thousand pesos,PHP,22534682,4803234,2574080,0,29911996,
m-b9-p013-r005-y2025,M,B.9,13,373,https://github.com/tordecilla/unprogrammed-appropriations/releases/download/pdfs-agency-expenditure-pages-v1/annex-m-p013.pdf,Philippine Coast Guard,DEPARTMENTS > Department of Transportation (DOTr) > Philippine Coast Guard,detail,True,2025,program,thousand pesos,PHP,23112726,7086919,3064228,0,33263873,
m-b9-p013-r005-y2026,M,B.9,13,373,https://github.com/tordecilla/unprogrammed-appropriations/releases/download/pdfs-agency-expenditure-pages-v1/annex-m-p013.pdf,Philippine Coast Guard,DEPARTMENTS > Department of Transportation (DOTr) > Philippine Coast Guard,detail,True,2026,proposed,thousand pesos,PHP,23949451,7595184,3852198,0,35396833,
m-b9-p013-r006-y2024,M,B.9,13,373,https://github.com/tordecilla/unprogrammed-appropriations/releases/download/pdfs-agency-expenditure-pages-v1/annex-m-p013.pdf,Toll Regulatory Board,DEPARTMENTS > Department of Transportation (DOTr) > Toll Regulatory Board,detail,True,2024,actual,thousand pesos,PHP,23251,26236,210145,0,259632,
m-b9-p013-r006-y2025,M,B.9,13,373,https://github.com/tordecilla/unprogrammed-appropriations/releases/download/pdfs-agency-expenditure-pages-v1/annex-m-p013.pdf,Toll Regulatory Board,DEPARTMENTS > Department of Transportation (DOTr) > Toll Regulatory Board,detail,True,2025,program,thousand pesos,PHP,23013,33099,8045,0,64157,
m-b9-p013-r006-y2026,M,B.9,13,373,https://github.com/tordecilla/unprogrammed-appropriations/releases/download/pdfs-agency-expenditure-pages-v1/annex-m-p013.pdf,Toll Regulatory Board,DEPARTMENTS > Department of Transportation (DOTr) > Toll Regulatory Board,detail,True,2026,proposed,thousand pesos,PHP,31202,35237,14731,0,81170,
m-b9-p013-r007-y2024,M,B.9,13,373,https://github.com/tordecilla/unprogrammed-appropriations/releases/download/pdfs-agency-expenditure-pages-v1/annex-m-p013.pdf,"Department of Economy, Planning, and Development (DEPDev)","DEPARTMENTS > Department of Economy, Planning, and Development (DEPDev)",subtotal,False,2024,actual,thousand pesos,PHP,4123349,10529144,773272,0,15425765,
m-b9-p013-r007-y2025,M,B.9,13,373,https://github.com/tordecilla/unprogrammed-appropriations/releases/download/pdfs-agency-expenditure-pages-v1/annex-m-p013.pdf,"Department of Economy, Planning, and Development (DEPDev)","DEPARTMENTS > Department of Economy, Planning, and Development (DEPDev)",subtotal,False,2025,program,thousand pesos,PHP,3503126,7489068,1642798,0,12634992,
m-b9-p013-r007-y2026,M,B.9,13,373,https://github.com/tordecilla/unprogrammed-appropriations/releases/download/pdfs-agency-expenditure-pages-v1/annex-m-p013.pdf,"Department of Economy, Planning, and Development (DEPDev)","DEPARTMENTS > Department of Economy, Planning, and Development (DEPDev)",subtotal,False,2026,proposed,thousand pesos,PHP,4058392,8718907,1278174,0,14055473,
m-b9-p013-r008-y2024,M,B.9,13,373,https://github.com/tordecilla/unprogrammed-appropriations/releases/download/pdfs-agency-expenditure-pages-v1/annex-m-p013.pdf,Office of the Secretary,"DEPARTMENTS > Department of Economy, Planning, and Development (DEPDev) > Office of the Secretary",detail,True,2024,actual,thousand pesos,PHP,1267704,714805,117462,0,2099971,
m-b9-p013-r008-y2025,M,B.9,13,373,https://github.com/tordecilla/unprogrammed-appropriations/releases/download/pdfs-agency-expenditure-pages-v1/annex-m-p013.pdf,Office of the Secretary,"DEPARTMENTS > Department of Economy, Planning, and Development (DEPDev) > Office of the Secretary",detail,True,2025,program,thousand pesos,PHP,1096351,1039206,748318,0,2883875,
m-b9-p013-r008-y2026,M,B.9,13,373,https://github.com/tordecilla/unprogrammed-appropriations/releases/download/pdfs-agency-expenditure-pages-v1/annex-m-p013.pdf,Office of the Secretary,"DEPARTMENTS > Department of Economy, Planning, and Development (DEPDev) > Office of the Secretary",detail,True,2026,proposed,thousand pesos,PHP,1268869,953741,587920,0,2810530,
m-b9-p013-r009-y2024,M,B.9,13,373,https://github.com/tordecilla/unprogrammed-appropriations/releases/download/pdfs-agency-expenditure-pages-v1/annex-m-p013.pdf,Commission on Population and Development,"DEPARTMENTS > Department of Economy, Planning, and Development (DEPDev) > Commission on Population and Development",detail,True,2024,actual,thousand pesos,PHP,265716,267759,20258,0,553733,
m-b9-p013-r009-y2025,M,B.9,13,373,https://github.com/tordecilla/unprogrammed-appropriations/releases/download/pdfs-agency-expenditure-pages-v1/annex-m-p013.pdf,Commission on Population and Development,"DEPARTMENTS > Department of Economy, Planning, and Development (DEPDev) > Commission on Population and Development",detail,True,2025,program,thousand pesos,PHP,227027,304019,6626,0,537672,
m-b9-p013-r009-y2026,M,B.9,13,373,https://github.com/tordecilla/unprogrammed-appropriations/releases/download/pdfs-agency-expenditure-pages-v1/annex-m-p013.pdf,Commission on Population and Development,"DEPARTMENTS > Department of Economy, Planning, and Development (DEPDev) > Commission on Population and Development",detail,True,2026,proposed,thousand pesos,PHP,277000,341038,97503,0,715541,
m-b9-p013-r010-y2024,M,B.9,13,373,https://github.com/tordecilla/unprogrammed-appropriations/releases/download/pdfs-agency-expenditure-pages-v1/annex-m-p013.pdf,Philippine National Volunteer Service Coordinating Agency,"DEPARTMENTS > Department of Economy, Planning, and Development (DEPDev) > Philippine National Volunteer Service Coordinating Agency",detail,True,2024,actual,thousand pesos,PHP,23157,16051,0,0,39208,
m-b9-p013-r010-y2025,M,B.9,13,373,https://github.com/tordecilla/unprogrammed-appropriations/releases/download/pdfs-agency-expenditure-pages-v1/annex-m-p013.pdf,Philippine National Volunteer Service Coordinating Agency,"DEPARTMENTS > Department of Economy, Planning, and Development (DEPDev) > Philippine National Volunteer Service Coordinating Agency",detail,True,2025,program,thousand pesos,PHP,19040,14630,0,0,33670,
m-b9-p013-r010-y2026,M,B.9,13,373,https://github.com/tordecilla/unprogrammed-appropriations/releases/download/pdfs-agency-expenditure-pages-v1/annex-m-p013.pdf,Philippine National Volunteer Service Coordinating Agency,"DEPARTMENTS > Department of Economy, Planning, and Development (DEPDev) > Philippine National Volunteer Service Coordinating Agency",detail,True,2026,proposed,thousand pesos,PHP,23411,17569,0,0,40980,
m-b9-p013-r011-y2024,M,B.9,13,373,https://github.com/tordecilla/unprogrammed-appropriations/releases/download/pdfs-agency-expenditure-pages-v1/annex-m-p013.pdf,Public-Private Partnership Center of the Philippines,"DEPARTMENTS > Department of Economy, Planning, and Development (DEPDev) > Public-Private Partnership Center of the Philippines",detail,True,2024,actual,thousand pesos,PHP,151955,87263,14726,0,253944,
m-b9-p013-r011-y2025,M,B.9,13,373,https://github.com/tordecilla/unprogrammed-appropriations/releases/download/pdfs-agency-expenditure-pages-v1/annex-m-p013.pdf,Public-Private Partnership Center of the Philippines,"DEPARTMENTS > Department of Economy, Planning, and Development (DEPDev) > Public-Private Partnership Center of the Philippines",detail,True,2025,program,thousand pesos,PHP,131170,126563,18270,0,276003,
m-b9-p013-r011-y2026,M,B.9,13,373,https://github.com/tordecilla/unprogrammed-appropriations/releases/download/pdfs-agency-expenditure-pages-v1/annex-m-p013.pdf,Public-Private Partnership Center of the Philippines,"DEPARTMENTS > Department of Economy, Planning, and Development (DEPDev) > Public-Private Partnership Center of the Philippines",detail,True,2026,proposed,thousand pesos,PHP,163086,1003765,14954,0,1181805,
m-b9-p013-r012-y2024,M,B.9,13,373,https://github.com/tordecilla/unprogrammed-appropriations/releases/download/pdfs-agency-expenditure-pages-v1/annex-m-p013.pdf,Philippine Statistics Research and Training Institute (formerly Statistical Research and Training Center),"DEPARTMENTS > Department of Economy, Planning, and Development (DEPDev) > Philippine Statistics Research and Training Institute (formerly Statistical Research and Training Center)",detail,True,2024,actual,thousand pesos,PHP,43050,43831,6480,0,93361,
m-b9-p013-r012-y2025,M,B.9,13,373,https://github.com/tordecilla/unprogrammed-appropriations/releases/download/pdfs-agency-expenditure-pages-v1/annex-m-p013.pdf,Philippine Statistics Research and Training Institute (formerly Statistical Research and Training Center),"DEPARTMENTS > Department of Economy, Planning, and Development (DEPDev) > Philippine Statistics Research and Training Institute (formerly Statistical Research and Training Center)",detail,True,2025,program,thousand pesos,PHP,37415,67188,3601,0,108204,
m-b9-p013-r012-y2026,M,B.9,13,373,https://github.com/tordecilla/unprogrammed-appropriations/releases/download/pdfs-agency-expenditure-pages-v1/annex-m-p013.pdf,Philippine Statistics Research and Training Institute (formerly Statistical Research and Training Center),"DEPARTMENTS > Department of Economy, Planning, and Development (DEPDev) > Philippine Statistics Research and Training Institute (formerly Statistical Research and Training Center)",detail,True,2026,proposed,thousand pesos,PHP,43318,118319,0,0,161637,
m-b9-p013-r013-y2024,M,B.9,13,373,https://github.com/tordecilla/unprogrammed-appropriations/releases/download/pdfs-agency-expenditure-pages-v1/annex-m-p013.pdf,Tariff Commission,"DEPARTMENTS > Department of Economy, Planning, and Development (DEPDev) > Tariff Commission",detail,True,2024,actual,thousand pesos,PHP,75991,26151,0,0,102142,
m-b9-p013-r013-y2025,M,B.9,13,373,https://github.com/tordecilla/unprogrammed-appropriations/releases/download/pdfs-agency-expenditure-pages-v1/annex-m-p013.pdf,Tariff Commission,"DEPARTMENTS > Department of Economy, Planning, and Development (DEPDev) > Tariff Commission",detail,True,2025,program,thousand pesos,PHP,66810,34759,28760,0,130329,
m-b9-p013-r013-y2026,M,B.9,13,373,https://github.com/tordecilla/unprogrammed-appropriations/releases/download/pdfs-agency-expenditure-pages-v1/annex-m-p013.pdf,Tariff Commission,"DEPARTMENTS > Department of Economy, Planning, and Development (DEPDev) > Tariff Commission",detail,True,2026,proposed,thousand pesos,PHP,78272,41941,13600,0,133813,
m-b9-p013-r014-y2024,M,B.9,13,373,https://github.com/tordecilla/unprogrammed-appropriations/releases/download/pdfs-agency-expenditure-pages-v1/annex-m-p013.pdf,Philippine Statistics Authority,"DEPARTMENTS > Department of Economy, Planning, and Development (DEPDev) > Philippine Statistics Authority",detail,True,2024,actual,thousand pesos,PHP,2295776,9373284,614346,0,12283406,
m-b9-p013-r014-y2025,M,B.9,13,373,https://github.com/tordecilla/unprogrammed-appropriations/releases/download/pdfs-agency-expenditure-pages-v1/annex-m-p013.pdf,Philippine Statistics Authority,"DEPARTMENTS > Department of Economy, Planning, and Development (DEPDev) > Philippine Statistics Authority",detail,True,2025,program,thousand pesos,PHP,1925313,5902703,837223,0,8665239,
m-b9-p013-r014-y2026,M,B.9,13,373,https://github.com/tordecilla/unprogrammed-appropriations/releases/download/pdfs-agency-expenditure-pages-v1/annex-m-p013.pdf,Philippine Statistics Authority,"DEPARTMENTS > Department of Economy, Planning, and Development (DEPDev) > Philippine Statistics Authority",detail,True,2026,proposed,thousand pesos,PHP,2204436,6242534,564197,0,9011167,
m-b9-p013-r015-y2024,M,B.9,13,373,https://github.com/tordecilla/unprogrammed-appropriations/releases/download/pdfs-agency-expenditure-pages-v1/annex-m-p013.pdf,Presidential Communications Office (PCO),DEPARTMENTS > Presidential Communications Office (PCO),subtotal,False,2024,actual,thousand pesos,PHP,1139230,1097791,235542,0,2472563,
m-b9-p013-r015-y2025,M,B.9,13,373,https://github.com/tordecilla/unprogrammed-appropriations/releases/download/pdfs-agency-expenditure-pages-v1/annex-m-p013.pdf,Presidential Communications Office (PCO),DEPARTMENTS > Presidential Communications Office (PCO),subtotal,False,2025,program,thousand pesos,PHP,1035735,1029581,103618,0,2168934,
m-b9-p013-r015-y2026,M,B.9,13,373,https://github.com/tordecilla/unprogrammed-appropriations/releases/download/pdfs-agency-expenditure-pages-v1/annex-m-p013.pdf,Presidential Communications Office (PCO),DEPARTMENTS > Presidential Communications Office (PCO),subtotal,False,2026,proposed,thousand pesos,PHP,1132959,1284553,132436,0,2549948,
m-b9-p013-r016-y2024,M,B.9,13,373,https://github.com/tordecilla/unprogrammed-appropriations/releases/download/pdfs-agency-expenditure-pages-v1/annex-m-p013.pdf,Presidential Communications Office (Proper),DEPARTMENTS > Presidential Communications Office (PCO) > Presidential Communications Office (Proper),detail,True,2024,actual,thousand pesos,PHP,238313,622649,91715,0,952677,
m-b9-p013-r016-y2025,M,B.9,13,373,https://github.com/tordecilla/unprogrammed-appropriations/releases/download/pdfs-agency-expenditure-pages-v1/annex-m-p013.pdf,Presidential Communications Office (Proper),DEPARTMENTS > Presidential Communications Office (PCO) > Presidential Communications Office (Proper),detail,True,2025,program,thousand pesos,PHP,220634,478672,14010,0,713316,
m-b9-p013-r016-y2026,M,B.9,13,373,https://github.com/tordecilla/unprogrammed-appropriations/releases/download/pdfs-agency-expenditure-pages-v1/annex-m-p013.pdf,Presidential Communications Office (Proper),DEPARTMENTS > Presidential Communications Office (PCO) > Presidential Communications Office (Proper),detail,True,2026,proposed,thousand pesos,PHP,217472,730679,23869,0,972020,
m-b9-p013-r017-y2024,M,B.9,13,373,https://github.com/tordecilla/unprogrammed-appropriations/releases/download/pdfs-agency-expenditure-pages-v1/annex-m-p013.pdf,Presidential Broadcast Service - Bureau of Broadcast Services,DEPARTMENTS > Presidential Communications Office (PCO) > Presidential Broadcast Service - Bureau of Broadcast Services,detail,True,2024,actual,thousand pesos,PHP,365255,144947,23345,0,533547,
m-b9-p013-r017-y2025,M,B.9,13,373,https://github.com/tordecilla/unprogrammed-appropriations/releases/download/pdfs-agency-expenditure-pages-v1/annex-m-p013.pdf,Presidential Broadcast Service - Bureau of Broadcast Services,DEPARTMENTS > Presidential Communications Office (PCO) > Presidential Broadcast Service - Bureau of Broadcast Services,detail,True,2025,program,thousand pesos,PHP,320865,157987,13537,0,492389,
m-b9-p013-r017-y2026,M,B.9,13,373,https://github.com/tordecilla/unprogrammed-appropriations/releases/download/pdfs-agency-expenditure-pages-v1/annex-m-p013.pdf,Presidential Broadcast Service - Bureau of Broadcast Services,DEPARTMENTS > Presidential Communications Office (PCO) > Presidential Broadcast Service - Bureau of Broadcast Services,detail,True,2026,proposed,thousand pesos,PHP,337278,161085,14172,0,512535,
m-b9-p013-r018-y2024,M,B.9,13,373,https://github.com/tordecilla/unprogrammed-appropriations/releases/download/pdfs-agency-expenditure-pages-v1/annex-m-p013.pdf,Bureau of Communications Services,DEPARTMENTS > Presidential Communications Office (PCO) > Bureau of Communications Services,detail,True,2024,actual,thousand pesos,PHP,39235,22298,35955,0,97488,
m-b9-p013-r018-y2025,M,B.9,13,373,https://github.com/tordecilla/unprogrammed-appropriations/releases/download/pdfs-agency-expenditure-pages-v1/annex-m-p013.pdf,Bureau of Communications Services,DEPARTMENTS > Presidential Communications Office (PCO) > Bureau of Communications Services,detail,True,2025,program,thousand pesos,PHP,34262,32427,13200,0,79889,
m-b9-p013-r018-y2026,M,B.9,13,373,https://github.com/tordecilla/unprogrammed-appropriations/releases/download/pdfs-agency-expenditure-pages-v1/annex-m-p013.pdf,Bureau of Communications Services,DEPARTMENTS > Presidential Communications Office (PCO) > Bureau of Communications Services,detail,True,2026,proposed,thousand pesos,PHP,45715,38243,15590,0,99548,
m-b9-p013-r019-y2024,M,B.9,13,373,https://github.com/tordecilla/unprogrammed-appropriations/releases/download/pdfs-agency-expenditure-pages-v1/annex-m-p013.pdf,National Printing Office,DEPARTMENTS > Presidential Communications Office (PCO) > National Printing Office,detail,True,2024,actual,thousand pesos,PHP,0,0,0,0,0,
m-b9-p013-r019-y2025,M,B.9,13,373,https://github.com/tordecilla/unprogrammed-appropriations/releases/download/pdfs-agency-expenditure-pages-v1/annex-m-p013.pdf,National Printing Office,DEPARTMENTS > Presidential Communications Office (PCO) > National Printing Office,detail,True,2025,program,thousand pesos,PHP,21989,0,0,0,21989,
m-b9-p013-r019-y2026,M,B.9,13,373,https://github.com/tordecilla/unprogrammed-appropriations/releases/download/pdfs-agency-expenditure-pages-v1/annex-m-p013.pdf,National Printing Office,DEPARTMENTS > Presidential Communications Office (PCO) > National Printing Office,detail,True,2026,proposed,thousand pesos,PHP,20993,0,0,0,20993,
m-b9-p013-r020-y2024,M,B.9,13,373,https://github.com/tordecilla/unprogrammed-appropriations/releases/download/pdfs-agency-expenditure-pages-v1/annex-m-p013.pdf,News and Information Bureau,DEPARTMENTS > Presidential Communications Office (PCO) > News and Information Bureau,detail,True,2024,actual,thousand pesos,PHP,110696,41353,4135,0,156184,
m-b9-p013-r020-y2025,M,B.9,13,373,https://github.com/tordecilla/unprogrammed-appropriations/releases/download/pdfs-agency-expenditure-pages-v1/annex-m-p013.pdf,News and Information Bureau,DEPARTMENTS > Presidential Communications Office (PCO) > News and Information Bureau,detail,True,2025,program,thousand pesos,PHP,102851,42856,1190,0,146897,
m-b9-p013-r020-y2026,M,B.9,13,373,https://github.com/tordecilla/unprogrammed-appropriations/releases/download/pdfs-agency-expenditure-pages-v1/annex-m-p013.pdf,News and Information Bureau,DEPARTMENTS > Presidential Communications Office (PCO) > News and Information Bureau,detail,True,2026,proposed,thousand pesos,PHP,117765,43569,1817,0,163151,
m-b9-p013-r021-y2024,M,B.9,13,373,https://github.com/tordecilla/unprogrammed-appropriations/releases/download/pdfs-agency-expenditure-pages-v1/annex-m-p013.pdf,Philippine Information Agency,DEPARTMENTS > Presidential Communications Office (PCO) > Philippine Information Agency,detail,True,2024,actual,thousand pesos,PHP,310538,124046,75643,0,510227,
m-b9-p013-r021-y2025,M,B.9,13,373,https://github.com/tordecilla/unprogrammed-appropriations/releases/download/pdfs-agency-expenditure-pages-v1/annex-m-p013.pdf,Philippine Information Agency,DEPARTMENTS > Presidential Communications Office (PCO) > Philippine Information Agency,detail,True,2025,program,thousand pesos,PHP,270503,180620,6770,0,457893,
m-b9-p013-r021-y2026,M,B.9,13,373,https://github.com/tordecilla/unprogrammed-appropriations/releases/download/pdfs-agency-expenditure-pages-v1/annex-m-p013.pdf,Philippine Information Agency,DEPARTMENTS > Presidential Communications Office (PCO) > Philippine Information Agency,detail,True,2026,proposed,thousand pesos,PHP,310035,169255,48196,0,527486,
m-b9-p013-r022-y2024,M,B.9,13,373,https://github.com/tordecilla/unprogrammed-appropriations/releases/download/pdfs-agency-expenditure-pages-v1/annex-m-p013.pdf,Presidential Broadcast Staff (RTVM),DEPARTMENTS > Presidential Communications Office (PCO) > Presidential Broadcast Staff (RTVM),detail,True,2024,actual,thousand pesos,PHP,75193,142498,4749,0,222440,
m-b9-p013-r022-y2025,M,B.9,13,373,https://github.com/tordecilla/unprogrammed-appropriations/releases/download/pdfs-agency-expenditure-pages-v1/annex-m-p013.pdf,Presidential Broadcast Staff (RTVM),DEPARTMENTS > Presidential Communications Office (PCO) > Presidential Broadcast Staff (RTVM),detail,True,2025,program,thousand pesos,PHP,64631,137019,54911,0,256561,
m-b9-p013-r022-y2026,M,B.9,13,373,https://github.com/tordecilla/unprogrammed-appropriations/releases/download/pdfs-agency-expenditure-pages-v1/annex-m-p013.pdf,Presidential Broadcast Staff (RTVM),DEPARTMENTS > Presidential Communications Office (PCO) > Presidential Broadcast Staff (RTVM),detail,True,2026,proposed,thousand pesos,PHP,83701,141722,28792,0,254215,
m-b9-p013-r023-y2024,M,B.9,13,373,https://github.com/tordecilla/unprogrammed-appropriations/releases/download/pdfs-agency-expenditure-pages-v1/annex-m-p013.pdf,Other Executive Offices (OEOs),DEPARTMENTS > Other Executive Offices (OEOs),subtotal,False,2024,actual,thousand pesos,PHP,7286282,44033933,7065617,0,58385832,
m-b9-p013-r023-y2025,M,B.9,13,373,https://github.com/tordecilla/unprogrammed-appropriations/releases/download/pdfs-agency-expenditure-pages-v1/annex-m-p013.pdf,Other Executive Offices (OEOs),DEPARTMENTS > Other Executive Offices (OEOs),subtotal,False,2025,program,thousand pesos,PHP,7378457,50714404,7177166,0,65270027,
m-b9-p013-r023-y2026,M,B.9,13,373,https://github.com/tordecilla/unprogrammed-appropriations/releases/download/pdfs-agency-expenditure-pages-v1/annex-m-p013.pdf,Other Executive Offices (OEOs),DEPARTMENTS > Other Executive Offices (OEOs),subtotal,False,2026,proposed,thousand pesos,PHP,8567234,50218267,8202390,0,66987891,
m-b9-p013-r024-y2024,M,B.9,13,373,https://github.com/tordecilla/unprogrammed-appropriations/releases/download/pdfs-agency-expenditure-pages-v1/annex-m-p013.pdf,Anti-Money Laundering Council,DEPARTMENTS > Other Executive Offices (OEOs) > Anti-Money Laundering Council,detail,True,2024,actual,thousand pesos,PHP,0,173330,1750,0,175080,
m-b9-p013-r024-y2025,M,B.9,13,373,https://github.com/tordecilla/unprogrammed-appropriations/releases/download/pdfs-agency-expenditure-pages-v1/annex-m-p013.pdf,Anti-Money Laundering Council,DEPARTMENTS > Other Executive Offices (OEOs) > Anti-Money Laundering Council,detail,True,2025,program,thousand pesos,PHP,0,136328,27000,0,163328,
m-b9-p013-r024-y2026,M,B.9,13,373,https://github.com/tordecilla/unprogrammed-appropriations/releases/download/pdfs-agency-expenditure-pages-v1/annex-m-p013.pdf,Anti-Money Laundering Council,DEPARTMENTS > Other Executive Offices (OEOs) > Anti-Money Laundering Council,detail,True,2026,proposed,thousand pesos,PHP,0,160548,9613,0,170161,
m-b9-p014-r001-y2024,M,B.9,14,374,https://github.com/tordecilla/unprogrammed-appropriations/releases/download/pdfs-agency-expenditure-pages-v1/annex-m-p014.pdf,Anti-Red Tape Authority,DEPARTMENTS > Other Executive Offices (OEOs) > Anti-Red Tape Authority,detail,True,2024,actual,thousand pesos,PHP,223595,271442,21935,0,516972,
m-b9-p014-r001-y2025,M,B.9,14,374,https://github.com/tordecilla/unprogrammed-appropriations/releases/download/pdfs-agency-expenditure-pages-v1/annex-m-p014.pdf,Anti-Red Tape Authority,DEPARTMENTS > Other Executive Offices (OEOs) > Anti-Red Tape Authority,detail,True,2025,program,thousand pesos,PHP,202652,179956,18090,0,400698,
m-b9-p014-r001-y2026,M,B.9,14,374,https://github.com/tordecilla/unprogrammed-appropriations/releases/download/pdfs-agency-expenditure-pages-v1/annex-m-p014.pdf,Anti-Red Tape Authority,DEPARTMENTS > Other Executive Offices (OEOs) > Anti-Red Tape Authority,detail,True,2026,proposed,thousand pesos,PHP,217305,260926,18539,0,496770,
m-b9-p014-r002-y2024,M,B.9,14,374,https://github.com/tordecilla/unprogrammed-appropriations/releases/download/pdfs-agency-expenditure-pages-v1/annex-m-p014.pdf,Climate Change Commission,DEPARTMENTS > Other Executive Offices (OEOs) > Climate Change Commission,detail,True,2024,actual,thousand pesos,PHP,65311,117574,0,0,182885,
m-b9-p014-r002-y2025,M,B.9,14,374,https://github.com/tordecilla/unprogrammed-appropriations/releases/download/pdfs-agency-expenditure-pages-v1/annex-m-p014.pdf,Climate Change Commission,DEPARTMENTS > Other Executive Offices (OEOs) > Climate Change Commission,detail,True,2025,program,thousand pesos,PHP,56174,196079,7900,0,260153,
m-b9-p014-r002-y2026,M,B.9,14,374,https://github.com/tordecilla/unprogrammed-appropriations/releases/download/pdfs-agency-expenditure-pages-v1/annex-m-p014.pdf,Climate Change Commission,DEPARTMENTS > Other Executive Offices (OEOs) > Climate Change Commission,detail,True,2026,proposed,thousand pesos,PHP,65519,113115,10000,0,188634,
m-b9-p014-r003-y2024,M,B.9,14,374,https://github.com/tordecilla/unprogrammed-appropriations/releases/download/pdfs-agency-expenditure-pages-v1/annex-m-p014.pdf,Commission on Filipinos Overseas,DEPARTMENTS > Other Executive Offices (OEOs) > Commission on Filipinos Overseas,detail,True,2024,actual,thousand pesos,PHP,75051,99402,15079,0,189532,
m-b9-p014-r003-y2025,M,B.9,14,374,https://github.com/tordecilla/unprogrammed-appropriations/releases/download/pdfs-agency-expenditure-pages-v1/annex-m-p014.pdf,Commission on Filipinos Overseas,DEPARTMENTS > Other Executive Offices (OEOs) > Commission on Filipinos Overseas,detail,True,2025,program,thousand pesos,PHP,70007,156040,23932,0,249979,
m-b9-p014-r003-y2026,M,B.9,14,374,https://github.com/tordecilla/unprogrammed-appropriations/releases/download/pdfs-agency-expenditure-pages-v1/annex-m-p014.pdf,Commission on Filipinos Overseas,DEPARTMENTS > Other Executive Offices (OEOs) > Commission on Filipinos Overseas,detail,True,2026,proposed,thousand pesos,PHP,82670,169200,18420,0,270290,
m-b9-p014-r004-y2024,M,B.9,14,374,https://github.com/tordecilla/unprogrammed-appropriations/releases/download/pdfs-agency-expenditure-pages-v1/annex-m-p014.pdf,Commission on Higher Education,DEPARTMENTS > Other Executive Offices (OEOs) > Commission on Higher Education,detail,True,2024,actual,thousand pesos,PHP,570697,29489488,307725,0,30367910,
m-b9-p014-r004-y2025,M,B.9,14,374,https://github.com/tordecilla/unprogrammed-appropriations/releases/download/pdfs-agency-expenditure-pages-v1/annex-m-p014.pdf,Commission on Higher Education,DEPARTMENTS > Other Executive Offices (OEOs) > Commission on Higher Education,detail,True,2025,program,thousand pesos,PHP,495150,34361684,26316,0,34883150,
m-b9-p014-r004-y2026,M,B.9,14,374,https://github.com/tordecilla/unprogrammed-appropriations/releases/download/pdfs-agency-expenditure-pages-v1/annex-m-p014.pdf,Commission on Higher Education,DEPARTMENTS > Other Executive Offices (OEOs) > Commission on Higher Education,detail,True,2026,proposed,thousand pesos,PHP,575284,33126762,295360,0,33997406,
m-b9-p014-r005-y2024,M,B.9,14,374,https://github.com/tordecilla/unprogrammed-appropriations/releases/download/pdfs-agency-expenditure-pages-v1/annex-m-p014.pdf,Commission on the Filipino Language,DEPARTMENTS > Other Executive Offices (OEOs) > Commission on the Filipino Language,detail,True,2024,actual,thousand pesos,PHP,52984,40040,0,0,93024,
m-b9-p014-r005-y2025,M,B.9,14,374,https://github.com/tordecilla/unprogrammed-appropriations/releases/download/pdfs-agency-expenditure-pages-v1/annex-m-p014.pdf,Commission on the Filipino Language,DEPARTMENTS > Other Executive Offices (OEOs) > Commission on the Filipino Language,detail,True,2025,program,thousand pesos,PHP,50297,54399,0,0,104696,
m-b9-p014-r005-y2026,M,B.9,14,374,https://github.com/tordecilla/unprogrammed-appropriations/releases/download/pdfs-agency-expenditure-pages-v1/annex-m-p014.pdf,Commission on the Filipino Language,DEPARTMENTS > Other Executive Offices (OEOs) > Commission on the Filipino Language,detail,True,2026,proposed,thousand pesos,PHP,58103,55798,4000,0,117901,
m-b9-p014-r006-y2024,M,B.9,14,374,https://github.com/tordecilla/unprogrammed-appropriations/releases/download/pdfs-agency-expenditure-pages-v1/annex-m-p014.pdf,Dangerous Drugs Board,DEPARTMENTS > Other Executive Offices (OEOs) > Dangerous Drugs Board,detail,True,2024,actual,thousand pesos,PHP,87082,326655,20634,0,434371,
m-b9-p014-r006-y2025,M,B.9,14,374,https://github.com/tordecilla/unprogrammed-appropriations/releases/download/pdfs-agency-expenditure-pages-v1/annex-m-p014.pdf,Dangerous Drugs Board,DEPARTMENTS > Other Executive Offices (OEOs) > Dangerous Drugs Board,detail,True,2025,program,thousand pesos,PHP,75642,371994,56650,0,504286,
m-b9-p014-r006-y2026,M,B.9,14,374,https://github.com/tordecilla/unprogrammed-appropriations/releases/download/pdfs-agency-expenditure-pages-v1/annex-m-p014.pdf,Dangerous Drugs Board,DEPARTMENTS > Other Executive Offices (OEOs) > Dangerous Drugs Board,detail,True,2026,proposed,thousand pesos,PHP,111184,426776,60210,0,598170,
m-b9-p014-r007-y2024,M,B.9,14,374,https://github.com/tordecilla/unprogrammed-appropriations/releases/download/pdfs-agency-expenditure-pages-v1/annex-m-p014.pdf,Energy Regulatory Commission,DEPARTMENTS > Other Executive Offices (OEOs) > Energy Regulatory Commission,detail,True,2024,actual,thousand pesos,PHP,443258,477177,15071,0,935506,
m-b9-p014-r007-y2025,M,B.9,14,374,https://github.com/tordecilla/unprogrammed-appropriations/releases/download/pdfs-agency-expenditure-pages-v1/annex-m-p014.pdf,Energy Regulatory Commission,DEPARTMENTS > Other Executive Offices (OEOs) > Energy Regulatory Commission,detail,True,2025,program,thousand pesos,PHP,351444,529898,49537,0,930879,
m-b9-p014-r007-y2026,M,B.9,14,374,https://github.com/tordecilla/unprogrammed-appropriations/releases/download/pdfs-agency-expenditure-pages-v1/annex-m-p014.pdf,Energy Regulatory Commission,DEPARTMENTS > Other Executive Offices (OEOs) > Energy Regulatory Commission,detail,True,2026,proposed,thousand pesos,PHP,343122,529781,32748,0,905651,
m-b9-p014-r008-y2024,M,B.9,14,374,https://github.com/tordecilla/unprogrammed-appropriations/releases/download/pdfs-agency-expenditure-pages-v1/annex-m-p014.pdf,Film Development Council of the Philippines,DEPARTMENTS > Other Executive Offices (OEOs) > Film Development Council of the Philippines,detail,True,2024,actual,thousand pesos,PHP,31016,300533,17428,0,348977,
m-b9-p014-r008-y2025,M,B.9,14,374,https://github.com/tordecilla/unprogrammed-appropriations/releases/download/pdfs-agency-expenditure-pages-v1/annex-m-p014.pdf,Film Development Council of the Philippines,DEPARTMENTS > Other Executive Offices (OEOs) > Film Development Council of the Philippines,detail,True,2025,program,thousand pesos,PHP,27031,425912,53415,0,506358,
m-b9-p014-r008-y2026,M,B.9,14,374,https://github.com/tordecilla/unprogrammed-appropriations/releases/download/pdfs-agency-expenditure-pages-v1/annex-m-p014.pdf,Film Development Council of the Philippines,DEPARTMENTS > Other Executive Offices (OEOs) > Film Development Council of the Philippines,detail,True,2026,proposed,thousand pesos,PHP,38257,268241,4701,0,311199,
m-b9-p014-r009-y2024,M,B.9,14,374,https://github.com/tordecilla/unprogrammed-appropriations/releases/download/pdfs-agency-expenditure-pages-v1/annex-m-p014.pdf,Games and Amusements Board,DEPARTMENTS > Other Executive Offices (OEOs) > Games and Amusements Board,detail,True,2024,actual,thousand pesos,PHP,100537,49354,1703,0,151594,
m-b9-p014-r009-y2025,M,B.9,14,374,https://github.com/tordecilla/unprogrammed-appropriations/releases/download/pdfs-agency-expenditure-pages-v1/annex-m-p014.pdf,Games and Amusements Board,DEPARTMENTS > Other Executive Offices (OEOs) > Games and Amusements Board,detail,True,2025,program,thousand pesos,PHP,86748,68131,2990,0,157869,
m-b9-p014-r009-y2026,M,B.9,14,374,https://github.com/tordecilla/unprogrammed-appropriations/releases/download/pdfs-agency-expenditure-pages-v1/annex-m-p014.pdf,Games and Amusements Board,DEPARTMENTS > Other Executive Offices (OEOs) > Games and Amusements Board,detail,True,2026,proposed,thousand pesos,PHP,97456,67792,3380,0,168628,
m-b9-p014-r010-y2024,M,B.9,14,374,https://github.com/tordecilla/unprogrammed-appropriations/releases/download/pdfs-agency-expenditure-pages-v1/annex-m-p014.pdf,Governance Commission for Government-Owned or Controlled Corporations,DEPARTMENTS > Other Executive Offices (OEOs) > Governance Commission for Government-Owned or Controlled Corporations,detail,True,2024,actual,thousand pesos,PHP,166379,173702,46424,0,386505,
m-b9-p014-r010-y2025,M,B.9,14,374,https://github.com/tordecilla/unprogrammed-appropriations/releases/download/pdfs-agency-expenditure-pages-v1/annex-m-p014.pdf,Governance Commission for Government-Owned or Controlled Corporations,DEPARTMENTS > Other Executive Offices (OEOs) > Governance Commission for Government-Owned or Controlled Corporations,detail,True,2025,program,thousand pesos,PHP,139602,116365,10000,0,265967,
m-b9-p014-r010-y2026,M,B.9,14,374,https://github.com/tordecilla/unprogrammed-appropriations/releases/download/pdfs-agency-expenditure-pages-v1/annex-m-p014.pdf,Governance Commission for Government-Owned or Controlled Corporations,DEPARTMENTS > Other Executive Offices (OEOs) > Governance Commission for Government-Owned or Controlled Corporations,detail,True,2026,proposed,thousand pesos,PHP,206017,188532,0,0,394549,
m-b9-p014-r011-y2024,M,B.9,14,374,https://github.com/tordecilla/unprogrammed-appropriations/releases/download/pdfs-agency-expenditure-pages-v1/annex-m-p014.pdf,Mindanao Development Authority,DEPARTMENTS > Other Executive Offices (OEOs) > Mindanao Development Authority,detail,True,2024,actual,thousand pesos,PHP,128356,148762,4437,0,281555,
m-b9-p014-r011-y2025,M,B.9,14,374,https://github.com/tordecilla/unprogrammed-appropriations/releases/download/pdfs-agency-expenditure-pages-v1/annex-m-p014.pdf,Mindanao Development Authority,DEPARTMENTS > Other Executive Offices (OEOs) > Mindanao Development Authority,detail,True,2025,program,thousand pesos,PHP,113312,295273,207603,0,616188,
m-b9-p014-r011-y2026,M,B.9,14,374,https://github.com/tordecilla/unprogrammed-appropriations/releases/download/pdfs-agency-expenditure-pages-v1/annex-m-p014.pdf,Mindanao Development Authority,DEPARTMENTS > Other Executive Offices (OEOs) > Mindanao Development Authority,detail,True,2026,proposed,thousand pesos,PHP,138196,159571,77266,0,375033,
m-b9-p014-r012-y2024,M,B.9,14,374,https://github.com/tordecilla/unprogrammed-appropriations/releases/download/pdfs-agency-expenditure-pages-v1/annex-m-p014.pdf,Movie and Television Review and Classification Board,DEPARTMENTS > Other Executive Offices (OEOs) > Movie and Television Review and Classification Board,detail,True,2024,actual,thousand pesos,PHP,54865,76237,1280,0,132382,
m-b9-p014-r012-y2025,M,B.9,14,374,https://github.com/tordecilla/unprogrammed-appropriations/releases/download/pdfs-agency-expenditure-pages-v1/annex-m-p014.pdf,Movie and Television Review and Classification Board,DEPARTMENTS > Other Executive Offices (OEOs) > Movie and Television Review and Classification Board,detail,True,2025,program,thousand pesos,PHP,47544,114183,2350,0,164077,
m-b9-p014-r012-y2026,M,B.9,14,374,https://github.com/tordecilla/unprogrammed-appropriations/releases/download/pdfs-agency-expenditure-pages-v1/annex-m-p014.pdf,Movie and Television Review and Classification Board,DEPARTMENTS > Other Executive Offices (OEOs) > Movie and Television Review and Classification Board,detail,True,2026,proposed,thousand pesos,PHP,55599,138226,27472,0,221297,
m-b9-p014-r013-y2024,M,B.9,14,374,https://github.com/tordecilla/unprogrammed-appropriations/releases/download/pdfs-agency-expenditure-pages-v1/annex-m-p014.pdf,National Commission for Culture and the Arts - Proper,DEPARTMENTS > Other Executive Offices (OEOs) > National Commission for Culture and the Arts - Proper,detail,True,2024,actual,thousand pesos,PHP,57285,773798,11772,0,842855,
m-b9-p014-r013-y2025,M,B.9,14,374,https://github.com/tordecilla/unprogrammed-appropriations/releases/download/pdfs-agency-expenditure-pages-v1/annex-m-p014.pdf,National Commission for Culture and the Arts - Proper,DEPARTMENTS > Other Executive Offices (OEOs) > National Commission for Culture and the Arts - Proper,detail,True,2025,program,thousand pesos,PHP,51876,590792,15200,0,657868,
m-b9-p014-r013-y2026,M,B.9,14,374,https://github.com/tordecilla/unprogrammed-appropriations/releases/download/pdfs-agency-expenditure-pages-v1/annex-m-p014.pdf,National Commission for Culture and the Arts - Proper,DEPARTMENTS > Other Executive Offices (OEOs) > National Commission for Culture and the Arts - Proper,detail,True,2026,proposed,thousand pesos,PHP,61119,643594,14760,0,719473,
m-b9-p014-r014-y2024,M,B.9,14,374,https://github.com/tordecilla/unprogrammed-appropriations/releases/download/pdfs-agency-expenditure-pages-v1/annex-m-p014.pdf,National Historical Commission of the Philippines,DEPARTMENTS > Other Executive Offices (OEOs) > National Historical Commission of the Philippines,detail,True,2024,actual,thousand pesos,PHP,122071,144155,55000,0,321226,
m-b9-p014-r014-y2025,M,B.9,14,374,https://github.com/tordecilla/unprogrammed-appropriations/releases/download/pdfs-agency-expenditure-pages-v1/annex-m-p014.pdf,National Historical Commission of the Philippines,DEPARTMENTS > Other Executive Offices (OEOs) > National Historical Commission of the Philippines,detail,True,2025,program,thousand pesos,PHP,107081,228424,115192,0,450697,
m-b9-p014-r014-y2026,M,B.9,14,374,https://github.com/tordecilla/unprogrammed-appropriations/releases/download/pdfs-agency-expenditure-pages-v1/annex-m-p014.pdf,National Historical Commission of the Philippines,DEPARTMENTS > Other Executive Offices (OEOs) > National Historical Commission of the Philippines,detail,True,2026,proposed,thousand pesos,PHP,125268,248206,188698,0,562172,
m-b9-p014-r015-y2024,M,B.9,14,374,https://github.com/tordecilla/unprogrammed-appropriations/releases/download/pdfs-agency-expenditure-pages-v1/annex-m-p014.pdf,National Library of the Philippines,DEPARTMENTS > Other Executive Offices (OEOs) > National Library of the Philippines,detail,True,2024,actual,thousand pesos,PHP,100284,91861,59482,0,251627,
m-b9-p014-r015-y2025,M,B.9,14,374,https://github.com/tordecilla/unprogrammed-appropriations/releases/download/pdfs-agency-expenditure-pages-v1/annex-m-p014.pdf,National Library of the Philippines,DEPARTMENTS > Other Executive Offices (OEOs) > National Library of the Philippines,detail,True,2025,program,thousand pesos,PHP,86477,130683,85161,0,302321,
m-b9-p014-r015-y2026,M,B.9,14,374,https://github.com/tordecilla/unprogrammed-appropriations/releases/download/pdfs-agency-expenditure-pages-v1/annex-m-p014.pdf,National Library of the Philippines,DEPARTMENTS > Other Executive Offices (OEOs) > National Library of the Philippines,detail,True,2026,proposed,thousand pesos,PHP,100343,138250,25454,0,264047,
m-b9-p014-r016-y2024,M,B.9,14,374,https://github.com/tordecilla/unprogrammed-appropriations/releases/download/pdfs-agency-expenditure-pages-v1/annex-m-p014.pdf,National Archives of the Philippines,DEPARTMENTS > Other Executive Offices (OEOs) > National Archives of the Philippines,detail,True,2024,actual,thousand pesos,PHP,100451,103296,498562,0,702309,
m-b9-p014-r016-y2025,M,B.9,14,374,https://github.com/tordecilla/unprogrammed-appropriations/releases/download/pdfs-agency-expenditure-pages-v1/annex-m-p014.pdf,National Archives of the Philippines,DEPARTMENTS > Other Executive Offices (OEOs) > National Archives of the Philippines,detail,True,2025,program,thousand pesos,PHP,78039,115157,489113,0,682309,
m-b9-p014-r016-y2026,M,B.9,14,374,https://github.com/tordecilla/unprogrammed-appropriations/releases/download/pdfs-agency-expenditure-pages-v1/annex-m-p014.pdf,National Archives of the Philippines,DEPARTMENTS > Other Executive Offices (OEOs) > National Archives of the Philippines,detail,True,2026,proposed,thousand pesos,PHP,94461,152518,6521,0,253500,
m-b9-p014-r017-y2024,M,B.9,14,374,https://github.com/tordecilla/unprogrammed-appropriations/releases/download/pdfs-agency-expenditure-pages-v1/annex-m-p014.pdf,National Commission on Indigenous Peoples,DEPARTMENTS > Other Executive Offices (OEOs) > National Commission on Indigenous Peoples,detail,True,2024,actual,thousand pesos,PHP,0,0,0,0,0,
m-b9-p014-r017-y2025,M,B.9,14,374,https://github.com/tordecilla/unprogrammed-appropriations/releases/download/pdfs-agency-expenditure-pages-v1/annex-m-p014.pdf,National Commission on Indigenous Peoples,DEPARTMENTS > Other Executive Offices (OEOs) > National Commission on Indigenous Peoples,detail,True,2025,program,thousand pesos,PHP,927345,347948,0,0,1275293,
m-b9-p014-r017-y2026,M,B.9,14,374,https://github.com/tordecilla/unprogrammed-appropriations/releases/download/pdfs-agency-expenditure-pages-v1/annex-m-p014.pdf,National Commission on Indigenous Peoples,DEPARTMENTS > Other Executive Offices (OEOs) > National Commission on Indigenous Peoples,detail,True,2026,proposed,thousand pesos,PHP,1061631,620280,130746,0,1812657,
m-b9-p014-r018-y2024,M,B.9,14,374,https://github.com/tordecilla/unprogrammed-appropriations/releases/download/pdfs-agency-expenditure-pages-v1/annex-m-p014.pdf,National Intelligence Coordinating Agency,DEPARTMENTS > Other Executive Offices (OEOs) > National Intelligence Coordinating Agency,detail,True,2024,actual,thousand pesos,PHP,970636,2456741,40406,0,3467783,
m-b9-p014-r018-y2025,M,B.9,14,374,https://github.com/tordecilla/unprogrammed-appropriations/releases/download/pdfs-agency-expenditure-pages-v1/annex-m-p014.pdf,National Intelligence Coordinating Agency,DEPARTMENTS > Other Executive Offices (OEOs) > National Intelligence Coordinating Agency,detail,True,2025,program,thousand pesos,PHP,852497,1280916,109473,0,2242886,
m-b9-p014-r018-y2026,M,B.9,14,374,https://github.com/tordecilla/unprogrammed-appropriations/releases/download/pdfs-agency-expenditure-pages-v1/annex-m-p014.pdf,National Intelligence Coordinating Agency,DEPARTMENTS > Other Executive Offices (OEOs) > National Intelligence Coordinating Agency,detail,True,2026,proposed,thousand pesos,PHP,963951,1795989,101075,0,2861015,
m-b9-p014-r019-y2024,M,B.9,14,374,https://github.com/tordecilla/unprogrammed-appropriations/releases/download/pdfs-agency-expenditure-pages-v1/annex-m-p014.pdf,National Security Council,DEPARTMENTS > Other Executive Offices (OEOs) > National Security Council,detail,True,2024,actual,thousand pesos,PHP,155164,399118,180713,0,734995,
m-b9-p014-r019-y2025,M,B.9,14,374,https://github.com/tordecilla/unprogrammed-appropriations/releases/download/pdfs-agency-expenditure-pages-v1/annex-m-p014.pdf,National Security Council,DEPARTMENTS > Other Executive Offices (OEOs) > National Security Council,detail,True,2025,program,thousand pesos,PHP,127397,626213,143345,0,896955,
m-b9-p014-r019-y2026,M,B.9,14,374,https://github.com/tordecilla/unprogrammed-appropriations/releases/download/pdfs-agency-expenditure-pages-v1/annex-m-p014.pdf,National Security Council,DEPARTMENTS > Other Executive Offices (OEOs) > National Security Council,detail,True,2026,proposed,thousand pesos,PHP,163607,871034,213252,0,1247893,
m-b9-p014-r020-y2024,M,B.9,14,374,https://github.com/tordecilla/unprogrammed-appropriations/releases/download/pdfs-agency-expenditure-pages-v1/annex-m-p014.pdf,"Office of the Presidential Adviser on Peace, Reconciliation and Unity","DEPARTMENTS > Other Executive Offices (OEOs) > Office of the Presidential Adviser on Peace, Reconciliation and Unity",detail,True,2024,actual,thousand pesos,PHP,274017,1860654,4977293,0,7111964,
m-b9-p014-r020-y2025,M,B.9,14,374,https://github.com/tordecilla/unprogrammed-appropriations/releases/download/pdfs-agency-expenditure-pages-v1/annex-m-p014.pdf,"Office of the Presidential Adviser on Peace, Reconciliation and Unity","DEPARTMENTS > Other Executive Offices (OEOs) > Office of the Presidential Adviser on Peace, Reconciliation and Unity",detail,True,2025,program,thousand pesos,PHP,237252,1888117,4969609,0,7094978,
m-b9-p014-r020-y2026,M,B.9,14,374,https://github.com/tordecilla/unprogrammed-appropriations/releases/download/pdfs-agency-expenditure-pages-v1/annex-m-p014.pdf,"Office of the Presidential Adviser on Peace, Reconciliation and Unity","DEPARTMENTS > Other Executive Offices (OEOs) > Office of the Presidential Adviser on Peace, Reconciliation and Unity",detail,True,2026,proposed,thousand pesos,PHP,275902,2040675,4966860,0,7283437,
m-b9-p014-r021-y2024,M,B.9,14,374,https://github.com/tordecilla/unprogrammed-appropriations/releases/download/pdfs-agency-expenditure-pages-v1/annex-m-p014.pdf,Optical Media Board,DEPARTMENTS > Other Executive Offices (OEOs) > Optical Media Board,detail,True,2024,actual,thousand pesos,PHP,36599,6383,0,0,42982,
m-b9-p014-r021-y2025,M,B.9,14,374,https://github.com/tordecilla/unprogrammed-appropriations/releases/download/pdfs-agency-expenditure-pages-v1/annex-m-p014.pdf,Optical Media Board,DEPARTMENTS > Other Executive Offices (OEOs) > Optical Media Board,detail,True,2025,program,thousand pesos,PHP,34872,21027,0,0,55899,
m-b9-p014-r021-y2026,M,B.9,14,374,https://github.com/tordecilla/unprogrammed-appropriations/releases/download/pdfs-agency-expenditure-pages-v1/annex-m-p014.pdf,Optical Media Board,DEPARTMENTS > Other Executive Offices (OEOs) > Optical Media Board,detail,True,2026,proposed,thousand pesos,PHP,36277,27568,6000,0,69845,
m-b9-p014-r022-y2024,M,B.9,14,374,https://github.com/tordecilla/unprogrammed-appropriations/releases/download/pdfs-agency-expenditure-pages-v1/annex-m-p014.pdf,Philippine Competition Commission,DEPARTMENTS > Other Executive Offices (OEOs) > Philippine Competition Commission,detail,True,2024,actual,thousand pesos,PHP,267851,357499,13777,0,639127,
m-b9-p014-r022-y2025,M,B.9,14,374,https://github.com/tordecilla/unprogrammed-appropriations/releases/download/pdfs-agency-expenditure-pages-v1/annex-m-p014.pdf,Philippine Competition Commission,DEPARTMENTS > Other Executive Offices (OEOs) > Philippine Competition Commission,detail,True,2025,program,thousand pesos,PHP,243746,225534,0,0,469280,
m-b9-p014-r022-y2026,M,B.9,14,374,https://github.com/tordecilla/unprogrammed-appropriations/releases/download/pdfs-agency-expenditure-pages-v1/annex-m-p014.pdf,Philippine Competition Commission,DEPARTMENTS > Other Executive Offices (OEOs) > Philippine Competition Commission,detail,True,2026,proposed,thousand pesos,PHP,255669,325957,6000,0,587626,
m-b9-p014-r023-y2024,M,B.9,14,374,https://github.com/tordecilla/unprogrammed-appropriations/releases/download/pdfs-agency-expenditure-pages-v1/annex-m-p014.pdf,Philippine Drug Enforcement Agency,DEPARTMENTS > Other Executive Offices (OEOs) > Philippine Drug Enforcement Agency,detail,True,2024,actual,thousand pesos,PHP,2232334,1242894,583360,0,4058588,
m-b9-p014-r023-y2025,M,B.9,14,374,https://github.com/tordecilla/unprogrammed-appropriations/releases/download/pdfs-agency-expenditure-pages-v1/annex-m-p014.pdf,Philippine Drug Enforcement Agency,DEPARTMENTS > Other Executive Offices (OEOs) > Philippine Drug Enforcement Agency,detail,True,2025,program,thousand pesos,PHP,2017746,1446522,527400,0,3991668,
m-b9-p014-r023-y2026,M,B.9,14,374,https://github.com/tordecilla/unprogrammed-appropriations/releases/download/pdfs-agency-expenditure-pages-v1/annex-m-p014.pdf,Philippine Drug Enforcement Agency,DEPARTMENTS > Other Executive Offices (OEOs) > Philippine Drug Enforcement Agency,detail,True,2026,proposed,thousand pesos,PHP,2278092,1469590,783875,0,4531557,
m-b9-p014-r024-y2024,M,B.9,14,374,https://github.com/tordecilla/unprogrammed-appropriations/releases/download/pdfs-agency-expenditure-pages-v1/annex-m-p014.pdf,Philippine Racing Commission,DEPARTMENTS > Other Executive Offices (OEOs) > Philippine Racing Commission,detail,True,2024,actual,thousand pesos,PHP,56015,131109,0,0,187124,
m-b9-p014-r024-y2025,M,B.9,14,374,https://github.com/tordecilla/unprogrammed-appropriations/releases/download/pdfs-agency-expenditure-pages-v1/annex-m-p014.pdf,Philippine Racing Commission,DEPARTMENTS > Other Executive Offices (OEOs) > Philippine Racing Commission,detail,True,2025,program,thousand pesos,PHP,48785,141100,5150,0,195035,
m-b9-p014-r024-y2026,M,B.9,14,374,https://github.com/tordecilla/unprogrammed-appropriations/releases/download/pdfs-agency-expenditure-pages-v1/annex-m-p014.pdf,Philippine Racing Commission,DEPARTMENTS > Other Executive Offices (OEOs) > Philippine Racing Commission,detail,True,2026,proposed,thousand pesos,PHP,57689,146161,605,0,204455,
m-b9-p014-r025-y2024,M,B.9,14,374,https://github.com/tordecilla/unprogrammed-appropriations/releases/download/pdfs-agency-expenditure-pages-v1/annex-m-p014.pdf,Philippine Sports Commission,DEPARTMENTS > Other Executive Offices (OEOs) > Philippine Sports Commission,detail,True,2024,actual,thousand pesos,PHP,91611,972187,420,0,1064218,
m-b9-p014-r025-y2025,M,B.9,14,374,https://github.com/tordecilla/unprogrammed-appropriations/releases/download/pdfs-agency-expenditure-pages-v1/annex-m-p014.pdf,Philippine Sports Commission,DEPARTMENTS > Other Executive Offices (OEOs) > Philippine Sports Commission,detail,True,2025,program,thousand pesos,PHP,82714,1049094,180000,0,1311808,
m-b9-p014-r025-y2026,M,B.9,14,374,https://github.com/tordecilla/unprogrammed-appropriations/releases/download/pdfs-agency-expenditure-pages-v1/annex-m-p014.pdf,Philippine Sports Commission,DEPARTMENTS > Other Executive Offices (OEOs) > Philippine Sports Commission,detail,True,2026,proposed,thousand pesos,PHP,96242,463020,480405,0,1039667,
m-b9-p014-r026-y2024,M,B.9,14,374,https://github.com/tordecilla/unprogrammed-appropriations/releases/download/pdfs-agency-expenditure-pages-v1/annex-m-p014.pdf,Presidential Legislative Liaison Office,DEPARTMENTS > Other Executive Offices (OEOs) > Presidential Legislative Liaison Office,detail,True,2024,actual,thousand pesos,PHP,60420,68704,10000,0,139124,
m-b9-p014-r026-y2025,M,B.9,14,374,https://github.com/tordecilla/unprogrammed-appropriations/releases/download/pdfs-agency-expenditure-pages-v1/annex-m-p014.pdf,Presidential Legislative Liaison Office,DEPARTMENTS > Other Executive Offices (OEOs) > Presidential Legislative Liaison Office,detail,True,2025,program,thousand pesos,PHP,60868,92518,0,0,153386,
m-b9-p014-r026-y2026,M,B.9,14,374,https://github.com/tordecilla/unprogrammed-appropriations/releases/download/pdfs-agency-expenditure-pages-v1/annex-m-p014.pdf,Presidential Legislative Liaison Office,DEPARTMENTS > Other Executive Offices (OEOs) > Presidential Legislative Liaison Office,detail,True,2026,proposed,thousand pesos,PHP,0,0,0,0,0,
m-b9-p014-r027-y2024,M,B.9,14,374,https://github.com/tordecilla/unprogrammed-appropriations/releases/download/pdfs-agency-expenditure-pages-v1/annex-m-p014.pdf,Presidential Management Staff,DEPARTMENTS > Other Executive Offices (OEOs) > Presidential Management Staff,detail,True,2024,actual,thousand pesos,PHP,331538,477584,107911,0,917033,
m-b9-p014-r027-y2025,M,B.9,14,374,https://github.com/tordecilla/unprogrammed-appropriations/releases/download/pdfs-agency-expenditure-pages-v1/annex-m-p014.pdf,Presidential Management Staff,DEPARTMENTS > Other Executive Offices (OEOs) > Presidential Management Staff,detail,True,2025,program,thousand pesos,PHP,285883,537436,49340,0,872659,
m-b9-p014-r027-y2026,M,B.9,14,374,https://github.com/tordecilla/unprogrammed-appropriations/releases/download/pdfs-agency-expenditure-pages-v1/annex-m-p014.pdf,Presidential Management Staff,DEPARTMENTS > Other Executive Offices (OEOs) > Presidential Management Staff,detail,True,2026,proposed,thousand pesos,PHP,338122,523771,20680,0,882573,
m-b9-p014-r028-y2024,M,B.9,14,374,https://github.com/tordecilla/unprogrammed-appropriations/releases/download/pdfs-agency-expenditure-pages-v1/annex-m-p014.pdf,Philippine Space Agency,DEPARTMENTS > Other Executive Offices (OEOs) > Philippine Space Agency,detail,True,2024,actual,thousand pesos,PHP,166591,1561858,71657,0,1800106,
m-b9-p014-r028-y2025,M,B.9,14,374,https://github.com/tordecilla/unprogrammed-appropriations/releases/download/pdfs-agency-expenditure-pages-v1/annex-m-p014.pdf,Philippine Space Agency,DEPARTMENTS > Other Executive Offices (OEOs) > Philippine Space Agency,detail,True,2025,program,thousand pesos,PHP,135350,789426,0,0,924776,
m-b9-p014-r028-y2026,M,B.9,14,374,https://github.com/tordecilla/unprogrammed-appropriations/releases/download/pdfs-agency-expenditure-pages-v1/annex-m-p014.pdf,Philippine Space Agency,DEPARTMENTS > Other Executive Offices (OEOs) > Philippine Space Agency,detail,True,2026,proposed,thousand pesos,PHP,197306,496697,690650,0,1384653,
m-b9-p015-r001-y2024,M,B.9,15,375,https://github.com/tordecilla/unprogrammed-appropriations/releases/download/pdfs-agency-expenditure-pages-v1/annex-m-p015.pdf,National Commission of Senior Citizens,DEPARTMENTS > Other Executive Offices (OEOs) > National Commission of Senior Citizens,detail,True,2024,actual,thousand pesos,PHP,144124,100481,1798,0,246403,
m-b9-p015-r001-y2025,M,B.9,15,375,https://github.com/tordecilla/unprogrammed-appropriations/releases/download/pdfs-agency-expenditure-pages-v1/annex-m-p015.pdf,National Commission of Senior Citizens,DEPARTMENTS > Other Executive Offices (OEOs) > National Commission of Senior Citizens,detail,True,2025,program,thousand pesos,PHP,138281,3062162,0,0,3200443,
m-b9-p015-r001-y2026,M,B.9,15,375,https://github.com/tordecilla/unprogrammed-appropriations/releases/download/pdfs-agency-expenditure-pages-v1/annex-m-p015.pdf,National Commission of Senior Citizens,DEPARTMENTS > Other Executive Offices (OEOs) > National Commission of Senior Citizens,detail,True,2026,proposed,thousand pesos,PHP,182061,3416057,3000,0,3601118,
m-b9-p015-r002-y2024,M,B.9,15,375,https://github.com/tordecilla/unprogrammed-appropriations/releases/download/pdfs-agency-expenditure-pages-v1/annex-m-p015.pdf,Marawi Compensation Board,DEPARTMENTS > Other Executive Offices (OEOs) > Marawi Compensation Board,detail,True,2024,actual,thousand pesos,PHP,120160,1541915,0,0,1662075,
m-b9-p015-r002-y2025,M,B.9,15,375,https://github.com/tordecilla/unprogrammed-appropriations/releases/download/pdfs-agency-expenditure-pages-v1/annex-m-p015.pdf,Marawi Compensation Board,DEPARTMENTS > Other Executive Offices (OEOs) > Marawi Compensation Board,detail,True,2025,program,thousand pesos,PHP,114137,1050000,0,0,1164137,
m-b9-p015-r002-y2026,M,B.9,15,375,https://github.com/tordecilla/unprogrammed-appropriations/releases/download/pdfs-agency-expenditure-pages-v1/annex-m-p015.pdf,Marawi Compensation Board,DEPARTMENTS > Other Executive Offices (OEOs) > Marawi Compensation Board,detail,True,2026,proposed,thousand pesos,PHP,178498,1050000,0,0,1228498,
m-b9-p015-r003-y2024,M,B.9,15,375,https://github.com/tordecilla/unprogrammed-appropriations/releases/download/pdfs-agency-expenditure-pages-v1/annex-m-p015.pdf,"Metropolitan Baguio City, La Trinidad, Itogon, Sablan, Tuba, and Tublay Development Authority","DEPARTMENTS > Other Executive Offices (OEOs) > Metropolitan Baguio City, La Trinidad, Itogon, Sablan, Tuba, and Tublay Development Authority",detail,True,2024,actual,thousand pesos,PHP,0,0,0,0,0,
m-b9-p015-r003-y2025,M,B.9,15,375,https://github.com/tordecilla/unprogrammed-appropriations/releases/download/pdfs-agency-expenditure-pages-v1/annex-m-p015.pdf,"Metropolitan Baguio City, La Trinidad, Itogon, Sablan, Tuba, and Tublay Development Authority","DEPARTMENTS > Other Executive Offices (OEOs) > Metropolitan Baguio City, La Trinidad, Itogon, Sablan, Tuba, and Tublay Development Authority",detail,True,2025,program,thousand pesos,PHP,0,0,0,0,0,
m-b9-p015-r003-y2026,M,B.9,15,375,https://github.com/tordecilla/unprogrammed-appropriations/releases/download/pdfs-agency-expenditure-pages-v1/annex-m-p015.pdf,"Metropolitan Baguio City, La Trinidad, Itogon, Sablan, Tuba, and Tublay Development Authority","DEPARTMENTS > Other Executive Offices (OEOs) > Metropolitan Baguio City, La Trinidad, Itogon, Sablan, Tuba, and Tublay Development Authority",detail,True,2026,proposed,thousand pesos,PHP,3934,14438,2100,0,20472,
m-b9-p015-r004-y2024,M,B.9,15,375,https://github.com/tordecilla/unprogrammed-appropriations/releases/download/pdfs-agency-expenditure-pages-v1/annex-m-p015.pdf,National Amnesty Commission,DEPARTMENTS > Other Executive Offices (OEOs) > National Amnesty Commission,detail,True,2024,actual,thousand pesos,PHP,0,0,0,0,0,
m-b9-p015-r004-y2025,M,B.9,15,375,https://github.com/tordecilla/unprogrammed-appropriations/releases/download/pdfs-agency-expenditure-pages-v1/annex-m-p015.pdf,National Amnesty Commission,DEPARTMENTS > Other Executive Offices (OEOs) > National Amnesty Commission,detail,True,2025,program,thousand pesos,PHP,32508,85093,2400,0,120001,
m-b9-p015-r004-y2026,M,B.9,15,375,https://github.com/tordecilla/unprogrammed-appropriations/releases/download/pdfs-agency-expenditure-pages-v1/annex-m-p015.pdf,National Amnesty Commission,DEPARTMENTS > Other Executive Offices (OEOs) > National Amnesty Commission,detail,True,2026,proposed,thousand pesos,PHP,108350,109194,0,0,217544,
m-b9-p015-r005-y2024,M,B.9,15,375,https://github.com/tordecilla/unprogrammed-appropriations/releases/download/pdfs-agency-expenditure-pages-v1/annex-m-p015.pdf,The Judiciary (JUD),DEPARTMENTS > The Judiciary (JUD),subtotal,False,2024,actual,thousand pesos,PHP,45275427,10193608,5592600,0,61061635,
m-b9-p015-r005-y2025,M,B.9,15,375,https://github.com/tordecilla/unprogrammed-appropriations/releases/download/pdfs-agency-expenditure-pages-v1/annex-m-p015.pdf,The Judiciary (JUD),DEPARTMENTS > The Judiciary (JUD),subtotal,False,2025,program,thousand pesos,PHP,41867116,14341319,7804465,0,64012900,
m-b9-p015-r005-y2026,M,B.9,15,375,https://github.com/tordecilla/unprogrammed-appropriations/releases/download/pdfs-agency-expenditure-pages-v1/annex-m-p015.pdf,The Judiciary (JUD),DEPARTMENTS > The Judiciary (JUD),subtotal,False,2026,proposed,thousand pesos,PHP,44712543,16760690,6471561,0,67944794,
m-b9-p015-r006-y2024,M,B.9,15,375,https://github.com/tordecilla/unprogrammed-appropriations/releases/download/pdfs-agency-expenditure-pages-v1/annex-m-p015.pdf,Supreme Court of the Philippines and the Lower Courts,DEPARTMENTS > The Judiciary (JUD) > Supreme Court of the Philippines and the Lower Courts,detail,True,2024,actual,thousand pesos,PHP,40233163,7780701,4715517,0,52729381,
m-b9-p015-r006-y2025,M,B.9,15,375,https://github.com/tordecilla/unprogrammed-appropriations/releases/download/pdfs-agency-expenditure-pages-v1/annex-m-p015.pdf,Supreme Court of the Philippines and the Lower Courts,DEPARTMENTS > The Judiciary (JUD) > Supreme Court of the Philippines and the Lower Courts,detail,True,2025,program,thousand pesos,PHP,37494676,11163153,6571990,0,55229819,
m-b9-p015-r006-y2026,M,B.9,15,375,https://github.com/tordecilla/unprogrammed-appropriations/releases/download/pdfs-agency-expenditure-pages-v1/annex-m-p015.pdf,Supreme Court of the Philippines and the Lower Courts,DEPARTMENTS > The Judiciary (JUD) > Supreme Court of the Philippines and the Lower Courts,detail,True,2026,proposed,thousand pesos,PHP,39844923,13182303,5526725,0,58553951,
m-b9-p015-r007-y2024,M,B.9,15,375,https://github.com/tordecilla/unprogrammed-appropriations/releases/download/pdfs-agency-expenditure-pages-v1/annex-m-p015.pdf,Presidential Electoral Tribunal,DEPARTMENTS > The Judiciary (JUD) > Presidential Electoral Tribunal,detail,True,2024,actual,thousand pesos,PHP,151301,9672,7300,0,168273,
m-b9-p015-r007-y2025,M,B.9,15,375,https://github.com/tordecilla/unprogrammed-appropriations/releases/download/pdfs-agency-expenditure-pages-v1/annex-m-p015.pdf,Presidential Electoral Tribunal,DEPARTMENTS > The Judiciary (JUD) > Presidential Electoral Tribunal,detail,True,2025,program,thousand pesos,PHP,149730,13980,8000,0,171710,
m-b9-p015-r007-y2026,M,B.9,15,375,https://github.com/tordecilla/unprogrammed-appropriations/releases/download/pdfs-agency-expenditure-pages-v1/annex-m-p015.pdf,Presidential Electoral Tribunal,DEPARTMENTS > The Judiciary (JUD) > Presidential Electoral Tribunal,detail,True,2026,proposed,thousand pesos,PHP,157843,14026,6000,0,177869,
m-b9-p015-r008-y2024,M,B.9,15,375,https://github.com/tordecilla/unprogrammed-appropriations/releases/download/pdfs-agency-expenditure-pages-v1/annex-m-p015.pdf,Sandiganbayan,DEPARTMENTS > The Judiciary (JUD) > Sandiganbayan,detail,True,2024,actual,thousand pesos,PHP,1454502,743001,503457,0,2700960,
m-b9-p015-r008-y2025,M,B.9,15,375,https://github.com/tordecilla/unprogrammed-appropriations/releases/download/pdfs-agency-expenditure-pages-v1/annex-m-p015.pdf,Sandiganbayan,DEPARTMENTS > The Judiciary (JUD) > Sandiganbayan,detail,True,2025,program,thousand pesos,PHP,1079764,772100,525575,0,2377439,
m-b9-p015-r008-y2026,M,B.9,15,375,https://github.com/tordecilla/unprogrammed-appropriations/releases/download/pdfs-agency-expenditure-pages-v1/annex-m-p015.pdf,Sandiganbayan,DEPARTMENTS > The Judiciary (JUD) > Sandiganbayan,detail,True,2026,proposed,thousand pesos,PHP,1221587,840161,315999,0,2377747,
m-b9-p015-r009-y2024,M,B.9,15,375,https://github.com/tordecilla/unprogrammed-appropriations/releases/download/pdfs-agency-expenditure-pages-v1/annex-m-p015.pdf,Court of Appeals,DEPARTMENTS > The Judiciary (JUD) > Court of Appeals,detail,True,2024,actual,thousand pesos,PHP,2702287,1429848,263502,0,4395637,
m-b9-p015-r009-y2025,M,B.9,15,375,https://github.com/tordecilla/unprogrammed-appropriations/releases/download/pdfs-agency-expenditure-pages-v1/annex-m-p015.pdf,Court of Appeals,DEPARTMENTS > The Judiciary (JUD) > Court of Appeals,detail,True,2025,program,thousand pesos,PHP,2554065,2133543,526910,0,5214518,
m-b9-p015-r009-y2026,M,B.9,15,375,https://github.com/tordecilla/unprogrammed-appropriations/releases/download/pdfs-agency-expenditure-pages-v1/annex-m-p015.pdf,Court of Appeals,DEPARTMENTS > The Judiciary (JUD) > Court of Appeals,detail,True,2026,proposed,thousand pesos,PHP,2789949,2426187,572155,0,5788291,
m-b9-p015-r010-y2024,M,B.9,15,375,https://github.com/tordecilla/unprogrammed-appropriations/releases/download/pdfs-agency-expenditure-pages-v1/annex-m-p015.pdf,Court of Tax Appeals,DEPARTMENTS > The Judiciary (JUD) > Court of Tax Appeals,detail,True,2024,actual,thousand pesos,PHP,734174,230386,102824,0,1067384,
m-b9-p015-r010-y2025,M,B.9,15,375,https://github.com/tordecilla/unprogrammed-appropriations/releases/download/pdfs-agency-expenditure-pages-v1/annex-m-p015.pdf,Court of Tax Appeals,DEPARTMENTS > The Judiciary (JUD) > Court of Tax Appeals,detail,True,2025,program,thousand pesos,PHP,588881,258543,171990,0,1019414,
m-b9-p015-r010-y2026,M,B.9,15,375,https://github.com/tordecilla/unprogrammed-appropriations/releases/download/pdfs-agency-expenditure-pages-v1/annex-m-p015.pdf,Court of Tax Appeals,DEPARTMENTS > The Judiciary (JUD) > Court of Tax Appeals,detail,True,2026,proposed,thousand pesos,PHP,698241,298013,50682,0,1046936,
m-b9-p015-r011-y2024,M,B.9,15,375,https://github.com/tordecilla/unprogrammed-appropriations/releases/download/pdfs-agency-expenditure-pages-v1/annex-m-p015.pdf,Civil Service Commission (CSC),DEPARTMENTS > Civil Service Commission (CSC),subtotal,False,2024,actual,thousand pesos,PHP,1704160,566227,185263,0,2455650,
m-b9-p015-r011-y2025,M,B.9,15,375,https://github.com/tordecilla/unprogrammed-appropriations/releases/download/pdfs-agency-expenditure-pages-v1/annex-m-p015.pdf,Civil Service Commission (CSC),DEPARTMENTS > Civil Service Commission (CSC),subtotal,False,2025,program,thousand pesos,PHP,1648147,748593,486489,0,2883229,
m-b9-p015-r011-y2026,M,B.9,15,375,https://github.com/tordecilla/unprogrammed-appropriations/releases/download/pdfs-agency-expenditure-pages-v1/annex-m-p015.pdf,Civil Service Commission (CSC),DEPARTMENTS > Civil Service Commission (CSC),subtotal,False,2026,proposed,thousand pesos,PHP,1838589,1189195,1267066,0,4294850,
m-b9-p015-r012-y2024,M,B.9,15,375,https://github.com/tordecilla/unprogrammed-appropriations/releases/download/pdfs-agency-expenditure-pages-v1/annex-m-p015.pdf,Civil Service Commission,DEPARTMENTS > Civil Service Commission (CSC) > Civil Service Commission,detail,True,2024,actual,thousand pesos,PHP,1654904,524438,185034,0,2364376,
m-b9-p015-r012-y2025,M,B.9,15,375,https://github.com/tordecilla/unprogrammed-appropriations/releases/download/pdfs-agency-expenditure-pages-v1/annex-m-p015.pdf,Civil Service Commission,DEPARTMENTS > Civil Service Commission (CSC) > Civil Service Commission,detail,True,2025,program,thousand pesos,PHP,1605621,691622,485989,0,2783232,
m-b9-p015-r012-y2026,M,B.9,15,375,https://github.com/tordecilla/unprogrammed-appropriations/releases/download/pdfs-agency-expenditure-pages-v1/annex-m-p015.pdf,Civil Service Commission,DEPARTMENTS > Civil Service Commission (CSC) > Civil Service Commission,detail,True,2026,proposed,thousand pesos,PHP,1789047,1132738,1266436,0,4188221,
m-b9-p015-r013-y2024,M,B.9,15,375,https://github.com/tordecilla/unprogrammed-appropriations/releases/download/pdfs-agency-expenditure-pages-v1/annex-m-p015.pdf,Career Executive Service Board,DEPARTMENTS > Civil Service Commission (CSC) > Career Executive Service Board,detail,True,2024,actual,thousand pesos,PHP,49256,41789,229,0,91274,
m-b9-p015-r013-y2025,M,B.9,15,375,https://github.com/tordecilla/unprogrammed-appropriations/releases/download/pdfs-agency-expenditure-pages-v1/annex-m-p015.pdf,Career Executive Service Board,DEPARTMENTS > Civil Service Commission (CSC) > Career Executive Service Board,detail,True,2025,program,thousand pesos,PHP,42526,56971,500,0,99997,
m-b9-p015-r013-y2026,M,B.9,15,375,https://github.com/tordecilla/unprogrammed-appropriations/releases/download/pdfs-agency-expenditure-pages-v1/annex-m-p015.pdf,Career Executive Service Board,DEPARTMENTS > Civil Service Commission (CSC) > Career Executive Service Board,detail,True,2026,proposed,thousand pesos,PHP,49542,56457,630,0,106629,
m-b9-p015-r014-y2024,M,B.9,15,375,https://github.com/tordecilla/unprogrammed-appropriations/releases/download/pdfs-agency-expenditure-pages-v1/annex-m-p015.pdf,Commission on Audit (COA),DEPARTMENTS > Commission on Audit (COA),subtotal,False,2024,actual,thousand pesos,PHP,13394901,921037,870518,0,15186456,
m-b9-p015-r014-y2025,M,B.9,15,375,https://github.com/tordecilla/unprogrammed-appropriations/releases/download/pdfs-agency-expenditure-pages-v1/annex-m-p015.pdf,Commission on Audit (COA),DEPARTMENTS > Commission on Audit (COA),subtotal,False,2025,program,thousand pesos,PHP,12551130,954447,111763,0,13617340,
m-b9-p015-r014-y2026,M,B.9,15,375,https://github.com/tordecilla/unprogrammed-appropriations/releases/download/pdfs-agency-expenditure-pages-v1/annex-m-p015.pdf,Commission on Audit (COA),DEPARTMENTS > Commission on Audit (COA),subtotal,False,2026,proposed,thousand pesos,PHP,14236459,724927,112374,0,15073760,
m-b9-p015-r015-y2024,M,B.9,15,375,https://github.com/tordecilla/unprogrammed-appropriations/releases/download/pdfs-agency-expenditure-pages-v1/annex-m-p015.pdf,Commission on Audit (COA),DEPARTMENTS > Commission on Audit (COA) > Commission on Audit (COA),detail,True,2024,actual,thousand pesos,PHP,13394901,921037,870518,0,15186456,
m-b9-p015-r015-y2025,M,B.9,15,375,https://github.com/tordecilla/unprogrammed-appropriations/releases/download/pdfs-agency-expenditure-pages-v1/annex-m-p015.pdf,Commission on Audit (COA),DEPARTMENTS > Commission on Audit (COA) > Commission on Audit (COA),detail,True,2025,program,thousand pesos,PHP,12551130,954447,111763,0,13617340,
m-b9-p015-r015-y2026,M,B.9,15,375,https://github.com/tordecilla/unprogrammed-appropriations/releases/download/pdfs-agency-expenditure-pages-v1/annex-m-p015.pdf,Commission on Audit (COA),DEPARTMENTS > Commission on Audit (COA) > Commission on Audit (COA),detail,True,2026,proposed,thousand pesos,PHP,14236459,724927,112374,0,15073760,
m-b9-p015-r016-y2024,M,B.9,15,375,https://github.com/tordecilla/unprogrammed-appropriations/releases/download/pdfs-agency-expenditure-pages-v1/annex-m-p015.pdf,Commission on Elections (COMELEC),DEPARTMENTS > Commission on Elections (COMELEC),subtotal,False,2024,actual,thousand pesos,PHP,5438379,25050993,403556,0,30892928,
m-b9-p015-r016-y2025,M,B.9,15,375,https://github.com/tordecilla/unprogrammed-appropriations/releases/download/pdfs-agency-expenditure-pages-v1/annex-m-p015.pdf,Commission on Elections (COMELEC),DEPARTMENTS > Commission on Elections (COMELEC),subtotal,False,2025,program,thousand pesos,PHP,6277802,25033844,4191025,0,35502671,
m-b9-p015-r016-y2026,M,B.9,15,375,https://github.com/tordecilla/unprogrammed-appropriations/releases/download/pdfs-agency-expenditure-pages-v1/annex-m-p015.pdf,Commission on Elections (COMELEC),DEPARTMENTS > Commission on Elections (COMELEC),subtotal,False,2026,proposed,thousand pesos,PHP,4296494,3717536,3834313,0,11848343,
m-b9-p015-r017-y2024,M,B.9,15,375,https://github.com/tordecilla/unprogrammed-appropriations/releases/download/pdfs-agency-expenditure-pages-v1/annex-m-p015.pdf,Commission on Elections (COMELEC),DEPARTMENTS > Commission on Elections (COMELEC) > Commission on Elections (COMELEC),detail,True,2024,actual,thousand pesos,PHP,5438379,25050993,403556,0,30892928,
m-b9-p015-r017-y2025,M,B.9,15,375,https://github.com/tordecilla/unprogrammed-appropriations/releases/download/pdfs-agency-expenditure-pages-v1/annex-m-p015.pdf,Commission on Elections (COMELEC),DEPARTMENTS > Commission on Elections (COMELEC) > Commission on Elections (COMELEC),detail,True,2025,program,thousand pesos,PHP,6277802,25033844,4191025,0,35502671,
m-b9-p015-r017-y2026,M,B.9,15,375,https://github.com/tordecilla/unprogrammed-appropriations/releases/download/pdfs-agency-expenditure-pages-v1/annex-m-p015.pdf,Commission on Elections (COMELEC),DEPARTMENTS > Commission on Elections (COMELEC) > Commission on Elections (COMELEC),detail,True,2026,proposed,thousand pesos,PHP,4296494,3717536,3834313,0,11848343,
m-b9-p015-r018-y2024,M,B.9,15,375,https://github.com/tordecilla/unprogrammed-appropriations/releases/download/pdfs-agency-expenditure-pages-v1/annex-m-p015.pdf,Office of the Ombudsman (OMB),DEPARTMENTS > Office of the Ombudsman (OMB),subtotal,False,2024,actual,thousand pesos,PHP,3156945,1922270,663533,0,5742748,
m-b9-p015-r018-y2025,M,B.9,15,375,https://github.com/tordecilla/unprogrammed-appropriations/releases/download/pdfs-agency-expenditure-pages-v1/annex-m-p015.pdf,Office of the Ombudsman (OMB),DEPARTMENTS > Office of the Ombudsman (OMB),subtotal,False,2025,program,thousand pesos,PHP,3289235,2067790,515129,0,5872154,
m-b9-p015-r018-y2026,M,B.9,15,375,https://github.com/tordecilla/unprogrammed-appropriations/releases/download/pdfs-agency-expenditure-pages-v1/annex-m-p015.pdf,Office of the Ombudsman (OMB),DEPARTMENTS > Office of the Ombudsman (OMB),subtotal,False,2026,proposed,thousand pesos,PHP,3670445,2204639,515325,0,6390409,
m-b9-p015-r019-y2024,M,B.9,15,375,https://github.com/tordecilla/unprogrammed-appropriations/releases/download/pdfs-agency-expenditure-pages-v1/annex-m-p015.pdf,Office of the Ombudsman,DEPARTMENTS > Office of the Ombudsman (OMB) > Office of the Ombudsman,detail,True,2024,actual,thousand pesos,PHP,3156945,1922270,663533,0,5742748,
m-b9-p015-r019-y2025,M,B.9,15,375,https://github.com/tordecilla/unprogrammed-appropriations/releases/download/pdfs-agency-expenditure-pages-v1/annex-m-p015.pdf,Office of the Ombudsman,DEPARTMENTS > Office of the Ombudsman (OMB) > Office of the Ombudsman,detail,True,2025,program,thousand pesos,PHP,3289235,2067790,515129,0,5872154,
m-b9-p015-r019-y2026,M,B.9,15,375,https://github.com/tordecilla/unprogrammed-appropriations/releases/download/pdfs-agency-expenditure-pages-v1/annex-m-p015.pdf,Office of the Ombudsman,DEPARTMENTS > Office of the Ombudsman (OMB) > Office of the Ombudsman,detail,True,2026,proposed,thousand pesos,PHP,3670445,2204639,515325,0,6390409,
m-b9-p015-r020-y2024,M,B.9,15,375,https://github.com/tordecilla/unprogrammed-appropriations/releases/download/pdfs-agency-expenditure-pages-v1/annex-m-p015.pdf,Commission on Human Rights (CHR),DEPARTMENTS > Commission on Human Rights (CHR),subtotal,False,2024,actual,thousand pesos,PHP,670030,357617,45103,0,1072750,
m-b9-p015-r020-y2025,M,B.9,15,375,https://github.com/tordecilla/unprogrammed-appropriations/releases/download/pdfs-agency-expenditure-pages-v1/annex-m-p015.pdf,Commission on Human Rights (CHR),DEPARTMENTS > Commission on Human Rights (CHR),subtotal,False,2025,program,thousand pesos,PHP,576014,464327,155931,0,1196272,
m-b9-p015-r020-y2026,M,B.9,15,375,https://github.com/tordecilla/unprogrammed-appropriations/releases/download/pdfs-agency-expenditure-pages-v1/annex-m-p015.pdf,Commission on Human Rights (CHR),DEPARTMENTS > Commission on Human Rights (CHR),subtotal,False,2026,proposed,thousand pesos,PHP,691498,515671,155075,0,1362244,
m-b9-p015-r021-y2024,M,B.9,15,375,https://github.com/tordecilla/unprogrammed-appropriations/releases/download/pdfs-agency-expenditure-pages-v1/annex-m-p015.pdf,Commission on Human Rights (CHR),DEPARTMENTS > Commission on Human Rights (CHR) > Commission on Human Rights (CHR),detail,True,2024,actual,thousand pesos,PHP,645700,335143,45103,0,1025946,
m-b9-p015-r021-y2025,M,B.9,15,375,https://github.com/tordecilla/unprogrammed-appropriations/releases/download/pdfs-agency-expenditure-pages-v1/annex-m-p015.pdf,Commission on Human Rights (CHR),DEPARTMENTS > Commission on Human Rights (CHR) > Commission on Human Rights (CHR),detail,True,2025,program,thousand pesos,PHP,553992,435062,151831,0,1140885,
m-b9-p015-r021-y2026,M,B.9,15,375,https://github.com/tordecilla/unprogrammed-appropriations/releases/download/pdfs-agency-expenditure-pages-v1/annex-m-p015.pdf,Commission on Human Rights (CHR),DEPARTMENTS > Commission on Human Rights (CHR) > Commission on Human Rights (CHR),detail,True,2026,proposed,thousand pesos,PHP,663231,482078,152165,0,1297474,
m-b9-p015-r022-y2024,M,B.9,15,375,https://github.com/tordecilla/unprogrammed-appropriations/releases/download/pdfs-agency-expenditure-pages-v1/annex-m-p015.pdf,Human Rights Violations Victims' Memorial Commission,DEPARTMENTS > Commission on Human Rights (CHR) > Human Rights Violations Victims' Memorial Commission,detail,True,2024,actual,thousand pesos,PHP,24330,22474,0,0,46804,
m-b9-p015-r022-y2025,M,B.9,15,375,https://github.com/tordecilla/unprogrammed-appropriations/releases/download/pdfs-agency-expenditure-pages-v1/annex-m-p015.pdf,Human Rights Violations Victims' Memorial Commission,DEPARTMENTS > Commission on Human Rights (CHR) > Human Rights Violations Victims' Memorial Commission,detail,True,2025,program,thousand pesos,PHP,22022,29265,4100,0,55387,
m-b9-p015-r022-y2026,M,B.9,15,375,https://github.com/tordecilla/unprogrammed-appropriations/releases/download/pdfs-agency-expenditure-pages-v1/annex-m-p015.pdf,Human Rights Violations Victims' Memorial Commission,DEPARTMENTS > Commission on Human Rights (CHR) > Human Rights Violations Victims' Memorial Commission,detail,True,2026,proposed,thousand pesos,PHP,28267,33593,2910,0,64770,
m-b9-p016-r001-y2024,M,B.9,16,376,https://github.com/tordecilla/unprogrammed-appropriations/releases/download/pdfs-agency-expenditure-pages-v1/annex-m-p016.pdf,SPECIAL PURPOSE FUNDS,SPECIAL PURPOSE FUNDS,section,False,2024,actual,thousand pesos,PHP,878521,1251879599,14919153,763313000,2030990273,
m-b9-p016-r001-y2025,M,B.9,16,376,https://github.com/tordecilla/unprogrammed-appropriations/releases/download/pdfs-agency-expenditure-pages-v1/annex-m-p016.pdf,SPECIAL PURPOSE FUNDS,SPECIAL PURPOSE FUNDS,section,False,2025,program,thousand pesos,PHP,254064109,1358307520,85677814,848030688,2546080131,
m-b9-p016-r001-y2026,M,B.9,16,376,https://github.com/tordecilla/unprogrammed-appropriations/releases/download/pdfs-agency-expenditure-pages-v1/annex-m-p016.pdf,SPECIAL PURPOSE FUNDS,SPECIAL PURPOSE FUNDS,section,False,2026,proposed,thousand pesos,PHP,309734100,1542927941,93832934,950000000,2896494975,
m-b9-p016-r002-y2024,M,B.9,16,376,https://github.com/tordecilla/unprogrammed-appropriations/releases/download/pdfs-agency-expenditure-pages-v1/annex-m-p016.pdf,Budgetary Support to Government Corporations (BSGC),SPECIAL PURPOSE FUNDS > Budgetary Support to Government Corporations (BSGC),subtotal,False,2024,actual,thousand pesos,PHP,371302,240675213,11612423,0,252658938,
m-b9-p016-r002-y2025,M,B.9,16,376,https://github.com/tordecilla/unprogrammed-appropriations/releases/download/pdfs-agency-expenditure-pages-v1/annex-m-p016.pdf,Budgetary Support to Government Corporations (BSGC),SPECIAL PURPOSE FUNDS > Budgetary Support to Government Corporations (BSGC),subtotal,False,2025,program,thousand pesos,PHP,371302,135160891,30474587,0,166006780,
m-b9-p016-r002-y2026,M,B.9,16,376,https://github.com/tordecilla/unprogrammed-appropriations/releases/download/pdfs-agency-expenditure-pages-v1/annex-m-p016.pdf,Budgetary Support to Government Corporations (BSGC),SPECIAL PURPOSE FUNDS > Budgetary Support to Government Corporations (BSGC),subtotal,False,2026,proposed,thousand pesos,PHP,371302,156624432,31264328,0,188260062,
m-b9-p016-r003-y2024,M,B.9,16,376,https://github.com/tordecilla/unprogrammed-appropriations/releases/download/pdfs-agency-expenditure-pages-v1/annex-m-p016.pdf,Department of Agriculture (DA),SPECIAL PURPOSE FUNDS > Budgetary Support to Government Corporations (BSGC) > Department of Agriculture (DA),subtotal,False,2024,actual,thousand pesos,PHP,218919,39787243,60000,0,40066162,
m-b9-p016-r003-y2025,M,B.9,16,376,https://github.com/tordecilla/unprogrammed-appropriations/releases/download/pdfs-agency-expenditure-pages-v1/annex-m-p016.pdf,Department of Agriculture (DA),SPECIAL PURPOSE FUNDS > Budgetary Support to Government Corporations (BSGC) > Department of Agriculture (DA),subtotal,False,2025,program,thousand pesos,PHP,218919,28457736,60000,0,28736655,
m-b9-p016-r003-y2026,M,B.9,16,376,https://github.com/tordecilla/unprogrammed-appropriations/releases/download/pdfs-agency-expenditure-pages-v1/annex-m-p016.pdf,Department of Agriculture (DA),SPECIAL PURPOSE FUNDS > Budgetary Support to Government Corporations (BSGC) > Department of Agriculture (DA),subtotal,False,2026,proposed,thousand pesos,PHP,218919,22486704,62500,0,22768123,
m-b9-p016-r004-y2024,M,B.9,16,376,https://github.com/tordecilla/unprogrammed-appropriations/releases/download/pdfs-agency-expenditure-pages-v1/annex-m-p016.pdf,National Dairy Authority,SPECIAL PURPOSE FUNDS > Budgetary Support to Government Corporations (BSGC) > Department of Agriculture (DA) > National Dairy Authority,detail,True,2024,actual,thousand pesos,PHP,0,522374,0,0,522374,
m-b9-p016-r004-y2025,M,B.9,16,376,https://github.com/tordecilla/unprogrammed-appropriations/releases/download/pdfs-agency-expenditure-pages-v1/annex-m-p016.pdf,National Dairy Authority,SPECIAL PURPOSE FUNDS > Budgetary Support to Government Corporations (BSGC) > Department of Agriculture (DA) > National Dairy Authority,detail,True,2025,program,thousand pesos,PHP,0,537813,0,0,537813,
m-b9-p016-r004-y2026,M,B.9,16,376,https://github.com/tordecilla/unprogrammed-appropriations/releases/download/pdfs-agency-expenditure-pages-v1/annex-m-p016.pdf,National Dairy Authority,SPECIAL PURPOSE FUNDS > Budgetary Support to Government Corporations (BSGC) > Department of Agriculture (DA) > National Dairy Authority,detail,True,2026,proposed,thousand pesos,PHP,0,531016,0,0,531016,
m-b9-p016-r005-y2024,M,B.9,16,376,https://github.com/tordecilla/unprogrammed-appropriations/releases/download/pdfs-agency-expenditure-pages-v1/annex-m-p016.pdf,National Food Authority,SPECIAL PURPOSE FUNDS > Budgetary Support to Government Corporations (BSGC) > Department of Agriculture (DA) > National Food Authority,detail,True,2024,actual,thousand pesos,PHP,0,21532000,0,0,21532000,
m-b9-p016-r005-y2025,M,B.9,16,376,https://github.com/tordecilla/unprogrammed-appropriations/releases/download/pdfs-agency-expenditure-pages-v1/annex-m-p016.pdf,National Food Authority,SPECIAL PURPOSE FUNDS > Budgetary Support to Government Corporations (BSGC) > Department of Agriculture (DA) > National Food Authority,detail,True,2025,program,thousand pesos,PHP,0,14453000,0,0,14453000,
m-b9-p016-r005-y2026,M,B.9,16,376,https://github.com/tordecilla/unprogrammed-appropriations/releases/download/pdfs-agency-expenditure-pages-v1/annex-m-p016.pdf,National Food Authority,SPECIAL PURPOSE FUNDS > Budgetary Support to Government Corporations (BSGC) > Department of Agriculture (DA) > National Food Authority,detail,True,2026,proposed,thousand pesos,PHP,0,11176528,0,0,11176528,
m-b9-p016-r006-y2024,M,B.9,16,376,https://github.com/tordecilla/unprogrammed-appropriations/releases/download/pdfs-agency-expenditure-pages-v1/annex-m-p016.pdf,National Tobacco Administration,SPECIAL PURPOSE FUNDS > Budgetary Support to Government Corporations (BSGC) > Department of Agriculture (DA) > National Tobacco Administration,detail,True,2024,actual,thousand pesos,PHP,218919,271585,60000,0,550504,
m-b9-p016-r006-y2025,M,B.9,16,376,https://github.com/tordecilla/unprogrammed-appropriations/releases/download/pdfs-agency-expenditure-pages-v1/annex-m-p016.pdf,National Tobacco Administration,SPECIAL PURPOSE FUNDS > Budgetary Support to Government Corporations (BSGC) > Department of Agriculture (DA) > National Tobacco Administration,detail,True,2025,program,thousand pesos,PHP,218919,271585,60000,0,550504,
m-b9-p016-r006-y2026,M,B.9,16,376,https://github.com/tordecilla/unprogrammed-appropriations/releases/download/pdfs-agency-expenditure-pages-v1/annex-m-p016.pdf,National Tobacco Administration,SPECIAL PURPOSE FUNDS > Budgetary Support to Government Corporations (BSGC) > Department of Agriculture (DA) > National Tobacco Administration,detail,True,2026,proposed,thousand pesos,PHP,218919,274608,62500,0,556027,
m-b9-p016-r007-y2024,M,B.9,16,376,https://github.com/tordecilla/unprogrammed-appropriations/releases/download/pdfs-agency-expenditure-pages-v1/annex-m-p016.pdf,Philippine Coconut Authority,SPECIAL PURPOSE FUNDS > Budgetary Support to Government Corporations (BSGC) > Department of Agriculture (DA) > Philippine Coconut Authority,detail,True,2024,actual,thousand pesos,PHP,0,1181117,0,0,1181117,
m-b9-p016-r007-y2025,M,B.9,16,376,https://github.com/tordecilla/unprogrammed-appropriations/releases/download/pdfs-agency-expenditure-pages-v1/annex-m-p016.pdf,Philippine Coconut Authority,SPECIAL PURPOSE FUNDS > Budgetary Support to Government Corporations (BSGC) > Department of Agriculture (DA) > Philippine Coconut Authority,detail,True,2025,program,thousand pesos,PHP,0,1215397,0,0,1215397,
m-b9-p016-r007-y2026,M,B.9,16,376,https://github.com/tordecilla/unprogrammed-appropriations/releases/download/pdfs-agency-expenditure-pages-v1/annex-m-p016.pdf,Philippine Coconut Authority,SPECIAL PURPOSE FUNDS > Budgetary Support to Government Corporations (BSGC) > Department of Agriculture (DA) > Philippine Coconut Authority,detail,True,2026,proposed,thousand pesos,PHP,0,1924720,0,0,1924720,
m-b9-p016-r008-y2024,M,B.9,16,376,https://github.com/tordecilla/unprogrammed-appropriations/releases/download/pdfs-agency-expenditure-pages-v1/annex-m-p016.pdf,Philippine Crop Insurance Corporation,SPECIAL PURPOSE FUNDS > Budgetary Support to Government Corporations (BSGC) > Department of Agriculture (DA) > Philippine Crop Insurance Corporation,detail,True,2024,actual,thousand pesos,PHP,0,4500000,0,0,4500000,
m-b9-p016-r008-y2025,M,B.9,16,376,https://github.com/tordecilla/unprogrammed-appropriations/releases/download/pdfs-agency-expenditure-pages-v1/annex-m-p016.pdf,Philippine Crop Insurance Corporation,SPECIAL PURPOSE FUNDS > Budgetary Support to Government Corporations (BSGC) > Department of Agriculture (DA) > Philippine Crop Insurance Corporation,detail,True,2025,program,thousand pesos,PHP,0,4500000,0,0,4500000,
m-b9-p016-r008-y2026,M,B.9,16,376,https://github.com/tordecilla/unprogrammed-appropriations/releases/download/pdfs-agency-expenditure-pages-v1/annex-m-p016.pdf,Philippine Crop Insurance Corporation,SPECIAL PURPOSE FUNDS > Budgetary Support to Government Corporations (BSGC) > Department of Agriculture (DA) > Philippine Crop Insurance Corporation,detail,True,2026,proposed,thousand pesos,PHP,0,4500000,0,0,4500000,
m-b9-p016-r009-y2024,M,B.9,16,376,https://github.com/tordecilla/unprogrammed-appropriations/releases/download/pdfs-agency-expenditure-pages-v1/annex-m-p016.pdf,Philippine Fisheries Development Authority,SPECIAL PURPOSE FUNDS > Budgetary Support to Government Corporations (BSGC) > Department of Agriculture (DA) > Philippine Fisheries Development Authority,detail,True,2024,actual,thousand pesos,PHP,0,6037082,0,0,6037082,
m-b9-p016-r009-y2025,M,B.9,16,376,https://github.com/tordecilla/unprogrammed-appropriations/releases/download/pdfs-agency-expenditure-pages-v1/annex-m-p016.pdf,Philippine Fisheries Development Authority,SPECIAL PURPOSE FUNDS > Budgetary Support to Government Corporations (BSGC) > Department of Agriculture (DA) > Philippine Fisheries Development Authority,detail,True,2025,program,thousand pesos,PHP,0,5525549,0,0,5525549,
m-b9-p016-r009-y2026,M,B.9,16,376,https://github.com/tordecilla/unprogrammed-appropriations/releases/download/pdfs-agency-expenditure-pages-v1/annex-m-p016.pdf,Philippine Fisheries Development Authority,SPECIAL PURPOSE FUNDS > Budgetary Support to Government Corporations (BSGC) > Department of Agriculture (DA) > Philippine Fisheries Development Authority,detail,True,2026,proposed,thousand pesos,PHP,0,2100000,0,0,2100000,
m-b9-p016-r010-y2024,M,B.9,16,376,https://github.com/tordecilla/unprogrammed-appropriations/releases/download/pdfs-agency-expenditure-pages-v1/annex-m-p016.pdf,Philippine Rice Research Institute,SPECIAL PURPOSE FUNDS > Budgetary Support to Government Corporations (BSGC) > Department of Agriculture (DA) > Philippine Rice Research Institute,detail,True,2024,actual,thousand pesos,PHP,0,5231245,0,0,5231245,
m-b9-p016-r010-y2025,M,B.9,16,376,https://github.com/tordecilla/unprogrammed-appropriations/releases/download/pdfs-agency-expenditure-pages-v1/annex-m-p016.pdf,Philippine Rice Research Institute,SPECIAL PURPOSE FUNDS > Budgetary Support to Government Corporations (BSGC) > Department of Agriculture (DA) > Philippine Rice Research Institute,detail,True,2025,program,thousand pesos,PHP,0,954392,0,0,954392,
m-b9-p016-r010-y2026,M,B.9,16,376,https://github.com/tordecilla/unprogrammed-appropriations/releases/download/pdfs-agency-expenditure-pages-v1/annex-m-p016.pdf,Philippine Rice Research Institute,SPECIAL PURPOSE FUNDS > Budgetary Support to Government Corporations (BSGC) > Department of Agriculture (DA) > Philippine Rice Research Institute,detail,True,2026,proposed,thousand pesos,PHP,0,979832,0,0,979832,
m-b9-p016-r011-y2024,M,B.9,16,376,https://github.com/tordecilla/unprogrammed-appropriations/releases/download/pdfs-agency-expenditure-pages-v1/annex-m-p016.pdf,Sugar Regulatory Administration,SPECIAL PURPOSE FUNDS > Budgetary Support to Government Corporations (BSGC) > Department of Agriculture (DA) > Sugar Regulatory Administration,detail,True,2024,actual,thousand pesos,PHP,0,511840,0,0,511840,
m-b9-p016-r011-y2025,M,B.9,16,376,https://github.com/tordecilla/unprogrammed-appropriations/releases/download/pdfs-agency-expenditure-pages-v1/annex-m-p016.pdf,Sugar Regulatory Administration,SPECIAL PURPOSE FUNDS > Budgetary Support to Government Corporations (BSGC) > Department of Agriculture (DA) > Sugar Regulatory Administration,detail,True,2025,program,thousand pesos,PHP,0,1000000,0,0,1000000,
m-b9-p016-r011-y2026,M,B.9,16,376,https://github.com/tordecilla/unprogrammed-appropriations/releases/download/pdfs-agency-expenditure-pages-v1/annex-m-p016.pdf,Sugar Regulatory Administration,SPECIAL PURPOSE FUNDS > Budgetary Support to Government Corporations (BSGC) > Department of Agriculture (DA) > Sugar Regulatory Administration,detail,True,2026,proposed,thousand pesos,PHP,0,1000000,0,0,1000000,
m-b9-p016-r012-y2024,M,B.9,16,376,https://github.com/tordecilla/unprogrammed-appropriations/releases/download/pdfs-agency-expenditure-pages-v1/annex-m-p016.pdf,Department of Energy (DOE),SPECIAL PURPOSE FUNDS > Budgetary Support to Government Corporations (BSGC) > Department of Energy (DOE),subtotal,False,2024,actual,thousand pesos,PHP,0,22908065,470000,0,23378065,
m-b9-p016-r012-y2025,M,B.9,16,376,https://github.com/tordecilla/unprogrammed-appropriations/releases/download/pdfs-agency-expenditure-pages-v1/annex-m-p016.pdf,Department of Energy (DOE),SPECIAL PURPOSE FUNDS > Budgetary Support to Government Corporations (BSGC) > Department of Energy (DOE),subtotal,False,2025,program,thousand pesos,PHP,0,13918242,795000,0,14713242,
m-b9-p016-r012-y2026,M,B.9,16,376,https://github.com/tordecilla/unprogrammed-appropriations/releases/download/pdfs-agency-expenditure-pages-v1/annex-m-p016.pdf,Department of Energy (DOE),SPECIAL PURPOSE FUNDS > Budgetary Support to Government Corporations (BSGC) > Department of Energy (DOE),subtotal,False,2026,proposed,thousand pesos,PHP,0,15193577,810000,0,16003577,
m-b9-p016-r013-y2024,M,B.9,16,376,https://github.com/tordecilla/unprogrammed-appropriations/releases/download/pdfs-agency-expenditure-pages-v1/annex-m-p016.pdf,National Electrification Administration,SPECIAL PURPOSE FUNDS > Budgetary Support to Government Corporations (BSGC) > Department of Energy (DOE) > National Electrification Administration,detail,True,2024,actual,thousand pesos,PHP,0,5551892,470000,0,6021892,
m-b9-p016-r013-y2025,M,B.9,16,376,https://github.com/tordecilla/unprogrammed-appropriations/releases/download/pdfs-agency-expenditure-pages-v1/annex-m-p016.pdf,National Electrification Administration,SPECIAL PURPOSE FUNDS > Budgetary Support to Government Corporations (BSGC) > Department of Energy (DOE) > National Electrification Administration,detail,True,2025,program,thousand pesos,PHP,0,5047337,795000,0,5842337,
m-b9-p016-r013-y2026,M,B.9,16,376,https://github.com/tordecilla/unprogrammed-appropriations/releases/download/pdfs-agency-expenditure-pages-v1/annex-m-p016.pdf,National Electrification Administration,SPECIAL PURPOSE FUNDS > Budgetary Support to Government Corporations (BSGC) > Department of Energy (DOE) > National Electrification Administration,detail,True,2026,proposed,thousand pesos,PHP,0,5634200,810000,0,6444200,
m-b9-p016-r014-y2024,M,B.9,16,376,https://github.com/tordecilla/unprogrammed-appropriations/releases/download/pdfs-agency-expenditure-pages-v1/annex-m-p016.pdf,National Power Corporation,SPECIAL PURPOSE FUNDS > Budgetary Support to Government Corporations (BSGC) > Department of Energy (DOE) > National Power Corporation,detail,True,2024,actual,thousand pesos,PHP,0,7345988,0,0,7345988,
m-b9-p016-r014-y2025,M,B.9,16,376,https://github.com/tordecilla/unprogrammed-appropriations/releases/download/pdfs-agency-expenditure-pages-v1/annex-m-p016.pdf,National Power Corporation,SPECIAL PURPOSE FUNDS > Budgetary Support to Government Corporations (BSGC) > Department of Energy (DOE) > National Power Corporation,detail,True,2025,program,thousand pesos,PHP,0,870905,0,0,870905,
m-b9-p016-r014-y2026,M,B.9,16,376,https://github.com/tordecilla/unprogrammed-appropriations/releases/download/pdfs-agency-expenditure-pages-v1/annex-m-p016.pdf,National Power Corporation,SPECIAL PURPOSE FUNDS > Budgetary Support to Government Corporations (BSGC) > Department of Energy (DOE) > National Power Corporation,detail,True,2026,proposed,thousand pesos,PHP,0,1559377,0,0,1559377,
m-b9-p016-r015-y2024,M,B.9,16,376,https://github.com/tordecilla/unprogrammed-appropriations/releases/download/pdfs-agency-expenditure-pages-v1/annex-m-p016.pdf,National Transmission Corporation,SPECIAL PURPOSE FUNDS > Budgetary Support to Government Corporations (BSGC) > Department of Energy (DOE) > National Transmission Corporation,detail,True,2024,actual,thousand pesos,PHP,0,2010185,0,0,2010185,
m-b9-p016-r015-y2025,M,B.9,16,376,https://github.com/tordecilla/unprogrammed-appropriations/releases/download/pdfs-agency-expenditure-pages-v1/annex-m-p016.pdf,National Transmission Corporation,SPECIAL PURPOSE FUNDS > Budgetary Support to Government Corporations (BSGC) > Department of Energy (DOE) > National Transmission Corporation,detail,True,2025,program,thousand pesos,PHP,0,0,0,0,0,
m-b9-p016-r015-y2026,M,B.9,16,376,https://github.com/tordecilla/unprogrammed-appropriations/releases/download/pdfs-agency-expenditure-pages-v1/annex-m-p016.pdf,National Transmission Corporation,SPECIAL PURPOSE FUNDS > Budgetary Support to Government Corporations (BSGC) > Department of Energy (DOE) > National Transmission Corporation,detail,True,2026,proposed,thousand pesos,PHP,0,0,0,0,0,
m-b9-p016-r016-y2024,M,B.9,16,376,https://github.com/tordecilla/unprogrammed-appropriations/releases/download/pdfs-agency-expenditure-pages-v1/annex-m-p016.pdf,Power Sector Assets and Liabilities Management Corporation,SPECIAL PURPOSE FUNDS > Budgetary Support to Government Corporations (BSGC) > Department of Energy (DOE) > Power Sector Assets and Liabilities Management Corporation,detail,True,2024,actual,thousand pesos,PHP,0,8000000,0,0,8000000,
m-b9-p016-r016-y2025,M,B.9,16,376,https://github.com/tordecilla/unprogrammed-appropriations/releases/download/pdfs-agency-expenditure-pages-v1/annex-m-p016.pdf,Power Sector Assets and Liabilities Management Corporation,SPECIAL PURPOSE FUNDS > Budgetary Support to Government Corporations (BSGC) > Department of Energy (DOE) > Power Sector Assets and Liabilities Management Corporation,detail,True,2025,program,thousand pesos,PHP,0,8000000,0,0,8000000,
m-b9-p016-r016-y2026,M,B.9,16,376,https://github.com/tordecilla/unprogrammed-appropriations/releases/download/pdfs-agency-expenditure-pages-v1/annex-m-p016.pdf,Power Sector Assets and Liabilities Management Corporation,SPECIAL PURPOSE FUNDS > Budgetary Support to Government Corporations (BSGC) > Department of Energy (DOE) > Power Sector Assets and Liabilities Management Corporation,detail,True,2026,proposed,thousand pesos,PHP,0,8000000,0,0,8000000,
m-b9-p016-r017-y2024,M,B.9,16,376,https://github.com/tordecilla/unprogrammed-appropriations/releases/download/pdfs-agency-expenditure-pages-v1/annex-m-p016.pdf,Department of Environment and Natural Resources (DENR),SPECIAL PURPOSE FUNDS > Budgetary Support to Government Corporations (BSGC) > Department of Environment and Natural Resources (DENR),subtotal,False,2024,actual,thousand pesos,PHP,0,1053023,0,0,1053023,
m-b9-p016-r017-y2025,M,B.9,16,376,https://github.com/tordecilla/unprogrammed-appropriations/releases/download/pdfs-agency-expenditure-pages-v1/annex-m-p016.pdf,Department of Environment and Natural Resources (DENR),SPECIAL PURPOSE FUNDS > Budgetary Support to Government Corporations (BSGC) > Department of Environment and Natural Resources (DENR),subtotal,False,2025,program,thousand pesos,PHP,0,564753,0,0,564753,
m-b9-p016-r017-y2026,M,B.9,16,376,https://github.com/tordecilla/unprogrammed-appropriations/releases/download/pdfs-agency-expenditure-pages-v1/annex-m-p016.pdf,Department of Environment and Natural Resources (DENR),SPECIAL PURPOSE FUNDS > Budgetary Support to Government Corporations (BSGC) > Department of Environment and Natural Resources (DENR),subtotal,False,2026,proposed,thousand pesos,PHP,0,236597,0,0,236597,
m-b9-p016-r018-y2024,M,B.9,16,376,https://github.com/tordecilla/unprogrammed-appropriations/releases/download/pdfs-agency-expenditure-pages-v1/annex-m-p016.pdf,Local Water Utilities Administration,SPECIAL PURPOSE FUNDS > Budgetary Support to Government Corporations (BSGC) > Local Water Utilities Administration,detail,True,2024,actual,thousand pesos,PHP,0,884626,0,0,884626,
m-b9-p016-r018-y2025,M,B.9,16,376,https://github.com/tordecilla/unprogrammed-appropriations/releases/download/pdfs-agency-expenditure-pages-v1/annex-m-p016.pdf,Local Water Utilities Administration,SPECIAL PURPOSE FUNDS > Budgetary Support to Government Corporations (BSGC) > Local Water Utilities Administration,detail,True,2025,program,thousand pesos,PHP,0,395170,0,0,395170,
m-b9-p016-r018-y2026,M,B.9,16,376,https://github.com/tordecilla/unprogrammed-appropriations/releases/download/pdfs-agency-expenditure-pages-v1/annex-m-p016.pdf,Local Water Utilities Administration,SPECIAL PURPOSE FUNDS > Budgetary Support to Government Corporations (BSGC) > Local Water Utilities Administration,detail,True,2026,proposed,thousand pesos,PHP,0,29550,0,0,29550,
m-b9-p016-r019-y2024,M,B.9,16,376,https://github.com/tordecilla/unprogrammed-appropriations/releases/download/pdfs-agency-expenditure-pages-v1/annex-m-p016.pdf,Metropolitan Waterworks and Sewerage System - Regulatory Office,SPECIAL PURPOSE FUNDS > Budgetary Support to Government Corporations (BSGC) > Metropolitan Waterworks and Sewerage System - Regulatory Office,detail,True,2024,actual,thousand pesos,PHP,0,168397,0,0,168397,
m-b9-p016-r019-y2025,M,B.9,16,376,https://github.com/tordecilla/unprogrammed-appropriations/releases/download/pdfs-agency-expenditure-pages-v1/annex-m-p016.pdf,Metropolitan Waterworks and Sewerage System - Regulatory Office,SPECIAL PURPOSE FUNDS > Budgetary Support to Government Corporations (BSGC) > Metropolitan Waterworks and Sewerage System - Regulatory Office,detail,True,2025,program,thousand pesos,PHP,0,169583,0,0,169583,
m-b9-p016-r019-y2026,M,B.9,16,376,https://github.com/tordecilla/unprogrammed-appropriations/releases/download/pdfs-agency-expenditure-pages-v1/annex-m-p016.pdf,Metropolitan Waterworks and Sewerage System - Regulatory Office,SPECIAL PURPOSE FUNDS > Budgetary Support to Government Corporations (BSGC) > Metropolitan Waterworks and Sewerage System - Regulatory Office,detail,True,2026,proposed,thousand pesos,PHP,0,207047,0,0,207047,
m-b9-p016-r020-y2024,M,B.9,16,376,https://github.com/tordecilla/unprogrammed-appropriations/releases/download/pdfs-agency-expenditure-pages-v1/annex-m-p016.pdf,Department of Finance (DOF),SPECIAL PURPOSE FUNDS > Budgetary Support to Government Corporations (BSGC) > Department of Finance (DOF),subtotal,False,2024,actual,thousand pesos,PHP,0,1206583,1828724,0,3035307,
m-b9-p016-r020-y2025,M,B.9,16,376,https://github.com/tordecilla/unprogrammed-appropriations/releases/download/pdfs-agency-expenditure-pages-v1/annex-m-p016.pdf,Department of Finance (DOF),SPECIAL PURPOSE FUNDS > Budgetary Support to Government Corporations (BSGC) > Department of Finance (DOF),subtotal,False,2025,program,thousand pesos,PHP,0,58227,0,0,58227,
m-b9-p016-r020-y2026,M,B.9,16,376,https://github.com/tordecilla/unprogrammed-appropriations/releases/download/pdfs-agency-expenditure-pages-v1/annex-m-p016.pdf,Department of Finance (DOF),SPECIAL PURPOSE FUNDS > Budgetary Support to Government Corporations (BSGC) > Department of Finance (DOF),subtotal,False,2026,proposed,thousand pesos,PHP,0,58227,0,0,58227,
m-b9-p016-r021-y2024,M,B.9,16,376,https://github.com/tordecilla/unprogrammed-appropriations/releases/download/pdfs-agency-expenditure-pages-v1/annex-m-p016.pdf,Land Bank of the Philippines,SPECIAL PURPOSE FUNDS > Budgetary Support to Government Corporations (BSGC) > Department of Finance (DOF) > Land Bank of the Philippines,detail,True,2024,actual,thousand pesos,PHP,0,1156784,1328724,0,2485508,
m-b9-p016-r021-y2025,M,B.9,16,376,https://github.com/tordecilla/unprogrammed-appropriations/releases/download/pdfs-agency-expenditure-pages-v1/annex-m-p016.pdf,Land Bank of the Philippines,SPECIAL PURPOSE FUNDS > Budgetary Support to Government Corporations (BSGC) > Department of Finance (DOF) > Land Bank of the Philippines,detail,True,2025,program,thousand pesos,PHP,0,0,0,0,0,
m-b9-p016-r021-y2026,M,B.9,16,376,https://github.com/tordecilla/unprogrammed-appropriations/releases/download/pdfs-agency-expenditure-pages-v1/annex-m-p016.pdf,Land Bank of the Philippines,SPECIAL PURPOSE FUNDS > Budgetary Support to Government Corporations (BSGC) > Department of Finance (DOF) > Land Bank of the Philippines,detail,True,2026,proposed,thousand pesos,PHP,0,0,0,0,0,
m-b9-p016-r022-y2024,M,B.9,16,376,https://github.com/tordecilla/unprogrammed-appropriations/releases/download/pdfs-agency-expenditure-pages-v1/annex-m-p016.pdf,Development Bank of the Philippines,SPECIAL PURPOSE FUNDS > Budgetary Support to Government Corporations (BSGC) > Department of Finance (DOF) > Development Bank of the Philippines,detail,True,2024,actual,thousand pesos,PHP,0,0,500000,0,500000,
m-b9-p016-r022-y2025,M,B.9,16,376,https://github.com/tordecilla/unprogrammed-appropriations/releases/download/pdfs-agency-expenditure-pages-v1/annex-m-p016.pdf,Development Bank of the Philippines,SPECIAL PURPOSE FUNDS > Budgetary Support to Government Corporations (BSGC) > Department of Finance (DOF) > Development Bank of the Philippines,detail,True,2025,program,thousand pesos,PHP,0,0,0,0,0,
m-b9-p016-r022-y2026,M,B.9,16,376,https://github.com/tordecilla/unprogrammed-appropriations/releases/download/pdfs-agency-expenditure-pages-v1/annex-m-p016.pdf,Development Bank of the Philippines,SPECIAL PURPOSE FUNDS > Budgetary Support to Government Corporations (BSGC) > Department of Finance (DOF) > Development Bank of the Philippines,detail,True,2026,proposed,thousand pesos,PHP,0,0,0,0,0,
m-b9-p017-r001-y2024,M,B.9,17,377,https://github.com/tordecilla/unprogrammed-appropriations/releases/download/pdfs-agency-expenditure-pages-v1/annex-m-p017.pdf,Philippine Tax Academy,Budgetary Support to Government Corporations (BSGC) > Department of Finance (DOF) > Philippine Tax Academy,detail,True,2024,actual,thousand pesos,PHP,0,49799,0,0,49799,
m-b9-p017-r001-y2025,M,B.9,17,377,https://github.com/tordecilla/unprogrammed-appropriations/releases/download/pdfs-agency-expenditure-pages-v1/annex-m-p017.pdf,Philippine Tax Academy,Budgetary Support to Government Corporations (BSGC) > Department of Finance (DOF) > Philippine Tax Academy,detail,True,2025,program,thousand pesos,PHP,0,58227,0,0,58227,
m-b9-p017-r001-y2026,M,B.9,17,377,https://github.com/tordecilla/unprogrammed-appropriations/releases/download/pdfs-agency-expenditure-pages-v1/annex-m-p017.pdf,Philippine Tax Academy,Budgetary Support to Government Corporations (BSGC) > Department of Finance (DOF) > Philippine Tax Academy,detail,True,2026,proposed,thousand pesos,PHP,0,58227,0,0,58227,
m-b9-p017-r002-y2024,M,B.9,17,377,https://github.com/tordecilla/unprogrammed-appropriations/releases/download/pdfs-agency-expenditure-pages-v1/annex-m-p017.pdf,Department of Health (DOH),Budgetary Support to Government Corporations (BSGC) > Department of Health (DOH),subtotal,False,2024,actual,thousand pesos,PHP,0,68725065,0,0,68725065,
m-b9-p017-r002-y2025,M,B.9,17,377,https://github.com/tordecilla/unprogrammed-appropriations/releases/download/pdfs-agency-expenditure-pages-v1/annex-m-p017.pdf,Department of Health (DOH),Budgetary Support to Government Corporations (BSGC) > Department of Health (DOH),subtotal,False,2025,program,thousand pesos,PHP,0,6076583,0,0,6076583,
m-b9-p017-r002-y2026,M,B.9,17,377,https://github.com/tordecilla/unprogrammed-appropriations/releases/download/pdfs-agency-expenditure-pages-v1/annex-m-p017.pdf,Department of Health (DOH),Budgetary Support to Government Corporations (BSGC) > Department of Health (DOH),subtotal,False,2026,proposed,thousand pesos,PHP,0,59948557,0,0,59948557,
m-b9-p017-r003-y2024,M,B.9,17,377,https://github.com/tordecilla/unprogrammed-appropriations/releases/download/pdfs-agency-expenditure-pages-v1/annex-m-p017.pdf,Lung Center of the Philippines,Budgetary Support to Government Corporations (BSGC) > Department of Health (DOH) > Lung Center of the Philippines,detail,True,2024,actual,thousand pesos,PHP,0,791107,0,0,791107,
m-b9-p017-r003-y2025,M,B.9,17,377,https://github.com/tordecilla/unprogrammed-appropriations/releases/download/pdfs-agency-expenditure-pages-v1/annex-m-p017.pdf,Lung Center of the Philippines,Budgetary Support to Government Corporations (BSGC) > Department of Health (DOH) > Lung Center of the Philippines,detail,True,2025,program,thousand pesos,PHP,0,713585,0,0,713585,
m-b9-p017-r003-y2026,M,B.9,17,377,https://github.com/tordecilla/unprogrammed-appropriations/releases/download/pdfs-agency-expenditure-pages-v1/annex-m-p017.pdf,Lung Center of the Philippines,Budgetary Support to Government Corporations (BSGC) > Department of Health (DOH) > Lung Center of the Philippines,detail,True,2026,proposed,thousand pesos,PHP,0,918790,0,0,918790,
m-b9-p017-r004-y2024,M,B.9,17,377,https://github.com/tordecilla/unprogrammed-appropriations/releases/download/pdfs-agency-expenditure-pages-v1/annex-m-p017.pdf,National Kidney and Transplant Institute,Budgetary Support to Government Corporations (BSGC) > Department of Health (DOH) > National Kidney and Transplant Institute,detail,True,2024,actual,thousand pesos,PHP,0,1626054,0,0,1626054,
m-b9-p017-r004-y2025,M,B.9,17,377,https://github.com/tordecilla/unprogrammed-appropriations/releases/download/pdfs-agency-expenditure-pages-v1/annex-m-p017.pdf,National Kidney and Transplant Institute,Budgetary Support to Government Corporations (BSGC) > Department of Health (DOH) > National Kidney and Transplant Institute,detail,True,2025,program,thousand pesos,PHP,0,1491386,0,0,1491386,
m-b9-p017-r004-y2026,M,B.9,17,377,https://github.com/tordecilla/unprogrammed-appropriations/releases/download/pdfs-agency-expenditure-pages-v1/annex-m-p017.pdf,National Kidney and Transplant Institute,Budgetary Support to Government Corporations (BSGC) > Department of Health (DOH) > National Kidney and Transplant Institute,detail,True,2026,proposed,thousand pesos,PHP,0,1512329,0,0,1512329,
m-b9-p017-r005-y2024,M,B.9,17,377,https://github.com/tordecilla/unprogrammed-appropriations/releases/download/pdfs-agency-expenditure-pages-v1/annex-m-p017.pdf,Philippine Children’s Medical Center,Budgetary Support to Government Corporations (BSGC) > Department of Health (DOH) > Philippine Children’s Medical Center,detail,True,2024,actual,thousand pesos,PHP,0,1955587,0,0,1955587,
m-b9-p017-r005-y2025,M,B.9,17,377,https://github.com/tordecilla/unprogrammed-appropriations/releases/download/pdfs-agency-expenditure-pages-v1/annex-m-p017.pdf,Philippine Children’s Medical Center,Budgetary Support to Government Corporations (BSGC) > Department of Health (DOH) > Philippine Children’s Medical Center,detail,True,2025,program,thousand pesos,PHP,0,1399466,0,0,1399466,
m-b9-p017-r005-y2026,M,B.9,17,377,https://github.com/tordecilla/unprogrammed-appropriations/releases/download/pdfs-agency-expenditure-pages-v1/annex-m-p017.pdf,Philippine Children’s Medical Center,Budgetary Support to Government Corporations (BSGC) > Department of Health (DOH) > Philippine Children’s Medical Center,detail,True,2026,proposed,thousand pesos,PHP,0,1657594,0,0,1657594,
m-b9-p017-r006-y2024,M,B.9,17,377,https://github.com/tordecilla/unprogrammed-appropriations/releases/download/pdfs-agency-expenditure-pages-v1/annex-m-p017.pdf,Philippine Health Insurance Corporation,Budgetary Support to Government Corporations (BSGC) > Department of Health (DOH) > Philippine Health Insurance Corporation,detail,True,2024,actual,thousand pesos,PHP,0,61758649,0,0,61758649,
m-b9-p017-r006-y2025,M,B.9,17,377,https://github.com/tordecilla/unprogrammed-appropriations/releases/download/pdfs-agency-expenditure-pages-v1/annex-m-p017.pdf,Philippine Health Insurance Corporation,Budgetary Support to Government Corporations (BSGC) > Department of Health (DOH) > Philippine Health Insurance Corporation,detail,True,2025,program,thousand pesos,PHP,0,0,0,0,0,
m-b9-p017-r006-y2026,M,B.9,17,377,https://github.com/tordecilla/unprogrammed-appropriations/releases/download/pdfs-agency-expenditure-pages-v1/annex-m-p017.pdf,Philippine Health Insurance Corporation,Budgetary Support to Government Corporations (BSGC) > Department of Health (DOH) > Philippine Health Insurance Corporation,detail,True,2026,proposed,thousand pesos,PHP,0,53261930,0,0,53261930,
m-b9-p017-r007-y2024,M,B.9,17,377,https://github.com/tordecilla/unprogrammed-appropriations/releases/download/pdfs-agency-expenditure-pages-v1/annex-m-p017.pdf,Philippine Heart Center,Budgetary Support to Government Corporations (BSGC) > Department of Health (DOH) > Philippine Heart Center,detail,True,2024,actual,thousand pesos,PHP,0,2419814,0,0,2419814,
m-b9-p017-r007-y2025,M,B.9,17,377,https://github.com/tordecilla/unprogrammed-appropriations/releases/download/pdfs-agency-expenditure-pages-v1/annex-m-p017.pdf,Philippine Heart Center,Budgetary Support to Government Corporations (BSGC) > Department of Health (DOH) > Philippine Heart Center,detail,True,2025,program,thousand pesos,PHP,0,2317420,0,0,2317420,
m-b9-p017-r007-y2026,M,B.9,17,377,https://github.com/tordecilla/unprogrammed-appropriations/releases/download/pdfs-agency-expenditure-pages-v1/annex-m-p017.pdf,Philippine Heart Center,Budgetary Support to Government Corporations (BSGC) > Department of Health (DOH) > Philippine Heart Center,detail,True,2026,proposed,thousand pesos,PHP,0,2423665,0,0,2423665,
m-b9-p017-r008-y2024,M,B.9,17,377,https://github.com/tordecilla/unprogrammed-appropriations/releases/download/pdfs-agency-expenditure-pages-v1/annex-m-p017.pdf,Philippine Institute of Traditional and Alternative Health Care,Budgetary Support to Government Corporations (BSGC) > Department of Health (DOH) > Philippine Institute of Traditional and Alternative Health Care,detail,True,2024,actual,thousand pesos,PHP,0,173854,0,0,173854,
m-b9-p017-r008-y2025,M,B.9,17,377,https://github.com/tordecilla/unprogrammed-appropriations/releases/download/pdfs-agency-expenditure-pages-v1/annex-m-p017.pdf,Philippine Institute of Traditional and Alternative Health Care,Budgetary Support to Government Corporations (BSGC) > Department of Health (DOH) > Philippine Institute of Traditional and Alternative Health Care,detail,True,2025,program,thousand pesos,PHP,0,154726,0,0,154726,
m-b9-p017-r008-y2026,M,B.9,17,377,https://github.com/tordecilla/unprogrammed-appropriations/releases/download/pdfs-agency-expenditure-pages-v1/annex-m-p017.pdf,Philippine Institute of Traditional and Alternative Health Care,Budgetary Support to Government Corporations (BSGC) > Department of Health (DOH) > Philippine Institute of Traditional and Alternative Health Care,detail,True,2026,proposed,thousand pesos,PHP,0,174249,0,0,174249,
m-b9-p017-r009-y2024,M,B.9,17,377,https://github.com/tordecilla/unprogrammed-appropriations/releases/download/pdfs-agency-expenditure-pages-v1/annex-m-p017.pdf,Department of Tourism (DOT),Budgetary Support to Government Corporations (BSGC) > Department of Tourism (DOT),subtotal,False,2024,actual,thousand pesos,PHP,152383,2093309,854147,0,3099839,
m-b9-p017-r009-y2025,M,B.9,17,377,https://github.com/tordecilla/unprogrammed-appropriations/releases/download/pdfs-agency-expenditure-pages-v1/annex-m-p017.pdf,Department of Tourism (DOT),Budgetary Support to Government Corporations (BSGC) > Department of Tourism (DOT),subtotal,False,2025,program,thousand pesos,PHP,152383,2751233,0,0,2903616,
m-b9-p017-r009-y2026,M,B.9,17,377,https://github.com/tordecilla/unprogrammed-appropriations/releases/download/pdfs-agency-expenditure-pages-v1/annex-m-p017.pdf,Department of Tourism (DOT),Budgetary Support to Government Corporations (BSGC) > Department of Tourism (DOT),subtotal,False,2026,proposed,thousand pesos,PHP,152383,1187225,0,0,1339608,
m-b9-p017-r010-y2024,M,B.9,17,377,https://github.com/tordecilla/unprogrammed-appropriations/releases/download/pdfs-agency-expenditure-pages-v1/annex-m-p017.pdf,Tourism Infrastructure and Enterprise Zone Authority,Budgetary Support to Government Corporations (BSGC) > Department of Tourism (DOT) > Tourism Infrastructure and Enterprise Zone Authority,detail,True,2024,actual,thousand pesos,PHP,0,620000,0,0,620000,
m-b9-p017-r010-y2025,M,B.9,17,377,https://github.com/tordecilla/unprogrammed-appropriations/releases/download/pdfs-agency-expenditure-pages-v1/annex-m-p017.pdf,Tourism Infrastructure and Enterprise Zone Authority,Budgetary Support to Government Corporations (BSGC) > Department of Tourism (DOT) > Tourism Infrastructure and Enterprise Zone Authority,detail,True,2025,program,thousand pesos,PHP,0,1545000,0,0,1545000,
m-b9-p017-r010-y2026,M,B.9,17,377,https://github.com/tordecilla/unprogrammed-appropriations/releases/download/pdfs-agency-expenditure-pages-v1/annex-m-p017.pdf,Tourism Infrastructure and Enterprise Zone Authority,Budgetary Support to Government Corporations (BSGC) > Department of Tourism (DOT) > Tourism Infrastructure and Enterprise Zone Authority,detail,True,2026,proposed,thousand pesos,PHP,0,0,0,0,0,
m-b9-p017-r011-y2024,M,B.9,17,377,https://github.com/tordecilla/unprogrammed-appropriations/releases/download/pdfs-agency-expenditure-pages-v1/annex-m-p017.pdf,Tourism Promotions Board,Budgetary Support to Government Corporations (BSGC) > Department of Tourism (DOT) > Tourism Promotions Board,detail,True,2024,actual,thousand pesos,PHP,152383,1473309,854147,0,2479839,
m-b9-p017-r011-y2025,M,B.9,17,377,https://github.com/tordecilla/unprogrammed-appropriations/releases/download/pdfs-agency-expenditure-pages-v1/annex-m-p017.pdf,Tourism Promotions Board,Budgetary Support to Government Corporations (BSGC) > Department of Tourism (DOT) > Tourism Promotions Board,detail,True,2025,program,thousand pesos,PHP,152383,1206233,0,0,1358616,
m-b9-p017-r011-y2026,M,B.9,17,377,https://github.com/tordecilla/unprogrammed-appropriations/releases/download/pdfs-agency-expenditure-pages-v1/annex-m-p017.pdf,Tourism Promotions Board,Budgetary Support to Government Corporations (BSGC) > Department of Tourism (DOT) > Tourism Promotions Board,detail,True,2026,proposed,thousand pesos,PHP,152383,1187225,0,0,1339608,
m-b9-p017-r012-y2024,M,B.9,17,377,https://github.com/tordecilla/unprogrammed-appropriations/releases/download/pdfs-agency-expenditure-pages-v1/annex-m-p017.pdf,Department of Trade and Industry (DTI),Budgetary Support to Government Corporations (BSGC) > Department of Trade and Industry (DTI),subtotal,False,2024,actual,thousand pesos,PHP,0,1431407,0,0,1431407,
m-b9-p017-r012-y2025,M,B.9,17,377,https://github.com/tordecilla/unprogrammed-appropriations/releases/download/pdfs-agency-expenditure-pages-v1/annex-m-p017.pdf,Department of Trade and Industry (DTI),Budgetary Support to Government Corporations (BSGC) > Department of Trade and Industry (DTI),subtotal,False,2025,program,thousand pesos,PHP,0,915466,130160,0,1045626,
m-b9-p017-r012-y2026,M,B.9,17,377,https://github.com/tordecilla/unprogrammed-appropriations/releases/download/pdfs-agency-expenditure-pages-v1/annex-m-p017.pdf,Department of Trade and Industry (DTI),Budgetary Support to Government Corporations (BSGC) > Department of Trade and Industry (DTI),subtotal,False,2026,proposed,thousand pesos,PHP,0,2337230,136597,0,2473827,
m-b9-p017-r013-y2024,M,B.9,17,377,https://github.com/tordecilla/unprogrammed-appropriations/releases/download/pdfs-agency-expenditure-pages-v1/annex-m-p017.pdf,Aurora Pacific Economic Zone and Freeport Authority,Budgetary Support to Government Corporations (BSGC) > Department of Trade and Industry (DTI) > Aurora Pacific Economic Zone and Freeport Authority,detail,True,2024,actual,thousand pesos,PHP,0,235850,0,0,235850,
m-b9-p017-r013-y2025,M,B.9,17,377,https://github.com/tordecilla/unprogrammed-appropriations/releases/download/pdfs-agency-expenditure-pages-v1/annex-m-p017.pdf,Aurora Pacific Economic Zone and Freeport Authority,Budgetary Support to Government Corporations (BSGC) > Department of Trade and Industry (DTI) > Aurora Pacific Economic Zone and Freeport Authority,detail,True,2025,program,thousand pesos,PHP,0,125858,130160,0,256018,
m-b9-p017-r013-y2026,M,B.9,17,377,https://github.com/tordecilla/unprogrammed-appropriations/releases/download/pdfs-agency-expenditure-pages-v1/annex-m-p017.pdf,Aurora Pacific Economic Zone and Freeport Authority,Budgetary Support to Government Corporations (BSGC) > Department of Trade and Industry (DTI) > Aurora Pacific Economic Zone and Freeport Authority,detail,True,2026,proposed,thousand pesos,PHP,0,125858,136597,0,262455,
m-b9-p017-r014-y2024,M,B.9,17,377,https://github.com/tordecilla/unprogrammed-appropriations/releases/download/pdfs-agency-expenditure-pages-v1/annex-m-p017.pdf,Center for International Trade Expositions and Missions,Budgetary Support to Government Corporations (BSGC) > Department of Trade and Industry (DTI) > Center for International Trade Expositions and Missions,detail,True,2024,actual,thousand pesos,PHP,0,195557,0,0,195557,
m-b9-p017-r014-y2025,M,B.9,17,377,https://github.com/tordecilla/unprogrammed-appropriations/releases/download/pdfs-agency-expenditure-pages-v1/annex-m-p017.pdf,Center for International Trade Expositions and Missions,Budgetary Support to Government Corporations (BSGC) > Department of Trade and Industry (DTI) > Center for International Trade Expositions and Missions,detail,True,2025,program,thousand pesos,PHP,0,289608,0,0,289608,
m-b9-p017-r014-y2026,M,B.9,17,377,https://github.com/tordecilla/unprogrammed-appropriations/releases/download/pdfs-agency-expenditure-pages-v1/annex-m-p017.pdf,Center for International Trade Expositions and Missions,Budgetary Support to Government Corporations (BSGC) > Department of Trade and Industry (DTI) > Center for International Trade Expositions and Missions,detail,True,2026,proposed,thousand pesos,PHP,0,711372,0,0,711372,
m-b9-p017-r015-y2024,M,B.9,17,377,https://github.com/tordecilla/unprogrammed-appropriations/releases/download/pdfs-agency-expenditure-pages-v1/annex-m-p017.pdf,Small Business Corporation,Budgetary Support to Government Corporations (BSGC) > Department of Trade and Industry (DTI) > Small Business Corporation,detail,True,2024,actual,thousand pesos,PHP,0,1000000,0,0,1000000,
m-b9-p017-r015-y2025,M,B.9,17,377,https://github.com/tordecilla/unprogrammed-appropriations/releases/download/pdfs-agency-expenditure-pages-v1/annex-m-p017.pdf,Small Business Corporation,Budgetary Support to Government Corporations (BSGC) > Department of Trade and Industry (DTI) > Small Business Corporation,detail,True,2025,program,thousand pesos,PHP,0,500000,0,0,500000,
m-b9-p017-r015-y2026,M,B.9,17,377,https://github.com/tordecilla/unprogrammed-appropriations/releases/download/pdfs-agency-expenditure-pages-v1/annex-m-p017.pdf,Small Business Corporation,Budgetary Support to Government Corporations (BSGC) > Department of Trade and Industry (DTI) > Small Business Corporation,detail,True,2026,proposed,thousand pesos,PHP,0,1500000,0,0,1500000,
m-b9-p017-r016-y2024,M,B.9,17,377,https://github.com/tordecilla/unprogrammed-appropriations/releases/download/pdfs-agency-expenditure-pages-v1/annex-m-p017.pdf,"Department of Economy, Planning, and Development (DEPDev)","Budgetary Support to Government Corporations (BSGC) > Department of Economy, Planning, and Development (DEPDev)",subtotal,False,2024,actual,thousand pesos,PHP,0,973805,0,0,973805,
m-b9-p017-r016-y2025,M,B.9,17,377,https://github.com/tordecilla/unprogrammed-appropriations/releases/download/pdfs-agency-expenditure-pages-v1/annex-m-p017.pdf,"Department of Economy, Planning, and Development (DEPDev)","Budgetary Support to Government Corporations (BSGC) > Department of Economy, Planning, and Development (DEPDev)",subtotal,False,2025,program,thousand pesos,PHP,0,728806,0,0,728806,
m-b9-p017-r016-y2026,M,B.9,17,377,https://github.com/tordecilla/unprogrammed-appropriations/releases/download/pdfs-agency-expenditure-pages-v1/annex-m-p017.pdf,"Department of Economy, Planning, and Development (DEPDev)","Budgetary Support to Government Corporations (BSGC) > Department of Economy, Planning, and Development (DEPDev)",subtotal,False,2026,proposed,thousand pesos,PHP,0,1291488,0,0,1291488,
m-b9-p017-r017-y2024,M,B.9,17,377,https://github.com/tordecilla/unprogrammed-appropriations/releases/download/pdfs-agency-expenditure-pages-v1/annex-m-p017.pdf,Philippine Institute for Development Studies,"Budgetary Support to Government Corporations (BSGC) > Department of Economy, Planning, and Development (DEPDev) > Philippine Institute for Development Studies",detail,True,2024,actual,thousand pesos,PHP,0,267452,0,0,267452,
m-b9-p017-r017-y2025,M,B.9,17,377,https://github.com/tordecilla/unprogrammed-appropriations/releases/download/pdfs-agency-expenditure-pages-v1/annex-m-p017.pdf,Philippine Institute for Development Studies,"Budgetary Support to Government Corporations (BSGC) > Department of Economy, Planning, and Development (DEPDev) > Philippine Institute for Development Studies",detail,True,2025,program,thousand pesos,PHP,0,291537,0,0,291537,
m-b9-p017-r017-y2026,M,B.9,17,377,https://github.com/tordecilla/unprogrammed-appropriations/releases/download/pdfs-agency-expenditure-pages-v1/annex-m-p017.pdf,Philippine Institute for Development Studies,"Budgetary Support to Government Corporations (BSGC) > Department of Economy, Planning, and Development (DEPDev) > Philippine Institute for Development Studies",detail,True,2026,proposed,thousand pesos,PHP,0,368033,0,0,368033,
m-b9-p017-r018-y2024,M,B.9,17,377,https://github.com/tordecilla/unprogrammed-appropriations/releases/download/pdfs-agency-expenditure-pages-v1/annex-m-p017.pdf,Development Academy of the Philippines,"Budgetary Support to Government Corporations (BSGC) > Department of Economy, Planning, and Development (DEPDev) > Development Academy of the Philippines",detail,True,2024,actual,thousand pesos,PHP,0,706353,0,0,706353,
m-b9-p017-r018-y2025,M,B.9,17,377,https://github.com/tordecilla/unprogrammed-appropriations/releases/download/pdfs-agency-expenditure-pages-v1/annex-m-p017.pdf,Development Academy of the Philippines,"Budgetary Support to Government Corporations (BSGC) > Department of Economy, Planning, and Development (DEPDev) > Development Academy of the Philippines",detail,True,2025,program,thousand pesos,PHP,0,437269,0,0,437269,
m-b9-p017-r018-y2026,M,B.9,17,377,https://github.com/tordecilla/unprogrammed-appropriations/releases/download/pdfs-agency-expenditure-pages-v1/annex-m-p017.pdf,Development Academy of the Philippines,"Budgetary Support to Government Corporations (BSGC) > Department of Economy, Planning, and Development (DEPDev) > Development Academy of the Philippines",detail,True,2026,proposed,thousand pesos,PHP,0,923455,0,0,923455,
m-b9-p017-r019-y2024,M,B.9,17,377,https://github.com/tordecilla/unprogrammed-appropriations/releases/download/pdfs-agency-expenditure-pages-v1/annex-m-p017.pdf,Presidential Communications Office (PCO),Budgetary Support to Government Corporations (BSGC) > Presidential Communications Office (PCO),subtotal,False,2024,actual,thousand pesos,PHP,0,1048949,0,0,1048949,
m-b9-p017-r019-y2025,M,B.9,17,377,https://github.com/tordecilla/unprogrammed-appropriations/releases/download/pdfs-agency-expenditure-pages-v1/annex-m-p017.pdf,Presidential Communications Office (PCO),Budgetary Support to Government Corporations (BSGC) > Presidential Communications Office (PCO),subtotal,False,2025,program,thousand pesos,PHP,0,1315857,0,0,1315857,
m-b9-p017-r019-y2026,M,B.9,17,377,https://github.com/tordecilla/unprogrammed-appropriations/releases/download/pdfs-agency-expenditure-pages-v1/annex-m-p017.pdf,Presidential Communications Office (PCO),Budgetary Support to Government Corporations (BSGC) > Presidential Communications Office (PCO),subtotal,False,2026,proposed,thousand pesos,PHP,0,258764,0,0,258764,
m-b9-p017-r020-y2024,M,B.9,17,377,https://github.com/tordecilla/unprogrammed-appropriations/releases/download/pdfs-agency-expenditure-pages-v1/annex-m-p017.pdf,"People’s Television Network, Inc.","Budgetary Support to Government Corporations (BSGC) > Presidential Communications Office (PCO) > People’s Television Network, Inc.",detail,True,2024,actual,thousand pesos,PHP,0,307914,0,0,307914,
m-b9-p017-r020-y2025,M,B.9,17,377,https://github.com/tordecilla/unprogrammed-appropriations/releases/download/pdfs-agency-expenditure-pages-v1/annex-m-p017.pdf,"People’s Television Network, Inc.","Budgetary Support to Government Corporations (BSGC) > Presidential Communications Office (PCO) > People’s Television Network, Inc.",detail,True,2025,program,thousand pesos,PHP,0,215257,0,0,215257,
m-b9-p017-r020-y2026,M,B.9,17,377,https://github.com/tordecilla/unprogrammed-appropriations/releases/download/pdfs-agency-expenditure-pages-v1/annex-m-p017.pdf,"People’s Television Network, Inc.","Budgetary Support to Government Corporations (BSGC) > Presidential Communications Office (PCO) > People’s Television Network, Inc.",detail,True,2026,proposed,thousand pesos,PHP,0,136764,0,0,136764,
m-b9-p017-r021-y2024,M,B.9,17,377,https://github.com/tordecilla/unprogrammed-appropriations/releases/download/pdfs-agency-expenditure-pages-v1/annex-m-p017.pdf,Intercontinental Broadcasting Corporation,Budgetary Support to Government Corporations (BSGC) > Presidential Communications Office (PCO) > Intercontinental Broadcasting Corporation,detail,True,2024,actual,thousand pesos,PHP,0,741035,0,0,741035,
m-b9-p017-r021-y2025,M,B.9,17,377,https://github.com/tordecilla/unprogrammed-appropriations/releases/download/pdfs-agency-expenditure-pages-v1/annex-m-p017.pdf,Intercontinental Broadcasting Corporation,Budgetary Support to Government Corporations (BSGC) > Presidential Communications Office (PCO) > Intercontinental Broadcasting Corporation,detail,True,2025,program,thousand pesos,PHP,0,1100600,0,0,1100600,
m-b9-p017-r021-y2026,M,B.9,17,377,https://github.com/tordecilla/unprogrammed-appropriations/releases/download/pdfs-agency-expenditure-pages-v1/annex-m-p017.pdf,Intercontinental Broadcasting Corporation,Budgetary Support to Government Corporations (BSGC) > Presidential Communications Office (PCO) > Intercontinental Broadcasting Corporation,detail,True,2026,proposed,thousand pesos,PHP,0,122000,0,0,122000,
m-b9-p018-r001-y2024,M,B.9,18,378,https://github.com/tordecilla/unprogrammed-appropriations/releases/download/pdfs-agency-expenditure-pages-v1/annex-m-p018.pdf,Other Executive Offices (OEOs),Budgetary Support to Government Corporations (BSGC) > Other Executive Offices (OEOs),subtotal,False,2024,actual,thousand pesos,PHP,0,93165206,1347500,0,94512706,
m-b9-p018-r001-y2025,M,B.9,18,378,https://github.com/tordecilla/unprogrammed-appropriations/releases/download/pdfs-agency-expenditure-pages-v1/annex-m-p018.pdf,Other Executive Offices (OEOs),Budgetary Support to Government Corporations (BSGC) > Other Executive Offices (OEOs),subtotal,False,2025,program,thousand pesos,PHP,0,75192190,789427,0,75981617,
m-b9-p018-r001-y2026,M,B.9,18,378,https://github.com/tordecilla/unprogrammed-appropriations/releases/download/pdfs-agency-expenditure-pages-v1/annex-m-p018.pdf,Other Executive Offices (OEOs),Budgetary Support to Government Corporations (BSGC) > Other Executive Offices (OEOs),subtotal,False,2026,proposed,thousand pesos,PHP,0,49962269,1555231,0,51517500,
m-b9-p018-r002-y2024,M,B.9,18,378,https://github.com/tordecilla/unprogrammed-appropriations/releases/download/pdfs-agency-expenditure-pages-v1/annex-m-p018.pdf,National Irrigation Administration,Budgetary Support to Government Corporations (BSGC) > Other Executive Offices (OEOs) > National Irrigation Administration,detail,True,2024,actual,thousand pesos,PHP,0,77759044,0,0,77759044,
m-b9-p018-r002-y2025,M,B.9,18,378,https://github.com/tordecilla/unprogrammed-appropriations/releases/download/pdfs-agency-expenditure-pages-v1/annex-m-p018.pdf,National Irrigation Administration,Budgetary Support to Government Corporations (BSGC) > Other Executive Offices (OEOs) > National Irrigation Administration,detail,True,2025,program,thousand pesos,PHP,0,69368217,0,0,69368217,
m-b9-p018-r002-y2026,M,B.9,18,378,https://github.com/tordecilla/unprogrammed-appropriations/releases/download/pdfs-agency-expenditure-pages-v1/annex-m-p018.pdf,National Irrigation Administration,Budgetary Support to Government Corporations (BSGC) > Other Executive Offices (OEOs) > National Irrigation Administration,detail,True,2026,proposed,thousand pesos,PHP,0,45066230,0,0,45066230,
m-b9-p018-r003-y2024,M,B.9,18,378,https://github.com/tordecilla/unprogrammed-appropriations/releases/download/pdfs-agency-expenditure-pages-v1/annex-m-p018.pdf,Philippine Reclamation Authority,Budgetary Support to Government Corporations (BSGC) > Other Executive Offices (OEOs) > Philippine Reclamation Authority,detail,True,2024,actual,thousand pesos,PHP,0,6000000,0,0,6000000,
m-b9-p018-r003-y2025,M,B.9,18,378,https://github.com/tordecilla/unprogrammed-appropriations/releases/download/pdfs-agency-expenditure-pages-v1/annex-m-p018.pdf,Philippine Reclamation Authority,Budgetary Support to Government Corporations (BSGC) > Other Executive Offices (OEOs) > Philippine Reclamation Authority,detail,True,2025,program,thousand pesos,PHP,0,0,0,0,0,
m-b9-p018-r003-y2026,M,B.9,18,378,https://github.com/tordecilla/unprogrammed-appropriations/releases/download/pdfs-agency-expenditure-pages-v1/annex-m-p018.pdf,Philippine Reclamation Authority,Budgetary Support to Government Corporations (BSGC) > Other Executive Offices (OEOs) > Philippine Reclamation Authority,detail,True,2026,proposed,thousand pesos,PHP,0,0,0,0,0,
m-b9-p018-r004-y2024,M,B.9,18,378,https://github.com/tordecilla/unprogrammed-appropriations/releases/download/pdfs-agency-expenditure-pages-v1/annex-m-p018.pdf,Philippine Deposit Insurance Corporation,Budgetary Support to Government Corporations (BSGC) > Other Executive Offices (OEOs) > Philippine Deposit Insurance Corporation,detail,True,2024,actual,thousand pesos,PHP,0,4600533,0,0,4600533,
m-b9-p018-r004-y2025,M,B.9,18,378,https://github.com/tordecilla/unprogrammed-appropriations/releases/download/pdfs-agency-expenditure-pages-v1/annex-m-p018.pdf,Philippine Deposit Insurance Corporation,Budgetary Support to Government Corporations (BSGC) > Other Executive Offices (OEOs) > Philippine Deposit Insurance Corporation,detail,True,2025,program,thousand pesos,PHP,0,0,0,0,0,
m-b9-p018-r004-y2026,M,B.9,18,378,https://github.com/tordecilla/unprogrammed-appropriations/releases/download/pdfs-agency-expenditure-pages-v1/annex-m-p018.pdf,Philippine Deposit Insurance Corporation,Budgetary Support to Government Corporations (BSGC) > Other Executive Offices (OEOs) > Philippine Deposit Insurance Corporation,detail,True,2026,proposed,thousand pesos,PHP,0,0,0,0,0,
m-b9-p018-r005-y2024,M,B.9,18,378,https://github.com/tordecilla/unprogrammed-appropriations/releases/download/pdfs-agency-expenditure-pages-v1/annex-m-p018.pdf,Authority of the Freeport Area of Bataan,Budgetary Support to Government Corporations (BSGC) > Other Executive Offices (OEOs) > Authority of the Freeport Area of Bataan,detail,True,2024,actual,thousand pesos,PHP,0,0,140000,0,140000,
m-b9-p018-r005-y2025,M,B.9,18,378,https://github.com/tordecilla/unprogrammed-appropriations/releases/download/pdfs-agency-expenditure-pages-v1/annex-m-p018.pdf,Authority of the Freeport Area of Bataan,Budgetary Support to Government Corporations (BSGC) > Other Executive Offices (OEOs) > Authority of the Freeport Area of Bataan,detail,True,2025,program,thousand pesos,PHP,0,0,200000,0,200000,
m-b9-p018-r005-y2026,M,B.9,18,378,https://github.com/tordecilla/unprogrammed-appropriations/releases/download/pdfs-agency-expenditure-pages-v1/annex-m-p018.pdf,Authority of the Freeport Area of Bataan,Budgetary Support to Government Corporations (BSGC) > Other Executive Offices (OEOs) > Authority of the Freeport Area of Bataan,detail,True,2026,proposed,thousand pesos,PHP,0,100000,150000,0,250000,
m-b9-p018-r006-y2024,M,B.9,18,378,https://github.com/tordecilla/unprogrammed-appropriations/releases/download/pdfs-agency-expenditure-pages-v1/annex-m-p018.pdf,Bangko Sentral ng Pilipinas,Budgetary Support to Government Corporations (BSGC) > Other Executive Offices (OEOs) > Bangko Sentral ng Pilipinas,detail,True,2024,actual,thousand pesos,PHP,0,40000,0,0,40000,
m-b9-p018-r006-y2025,M,B.9,18,378,https://github.com/tordecilla/unprogrammed-appropriations/releases/download/pdfs-agency-expenditure-pages-v1/annex-m-p018.pdf,Bangko Sentral ng Pilipinas,Budgetary Support to Government Corporations (BSGC) > Other Executive Offices (OEOs) > Bangko Sentral ng Pilipinas,detail,True,2025,program,thousand pesos,PHP,0,0,0,0,0,
m-b9-p018-r006-y2026,M,B.9,18,378,https://github.com/tordecilla/unprogrammed-appropriations/releases/download/pdfs-agency-expenditure-pages-v1/annex-m-p018.pdf,Bangko Sentral ng Pilipinas,Budgetary Support to Government Corporations (BSGC) > Other Executive Offices (OEOs) > Bangko Sentral ng Pilipinas,detail,True,2026,proposed,thousand pesos,PHP,0,0,0,0,0,
m-b9-p018-r007-y2024,M,B.9,18,378,https://github.com/tordecilla/unprogrammed-appropriations/releases/download/pdfs-agency-expenditure-pages-v1/annex-m-p018.pdf,Bases Conversion and Development Authority,Budgetary Support to Government Corporations (BSGC) > Other Executive Offices (OEOs) > Bases Conversion and Development Authority,detail,True,2024,actual,thousand pesos,PHP,0,2801865,0,0,2801865,
m-b9-p018-r007-y2025,M,B.9,18,378,https://github.com/tordecilla/unprogrammed-appropriations/releases/download/pdfs-agency-expenditure-pages-v1/annex-m-p018.pdf,Bases Conversion and Development Authority,Budgetary Support to Government Corporations (BSGC) > Other Executive Offices (OEOs) > Bases Conversion and Development Authority,detail,True,2025,program,thousand pesos,PHP,0,2490215,0,0,2490215,
m-b9-p018-r007-y2026,M,B.9,18,378,https://github.com/tordecilla/unprogrammed-appropriations/releases/download/pdfs-agency-expenditure-pages-v1/annex-m-p018.pdf,Bases Conversion and Development Authority,Budgetary Support to Government Corporations (BSGC) > Other Executive Offices (OEOs) > Bases Conversion and Development Authority,detail,True,2026,proposed,thousand pesos,PHP,0,2787175,0,0,2787175,
m-b9-p018-r008-y2024,M,B.9,18,378,https://github.com/tordecilla/unprogrammed-appropriations/releases/download/pdfs-agency-expenditure-pages-v1/annex-m-p018.pdf,Cagayan Economic Zone Authority,Budgetary Support to Government Corporations (BSGC) > Other Executive Offices (OEOs) > Cagayan Economic Zone Authority,detail,True,2024,actual,thousand pesos,PHP,0,0,1000000,0,1000000,
m-b9-p018-r008-y2025,M,B.9,18,378,https://github.com/tordecilla/unprogrammed-appropriations/releases/download/pdfs-agency-expenditure-pages-v1/annex-m-p018.pdf,Cagayan Economic Zone Authority,Budgetary Support to Government Corporations (BSGC) > Other Executive Offices (OEOs) > Cagayan Economic Zone Authority,detail,True,2025,program,thousand pesos,PHP,0,0,324427,0,324427,
m-b9-p018-r008-y2026,M,B.9,18,378,https://github.com/tordecilla/unprogrammed-appropriations/releases/download/pdfs-agency-expenditure-pages-v1/annex-m-p018.pdf,Cagayan Economic Zone Authority,Budgetary Support to Government Corporations (BSGC) > Other Executive Offices (OEOs) > Cagayan Economic Zone Authority,detail,True,2026,proposed,thousand pesos,PHP,0,0,1095231,0,1095231,
m-b9-p018-r009-y2024,M,B.9,18,378,https://github.com/tordecilla/unprogrammed-appropriations/releases/download/pdfs-agency-expenditure-pages-v1/annex-m-p018.pdf,Credit Information Corporation,Budgetary Support to Government Corporations (BSGC) > Other Executive Offices (OEOs) > Credit Information Corporation,detail,True,2024,actual,thousand pesos,PHP,0,60000,0,0,60000,
m-b9-p018-r009-y2025,M,B.9,18,378,https://github.com/tordecilla/unprogrammed-appropriations/releases/download/pdfs-agency-expenditure-pages-v1/annex-m-p018.pdf,Credit Information Corporation,Budgetary Support to Government Corporations (BSGC) > Other Executive Offices (OEOs) > Credit Information Corporation,detail,True,2025,program,thousand pesos,PHP,0,0,0,0,0,
m-b9-p018-r009-y2026,M,B.9,18,378,https://github.com/tordecilla/unprogrammed-appropriations/releases/download/pdfs-agency-expenditure-pages-v1/annex-m-p018.pdf,Credit Information Corporation,Budgetary Support to Government Corporations (BSGC) > Other Executive Offices (OEOs) > Credit Information Corporation,detail,True,2026,proposed,thousand pesos,PHP,0,0,0,0,0,
m-b9-p018-r010-y2024,M,B.9,18,378,https://github.com/tordecilla/unprogrammed-appropriations/releases/download/pdfs-agency-expenditure-pages-v1/annex-m-p018.pdf,Cultural Center of the Philippines,Budgetary Support to Government Corporations (BSGC) > Other Executive Offices (OEOs) > Cultural Center of the Philippines,detail,True,2024,actual,thousand pesos,PHP,0,882861,0,0,882861,
m-b9-p018-r010-y2025,M,B.9,18,378,https://github.com/tordecilla/unprogrammed-appropriations/releases/download/pdfs-agency-expenditure-pages-v1/annex-m-p018.pdf,Cultural Center of the Philippines,Budgetary Support to Government Corporations (BSGC) > Other Executive Offices (OEOs) > Cultural Center of the Philippines,detail,True,2025,program,thousand pesos,PHP,0,1563087,0,0,1563087,
m-b9-p018-r010-y2026,M,B.9,18,378,https://github.com/tordecilla/unprogrammed-appropriations/releases/download/pdfs-agency-expenditure-pages-v1/annex-m-p018.pdf,Cultural Center of the Philippines,Budgetary Support to Government Corporations (BSGC) > Other Executive Offices (OEOs) > Cultural Center of the Philippines,detail,True,2026,proposed,thousand pesos,PHP,0,413455,0,0,413455,
m-b9-p018-r011-y2024,M,B.9,18,378,https://github.com/tordecilla/unprogrammed-appropriations/releases/download/pdfs-agency-expenditure-pages-v1/annex-m-p018.pdf,Philippine Center for Economic Development,Budgetary Support to Government Corporations (BSGC) > Other Executive Offices (OEOs) > Philippine Center for Economic Development,detail,True,2024,actual,thousand pesos,PHP,0,30258,0,0,30258,
m-b9-p018-r011-y2025,M,B.9,18,378,https://github.com/tordecilla/unprogrammed-appropriations/releases/download/pdfs-agency-expenditure-pages-v1/annex-m-p018.pdf,Philippine Center for Economic Development,Budgetary Support to Government Corporations (BSGC) > Other Executive Offices (OEOs) > Philippine Center for Economic Development,detail,True,2025,program,thousand pesos,PHP,0,56828,0,0,56828,
m-b9-p018-r011-y2026,M,B.9,18,378,https://github.com/tordecilla/unprogrammed-appropriations/releases/download/pdfs-agency-expenditure-pages-v1/annex-m-p018.pdf,Philippine Center for Economic Development,Budgetary Support to Government Corporations (BSGC) > Other Executive Offices (OEOs) > Philippine Center for Economic Development,detail,True,2026,proposed,thousand pesos,PHP,0,109264,0,0,109264,
m-b9-p018-r012-y2024,M,B.9,18,378,https://github.com/tordecilla/unprogrammed-appropriations/releases/download/pdfs-agency-expenditure-pages-v1/annex-m-p018.pdf,Philippine Postal Corporation,Budgetary Support to Government Corporations (BSGC) > Other Executive Offices (OEOs) > Philippine Postal Corporation,detail,True,2024,actual,thousand pesos,PHP,0,70000,0,0,70000,
m-b9-p018-r012-y2025,M,B.9,18,378,https://github.com/tordecilla/unprogrammed-appropriations/releases/download/pdfs-agency-expenditure-pages-v1/annex-m-p018.pdf,Philippine Postal Corporation,Budgetary Support to Government Corporations (BSGC) > Other Executive Offices (OEOs) > Philippine Postal Corporation,detail,True,2025,program,thousand pesos,PHP,0,0,0,0,0,
m-b9-p018-r012-y2026,M,B.9,18,378,https://github.com/tordecilla/unprogrammed-appropriations/releases/download/pdfs-agency-expenditure-pages-v1/annex-m-p018.pdf,Philippine Postal Corporation,Budgetary Support to Government Corporations (BSGC) > Other Executive Offices (OEOs) > Philippine Postal Corporation,detail,True,2026,proposed,thousand pesos,PHP,0,858465,0,0,858465,
m-b9-p018-r013-y2024,M,B.9,18,378,https://github.com/tordecilla/unprogrammed-appropriations/releases/download/pdfs-agency-expenditure-pages-v1/annex-m-p018.pdf,Southern Philippines Development Authority,Budgetary Support to Government Corporations (BSGC) > Other Executive Offices (OEOs) > Southern Philippines Development Authority,detail,True,2024,actual,thousand pesos,PHP,0,197547,0,0,197547,
m-b9-p018-r013-y2025,M,B.9,18,378,https://github.com/tordecilla/unprogrammed-appropriations/releases/download/pdfs-agency-expenditure-pages-v1/annex-m-p018.pdf,Southern Philippines Development Authority,Budgetary Support to Government Corporations (BSGC) > Other Executive Offices (OEOs) > Southern Philippines Development Authority,detail,True,2025,program,thousand pesos,PHP,0,83029,0,0,83029,
m-b9-p018-r013-y2026,M,B.9,18,378,https://github.com/tordecilla/unprogrammed-appropriations/releases/download/pdfs-agency-expenditure-pages-v1/annex-m-p018.pdf,Southern Philippines Development Authority,Budgetary Support to Government Corporations (BSGC) > Other Executive Offices (OEOs) > Southern Philippines Development Authority,detail,True,2026,proposed,thousand pesos,PHP,0,83029,0,0,83029,
m-b9-p018-r014-y2024,M,B.9,18,378,https://github.com/tordecilla/unprogrammed-appropriations/releases/download/pdfs-agency-expenditure-pages-v1/annex-m-p018.pdf,Subic Bay Metropolitan Authority,Budgetary Support to Government Corporations (BSGC) > Other Executive Offices (OEOs) > Subic Bay Metropolitan Authority,detail,True,2024,actual,thousand pesos,PHP,0,681010,0,0,681010,
m-b9-p018-r014-y2025,M,B.9,18,378,https://github.com/tordecilla/unprogrammed-appropriations/releases/download/pdfs-agency-expenditure-pages-v1/annex-m-p018.pdf,Subic Bay Metropolitan Authority,Budgetary Support to Government Corporations (BSGC) > Other Executive Offices (OEOs) > Subic Bay Metropolitan Authority,detail,True,2025,program,thousand pesos,PHP,0,1587464,0,0,1587464,
m-b9-p018-r014-y2026,M,B.9,18,378,https://github.com/tordecilla/unprogrammed-appropriations/releases/download/pdfs-agency-expenditure-pages-v1/annex-m-p018.pdf,Subic Bay Metropolitan Authority,Budgetary Support to Government Corporations (BSGC) > Other Executive Offices (OEOs) > Subic Bay Metropolitan Authority,detail,True,2026,proposed,thousand pesos,PHP,0,500000,0,0,500000,
m-b9-p018-r015-y2024,M,B.9,18,378,https://github.com/tordecilla/unprogrammed-appropriations/releases/download/pdfs-agency-expenditure-pages-v1/annex-m-p018.pdf,Zamboanga City Special Economic Zone Authority,Budgetary Support to Government Corporations (BSGC) > Other Executive Offices (OEOs) > Zamboanga City Special Economic Zone Authority,detail,True,2024,actual,thousand pesos,PHP,0,42088,207500,0,249588,
m-b9-p018-r015-y2025,M,B.9,18,378,https://github.com/tordecilla/unprogrammed-appropriations/releases/download/pdfs-agency-expenditure-pages-v1/annex-m-p018.pdf,Zamboanga City Special Economic Zone Authority,Budgetary Support to Government Corporations (BSGC) > Other Executive Offices (OEOs) > Zamboanga City Special Economic Zone Authority,detail,True,2025,program,thousand pesos,PHP,0,43350,265000,0,308350,
m-b9-p018-r015-y2026,M,B.9,18,378,https://github.com/tordecilla/unprogrammed-appropriations/releases/download/pdfs-agency-expenditure-pages-v1/annex-m-p018.pdf,Zamboanga City Special Economic Zone Authority,Budgetary Support to Government Corporations (BSGC) > Other Executive Offices (OEOs) > Zamboanga City Special Economic Zone Authority,detail,True,2026,proposed,thousand pesos,PHP,0,44651,310000,0,354651,
m-b9-p018-r016-y2024,M,B.9,18,378,https://github.com/tordecilla/unprogrammed-appropriations/releases/download/pdfs-agency-expenditure-pages-v1/annex-m-p018.pdf,Department of Transportation (DOTr),Budgetary Support to Government Corporations (BSGC) > Department of Transportation (DOTr),subtotal,False,2024,actual,thousand pesos,PHP,0,5082994,121052,0,5204046,
m-b9-p018-r016-y2025,M,B.9,18,378,https://github.com/tordecilla/unprogrammed-appropriations/releases/download/pdfs-agency-expenditure-pages-v1/annex-m-p018.pdf,Department of Transportation (DOTr),Budgetary Support to Government Corporations (BSGC) > Department of Transportation (DOTr),subtotal,False,2025,program,thousand pesos,PHP,0,2581706,0,0,2581706,
m-b9-p018-r016-y2026,M,B.9,18,378,https://github.com/tordecilla/unprogrammed-appropriations/releases/download/pdfs-agency-expenditure-pages-v1/annex-m-p018.pdf,Department of Transportation (DOTr),Budgetary Support to Government Corporations (BSGC) > Department of Transportation (DOTr),subtotal,False,2026,proposed,thousand pesos,PHP,0,1268658,0,0,1268658,
m-b9-p018-r017-y2024,M,B.9,18,378,https://github.com/tordecilla/unprogrammed-appropriations/releases/download/pdfs-agency-expenditure-pages-v1/annex-m-p018.pdf,Civil Aviation Authority of the Philippines,Budgetary Support to Government Corporations (BSGC) > Department of Transportation (DOTr) > Civil Aviation Authority of the Philippines,detail,True,2024,actual,thousand pesos,PHP,0,1030000,0,0,1030000,
m-b9-p018-r017-y2025,M,B.9,18,378,https://github.com/tordecilla/unprogrammed-appropriations/releases/download/pdfs-agency-expenditure-pages-v1/annex-m-p018.pdf,Civil Aviation Authority of the Philippines,Budgetary Support to Government Corporations (BSGC) > Department of Transportation (DOTr) > Civil Aviation Authority of the Philippines,detail,True,2025,program,thousand pesos,PHP,0,0,0,0,0,
m-b9-p018-r017-y2026,M,B.9,18,378,https://github.com/tordecilla/unprogrammed-appropriations/releases/download/pdfs-agency-expenditure-pages-v1/annex-m-p018.pdf,Civil Aviation Authority of the Philippines,Budgetary Support to Government Corporations (BSGC) > Department of Transportation (DOTr) > Civil Aviation Authority of the Philippines,detail,True,2026,proposed,thousand pesos,PHP,0,0,0,0,0,
m-b9-p018-r018-y2024,M,B.9,18,378,https://github.com/tordecilla/unprogrammed-appropriations/releases/download/pdfs-agency-expenditure-pages-v1/annex-m-p018.pdf,Light Rail Transit Authority,Budgetary Support to Government Corporations (BSGC) > Department of Transportation (DOTr) > Light Rail Transit Authority,detail,True,2024,actual,thousand pesos,PHP,0,3521557,0,0,3521557,
m-b9-p018-r018-y2025,M,B.9,18,378,https://github.com/tordecilla/unprogrammed-appropriations/releases/download/pdfs-agency-expenditure-pages-v1/annex-m-p018.pdf,Light Rail Transit Authority,Budgetary Support to Government Corporations (BSGC) > Department of Transportation (DOTr) > Light Rail Transit Authority,detail,True,2025,program,thousand pesos,PHP,0,890326,0,0,890326,
m-b9-p018-r018-y2026,M,B.9,18,378,https://github.com/tordecilla/unprogrammed-appropriations/releases/download/pdfs-agency-expenditure-pages-v1/annex-m-p018.pdf,Light Rail Transit Authority,Budgetary Support to Government Corporations (BSGC) > Department of Transportation (DOTr) > Light Rail Transit Authority,detail,True,2026,proposed,thousand pesos,PHP,0,917036,0,0,917036,
m-b9-p018-r019-y2024,M,B.9,18,378,https://github.com/tordecilla/unprogrammed-appropriations/releases/download/pdfs-agency-expenditure-pages-v1/annex-m-p018.pdf,Manila International Airport Authority,Budgetary Support to Government Corporations (BSGC) > Department of Transportation (DOTr) > Manila International Airport Authority,detail,True,2024,actual,thousand pesos,PHP,0,0,0,0,0,
m-b9-p018-r019-y2025,M,B.9,18,378,https://github.com/tordecilla/unprogrammed-appropriations/releases/download/pdfs-agency-expenditure-pages-v1/annex-m-p018.pdf,Manila International Airport Authority,Budgetary Support to Government Corporations (BSGC) > Department of Transportation (DOTr) > Manila International Airport Authority,detail,True,2025,program,thousand pesos,PHP,0,0,0,0,0,
m-b9-p018-r019-y2026,M,B.9,18,378,https://github.com/tordecilla/unprogrammed-appropriations/releases/download/pdfs-agency-expenditure-pages-v1/annex-m-p018.pdf,Manila International Airport Authority,Budgetary Support to Government Corporations (BSGC) > Department of Transportation (DOTr) > Manila International Airport Authority,detail,True,2026,proposed,thousand pesos,PHP,0,0,0,0,0,
m-b9-p018-r020-y2024,M,B.9,18,378,https://github.com/tordecilla/unprogrammed-appropriations/releases/download/pdfs-agency-expenditure-pages-v1/annex-m-p018.pdf,Philippine National Railways,Budgetary Support to Government Corporations (BSGC) > Department of Transportation (DOTr) > Philippine National Railways,detail,True,2024,actual,thousand pesos,PHP,0,531437,0,0,531437,
m-b9-p018-r020-y2025,M,B.9,18,378,https://github.com/tordecilla/unprogrammed-appropriations/releases/download/pdfs-agency-expenditure-pages-v1/annex-m-p018.pdf,Philippine National Railways,Budgetary Support to Government Corporations (BSGC) > Department of Transportation (DOTr) > Philippine National Railways,detail,True,2025,program,thousand pesos,PHP,0,341380,0,0,341380,
m-b9-p018-r020-y2026,M,B.9,18,378,https://github.com/tordecilla/unprogrammed-appropriations/releases/download/pdfs-agency-expenditure-pages-v1/annex-m-p018.pdf,Philippine National Railways,Budgetary Support to Government Corporations (BSGC) > Department of Transportation (DOTr) > Philippine National Railways,detail,True,2026,proposed,thousand pesos,PHP,0,351622,0,0,351622,
m-b9-p018-r021-y2024,M,B.9,18,378,https://github.com/tordecilla/unprogrammed-appropriations/releases/download/pdfs-agency-expenditure-pages-v1/annex-m-p018.pdf,Philippine Ports Authority,Budgetary Support to Government Corporations (BSGC) > Department of Transportation (DOTr) > Philippine Ports Authority,detail,True,2024,actual,thousand pesos,PHP,0,0,0,0,0,
m-b9-p018-r021-y2025,M,B.9,18,378,https://github.com/tordecilla/unprogrammed-appropriations/releases/download/pdfs-agency-expenditure-pages-v1/annex-m-p018.pdf,Philippine Ports Authority,Budgetary Support to Government Corporations (BSGC) > Department of Transportation (DOTr) > Philippine Ports Authority,detail,True,2025,program,thousand pesos,PHP,0,1350000,0,0,1350000,
m-b9-p018-r021-y2026,M,B.9,18,378,https://github.com/tordecilla/unprogrammed-appropriations/releases/download/pdfs-agency-expenditure-pages-v1/annex-m-p018.pdf,Philippine Ports Authority,Budgetary Support to Government Corporations (BSGC) > Department of Transportation (DOTr) > Philippine Ports Authority,detail,True,2026,proposed,thousand pesos,PHP,0,0,0,0,0,
m-b9-p018-r022-y2024,M,B.9,18,378,https://github.com/tordecilla/unprogrammed-appropriations/releases/download/pdfs-agency-expenditure-pages-v1/annex-m-p018.pdf,Davao International Airport Authority,Budgetary Support to Government Corporations (BSGC) > Department of Transportation (DOTr) > Davao International Airport Authority,detail,True,2024,actual,thousand pesos,PHP,0,0,121052,0,121052,
m-b9-p018-r022-y2025,M,B.9,18,378,https://github.com/tordecilla/unprogrammed-appropriations/releases/download/pdfs-agency-expenditure-pages-v1/annex-m-p018.pdf,Davao International Airport Authority,Budgetary Support to Government Corporations (BSGC) > Department of Transportation (DOTr) > Davao International Airport Authority,detail,True,2025,program,thousand pesos,PHP,0,0,0,0,0,
m-b9-p018-r022-y2026,M,B.9,18,378,https://github.com/tordecilla/unprogrammed-appropriations/releases/download/pdfs-agency-expenditure-pages-v1/annex-m-p018.pdf,Davao International Airport Authority,Budgetary Support to Government Corporations (BSGC) > Department of Transportation (DOTr) > Davao International Airport Authority,detail,True,2026,proposed,thousand pesos,PHP,0,0,0,0,0,
m-b9-p018-r023-y2024,M,B.9,18,378,https://github.com/tordecilla/unprogrammed-appropriations/releases/download/pdfs-agency-expenditure-pages-v1/annex-m-p018.pdf,Department of Human Settlements and Urban Development (DHSUD),Budgetary Support to Government Corporations (BSGC) > Department of Human Settlements and Urban Development (DHSUD),subtotal,False,2024,actual,thousand pesos,PHP,0,3199564,0,0,3199564,
m-b9-p018-r023-y2025,M,B.9,18,378,https://github.com/tordecilla/unprogrammed-appropriations/releases/download/pdfs-agency-expenditure-pages-v1/annex-m-p018.pdf,Department of Human Settlements and Urban Development (DHSUD),Budgetary Support to Government Corporations (BSGC) > Department of Human Settlements and Urban Development (DHSUD),subtotal,False,2025,program,thousand pesos,PHP,0,2571486,0,0,2571486,
m-b9-p018-r023-y2026,M,B.9,18,378,https://github.com/tordecilla/unprogrammed-appropriations/releases/download/pdfs-agency-expenditure-pages-v1/annex-m-p018.pdf,Department of Human Settlements and Urban Development (DHSUD),Budgetary Support to Government Corporations (BSGC) > Department of Human Settlements and Urban Development (DHSUD),subtotal,False,2026,proposed,thousand pesos,PHP,0,2366530,0,0,2366530,
m-b9-p018-r024-y2024,M,B.9,18,378,https://github.com/tordecilla/unprogrammed-appropriations/releases/download/pdfs-agency-expenditure-pages-v1/annex-m-p018.pdf,National Home Mortgage Finance Corporation,Budgetary Support to Government Corporations (BSGC) > Department of Human Settlements and Urban Development (DHSUD) > National Home Mortgage Finance Corporation,detail,True,2024,actual,thousand pesos,PHP,0,0,0,0,0,
m-b9-p018-r024-y2025,M,B.9,18,378,https://github.com/tordecilla/unprogrammed-appropriations/releases/download/pdfs-agency-expenditure-pages-v1/annex-m-p018.pdf,National Home Mortgage Finance Corporation,Budgetary Support to Government Corporations (BSGC) > Department of Human Settlements and Urban Development (DHSUD) > National Home Mortgage Finance Corporation,detail,True,2025,program,thousand pesos,PHP,0,450,0,0,450,
m-b9-p018-r024-y2026,M,B.9,18,378,https://github.com/tordecilla/unprogrammed-appropriations/releases/download/pdfs-agency-expenditure-pages-v1/annex-m-p018.pdf,National Home Mortgage Finance Corporation,Budgetary Support to Government Corporations (BSGC) > Department of Human Settlements and Urban Development (DHSUD) > National Home Mortgage Finance Corporation,detail,True,2026,proposed,thousand pesos,PHP,0,450,0,0,450,
m-b9-p018-r025-y2024,M,B.9,18,378,https://github.com/tordecilla/unprogrammed-appropriations/releases/download/pdfs-agency-expenditure-pages-v1/annex-m-p018.pdf,National Housing Authority,Budgetary Support to Government Corporations (BSGC) > Department of Human Settlements and Urban Development (DHSUD) > National Housing Authority,detail,True,2024,actual,thousand pesos,PHP,0,2748743,0,0,2748743,
m-b9-p018-r025-y2025,M,B.9,18,378,https://github.com/tordecilla/unprogrammed-appropriations/releases/download/pdfs-agency-expenditure-pages-v1/annex-m-p018.pdf,National Housing Authority,Budgetary Support to Government Corporations (BSGC) > Department of Human Settlements and Urban Development (DHSUD) > National Housing Authority,detail,True,2025,program,thousand pesos,PHP,0,2450000,0,0,2450000,
m-b9-p018-r025-y2026,M,B.9,18,378,https://github.com/tordecilla/unprogrammed-appropriations/releases/download/pdfs-agency-expenditure-pages-v1/annex-m-p018.pdf,National Housing Authority,Budgetary Support to Government Corporations (BSGC) > Department of Human Settlements and Urban Development (DHSUD) > National Housing Authority,detail,True,2026,proposed,thousand pesos,PHP,0,2200000,0,0,2200000,
m-b9-p018-r026-y2024,M,B.9,18,378,https://github.com/tordecilla/unprogrammed-appropriations/releases/download/pdfs-agency-expenditure-pages-v1/annex-m-p018.pdf,Social Housing Finance Corporation,Budgetary Support to Government Corporations (BSGC) > Department of Human Settlements and Urban Development (DHSUD) > Social Housing Finance Corporation,detail,True,2024,actual,thousand pesos,PHP,0,450821,0,0,450821,
m-b9-p018-r026-y2025,M,B.9,18,378,https://github.com/tordecilla/unprogrammed-appropriations/releases/download/pdfs-agency-expenditure-pages-v1/annex-m-p018.pdf,Social Housing Finance Corporation,Budgetary Support to Government Corporations (BSGC) > Department of Human Settlements and Urban Development (DHSUD) > Social Housing Finance Corporation,detail,True,2025,program,thousand pesos,PHP,0,121036,0,0,121036,
m-b9-p018-r026-y2026,M,B.9,18,378,https://github.com/tordecilla/unprogrammed-appropriations/releases/download/pdfs-agency-expenditure-pages-v1/annex-m-p018.pdf,Social Housing Finance Corporation,Budgetary Support to Government Corporations (BSGC) > Department of Human Settlements and Urban Development (DHSUD) > Social Housing Finance Corporation,detail,True,2026,proposed,thousand pesos,PHP,0,166080,0,0,166080,
m-b9-p018-r027-y2024,M,B.9,18,378,https://github.com/tordecilla/unprogrammed-appropriations/releases/download/pdfs-agency-expenditure-pages-v1/annex-m-p018.pdf,BSGC - Others,Budgetary Support to Government Corporations (BSGC) > BSGC - Others,detail,True,2024,actual,thousand pesos,PHP,0,0,0,0,0,
m-b9-p018-r027-y2025,M,B.9,18,378,https://github.com/tordecilla/unprogrammed-appropriations/releases/download/pdfs-agency-expenditure-pages-v1/annex-m-p018.pdf,BSGC - Others,Budgetary Support to Government Corporations (BSGC) > BSGC - Others,detail,True,2025,program,thousand pesos,PHP,0,28606,0,0,28606,
m-b9-p018-r027-y2026,M,B.9,18,378,https://github.com/tordecilla/unprogrammed-appropriations/releases/download/pdfs-agency-expenditure-pages-v1/annex-m-p018.pdf,BSGC - Others,Budgetary Support to Government Corporations (BSGC) > BSGC - Others,detail,True,2026,proposed,thousand pesos,PHP,0,28606,0,0,28606,
m-b9-p018-r028-y2024,M,B.9,18,378,https://github.com/tordecilla/unprogrammed-appropriations/releases/download/pdfs-agency-expenditure-pages-v1/annex-m-p018.pdf,Net Lending,Budgetary Support to Government Corporations (BSGC) > Net Lending,detail,True,2024,actual,thousand pesos,PHP,0,0,6931000,0,6931000,
m-b9-p018-r028-y2025,M,B.9,18,378,https://github.com/tordecilla/unprogrammed-appropriations/releases/download/pdfs-agency-expenditure-pages-v1/annex-m-p018.pdf,Net Lending,Budgetary Support to Government Corporations (BSGC) > Net Lending,detail,True,2025,program,thousand pesos,PHP,0,0,28700000,0,28700000,
m-b9-p018-r028-y2026,M,B.9,18,378,https://github.com/tordecilla/unprogrammed-appropriations/releases/download/pdfs-agency-expenditure-pages-v1/annex-m-p018.pdf,Net Lending,Budgetary Support to Government Corporations (BSGC) > Net Lending,detail,True,2026,proposed,thousand pesos,PHP,0,0,28700000,0,28700000,
m-b9-p019-r001-y2024,M,B.9,19,379,https://github.com/tordecilla/unprogrammed-appropriations/releases/download/pdfs-agency-expenditure-pages-v1/annex-m-p019.pdf,Allocations to Local Government Units (ALGU),SPECIAL PURPOSE FUNDS > Allocations to Local Government Units (ALGU),subtotal,False,2024,actual,thousand pesos,PHP,507219,1011204386,3306730,0,1015018335,
m-b9-p019-r001-y2025,M,B.9,19,379,https://github.com/tordecilla/unprogrammed-appropriations/releases/download/pdfs-agency-expenditure-pages-v1/annex-m-p019.pdf,Allocations to Local Government Units (ALGU),SPECIAL PURPOSE FUNDS > Allocations to Local Government Units (ALGU),subtotal,False,2025,program,thousand pesos,PHP,68831,1188733308,5888477,0,1194690616,
m-b9-p019-r001-y2026,M,B.9,19,379,https://github.com/tordecilla/unprogrammed-appropriations/releases/download/pdfs-agency-expenditure-pages-v1/annex-m-p019.pdf,Allocations to Local Government Units (ALGU),SPECIAL PURPOSE FUNDS > Allocations to Local Government Units (ALGU),subtotal,False,2026,proposed,thousand pesos,PHP,78139,1347294848,2853606,0,1350226593,
m-b9-p019-r002-y2024,M,B.9,19,379,https://github.com/tordecilla/unprogrammed-appropriations/releases/download/pdfs-agency-expenditure-pages-v1/annex-m-p019.pdf,Metropolitan Manila Development Authority,SPECIAL PURPOSE FUNDS > Metropolitan Manila Development Authority,detail,True,2024,actual,thousand pesos,PHP,71379,2736009,3306730,0,6114118,
m-b9-p019-r002-y2025,M,B.9,19,379,https://github.com/tordecilla/unprogrammed-appropriations/releases/download/pdfs-agency-expenditure-pages-v1/annex-m-p019.pdf,Metropolitan Manila Development Authority,SPECIAL PURPOSE FUNDS > Metropolitan Manila Development Authority,detail,True,2025,program,thousand pesos,PHP,68831,2900229,5888477,0,8857537,
m-b9-p019-r002-y2026,M,B.9,19,379,https://github.com/tordecilla/unprogrammed-appropriations/releases/download/pdfs-agency-expenditure-pages-v1/annex-m-p019.pdf,Metropolitan Manila Development Authority,SPECIAL PURPOSE FUNDS > Metropolitan Manila Development Authority,detail,True,2026,proposed,thousand pesos,PHP,78139,2951999,2853606,0,5883744,
m-b9-p019-r003-y2024,M,B.9,19,379,https://github.com/tordecilla/unprogrammed-appropriations/releases/download/pdfs-agency-expenditure-pages-v1/annex-m-p019.pdf,National Tax Allotment,SPECIAL PURPOSE FUNDS > National Tax Allotment,detail,True,2024,actual,thousand pesos,PHP,0,871375199,0,0,871375199,
m-b9-p019-r003-y2025,M,B.9,19,379,https://github.com/tordecilla/unprogrammed-appropriations/releases/download/pdfs-agency-expenditure-pages-v1/annex-m-p019.pdf,National Tax Allotment,SPECIAL PURPOSE FUNDS > National Tax Allotment,detail,True,2025,program,thousand pesos,PHP,0,1034604869,0,0,1034604869,
m-b9-p019-r003-y2026,M,B.9,19,379,https://github.com/tordecilla/unprogrammed-appropriations/releases/download/pdfs-agency-expenditure-pages-v1/annex-m-p019.pdf,National Tax Allotment,SPECIAL PURPOSE FUNDS > National Tax Allotment,detail,True,2026,proposed,thousand pesos,PHP,0,1190509672,0,0,1190509672,
m-b9-p019-r004-y2024,M,B.9,19,379,https://github.com/tordecilla/unprogrammed-appropriations/releases/download/pdfs-agency-expenditure-pages-v1/annex-m-p019.pdf,Special Shares of LGUs in the Proceeds of National Taxes,SPECIAL PURPOSE FUNDS > Special Shares of LGUs in the Proceeds of National Taxes,detail,True,2024,actual,thousand pesos,PHP,0,30536264,0,0,30536264,
m-b9-p019-r004-y2025,M,B.9,19,379,https://github.com/tordecilla/unprogrammed-appropriations/releases/download/pdfs-agency-expenditure-pages-v1/annex-m-p019.pdf,Special Shares of LGUs in the Proceeds of National Taxes,SPECIAL PURPOSE FUNDS > Special Shares of LGUs in the Proceeds of National Taxes,detail,True,2025,program,thousand pesos,PHP,0,32655520,0,0,32655520,
m-b9-p019-r004-y2026,M,B.9,19,379,https://github.com/tordecilla/unprogrammed-appropriations/releases/download/pdfs-agency-expenditure-pages-v1/annex-m-p019.pdf,Special Shares of LGUs in the Proceeds of National Taxes,SPECIAL PURPOSE FUNDS > Special Shares of LGUs in the Proceeds of National Taxes,detail,True,2026,proposed,thousand pesos,PHP,0,31724961,0,0,31724961,
m-b9-p019-r005-y2024,M,B.9,19,379,https://github.com/tordecilla/unprogrammed-appropriations/releases/download/pdfs-agency-expenditure-pages-v1/annex-m-p019.pdf,Local Government Support Fund (formerly Financial Subsidy to LGUs),SPECIAL PURPOSE FUNDS > Local Government Support Fund (formerly Financial Subsidy to LGUs),detail,True,2024,actual,thousand pesos,PHP,0,22705330,0,0,22705330,
m-b9-p019-r005-y2025,M,B.9,19,379,https://github.com/tordecilla/unprogrammed-appropriations/releases/download/pdfs-agency-expenditure-pages-v1/annex-m-p019.pdf,Local Government Support Fund (formerly Financial Subsidy to LGUs),SPECIAL PURPOSE FUNDS > Local Government Support Fund (formerly Financial Subsidy to LGUs),detail,True,2025,program,thousand pesos,PHP,0,22999970,0,0,22999970,
m-b9-p019-r005-y2026,M,B.9,19,379,https://github.com/tordecilla/unprogrammed-appropriations/releases/download/pdfs-agency-expenditure-pages-v1/annex-m-p019.pdf,Local Government Support Fund (formerly Financial Subsidy to LGUs),SPECIAL PURPOSE FUNDS > Local Government Support Fund (formerly Financial Subsidy to LGUs),detail,True,2026,proposed,thousand pesos,PHP,0,16080000,0,0,16080000,
m-b9-p019-r006-y2024,M,B.9,19,379,https://github.com/tordecilla/unprogrammed-appropriations/releases/download/pdfs-agency-expenditure-pages-v1/annex-m-p019.pdf,Special Shares of LGUs in the Proceeds of Fire Code Fees,SPECIAL PURPOSE FUNDS > Special Shares of LGUs in the Proceeds of Fire Code Fees,detail,True,2024,actual,thousand pesos,PHP,0,776859,0,0,776859,
m-b9-p019-r006-y2025,M,B.9,19,379,https://github.com/tordecilla/unprogrammed-appropriations/releases/download/pdfs-agency-expenditure-pages-v1/annex-m-p019.pdf,Special Shares of LGUs in the Proceeds of Fire Code Fees,SPECIAL PURPOSE FUNDS > Special Shares of LGUs in the Proceeds of Fire Code Fees,detail,True,2025,program,thousand pesos,PHP,0,1111052,0,0,1111052,
m-b9-p019-r006-y2026,M,B.9,19,379,https://github.com/tordecilla/unprogrammed-appropriations/releases/download/pdfs-agency-expenditure-pages-v1/annex-m-p019.pdf,Special Shares of LGUs in the Proceeds of Fire Code Fees,SPECIAL PURPOSE FUNDS > Special Shares of LGUs in the Proceeds of Fire Code Fees,detail,True,2026,proposed,thousand pesos,PHP,0,1405731,0,0,1405731,
m-b9-p019-r007-y2024,M,B.9,19,379,https://github.com/tordecilla/unprogrammed-appropriations/releases/download/pdfs-agency-expenditure-pages-v1/annex-m-p019.pdf,Barangay Officials Death Benefits,SPECIAL PURPOSE FUNDS > Barangay Officials Death Benefits,detail,True,2024,actual,thousand pesos,PHP,0,0,0,0,0,
m-b9-p019-r007-y2025,M,B.9,19,379,https://github.com/tordecilla/unprogrammed-appropriations/releases/download/pdfs-agency-expenditure-pages-v1/annex-m-p019.pdf,Barangay Officials Death Benefits,SPECIAL PURPOSE FUNDS > Barangay Officials Death Benefits,detail,True,2025,program,thousand pesos,PHP,0,50000,0,0,50000,
m-b9-p019-r007-y2026,M,B.9,19,379,https://github.com/tordecilla/unprogrammed-appropriations/releases/download/pdfs-agency-expenditure-pages-v1/annex-m-p019.pdf,Barangay Officials Death Benefits,SPECIAL PURPOSE FUNDS > Barangay Officials Death Benefits,detail,True,2026,proposed,thousand pesos,PHP,0,50000,0,0,50000,
m-b9-p019-r008-y2024,M,B.9,19,379,https://github.com/tordecilla/unprogrammed-appropriations/releases/download/pdfs-agency-expenditure-pages-v1/annex-m-p019.pdf,Bangsamoro Autonomous Region in Muslim Mindanao (BARMM),SPECIAL PURPOSE FUNDS > Bangsamoro Autonomous Region in Muslim Mindanao (BARMM),detail,True,2024,actual,thousand pesos,PHP,435840,83074725,0,0,83510565,
m-b9-p019-r008-y2025,M,B.9,19,379,https://github.com/tordecilla/unprogrammed-appropriations/releases/download/pdfs-agency-expenditure-pages-v1/annex-m-p019.pdf,Bangsamoro Autonomous Region in Muslim Mindanao (BARMM),SPECIAL PURPOSE FUNDS > Bangsamoro Autonomous Region in Muslim Mindanao (BARMM),detail,True,2025,program,thousand pesos,PHP,0,94411668,0,0,94411668,
m-b9-p019-r008-y2026,M,B.9,19,379,https://github.com/tordecilla/unprogrammed-appropriations/releases/download/pdfs-agency-expenditure-pages-v1/annex-m-p019.pdf,Bangsamoro Autonomous Region in Muslim Mindanao (BARMM),SPECIAL PURPOSE FUNDS > Bangsamoro Autonomous Region in Muslim Mindanao (BARMM),detail,True,2026,proposed,thousand pesos,PHP,0,104572485,0,0,104572485,
m-b9-p019-r009-y2024,M,B.9,19,379,https://github.com/tordecilla/unprogrammed-appropriations/releases/download/pdfs-agency-expenditure-pages-v1/annex-m-p019.pdf,"Customs duties and taxes, including tax expenditures","SPECIAL PURPOSE FUNDS > Customs duties and taxes, including tax expenditures",detail,True,2024,actual,thousand pesos,PHP,0,0,0,0,0,
m-b9-p019-r009-y2025,M,B.9,19,379,https://github.com/tordecilla/unprogrammed-appropriations/releases/download/pdfs-agency-expenditure-pages-v1/annex-m-p019.pdf,"Customs duties and taxes, including tax expenditures","SPECIAL PURPOSE FUNDS > Customs duties and taxes, including tax expenditures",detail,True,2025,program,thousand pesos,PHP,0,14500000,0,0,14500000,
m-b9-p019-r009-y2026,M,B.9,19,379,https://github.com/tordecilla/unprogrammed-appropriations/releases/download/pdfs-agency-expenditure-pages-v1/annex-m-p019.pdf,"Customs duties and taxes, including tax expenditures","SPECIAL PURPOSE FUNDS > Customs duties and taxes, including tax expenditures",detail,True,2026,proposed,thousand pesos,PHP,0,14500000,0,0,14500000,
m-b9-p019-r010-y2024,M,B.9,19,379,https://github.com/tordecilla/unprogrammed-appropriations/releases/download/pdfs-agency-expenditure-pages-v1/annex-m-p019.pdf,Debt Interest Payments,SPECIAL PURPOSE FUNDS > Debt Interest Payments,detail,True,2024,actual,thousand pesos,PHP,0,0,0,763313000,763313000,
m-b9-p019-r010-y2025,M,B.9,19,379,https://github.com/tordecilla/unprogrammed-appropriations/releases/download/pdfs-agency-expenditure-pages-v1/annex-m-p019.pdf,Debt Interest Payments,SPECIAL PURPOSE FUNDS > Debt Interest Payments,detail,True,2025,program,thousand pesos,PHP,0,0,0,848030688,848030688,
m-b9-p019-r010-y2026,M,B.9,19,379,https://github.com/tordecilla/unprogrammed-appropriations/releases/download/pdfs-agency-expenditure-pages-v1/annex-m-p019.pdf,Debt Interest Payments,SPECIAL PURPOSE FUNDS > Debt Interest Payments,detail,True,2026,proposed,thousand pesos,PHP,0,0,0,950000000,950000000,
m-b9-p019-r011-y2024,M,B.9,19,379,https://github.com/tordecilla/unprogrammed-appropriations/releases/download/pdfs-agency-expenditure-pages-v1/annex-m-p019.pdf,National Disaster Risk Reduction and Management Fund (Calamity Fund),SPECIAL PURPOSE FUNDS > National Disaster Risk Reduction and Management Fund (Calamity Fund),detail,True,2024,actual,thousand pesos,PHP,0,0,0,0,0,
m-b9-p019-r011-y2025,M,B.9,19,379,https://github.com/tordecilla/unprogrammed-appropriations/releases/download/pdfs-agency-expenditure-pages-v1/annex-m-p019.pdf,National Disaster Risk Reduction and Management Fund (Calamity Fund),SPECIAL PURPOSE FUNDS > National Disaster Risk Reduction and Management Fund (Calamity Fund),detail,True,2025,program,thousand pesos,PHP,0,11685250,9314750,0,21000000,
m-b9-p019-r011-y2026,M,B.9,19,379,https://github.com/tordecilla/unprogrammed-appropriations/releases/download/pdfs-agency-expenditure-pages-v1/annex-m-p019.pdf,National Disaster Risk Reduction and Management Fund (Calamity Fund),SPECIAL PURPOSE FUNDS > National Disaster Risk Reduction and Management Fund (Calamity Fund),detail,True,2026,proposed,thousand pesos,PHP,0,16285000,14715000,0,31000000,
m-b9-p019-r012-y2024,M,B.9,19,379,https://github.com/tordecilla/unprogrammed-appropriations/releases/download/pdfs-agency-expenditure-pages-v1/annex-m-p019.pdf,Contingent Fund,SPECIAL PURPOSE FUNDS > Contingent Fund,detail,True,2024,actual,thousand pesos,PHP,0,0,0,0,0,
m-b9-p019-r012-y2025,M,B.9,19,379,https://github.com/tordecilla/unprogrammed-appropriations/releases/download/pdfs-agency-expenditure-pages-v1/annex-m-p019.pdf,Contingent Fund,SPECIAL PURPOSE FUNDS > Contingent Fund,detail,True,2025,program,thousand pesos,PHP,0,8000000,5000000,0,13000000,
m-b9-p019-r012-y2026,M,B.9,19,379,https://github.com/tordecilla/unprogrammed-appropriations/releases/download/pdfs-agency-expenditure-pages-v1/annex-m-p019.pdf,Contingent Fund,SPECIAL PURPOSE FUNDS > Contingent Fund,detail,True,2026,proposed,thousand pesos,PHP,0,8000000,5000000,0,13000000,
m-b9-p019-r013-y2024,M,B.9,19,379,https://github.com/tordecilla/unprogrammed-appropriations/releases/download/pdfs-agency-expenditure-pages-v1/annex-m-p019.pdf,Miscellaneous Personnel Benefits Fund,SPECIAL PURPOSE FUNDS > Miscellaneous Personnel Benefits Fund,detail,True,2024,actual,thousand pesos,PHP,0,0,0,0,0,
m-b9-p019-r013-y2025,M,B.9,19,379,https://github.com/tordecilla/unprogrammed-appropriations/releases/download/pdfs-agency-expenditure-pages-v1/annex-m-p019.pdf,Miscellaneous Personnel Benefits Fund,SPECIAL PURPOSE FUNDS > Miscellaneous Personnel Benefits Fund,detail,True,2025,program,thousand pesos,PHP,108927872,200000,0,0,109127872,
m-b9-p019-r013-y2026,M,B.9,19,379,https://github.com/tordecilla/unprogrammed-appropriations/releases/download/pdfs-agency-expenditure-pages-v1/annex-m-p019.pdf,Miscellaneous Personnel Benefits Fund,SPECIAL PURPOSE FUNDS > Miscellaneous Personnel Benefits Fund,detail,True,2026,proposed,thousand pesos,PHP,111317037,200000,0,0,111517037,
m-b9-p019-r014-y2024,M,B.9,19,379,https://github.com/tordecilla/unprogrammed-appropriations/releases/download/pdfs-agency-expenditure-pages-v1/annex-m-p019.pdf,Pension and Gratuity Fund,SPECIAL PURPOSE FUNDS > Pension and Gratuity Fund,detail,True,2024,actual,thousand pesos,PHP,0,0,0,0,0,
m-b9-p019-r014-y2025,M,B.9,19,379,https://github.com/tordecilla/unprogrammed-appropriations/releases/download/pdfs-agency-expenditure-pages-v1/annex-m-p019.pdf,Pension and Gratuity Fund,SPECIAL PURPOSE FUNDS > Pension and Gratuity Fund,detail,True,2025,program,thousand pesos,PHP,144696104,28071,0,0,144724175,
m-b9-p019-r014-y2026,M,B.9,19,379,https://github.com/tordecilla/unprogrammed-appropriations/releases/download/pdfs-agency-expenditure-pages-v1/annex-m-p019.pdf,Pension and Gratuity Fund,SPECIAL PURPOSE FUNDS > Pension and Gratuity Fund,detail,True,2026,proposed,thousand pesos,PHP,197967622,23661,0,0,197991283,
m-b9-p019-r015-y2024,M,B.9,19,379,https://github.com/tordecilla/unprogrammed-appropriations/releases/download/pdfs-agency-expenditure-pages-v1/annex-m-p019.pdf,Revised AFP Modernization Program,SPECIAL PURPOSE FUNDS > Revised AFP Modernization Program,detail,True,2024,actual,thousand pesos,PHP,0,0,0,0,0,
m-b9-p019-r015-y2025,M,B.9,19,379,https://github.com/tordecilla/unprogrammed-appropriations/releases/download/pdfs-agency-expenditure-pages-v1/annex-m-p019.pdf,Revised AFP Modernization Program,SPECIAL PURPOSE FUNDS > Revised AFP Modernization Program,detail,True,2025,program,thousand pesos,PHP,0,0,35000000,0,35000000,
m-b9-p019-r015-y2026,M,B.9,19,379,https://github.com/tordecilla/unprogrammed-appropriations/releases/download/pdfs-agency-expenditure-pages-v1/annex-m-p019.pdf,Revised AFP Modernization Program,SPECIAL PURPOSE FUNDS > Revised AFP Modernization Program,detail,True,2026,proposed,thousand pesos,PHP,0,0,40000000,0,40000000,
m-b9-p019-r016-y2024,M,B.9,19,379,https://github.com/tordecilla/unprogrammed-appropriations/releases/download/pdfs-agency-expenditure-pages-v1/annex-m-p019.pdf,GRAND TOTAL,SPECIAL PURPOSE FUNDS,grandTotal,False,2024,actual,thousand pesos,PHP,1558650462,2394536599,1556054026,763841163,6273082250,"After correcting the visually misread 2025 MOOE for Batangas State University on source page 4 (1,227,276; printed row total 2,001,544), staged detail sums match the printed grand total except 2025 MOOE, which remains +18,000. This residual is explained by Philippine Carabao Center on source page 1: printed classes sum to 874,170 while its printed total is 856,170. Preserve both source values."
m-b9-p019-r016-y2025,M,B.9,19,379,https://github.com/tordecilla/unprogrammed-appropriations/releases/download/pdfs-agency-expenditure-pages-v1/annex-m-p019.pdf,GRAND TOTAL,SPECIAL PURPOSE FUNDS,grandTotal,False,2025,program,thousand pesos,PHP,1632858868,2384143821,1461252962,848068649,6326324300,"After correcting the visually misread 2025 MOOE for Batangas State University on source page 4 (1,227,276; printed row total 2,001,544), staged detail sums match the printed grand total except 2025 MOOE, which remains +18,000. This residual is explained by Philippine Carabao Center on source page 1: printed classes sum to 874,170 while its printed total is 856,170. Preserve both source values."
m-b9-p019-r016-y2026,M,B.9,19,379,https://github.com/tordecilla/unprogrammed-appropriations/releases/download/pdfs-agency-expenditure-pages-v1/annex-m-p019.pdf,GRAND TOTAL,SPECIAL PURPOSE FUNDS,grandTotal,False,2026,proposed,thousand pesos,PHP,1879333837,2640231069,1323563344,950033750,6793162000,"After correcting the visually misread 2025 MOOE for Batangas State University on source page 4 (1,227,276; printed row total 2,001,544), staged detail sums match the printed grand total except 2025 MOOE, which remains +18,000. This residual is explained by Philippine Carabao Center on source page 1: printed classes sum to 874,170 while its printed total is 856,170. Preserve both source values."
m-b9-p020-r001-y2024,M,B.9,20,380,https://github.com/tordecilla/unprogrammed-appropriations/releases/download/pdfs-agency-expenditure-pages-v1/annex-m-p020.pdf,Debt Interest Payments,SPECIAL PURPOSE FUNDS > Debt Interest Payments,repeated,False,2024,actual,thousand pesos,PHP,0,0,0,763313000,763313000,Repeated continuation from source page 19.
m-b9-p020-r001-y2025,M,B.9,20,380,https://github.com/tordecilla/unprogrammed-appropriations/releases/download/pdfs-agency-expenditure-pages-v1/annex-m-p020.pdf,Debt Interest Payments,SPECIAL PURPOSE FUNDS > Debt Interest Payments,repeated,False,2025,program,thousand pesos,PHP,0,0,0,848030688,848030688,Repeated continuation from source page 19.
m-b9-p020-r001-y2026,M,B.9,20,380,https://github.com/tordecilla/unprogrammed-appropriations/releases/download/pdfs-agency-expenditure-pages-v1/annex-m-p020.pdf,Debt Interest Payments,SPECIAL PURPOSE FUNDS > Debt Interest Payments,repeated,False,2026,proposed,thousand pesos,PHP,0,0,0,950000000,950000000,Repeated continuation from source page 19.
m-b9-p020-r002-y2024,M,B.9,20,380,https://github.com/tordecilla/unprogrammed-appropriations/releases/download/pdfs-agency-expenditure-pages-v1/annex-m-p020.pdf,National Disaster Risk Reduction and Management Fund (Calamity Fund),SPECIAL PURPOSE FUNDS > National Disaster Risk Reduction and Management Fund (Calamity Fund),repeated,False,2024,actual,thousand pesos,PHP,0,0,0,0,0,Repeated continuation from source page 19.
m-b9-p020-r002-y2025,M,B.9,20,380,https://github.com/tordecilla/unprogrammed-appropriations/releases/download/pdfs-agency-expenditure-pages-v1/annex-m-p020.pdf,National Disaster Risk Reduction and Management Fund (Calamity Fund),SPECIAL PURPOSE FUNDS > National Disaster Risk Reduction and Management Fund (Calamity Fund),repeated,False,2025,program,thousand pesos,PHP,0,11685250,9314750,0,21000000,Repeated continuation from source page 19.
m-b9-p020-r002-y2026,M,B.9,20,380,https://github.com/tordecilla/unprogrammed-appropriations/releases/download/pdfs-agency-expenditure-pages-v1/annex-m-p020.pdf,National Disaster Risk Reduction and Management Fund (Calamity Fund),SPECIAL PURPOSE FUNDS > National Disaster Risk Reduction and Management Fund (Calamity Fund),repeated,False,2026,proposed,thousand pesos,PHP,0,16285000,14715000,0,31000000,Repeated continuation from source page 19.
m-b9-p020-r003-y2024,M,B.9,20,380,https://github.com/tordecilla/unprogrammed-appropriations/releases/download/pdfs-agency-expenditure-pages-v1/annex-m-p020.pdf,Contingent Fund,SPECIAL PURPOSE FUNDS > Contingent Fund,repeated,False,2024,actual,thousand pesos,PHP,0,0,0,0,0,Repeated continuation from source page 19.
m-b9-p020-r003-y2025,M,B.9,20,380,https://github.com/tordecilla/unprogrammed-appropriations/releases/download/pdfs-agency-expenditure-pages-v1/annex-m-p020.pdf,Contingent Fund,SPECIAL PURPOSE FUNDS > Contingent Fund,repeated,False,2025,program,thousand pesos,PHP,0,8000000,5000000,0,13000000,Repeated continuation from source page 19.
m-b9-p020-r003-y2026,M,B.9,20,380,https://github.com/tordecilla/unprogrammed-appropriations/releases/download/pdfs-agency-expenditure-pages-v1/annex-m-p020.pdf,Contingent Fund,SPECIAL PURPOSE FUNDS > Contingent Fund,repeated,False,2026,proposed,thousand pesos,PHP,0,8000000,5000000,0,13000000,Repeated continuation from source page 19.
m-b9-p020-r004-y2024,M,B.9,20,380,https://github.com/tordecilla/unprogrammed-appropriations/releases/download/pdfs-agency-expenditure-pages-v1/annex-m-p020.pdf,Miscellaneous Personnel Benefits Fund,SPECIAL PURPOSE FUNDS > Miscellaneous Personnel Benefits Fund,repeated,False,2024,actual,thousand pesos,PHP,0,0,0,0,0,Repeated continuation from source page 19.
m-b9-p020-r004-y2025,M,B.9,20,380,https://github.com/tordecilla/unprogrammed-appropriations/releases/download/pdfs-agency-expenditure-pages-v1/annex-m-p020.pdf,Miscellaneous Personnel Benefits Fund,SPECIAL PURPOSE FUNDS > Miscellaneous Personnel Benefits Fund,repeated,False,2025,program,thousand pesos,PHP,108927872,200000,0,0,109127872,Repeated continuation from source page 19.
m-b9-p020-r004-y2026,M,B.9,20,380,https://github.com/tordecilla/unprogrammed-appropriations/releases/download/pdfs-agency-expenditure-pages-v1/annex-m-p020.pdf,Miscellaneous Personnel Benefits Fund,SPECIAL PURPOSE FUNDS > Miscellaneous Personnel Benefits Fund,repeated,False,2026,proposed,thousand pesos,PHP,111317037,200000,0,0,111517037,Repeated continuation from source page 19.
m-b9-p020-r005-y2024,M,B.9,20,380,https://github.com/tordecilla/unprogrammed-appropriations/releases/download/pdfs-agency-expenditure-pages-v1/annex-m-p020.pdf,Pension and Gratuity Fund,SPECIAL PURPOSE FUNDS > Pension and Gratuity Fund,repeated,False,2024,actual,thousand pesos,PHP,0,0,0,0,0,Repeated continuation from source page 19.
m-b9-p020-r005-y2025,M,B.9,20,380,https://github.com/tordecilla/unprogrammed-appropriations/releases/download/pdfs-agency-expenditure-pages-v1/annex-m-p020.pdf,Pension and Gratuity Fund,SPECIAL PURPOSE FUNDS > Pension and Gratuity Fund,repeated,False,2025,program,thousand pesos,PHP,144696104,28071,0,0,144724175,Repeated continuation from source page 19.
m-b9-p020-r005-y2026,M,B.9,20,380,https://github.com/tordecilla/unprogrammed-appropriations/releases/download/pdfs-agency-expenditure-pages-v1/annex-m-p020.pdf,Pension and Gratuity Fund,SPECIAL PURPOSE FUNDS > Pension and Gratuity Fund,repeated,False,2026,proposed,thousand pesos,PHP,197967622,23661,0,0,197991283,Repeated continuation from source page 19.
m-b9-p020-r006-y2024,M,B.9,20,380,https://github.com/tordecilla/unprogrammed-appropriations/releases/download/pdfs-agency-expenditure-pages-v1/annex-m-p020.pdf,Revised AFP Modernization Program,SPECIAL PURPOSE FUNDS > Revised AFP Modernization Program,repeated,False,2024,actual,thousand pesos,PHP,0,0,0,0,0,Repeated continuation from source page 19.
m-b9-p020-r006-y2025,M,B.9,20,380,https://github.com/tordecilla/unprogrammed-appropriations/releases/download/pdfs-agency-expenditure-pages-v1/annex-m-p020.pdf,Revised AFP Modernization Program,SPECIAL PURPOSE FUNDS > Revised AFP Modernization Program,repeated,False,2025,program,thousand pesos,PHP,0,0,35000000,0,35000000,Repeated continuation from source page 19.
m-b9-p020-r006-y2026,M,B.9,20,380,https://github.com/tordecilla/unprogrammed-appropriations/releases/download/pdfs-agency-expenditure-pages-v1/annex-m-p020.pdf,Revised AFP Modernization Program,SPECIAL PURPOSE FUNDS > Revised AFP Modernization Program,repeated,False,2026,proposed,thousand pesos,PHP,0,0,40000000,0,40000000,Repeated continuation from source page 19.
m-b9-p020-r007-y2024,M,B.9,20,380,https://github.com/tordecilla/unprogrammed-appropriations/releases/download/pdfs-agency-expenditure-pages-v1/annex-m-p020.pdf,GRAND TOTAL,SPECIAL PURPOSE FUNDS,grandTotal,False,2024,actual,thousand pesos,PHP,1558650462,2394536599,1556054026,763841163,6273082250,"Repeated printed grand total, also shown on source page 19. Staged detail-row comparison note is recorded on source page 19."
m-b9-p020-r007-y2025,M,B.9,20,380,https://github.com/tordecilla/unprogrammed-appropriations/releases/download/pdfs-agency-expenditure-pages-v1/annex-m-p020.pdf,GRAND TOTAL,SPECIAL PURPOSE FUNDS,grandTotal,False,2025,program,thousand pesos,PHP,1632858868,2384143821,1461252962,848068649,6326324300,"Repeated printed grand total, also shown on source page 19. Staged detail-row comparison note is recorded on source page 19."
m-b9-p020-r007-y2026,M,B.9,20,380,https://github.com/tordecilla/unprogrammed-appropriations/releases/download/pdfs-agency-expenditure-pages-v1/annex-m-p020.pdf,GRAND TOTAL,SPECIAL PURPOSE FUNDS,grandTotal,False,2026,proposed,thousand pesos,PHP,1879333837,2640231069,1323563344,950033750,6793162000,"Repeated printed grand total, also shown on source page 19. Staged detail-row comparison note is recorded on source page 19."
