id,sourceAnnex,sourcePage,sourcePdf,year,series,particulars,rowType,component,market,hierarchyPath,printedUnit,printedAmount,amountPesos,precisionPesos,domesticPrintedAmount,foreignPrintedAmount,domesticPesos,foreignPesos,reviewNote
debt-n-p001-y2024-r001,N,1,https://github.com/tordecilla/unprogrammed-appropriations/releases/download/pdfs-debt-pages-v1/annex-n-p001.pdf,2024,2024 principal amortization appropriation,For the Payment of Principal Amortization of Foreign and Domestic Indebtedness,detail,,,For the Payment of Principal Amortization of Foreign and Domestic Indebtedness,pesos,1241179000000,1241179000000,1,,,,,Values in capital outlays and total agree visually; no uncertainty noted.
debt-n-p001-y2024-r002,N,1,https://github.com/tordecilla/unprogrammed-appropriations/releases/download/pdfs-debt-pages-v1/annex-n-p001.pdf,2024,2024 principal amortization appropriation,TOTAL,grandTotal,,,TOTAL,pesos,1241179000000,1241179000000,1,,,,,Values in capital outlays and total agree visually; no uncertainty noted.
debt-o-p001-y2004-r001,O,1,https://github.com/tordecilla/unprogrammed-appropriations/releases/download/pdfs-debt-pages-v1/annex-o-p001.pdf,2004,historical debt service,I. Interest Payments,subtotal,interestPayments,,I. Interest Payments,million pesos,260901,260901000000,1000000,,,,,"All printed annual aggregates and visible instrument rows are staged. Detail rows reconcile to NG domestic subtotals except 2014, where they sum to 220,494 versus printed 220,495 (1 million peso difference); source values preserved."
debt-o-p001-y2005-r001,O,1,https://github.com/tordecilla/unprogrammed-appropriations/releases/download/pdfs-debt-pages-v1/annex-o-p001.pdf,2005,historical debt service,I. Interest Payments,subtotal,interestPayments,,I. Interest Payments,million pesos,299807,299807000000,1000000,,,,,"All printed annual aggregates and visible instrument rows are staged. Detail rows reconcile to NG domestic subtotals except 2014, where they sum to 220,494 versus printed 220,495 (1 million peso difference); source values preserved."
debt-o-p001-y2006-r001,O,1,https://github.com/tordecilla/unprogrammed-appropriations/releases/download/pdfs-debt-pages-v1/annex-o-p001.pdf,2006,historical debt service,I. Interest Payments,subtotal,interestPayments,,I. Interest Payments,million pesos,310108,310108000000,1000000,,,,,"All printed annual aggregates and visible instrument rows are staged. Detail rows reconcile to NG domestic subtotals except 2014, where they sum to 220,494 versus printed 220,495 (1 million peso difference); source values preserved."
debt-o-p001-y2007-r001,O,1,https://github.com/tordecilla/unprogrammed-appropriations/releases/download/pdfs-debt-pages-v1/annex-o-p001.pdf,2007,historical debt service,I. Interest Payments,subtotal,interestPayments,,I. Interest Payments,million pesos,267800,267800000000,1000000,,,,,"All printed annual aggregates and visible instrument rows are staged. Detail rows reconcile to NG domestic subtotals except 2014, where they sum to 220,494 versus printed 220,495 (1 million peso difference); source values preserved."
debt-o-p001-y2008-r001,O,1,https://github.com/tordecilla/unprogrammed-appropriations/releases/download/pdfs-debt-pages-v1/annex-o-p001.pdf,2008,historical debt service,I. Interest Payments,subtotal,interestPayments,,I. Interest Payments,million pesos,272218,272218000000,1000000,,,,,"All printed annual aggregates and visible instrument rows are staged. Detail rows reconcile to NG domestic subtotals except 2014, where they sum to 220,494 versus printed 220,495 (1 million peso difference); source values preserved."
debt-o-p001-y2009-r001,O,1,https://github.com/tordecilla/unprogrammed-appropriations/releases/download/pdfs-debt-pages-v1/annex-o-p001.pdf,2009,historical debt service,I. Interest Payments,subtotal,interestPayments,,I. Interest Payments,million pesos,278866,278866000000,1000000,,,,,"All printed annual aggregates and visible instrument rows are staged. Detail rows reconcile to NG domestic subtotals except 2014, where they sum to 220,494 versus printed 220,495 (1 million peso difference); source values preserved."
debt-o-p001-y2010-r001,O,1,https://github.com/tordecilla/unprogrammed-appropriations/releases/download/pdfs-debt-pages-v1/annex-o-p001.pdf,2010,historical debt service,I. Interest Payments,subtotal,interestPayments,,I. Interest Payments,million pesos,294244,294244000000,1000000,,,,,"All printed annual aggregates and visible instrument rows are staged. Detail rows reconcile to NG domestic subtotals except 2014, where they sum to 220,494 versus printed 220,495 (1 million peso difference); source values preserved."
debt-o-p001-y2011-r001,O,1,https://github.com/tordecilla/unprogrammed-appropriations/releases/download/pdfs-debt-pages-v1/annex-o-p001.pdf,2011,historical debt service,I. Interest Payments,subtotal,interestPayments,,I. Interest Payments,million pesos,278996,278996000000,1000000,,,,,"All printed annual aggregates and visible instrument rows are staged. Detail rows reconcile to NG domestic subtotals except 2014, where they sum to 220,494 versus printed 220,495 (1 million peso difference); source values preserved."
debt-o-p001-y2012-r001,O,1,https://github.com/tordecilla/unprogrammed-appropriations/releases/download/pdfs-debt-pages-v1/annex-o-p001.pdf,2012,historical debt service,I. Interest Payments,subtotal,interestPayments,,I. Interest Payments,million pesos,312799,312799000000,1000000,,,,,"All printed annual aggregates and visible instrument rows are staged. Detail rows reconcile to NG domestic subtotals except 2014, where they sum to 220,494 versus printed 220,495 (1 million peso difference); source values preserved."
debt-o-p001-y2013-r001,O,1,https://github.com/tordecilla/unprogrammed-appropriations/releases/download/pdfs-debt-pages-v1/annex-o-p001.pdf,2013,historical debt service,I. Interest Payments,subtotal,interestPayments,,I. Interest Payments,million pesos,323434,323434000000,1000000,,,,,"All printed annual aggregates and visible instrument rows are staged. Detail rows reconcile to NG domestic subtotals except 2014, where they sum to 220,494 versus printed 220,495 (1 million peso difference); source values preserved."
debt-o-p001-y2014-r001,O,1,https://github.com/tordecilla/unprogrammed-appropriations/releases/download/pdfs-debt-pages-v1/annex-o-p001.pdf,2014,historical debt service,I. Interest Payments,subtotal,interestPayments,,I. Interest Payments,million pesos,321185,321185000000,1000000,,,,,"All printed annual aggregates and visible instrument rows are staged. Detail rows reconcile to NG domestic subtotals except 2014, where they sum to 220,494 versus printed 220,495 (1 million peso difference); source values preserved."
debt-o-p001-y2015-r001,O,1,https://github.com/tordecilla/unprogrammed-appropriations/releases/download/pdfs-debt-pages-v1/annex-o-p001.pdf,2015,historical debt service,I. Interest Payments,subtotal,interestPayments,,I. Interest Payments,million pesos,309364,309364000000,1000000,,,,,"All printed annual aggregates and visible instrument rows are staged. Detail rows reconcile to NG domestic subtotals except 2014, where they sum to 220,494 versus printed 220,495 (1 million peso difference); source values preserved."
debt-o-p001-y2016-r001,O,1,https://github.com/tordecilla/unprogrammed-appropriations/releases/download/pdfs-debt-pages-v1/annex-o-p001.pdf,2016,historical debt service,I. Interest Payments,subtotal,interestPayments,,I. Interest Payments,million pesos,304454,304454000000,1000000,,,,,"All printed annual aggregates and visible instrument rows are staged. Detail rows reconcile to NG domestic subtotals except 2014, where they sum to 220,494 versus printed 220,495 (1 million peso difference); source values preserved."
debt-o-p001-y2017-r001,O,1,https://github.com/tordecilla/unprogrammed-appropriations/releases/download/pdfs-debt-pages-v1/annex-o-p001.pdf,2017,historical debt service,I. Interest Payments,subtotal,interestPayments,,I. Interest Payments,million pesos,310541,310541000000,1000000,,,,,"All printed annual aggregates and visible instrument rows are staged. Detail rows reconcile to NG domestic subtotals except 2014, where they sum to 220,494 versus printed 220,495 (1 million peso difference); source values preserved."
debt-o-p001-y2018-r001,O,1,https://github.com/tordecilla/unprogrammed-appropriations/releases/download/pdfs-debt-pages-v1/annex-o-p001.pdf,2018,historical debt service,I. Interest Payments,subtotal,interestPayments,,I. Interest Payments,million pesos,349215,349215000000,1000000,,,,,"All printed annual aggregates and visible instrument rows are staged. Detail rows reconcile to NG domestic subtotals except 2014, where they sum to 220,494 versus printed 220,495 (1 million peso difference); source values preserved."
debt-o-p001-y2019-r001,O,1,https://github.com/tordecilla/unprogrammed-appropriations/releases/download/pdfs-debt-pages-v1/annex-o-p001.pdf,2019,historical debt service,I. Interest Payments,subtotal,interestPayments,,I. Interest Payments,million pesos,360874,360874000000,1000000,,,,,"All printed annual aggregates and visible instrument rows are staged. Detail rows reconcile to NG domestic subtotals except 2014, where they sum to 220,494 versus printed 220,495 (1 million peso difference); source values preserved."
debt-o-p001-y2020-r001,O,1,https://github.com/tordecilla/unprogrammed-appropriations/releases/download/pdfs-debt-pages-v1/annex-o-p001.pdf,2020,historical debt service,I. Interest Payments,subtotal,interestPayments,,I. Interest Payments,million pesos,380412,380412000000,1000000,,,,,"All printed annual aggregates and visible instrument rows are staged. Detail rows reconcile to NG domestic subtotals except 2014, where they sum to 220,494 versus printed 220,495 (1 million peso difference); source values preserved."
debt-o-p001-y2021-r001,O,1,https://github.com/tordecilla/unprogrammed-appropriations/releases/download/pdfs-debt-pages-v1/annex-o-p001.pdf,2021,historical debt service,I. Interest Payments,subtotal,interestPayments,,I. Interest Payments,million pesos,429432,429432000000,1000000,,,,,"All printed annual aggregates and visible instrument rows are staged. Detail rows reconcile to NG domestic subtotals except 2014, where they sum to 220,494 versus printed 220,495 (1 million peso difference); source values preserved."
debt-o-p001-y2022-r001,O,1,https://github.com/tordecilla/unprogrammed-appropriations/releases/download/pdfs-debt-pages-v1/annex-o-p001.pdf,2022,historical debt service,I. Interest Payments,subtotal,interestPayments,,I. Interest Payments,million pesos,502858,502858000000,1000000,,,,,"All printed annual aggregates and visible instrument rows are staged. Detail rows reconcile to NG domestic subtotals except 2014, where they sum to 220,494 versus printed 220,495 (1 million peso difference); source values preserved."
debt-o-p001-y2023-r001,O,1,https://github.com/tordecilla/unprogrammed-appropriations/releases/download/pdfs-debt-pages-v1/annex-o-p001.pdf,2023,historical debt service,I. Interest Payments,subtotal,interestPayments,,I. Interest Payments,million pesos,628333,628333000000,1000000,,,,,"All printed annual aggregates and visible instrument rows are staged. Detail rows reconcile to NG domestic subtotals except 2014, where they sum to 220,494 versus printed 220,495 (1 million peso difference); source values preserved."
debt-o-p001-y2024-r001,O,1,https://github.com/tordecilla/unprogrammed-appropriations/releases/download/pdfs-debt-pages-v1/annex-o-p001.pdf,2024,historical debt service,I. Interest Payments,subtotal,interestPayments,,I. Interest Payments,million pesos,763313,763313000000,1000000,,,,,"All printed annual aggregates and visible instrument rows are staged. Detail rows reconcile to NG domestic subtotals except 2014, where they sum to 220,494 versus printed 220,495 (1 million peso difference); source values preserved."
debt-o-p001-y2025-r001,O,1,https://github.com/tordecilla/unprogrammed-appropriations/releases/download/pdfs-debt-pages-v1/annex-o-p001.pdf,2025,historical debt service,I. Interest Payments,subtotal,interestPayments,,I. Interest Payments,million pesos,864139,864139000000,1000000,,,,,"All printed annual aggregates and visible instrument rows are staged. Detail rows reconcile to NG domestic subtotals except 2014, where they sum to 220,494 versus printed 220,495 (1 million peso difference); source values preserved."
debt-o-p001-y2004-r002,O,1,https://github.com/tordecilla/unprogrammed-appropriations/releases/download/pdfs-debt-pages-v1/annex-o-p001.pdf,2004,historical debt service,Domestic,subtotal,interestPayments,domestic,I. Interest Payments > Domestic,million pesos,169997,169997000000,1000000,,,,,"All printed annual aggregates and visible instrument rows are staged. Detail rows reconcile to NG domestic subtotals except 2014, where they sum to 220,494 versus printed 220,495 (1 million peso difference); source values preserved."
debt-o-p001-y2005-r002,O,1,https://github.com/tordecilla/unprogrammed-appropriations/releases/download/pdfs-debt-pages-v1/annex-o-p001.pdf,2005,historical debt service,Domestic,subtotal,interestPayments,domestic,I. Interest Payments > Domestic,million pesos,190352,190352000000,1000000,,,,,"All printed annual aggregates and visible instrument rows are staged. Detail rows reconcile to NG domestic subtotals except 2014, where they sum to 220,494 versus printed 220,495 (1 million peso difference); source values preserved."
debt-o-p001-y2006-r002,O,1,https://github.com/tordecilla/unprogrammed-appropriations/releases/download/pdfs-debt-pages-v1/annex-o-p001.pdf,2006,historical debt service,Domestic,subtotal,interestPayments,domestic,I. Interest Payments > Domestic,million pesos,197263,197263000000,1000000,,,,,"All printed annual aggregates and visible instrument rows are staged. Detail rows reconcile to NG domestic subtotals except 2014, where they sum to 220,494 versus printed 220,495 (1 million peso difference); source values preserved."
debt-o-p001-y2007-r002,O,1,https://github.com/tordecilla/unprogrammed-appropriations/releases/download/pdfs-debt-pages-v1/annex-o-p001.pdf,2007,historical debt service,Domestic,subtotal,interestPayments,domestic,I. Interest Payments > Domestic,million pesos,157220,157220000000,1000000,,,,,"All printed annual aggregates and visible instrument rows are staged. Detail rows reconcile to NG domestic subtotals except 2014, where they sum to 220,494 versus printed 220,495 (1 million peso difference); source values preserved."
debt-o-p001-y2008-r002,O,1,https://github.com/tordecilla/unprogrammed-appropriations/releases/download/pdfs-debt-pages-v1/annex-o-p001.pdf,2008,historical debt service,Domestic,subtotal,interestPayments,domestic,I. Interest Payments > Domestic,million pesos,170474,170474000000,1000000,,,,,"All printed annual aggregates and visible instrument rows are staged. Detail rows reconcile to NG domestic subtotals except 2014, where they sum to 220,494 versus printed 220,495 (1 million peso difference); source values preserved."
debt-o-p001-y2009-r002,O,1,https://github.com/tordecilla/unprogrammed-appropriations/releases/download/pdfs-debt-pages-v1/annex-o-p001.pdf,2009,historical debt service,Domestic,subtotal,interestPayments,domestic,I. Interest Payments > Domestic,million pesos,164703,164703000000,1000000,,,,,"All printed annual aggregates and visible instrument rows are staged. Detail rows reconcile to NG domestic subtotals except 2014, where they sum to 220,494 versus printed 220,495 (1 million peso difference); source values preserved."
debt-o-p001-y2010-r002,O,1,https://github.com/tordecilla/unprogrammed-appropriations/releases/download/pdfs-debt-pages-v1/annex-o-p001.pdf,2010,historical debt service,Domestic,subtotal,interestPayments,domestic,I. Interest Payments > Domestic,million pesos,175673,175673000000,1000000,,,,,"All printed annual aggregates and visible instrument rows are staged. Detail rows reconcile to NG domestic subtotals except 2014, where they sum to 220,494 versus printed 220,495 (1 million peso difference); source values preserved."
debt-o-p001-y2011-r002,O,1,https://github.com/tordecilla/unprogrammed-appropriations/releases/download/pdfs-debt-pages-v1/annex-o-p001.pdf,2011,historical debt service,Domestic,subtotal,interestPayments,domestic,I. Interest Payments > Domestic,million pesos,170476,170476000000,1000000,,,,,"All printed annual aggregates and visible instrument rows are staged. Detail rows reconcile to NG domestic subtotals except 2014, where they sum to 220,494 versus printed 220,495 (1 million peso difference); source values preserved."
debt-o-p001-y2012-r002,O,1,https://github.com/tordecilla/unprogrammed-appropriations/releases/download/pdfs-debt-pages-v1/annex-o-p001.pdf,2012,historical debt service,Domestic,subtotal,interestPayments,domestic,I. Interest Payments > Domestic,million pesos,201215,201215000000,1000000,,,,,"All printed annual aggregates and visible instrument rows are staged. Detail rows reconcile to NG domestic subtotals except 2014, where they sum to 220,494 versus printed 220,495 (1 million peso difference); source values preserved."
debt-o-p001-y2013-r002,O,1,https://github.com/tordecilla/unprogrammed-appropriations/releases/download/pdfs-debt-pages-v1/annex-o-p001.pdf,2013,historical debt service,Domestic,subtotal,interestPayments,domestic,I. Interest Payments > Domestic,million pesos,222317,222317000000,1000000,,,,,"All printed annual aggregates and visible instrument rows are staged. Detail rows reconcile to NG domestic subtotals except 2014, where they sum to 220,494 versus printed 220,495 (1 million peso difference); source values preserved."
debt-o-p001-y2014-r002,O,1,https://github.com/tordecilla/unprogrammed-appropriations/releases/download/pdfs-debt-pages-v1/annex-o-p001.pdf,2014,historical debt service,Domestic,subtotal,interestPayments,domestic,I. Interest Payments > Domestic,million pesos,220495,220495000000,1000000,,,,,"All printed annual aggregates and visible instrument rows are staged. Detail rows reconcile to NG domestic subtotals except 2014, where they sum to 220,494 versus printed 220,495 (1 million peso difference); source values preserved."
debt-o-p001-y2015-r002,O,1,https://github.com/tordecilla/unprogrammed-appropriations/releases/download/pdfs-debt-pages-v1/annex-o-p001.pdf,2015,historical debt service,Domestic,subtotal,interestPayments,domestic,I. Interest Payments > Domestic,million pesos,215589,215589000000,1000000,,,,,"All printed annual aggregates and visible instrument rows are staged. Detail rows reconcile to NG domestic subtotals except 2014, where they sum to 220,494 versus printed 220,495 (1 million peso difference); source values preserved."
debt-o-p001-y2016-r002,O,1,https://github.com/tordecilla/unprogrammed-appropriations/releases/download/pdfs-debt-pages-v1/annex-o-p001.pdf,2016,historical debt service,Domestic,subtotal,interestPayments,domestic,I. Interest Payments > Domestic,million pesos,205426,205426000000,1000000,,,,,"All printed annual aggregates and visible instrument rows are staged. Detail rows reconcile to NG domestic subtotals except 2014, where they sum to 220,494 versus printed 220,495 (1 million peso difference); source values preserved."
debt-o-p001-y2017-r002,O,1,https://github.com/tordecilla/unprogrammed-appropriations/releases/download/pdfs-debt-pages-v1/annex-o-p001.pdf,2017,historical debt service,Domestic,subtotal,interestPayments,domestic,I. Interest Payments > Domestic,million pesos,210476,210476000000,1000000,,,,,"All printed annual aggregates and visible instrument rows are staged. Detail rows reconcile to NG domestic subtotals except 2014, where they sum to 220,494 versus printed 220,495 (1 million peso difference); source values preserved."
debt-o-p001-y2018-r002,O,1,https://github.com/tordecilla/unprogrammed-appropriations/releases/download/pdfs-debt-pages-v1/annex-o-p001.pdf,2018,historical debt service,Domestic,subtotal,interestPayments,domestic,I. Interest Payments > Domestic,million pesos,243232,243232000000,1000000,,,,,"All printed annual aggregates and visible instrument rows are staged. Detail rows reconcile to NG domestic subtotals except 2014, where they sum to 220,494 versus printed 220,495 (1 million peso difference); source values preserved."
debt-o-p001-y2019-r002,O,1,https://github.com/tordecilla/unprogrammed-appropriations/releases/download/pdfs-debt-pages-v1/annex-o-p001.pdf,2019,historical debt service,Domestic,subtotal,interestPayments,domestic,I. Interest Payments > Domestic,million pesos,250298,250298000000,1000000,,,,,"All printed annual aggregates and visible instrument rows are staged. Detail rows reconcile to NG domestic subtotals except 2014, where they sum to 220,494 versus printed 220,495 (1 million peso difference); source values preserved."
debt-o-p001-y2020-r002,O,1,https://github.com/tordecilla/unprogrammed-appropriations/releases/download/pdfs-debt-pages-v1/annex-o-p001.pdf,2020,historical debt service,Domestic,subtotal,interestPayments,domestic,I. Interest Payments > Domestic,million pesos,279056,279056000000,1000000,,,,,"All printed annual aggregates and visible instrument rows are staged. Detail rows reconcile to NG domestic subtotals except 2014, where they sum to 220,494 versus printed 220,495 (1 million peso difference); source values preserved."
debt-o-p001-y2021-r002,O,1,https://github.com/tordecilla/unprogrammed-appropriations/releases/download/pdfs-debt-pages-v1/annex-o-p001.pdf,2021,historical debt service,Domestic,subtotal,interestPayments,domestic,I. Interest Payments > Domestic,million pesos,333335,333335000000,1000000,,,,,"All printed annual aggregates and visible instrument rows are staged. Detail rows reconcile to NG domestic subtotals except 2014, where they sum to 220,494 versus printed 220,495 (1 million peso difference); source values preserved."
debt-o-p001-y2022-r002,O,1,https://github.com/tordecilla/unprogrammed-appropriations/releases/download/pdfs-debt-pages-v1/annex-o-p001.pdf,2022,historical debt service,Domestic,subtotal,interestPayments,domestic,I. Interest Payments > Domestic,million pesos,383452,383452000000,1000000,,,,,"All printed annual aggregates and visible instrument rows are staged. Detail rows reconcile to NG domestic subtotals except 2014, where they sum to 220,494 versus printed 220,495 (1 million peso difference); source values preserved."
debt-o-p001-y2023-r002,O,1,https://github.com/tordecilla/unprogrammed-appropriations/releases/download/pdfs-debt-pages-v1/annex-o-p001.pdf,2023,historical debt service,Domestic,subtotal,interestPayments,domestic,I. Interest Payments > Domestic,million pesos,435742,435742000000,1000000,,,,,"All printed annual aggregates and visible instrument rows are staged. Detail rows reconcile to NG domestic subtotals except 2014, where they sum to 220,494 versus printed 220,495 (1 million peso difference); source values preserved."
debt-o-p001-y2024-r002,O,1,https://github.com/tordecilla/unprogrammed-appropriations/releases/download/pdfs-debt-pages-v1/annex-o-p001.pdf,2024,historical debt service,Domestic,subtotal,interestPayments,domestic,I. Interest Payments > Domestic,million pesos,539829,539829000000,1000000,,,,,"All printed annual aggregates and visible instrument rows are staged. Detail rows reconcile to NG domestic subtotals except 2014, where they sum to 220,494 versus printed 220,495 (1 million peso difference); source values preserved."
debt-o-p001-y2025-r002,O,1,https://github.com/tordecilla/unprogrammed-appropriations/releases/download/pdfs-debt-pages-v1/annex-o-p001.pdf,2025,historical debt service,Domestic,subtotal,interestPayments,domestic,I. Interest Payments > Domestic,million pesos,634846,634846000000,1000000,,,,,"All printed annual aggregates and visible instrument rows are staged. Detail rows reconcile to NG domestic subtotals except 2014, where they sum to 220,494 versus printed 220,495 (1 million peso difference); source values preserved."
debt-o-p001-y2004-r003,O,1,https://github.com/tordecilla/unprogrammed-appropriations/releases/download/pdfs-debt-pages-v1/annex-o-p001.pdf,2004,historical debt service,NG,subtotal,interestPayments,domestic,I. Interest Payments > Domestic > NG,million pesos,169997,169997000000,1000000,,,,,"Instrument detail rows sum to 220,494 in 2014 while the printed NG subtotal is 220,495; source values preserved."
debt-o-p001-y2005-r003,O,1,https://github.com/tordecilla/unprogrammed-appropriations/releases/download/pdfs-debt-pages-v1/annex-o-p001.pdf,2005,historical debt service,NG,subtotal,interestPayments,domestic,I. Interest Payments > Domestic > NG,million pesos,190352,190352000000,1000000,,,,,"Instrument detail rows sum to 220,494 in 2014 while the printed NG subtotal is 220,495; source values preserved."
debt-o-p001-y2006-r003,O,1,https://github.com/tordecilla/unprogrammed-appropriations/releases/download/pdfs-debt-pages-v1/annex-o-p001.pdf,2006,historical debt service,NG,subtotal,interestPayments,domestic,I. Interest Payments > Domestic > NG,million pesos,197263,197263000000,1000000,,,,,"Instrument detail rows sum to 220,494 in 2014 while the printed NG subtotal is 220,495; source values preserved."
debt-o-p001-y2007-r003,O,1,https://github.com/tordecilla/unprogrammed-appropriations/releases/download/pdfs-debt-pages-v1/annex-o-p001.pdf,2007,historical debt service,NG,subtotal,interestPayments,domestic,I. Interest Payments > Domestic > NG,million pesos,157220,157220000000,1000000,,,,,"Instrument detail rows sum to 220,494 in 2014 while the printed NG subtotal is 220,495; source values preserved."
debt-o-p001-y2008-r003,O,1,https://github.com/tordecilla/unprogrammed-appropriations/releases/download/pdfs-debt-pages-v1/annex-o-p001.pdf,2008,historical debt service,NG,subtotal,interestPayments,domestic,I. Interest Payments > Domestic > NG,million pesos,170474,170474000000,1000000,,,,,"Instrument detail rows sum to 220,494 in 2014 while the printed NG subtotal is 220,495; source values preserved."
debt-o-p001-y2009-r003,O,1,https://github.com/tordecilla/unprogrammed-appropriations/releases/download/pdfs-debt-pages-v1/annex-o-p001.pdf,2009,historical debt service,NG,subtotal,interestPayments,domestic,I. Interest Payments > Domestic > NG,million pesos,164703,164703000000,1000000,,,,,"Instrument detail rows sum to 220,494 in 2014 while the printed NG subtotal is 220,495; source values preserved."
debt-o-p001-y2010-r003,O,1,https://github.com/tordecilla/unprogrammed-appropriations/releases/download/pdfs-debt-pages-v1/annex-o-p001.pdf,2010,historical debt service,NG,subtotal,interestPayments,domestic,I. Interest Payments > Domestic > NG,million pesos,175673,175673000000,1000000,,,,,"Instrument detail rows sum to 220,494 in 2014 while the printed NG subtotal is 220,495; source values preserved."
debt-o-p001-y2011-r003,O,1,https://github.com/tordecilla/unprogrammed-appropriations/releases/download/pdfs-debt-pages-v1/annex-o-p001.pdf,2011,historical debt service,NG,subtotal,interestPayments,domestic,I. Interest Payments > Domestic > NG,million pesos,170476,170476000000,1000000,,,,,"Instrument detail rows sum to 220,494 in 2014 while the printed NG subtotal is 220,495; source values preserved."
debt-o-p001-y2012-r003,O,1,https://github.com/tordecilla/unprogrammed-appropriations/releases/download/pdfs-debt-pages-v1/annex-o-p001.pdf,2012,historical debt service,NG,subtotal,interestPayments,domestic,I. Interest Payments > Domestic > NG,million pesos,201215,201215000000,1000000,,,,,"Instrument detail rows sum to 220,494 in 2014 while the printed NG subtotal is 220,495; source values preserved."
debt-o-p001-y2013-r003,O,1,https://github.com/tordecilla/unprogrammed-appropriations/releases/download/pdfs-debt-pages-v1/annex-o-p001.pdf,2013,historical debt service,NG,subtotal,interestPayments,domestic,I. Interest Payments > Domestic > NG,million pesos,222317,222317000000,1000000,,,,,"Instrument detail rows sum to 220,494 in 2014 while the printed NG subtotal is 220,495; source values preserved."
debt-o-p001-y2014-r003,O,1,https://github.com/tordecilla/unprogrammed-appropriations/releases/download/pdfs-debt-pages-v1/annex-o-p001.pdf,2014,historical debt service,NG,subtotal,interestPayments,domestic,I. Interest Payments > Domestic > NG,million pesos,220495,220495000000,1000000,,,,,"Instrument detail rows sum to 220,494 in 2014 while the printed NG subtotal is 220,495; source values preserved."
debt-o-p001-y2015-r003,O,1,https://github.com/tordecilla/unprogrammed-appropriations/releases/download/pdfs-debt-pages-v1/annex-o-p001.pdf,2015,historical debt service,NG,subtotal,interestPayments,domestic,I. Interest Payments > Domestic > NG,million pesos,215589,215589000000,1000000,,,,,"Instrument detail rows sum to 220,494 in 2014 while the printed NG subtotal is 220,495; source values preserved."
debt-o-p001-y2016-r003,O,1,https://github.com/tordecilla/unprogrammed-appropriations/releases/download/pdfs-debt-pages-v1/annex-o-p001.pdf,2016,historical debt service,NG,subtotal,interestPayments,domestic,I. Interest Payments > Domestic > NG,million pesos,205426,205426000000,1000000,,,,,"Instrument detail rows sum to 220,494 in 2014 while the printed NG subtotal is 220,495; source values preserved."
debt-o-p001-y2017-r003,O,1,https://github.com/tordecilla/unprogrammed-appropriations/releases/download/pdfs-debt-pages-v1/annex-o-p001.pdf,2017,historical debt service,NG,subtotal,interestPayments,domestic,I. Interest Payments > Domestic > NG,million pesos,210476,210476000000,1000000,,,,,"Instrument detail rows sum to 220,494 in 2014 while the printed NG subtotal is 220,495; source values preserved."
debt-o-p001-y2018-r003,O,1,https://github.com/tordecilla/unprogrammed-appropriations/releases/download/pdfs-debt-pages-v1/annex-o-p001.pdf,2018,historical debt service,NG,subtotal,interestPayments,domestic,I. Interest Payments > Domestic > NG,million pesos,243232,243232000000,1000000,,,,,"Instrument detail rows sum to 220,494 in 2014 while the printed NG subtotal is 220,495; source values preserved."
debt-o-p001-y2019-r003,O,1,https://github.com/tordecilla/unprogrammed-appropriations/releases/download/pdfs-debt-pages-v1/annex-o-p001.pdf,2019,historical debt service,NG,subtotal,interestPayments,domestic,I. Interest Payments > Domestic > NG,million pesos,250298,250298000000,1000000,,,,,"Instrument detail rows sum to 220,494 in 2014 while the printed NG subtotal is 220,495; source values preserved."
debt-o-p001-y2020-r003,O,1,https://github.com/tordecilla/unprogrammed-appropriations/releases/download/pdfs-debt-pages-v1/annex-o-p001.pdf,2020,historical debt service,NG,subtotal,interestPayments,domestic,I. Interest Payments > Domestic > NG,million pesos,279056,279056000000,1000000,,,,,"Instrument detail rows sum to 220,494 in 2014 while the printed NG subtotal is 220,495; source values preserved."
debt-o-p001-y2021-r003,O,1,https://github.com/tordecilla/unprogrammed-appropriations/releases/download/pdfs-debt-pages-v1/annex-o-p001.pdf,2021,historical debt service,NG,subtotal,interestPayments,domestic,I. Interest Payments > Domestic > NG,million pesos,333335,333335000000,1000000,,,,,"Instrument detail rows sum to 220,494 in 2014 while the printed NG subtotal is 220,495; source values preserved."
debt-o-p001-y2022-r003,O,1,https://github.com/tordecilla/unprogrammed-appropriations/releases/download/pdfs-debt-pages-v1/annex-o-p001.pdf,2022,historical debt service,NG,subtotal,interestPayments,domestic,I. Interest Payments > Domestic > NG,million pesos,383452,383452000000,1000000,,,,,"Instrument detail rows sum to 220,494 in 2014 while the printed NG subtotal is 220,495; source values preserved."
debt-o-p001-y2023-r003,O,1,https://github.com/tordecilla/unprogrammed-appropriations/releases/download/pdfs-debt-pages-v1/annex-o-p001.pdf,2023,historical debt service,NG,subtotal,interestPayments,domestic,I. Interest Payments > Domestic > NG,million pesos,435742,435742000000,1000000,,,,,"Instrument detail rows sum to 220,494 in 2014 while the printed NG subtotal is 220,495; source values preserved."
debt-o-p001-y2024-r003,O,1,https://github.com/tordecilla/unprogrammed-appropriations/releases/download/pdfs-debt-pages-v1/annex-o-p001.pdf,2024,historical debt service,NG,subtotal,interestPayments,domestic,I. Interest Payments > Domestic > NG,million pesos,539829,539829000000,1000000,,,,,"Instrument detail rows sum to 220,494 in 2014 while the printed NG subtotal is 220,495; source values preserved."
debt-o-p001-y2025-r003,O,1,https://github.com/tordecilla/unprogrammed-appropriations/releases/download/pdfs-debt-pages-v1/annex-o-p001.pdf,2025,historical debt service,NG,subtotal,interestPayments,domestic,I. Interest Payments > Domestic > NG,million pesos,634846,634846000000,1000000,,,,,"Instrument detail rows sum to 220,494 in 2014 while the printed NG subtotal is 220,495; source values preserved."
debt-o-p001-y2004-r004,O,1,https://github.com/tordecilla/unprogrammed-appropriations/releases/download/pdfs-debt-pages-v1/annex-o-p001.pdf,2004,historical debt service,Treasury Bills,detail,interestPayments,domestic,I. Interest Payments > Domestic > NG > Treasury Bills,million pesos,34741,34741000000,1000000,,,,,"All printed annual aggregates and visible instrument rows are staged. Detail rows reconcile to NG domestic subtotals except 2014, where they sum to 220,494 versus printed 220,495 (1 million peso difference); source values preserved."
debt-o-p001-y2005-r004,O,1,https://github.com/tordecilla/unprogrammed-appropriations/releases/download/pdfs-debt-pages-v1/annex-o-p001.pdf,2005,historical debt service,Treasury Bills,detail,interestPayments,domestic,I. Interest Payments > Domestic > NG > Treasury Bills,million pesos,36946,36946000000,1000000,,,,,"All printed annual aggregates and visible instrument rows are staged. Detail rows reconcile to NG domestic subtotals except 2014, where they sum to 220,494 versus printed 220,495 (1 million peso difference); source values preserved."
debt-o-p001-y2006-r004,O,1,https://github.com/tordecilla/unprogrammed-appropriations/releases/download/pdfs-debt-pages-v1/annex-o-p001.pdf,2006,historical debt service,Treasury Bills,detail,interestPayments,domestic,I. Interest Payments > Domestic > NG > Treasury Bills,million pesos,29545,29545000000,1000000,,,,,"All printed annual aggregates and visible instrument rows are staged. Detail rows reconcile to NG domestic subtotals except 2014, where they sum to 220,494 versus printed 220,495 (1 million peso difference); source values preserved."
debt-o-p001-y2007-r004,O,1,https://github.com/tordecilla/unprogrammed-appropriations/releases/download/pdfs-debt-pages-v1/annex-o-p001.pdf,2007,historical debt service,Treasury Bills,detail,interestPayments,domestic,I. Interest Payments > Domestic > NG > Treasury Bills,million pesos,20328,20328000000,1000000,,,,,"All printed annual aggregates and visible instrument rows are staged. Detail rows reconcile to NG domestic subtotals except 2014, where they sum to 220,494 versus printed 220,495 (1 million peso difference); source values preserved."
debt-o-p001-y2008-r004,O,1,https://github.com/tordecilla/unprogrammed-appropriations/releases/download/pdfs-debt-pages-v1/annex-o-p001.pdf,2008,historical debt service,Treasury Bills,detail,interestPayments,domestic,I. Interest Payments > Domestic > NG > Treasury Bills,million pesos,36146,36146000000,1000000,,,,,"All printed annual aggregates and visible instrument rows are staged. Detail rows reconcile to NG domestic subtotals except 2014, where they sum to 220,494 versus printed 220,495 (1 million peso difference); source values preserved."
debt-o-p001-y2009-r004,O,1,https://github.com/tordecilla/unprogrammed-appropriations/releases/download/pdfs-debt-pages-v1/annex-o-p001.pdf,2009,historical debt service,Treasury Bills,detail,interestPayments,domestic,I. Interest Payments > Domestic > NG > Treasury Bills,million pesos,20441,20441000000,1000000,,,,,"All printed annual aggregates and visible instrument rows are staged. Detail rows reconcile to NG domestic subtotals except 2014, where they sum to 220,494 versus printed 220,495 (1 million peso difference); source values preserved."
debt-o-p001-y2010-r004,O,1,https://github.com/tordecilla/unprogrammed-appropriations/releases/download/pdfs-debt-pages-v1/annex-o-p001.pdf,2010,historical debt service,Treasury Bills,detail,interestPayments,domestic,I. Interest Payments > Domestic > NG > Treasury Bills,million pesos,15918,15918000000,1000000,,,,,"All printed annual aggregates and visible instrument rows are staged. Detail rows reconcile to NG domestic subtotals except 2014, where they sum to 220,494 versus printed 220,495 (1 million peso difference); source values preserved."
debt-o-p001-y2011-r004,O,1,https://github.com/tordecilla/unprogrammed-appropriations/releases/download/pdfs-debt-pages-v1/annex-o-p001.pdf,2011,historical debt service,Treasury Bills,detail,interestPayments,domestic,I. Interest Payments > Domestic > NG > Treasury Bills,million pesos,2668,2668000000,1000000,,,,,"All printed annual aggregates and visible instrument rows are staged. Detail rows reconcile to NG domestic subtotals except 2014, where they sum to 220,494 versus printed 220,495 (1 million peso difference); source values preserved."
debt-o-p001-y2012-r004,O,1,https://github.com/tordecilla/unprogrammed-appropriations/releases/download/pdfs-debt-pages-v1/annex-o-p001.pdf,2012,historical debt service,Treasury Bills,detail,interestPayments,domestic,I. Interest Payments > Domestic > NG > Treasury Bills,million pesos,1881,1881000000,1000000,,,,,"All printed annual aggregates and visible instrument rows are staged. Detail rows reconcile to NG domestic subtotals except 2014, where they sum to 220,494 versus printed 220,495 (1 million peso difference); source values preserved."
debt-o-p001-y2013-r004,O,1,https://github.com/tordecilla/unprogrammed-appropriations/releases/download/pdfs-debt-pages-v1/annex-o-p001.pdf,2013,historical debt service,Treasury Bills,detail,interestPayments,domestic,I. Interest Payments > Domestic > NG > Treasury Bills,million pesos,844,844000000,1000000,,,,,"All printed annual aggregates and visible instrument rows are staged. Detail rows reconcile to NG domestic subtotals except 2014, where they sum to 220,494 versus printed 220,495 (1 million peso difference); source values preserved."
debt-o-p001-y2014-r004,O,1,https://github.com/tordecilla/unprogrammed-appropriations/releases/download/pdfs-debt-pages-v1/annex-o-p001.pdf,2014,historical debt service,Treasury Bills,detail,interestPayments,domestic,I. Interest Payments > Domestic > NG > Treasury Bills,million pesos,1592,1592000000,1000000,,,,,"All printed annual aggregates and visible instrument rows are staged. Detail rows reconcile to NG domestic subtotals except 2014, where they sum to 220,494 versus printed 220,495 (1 million peso difference); source values preserved."
debt-o-p001-y2015-r004,O,1,https://github.com/tordecilla/unprogrammed-appropriations/releases/download/pdfs-debt-pages-v1/annex-o-p001.pdf,2015,historical debt service,Treasury Bills,detail,interestPayments,domestic,I. Interest Payments > Domestic > NG > Treasury Bills,million pesos,1770,1770000000,1000000,,,,,"All printed annual aggregates and visible instrument rows are staged. Detail rows reconcile to NG domestic subtotals except 2014, where they sum to 220,494 versus printed 220,495 (1 million peso difference); source values preserved."
debt-o-p001-y2016-r004,O,1,https://github.com/tordecilla/unprogrammed-appropriations/releases/download/pdfs-debt-pages-v1/annex-o-p001.pdf,2016,historical debt service,Treasury Bills,detail,interestPayments,domestic,I. Interest Payments > Domestic > NG > Treasury Bills,million pesos,529,529000000,1000000,,,,,"All printed annual aggregates and visible instrument rows are staged. Detail rows reconcile to NG domestic subtotals except 2014, where they sum to 220,494 versus printed 220,495 (1 million peso difference); source values preserved."
debt-o-p001-y2017-r004,O,1,https://github.com/tordecilla/unprogrammed-appropriations/releases/download/pdfs-debt-pages-v1/annex-o-p001.pdf,2017,historical debt service,Treasury Bills,detail,interestPayments,domestic,I. Interest Payments > Domestic > NG > Treasury Bills,million pesos,4320,4320000000,1000000,,,,,"All printed annual aggregates and visible instrument rows are staged. Detail rows reconcile to NG domestic subtotals except 2014, where they sum to 220,494 versus printed 220,495 (1 million peso difference); source values preserved."
debt-o-p001-y2018-r004,O,1,https://github.com/tordecilla/unprogrammed-appropriations/releases/download/pdfs-debt-pages-v1/annex-o-p001.pdf,2018,historical debt service,Treasury Bills,detail,interestPayments,domestic,I. Interest Payments > Domestic > NG > Treasury Bills,million pesos,10002,10002000000,1000000,,,,,"All printed annual aggregates and visible instrument rows are staged. Detail rows reconcile to NG domestic subtotals except 2014, where they sum to 220,494 versus printed 220,495 (1 million peso difference); source values preserved."
debt-o-p001-y2019-r004,O,1,https://github.com/tordecilla/unprogrammed-appropriations/releases/download/pdfs-debt-pages-v1/annex-o-p001.pdf,2019,historical debt service,Treasury Bills,detail,interestPayments,domestic,I. Interest Payments > Domestic > NG > Treasury Bills,million pesos,25280,25280000000,1000000,,,,,"All printed annual aggregates and visible instrument rows are staged. Detail rows reconcile to NG domestic subtotals except 2014, where they sum to 220,494 versus printed 220,495 (1 million peso difference); source values preserved."
debt-o-p001-y2020-r004,O,1,https://github.com/tordecilla/unprogrammed-appropriations/releases/download/pdfs-debt-pages-v1/annex-o-p001.pdf,2020,historical debt service,Treasury Bills,detail,interestPayments,domestic,I. Interest Payments > Domestic > NG > Treasury Bills,million pesos,22437,22437000000,1000000,,,,,"All printed annual aggregates and visible instrument rows are staged. Detail rows reconcile to NG domestic subtotals except 2014, where they sum to 220,494 versus printed 220,495 (1 million peso difference); source values preserved."
debt-o-p001-y2021-r004,O,1,https://github.com/tordecilla/unprogrammed-appropriations/releases/download/pdfs-debt-pages-v1/annex-o-p001.pdf,2021,historical debt service,Treasury Bills,detail,interestPayments,domestic,I. Interest Payments > Domestic > NG > Treasury Bills,million pesos,20291,20291000000,1000000,,,,,"All printed annual aggregates and visible instrument rows are staged. Detail rows reconcile to NG domestic subtotals except 2014, where they sum to 220,494 versus printed 220,495 (1 million peso difference); source values preserved."
debt-o-p001-y2022-r004,O,1,https://github.com/tordecilla/unprogrammed-appropriations/releases/download/pdfs-debt-pages-v1/annex-o-p001.pdf,2022,historical debt service,Treasury Bills,detail,interestPayments,domestic,I. Interest Payments > Domestic > NG > Treasury Bills,million pesos,12647,12647000000,1000000,,,,,"All printed annual aggregates and visible instrument rows are staged. Detail rows reconcile to NG domestic subtotals except 2014, where they sum to 220,494 versus printed 220,495 (1 million peso difference); source values preserved."
debt-o-p001-y2023-r004,O,1,https://github.com/tordecilla/unprogrammed-appropriations/releases/download/pdfs-debt-pages-v1/annex-o-p001.pdf,2023,historical debt service,Treasury Bills,detail,interestPayments,domestic,I. Interest Payments > Domestic > NG > Treasury Bills,million pesos,17166,17166000000,1000000,,,,,"All printed annual aggregates and visible instrument rows are staged. Detail rows reconcile to NG domestic subtotals except 2014, where they sum to 220,494 versus printed 220,495 (1 million peso difference); source values preserved."
debt-o-p001-y2024-r004,O,1,https://github.com/tordecilla/unprogrammed-appropriations/releases/download/pdfs-debt-pages-v1/annex-o-p001.pdf,2024,historical debt service,Treasury Bills,detail,interestPayments,domestic,I. Interest Payments > Domestic > NG > Treasury Bills,million pesos,32685,32685000000,1000000,,,,,"All printed annual aggregates and visible instrument rows are staged. Detail rows reconcile to NG domestic subtotals except 2014, where they sum to 220,494 versus printed 220,495 (1 million peso difference); source values preserved."
debt-o-p001-y2025-r004,O,1,https://github.com/tordecilla/unprogrammed-appropriations/releases/download/pdfs-debt-pages-v1/annex-o-p001.pdf,2025,historical debt service,Treasury Bills,detail,interestPayments,domestic,I. Interest Payments > Domestic > NG > Treasury Bills,million pesos,44968,44968000000,1000000,,,,,"All printed annual aggregates and visible instrument rows are staged. Detail rows reconcile to NG domestic subtotals except 2014, where they sum to 220,494 versus printed 220,495 (1 million peso difference); source values preserved."
debt-o-p001-y2004-r005,O,1,https://github.com/tordecilla/unprogrammed-appropriations/releases/download/pdfs-debt-pages-v1/annex-o-p001.pdf,2004,historical debt service,Treasury Bonds,detail,interestPayments,domestic,I. Interest Payments > Domestic > NG > Treasury Bonds,million pesos,186,186000000,1000000,,,,,"All printed annual aggregates and visible instrument rows are staged. Detail rows reconcile to NG domestic subtotals except 2014, where they sum to 220,494 versus printed 220,495 (1 million peso difference); source values preserved."
debt-o-p001-y2005-r005,O,1,https://github.com/tordecilla/unprogrammed-appropriations/releases/download/pdfs-debt-pages-v1/annex-o-p001.pdf,2005,historical debt service,Treasury Bonds,detail,interestPayments,domestic,I. Interest Payments > Domestic > NG > Treasury Bonds,million pesos,160,160000000,1000000,,,,,"All printed annual aggregates and visible instrument rows are staged. Detail rows reconcile to NG domestic subtotals except 2014, where they sum to 220,494 versus printed 220,495 (1 million peso difference); source values preserved."
debt-o-p001-y2006-r005,O,1,https://github.com/tordecilla/unprogrammed-appropriations/releases/download/pdfs-debt-pages-v1/annex-o-p001.pdf,2006,historical debt service,Treasury Bonds,detail,interestPayments,domestic,I. Interest Payments > Domestic > NG > Treasury Bonds,million pesos,108,108000000,1000000,,,,,"All printed annual aggregates and visible instrument rows are staged. Detail rows reconcile to NG domestic subtotals except 2014, where they sum to 220,494 versus printed 220,495 (1 million peso difference); source values preserved."
debt-o-p001-y2007-r005,O,1,https://github.com/tordecilla/unprogrammed-appropriations/releases/download/pdfs-debt-pages-v1/annex-o-p001.pdf,2007,historical debt service,Treasury Bonds,detail,interestPayments,domestic,I. Interest Payments > Domestic > NG > Treasury Bonds,million pesos,55,55000000,1000000,,,,,"All printed annual aggregates and visible instrument rows are staged. Detail rows reconcile to NG domestic subtotals except 2014, where they sum to 220,494 versus printed 220,495 (1 million peso difference); source values preserved."
debt-o-p001-y2008-r005,O,1,https://github.com/tordecilla/unprogrammed-appropriations/releases/download/pdfs-debt-pages-v1/annex-o-p001.pdf,2008,historical debt service,Treasury Bonds,detail,interestPayments,domestic,I. Interest Payments > Domestic > NG > Treasury Bonds,million pesos,11,11000000,1000000,,,,,"All printed annual aggregates and visible instrument rows are staged. Detail rows reconcile to NG domestic subtotals except 2014, where they sum to 220,494 versus printed 220,495 (1 million peso difference); source values preserved."
debt-o-p001-y2009-r005,O,1,https://github.com/tordecilla/unprogrammed-appropriations/releases/download/pdfs-debt-pages-v1/annex-o-p001.pdf,2009,historical debt service,Treasury Bonds,detail,interestPayments,domestic,I. Interest Payments > Domestic > NG > Treasury Bonds,million pesos,0,0,1000000,,,,,"All printed annual aggregates and visible instrument rows are staged. Detail rows reconcile to NG domestic subtotals except 2014, where they sum to 220,494 versus printed 220,495 (1 million peso difference); source values preserved."
debt-o-p001-y2010-r005,O,1,https://github.com/tordecilla/unprogrammed-appropriations/releases/download/pdfs-debt-pages-v1/annex-o-p001.pdf,2010,historical debt service,Treasury Bonds,detail,interestPayments,domestic,I. Interest Payments > Domestic > NG > Treasury Bonds,million pesos,0,0,1000000,,,,,"All printed annual aggregates and visible instrument rows are staged. Detail rows reconcile to NG domestic subtotals except 2014, where they sum to 220,494 versus printed 220,495 (1 million peso difference); source values preserved."
debt-o-p001-y2011-r005,O,1,https://github.com/tordecilla/unprogrammed-appropriations/releases/download/pdfs-debt-pages-v1/annex-o-p001.pdf,2011,historical debt service,Treasury Bonds,detail,interestPayments,domestic,I. Interest Payments > Domestic > NG > Treasury Bonds,million pesos,0,0,1000000,,,,,"All printed annual aggregates and visible instrument rows are staged. Detail rows reconcile to NG domestic subtotals except 2014, where they sum to 220,494 versus printed 220,495 (1 million peso difference); source values preserved."
debt-o-p001-y2012-r005,O,1,https://github.com/tordecilla/unprogrammed-appropriations/releases/download/pdfs-debt-pages-v1/annex-o-p001.pdf,2012,historical debt service,Treasury Bonds,detail,interestPayments,domestic,I. Interest Payments > Domestic > NG > Treasury Bonds,million pesos,3,3000000,1000000,,,,,"All printed annual aggregates and visible instrument rows are staged. Detail rows reconcile to NG domestic subtotals except 2014, where they sum to 220,494 versus printed 220,495 (1 million peso difference); source values preserved."
debt-o-p001-y2013-r005,O,1,https://github.com/tordecilla/unprogrammed-appropriations/releases/download/pdfs-debt-pages-v1/annex-o-p001.pdf,2013,historical debt service,Treasury Bonds,detail,interestPayments,domestic,I. Interest Payments > Domestic > NG > Treasury Bonds,million pesos,0,0,1000000,,,,,"All printed annual aggregates and visible instrument rows are staged. Detail rows reconcile to NG domestic subtotals except 2014, where they sum to 220,494 versus printed 220,495 (1 million peso difference); source values preserved."
debt-o-p001-y2014-r005,O,1,https://github.com/tordecilla/unprogrammed-appropriations/releases/download/pdfs-debt-pages-v1/annex-o-p001.pdf,2014,historical debt service,Treasury Bonds,detail,interestPayments,domestic,I. Interest Payments > Domestic > NG > Treasury Bonds,million pesos,0,0,1000000,,,,,"All printed annual aggregates and visible instrument rows are staged. Detail rows reconcile to NG domestic subtotals except 2014, where they sum to 220,494 versus printed 220,495 (1 million peso difference); source values preserved."
debt-o-p001-y2015-r005,O,1,https://github.com/tordecilla/unprogrammed-appropriations/releases/download/pdfs-debt-pages-v1/annex-o-p001.pdf,2015,historical debt service,Treasury Bonds,detail,interestPayments,domestic,I. Interest Payments > Domestic > NG > Treasury Bonds,million pesos,0,0,1000000,,,,,"All printed annual aggregates and visible instrument rows are staged. Detail rows reconcile to NG domestic subtotals except 2014, where they sum to 220,494 versus printed 220,495 (1 million peso difference); source values preserved."
debt-o-p001-y2016-r005,O,1,https://github.com/tordecilla/unprogrammed-appropriations/releases/download/pdfs-debt-pages-v1/annex-o-p001.pdf,2016,historical debt service,Treasury Bonds,detail,interestPayments,domestic,I. Interest Payments > Domestic > NG > Treasury Bonds,million pesos,0,0,1000000,,,,,"All printed annual aggregates and visible instrument rows are staged. Detail rows reconcile to NG domestic subtotals except 2014, where they sum to 220,494 versus printed 220,495 (1 million peso difference); source values preserved."
debt-o-p001-y2017-r005,O,1,https://github.com/tordecilla/unprogrammed-appropriations/releases/download/pdfs-debt-pages-v1/annex-o-p001.pdf,2017,historical debt service,Treasury Bonds,detail,interestPayments,domestic,I. Interest Payments > Domestic > NG > Treasury Bonds,million pesos,0,0,1000000,,,,,"All printed annual aggregates and visible instrument rows are staged. Detail rows reconcile to NG domestic subtotals except 2014, where they sum to 220,494 versus printed 220,495 (1 million peso difference); source values preserved."
debt-o-p001-y2018-r005,O,1,https://github.com/tordecilla/unprogrammed-appropriations/releases/download/pdfs-debt-pages-v1/annex-o-p001.pdf,2018,historical debt service,Treasury Bonds,detail,interestPayments,domestic,I. Interest Payments > Domestic > NG > Treasury Bonds,million pesos,0,0,1000000,,,,,"All printed annual aggregates and visible instrument rows are staged. Detail rows reconcile to NG domestic subtotals except 2014, where they sum to 220,494 versus printed 220,495 (1 million peso difference); source values preserved."
debt-o-p001-y2019-r005,O,1,https://github.com/tordecilla/unprogrammed-appropriations/releases/download/pdfs-debt-pages-v1/annex-o-p001.pdf,2019,historical debt service,Treasury Bonds,detail,interestPayments,domestic,I. Interest Payments > Domestic > NG > Treasury Bonds,million pesos,0,0,1000000,,,,,"All printed annual aggregates and visible instrument rows are staged. Detail rows reconcile to NG domestic subtotals except 2014, where they sum to 220,494 versus printed 220,495 (1 million peso difference); source values preserved."
debt-o-p001-y2020-r005,O,1,https://github.com/tordecilla/unprogrammed-appropriations/releases/download/pdfs-debt-pages-v1/annex-o-p001.pdf,2020,historical debt service,Treasury Bonds,detail,interestPayments,domestic,I. Interest Payments > Domestic > NG > Treasury Bonds,million pesos,0,0,1000000,,,,,"All printed annual aggregates and visible instrument rows are staged. Detail rows reconcile to NG domestic subtotals except 2014, where they sum to 220,494 versus printed 220,495 (1 million peso difference); source values preserved."
debt-o-p001-y2021-r005,O,1,https://github.com/tordecilla/unprogrammed-appropriations/releases/download/pdfs-debt-pages-v1/annex-o-p001.pdf,2021,historical debt service,Treasury Bonds,detail,interestPayments,domestic,I. Interest Payments > Domestic > NG > Treasury Bonds,million pesos,0,0,1000000,,,,,"All printed annual aggregates and visible instrument rows are staged. Detail rows reconcile to NG domestic subtotals except 2014, where they sum to 220,494 versus printed 220,495 (1 million peso difference); source values preserved."
debt-o-p001-y2022-r005,O,1,https://github.com/tordecilla/unprogrammed-appropriations/releases/download/pdfs-debt-pages-v1/annex-o-p001.pdf,2022,historical debt service,Treasury Bonds,detail,interestPayments,domestic,I. Interest Payments > Domestic > NG > Treasury Bonds,million pesos,0,0,1000000,,,,,"All printed annual aggregates and visible instrument rows are staged. Detail rows reconcile to NG domestic subtotals except 2014, where they sum to 220,494 versus printed 220,495 (1 million peso difference); source values preserved."
debt-o-p001-y2023-r005,O,1,https://github.com/tordecilla/unprogrammed-appropriations/releases/download/pdfs-debt-pages-v1/annex-o-p001.pdf,2023,historical debt service,Treasury Bonds,detail,interestPayments,domestic,I. Interest Payments > Domestic > NG > Treasury Bonds,million pesos,0,0,1000000,,,,,"All printed annual aggregates and visible instrument rows are staged. Detail rows reconcile to NG domestic subtotals except 2014, where they sum to 220,494 versus printed 220,495 (1 million peso difference); source values preserved."
debt-o-p001-y2024-r005,O,1,https://github.com/tordecilla/unprogrammed-appropriations/releases/download/pdfs-debt-pages-v1/annex-o-p001.pdf,2024,historical debt service,Treasury Bonds,detail,interestPayments,domestic,I. Interest Payments > Domestic > NG > Treasury Bonds,million pesos,0,0,1000000,,,,,"All printed annual aggregates and visible instrument rows are staged. Detail rows reconcile to NG domestic subtotals except 2014, where they sum to 220,494 versus printed 220,495 (1 million peso difference); source values preserved."
debt-o-p001-y2025-r005,O,1,https://github.com/tordecilla/unprogrammed-appropriations/releases/download/pdfs-debt-pages-v1/annex-o-p001.pdf,2025,historical debt service,Treasury Bonds,detail,interestPayments,domestic,I. Interest Payments > Domestic > NG > Treasury Bonds,million pesos,0,0,1000000,,,,,"All printed annual aggregates and visible instrument rows are staged. Detail rows reconcile to NG domestic subtotals except 2014, where they sum to 220,494 versus printed 220,495 (1 million peso difference); source values preserved."
debt-o-p001-y2004-r006,O,1,https://github.com/tordecilla/unprogrammed-appropriations/releases/download/pdfs-debt-pages-v1/annex-o-p001.pdf,2004,historical debt service,Treasury Notes,detail,interestPayments,domestic,I. Interest Payments > Domestic > NG > Treasury Notes,million pesos,84,84000000,1000000,,,,,"All printed annual aggregates and visible instrument rows are staged. Detail rows reconcile to NG domestic subtotals except 2014, where they sum to 220,494 versus printed 220,495 (1 million peso difference); source values preserved."
debt-o-p001-y2005-r006,O,1,https://github.com/tordecilla/unprogrammed-appropriations/releases/download/pdfs-debt-pages-v1/annex-o-p001.pdf,2005,historical debt service,Treasury Notes,detail,interestPayments,domestic,I. Interest Payments > Domestic > NG > Treasury Notes,million pesos,75,75000000,1000000,,,,,"All printed annual aggregates and visible instrument rows are staged. Detail rows reconcile to NG domestic subtotals except 2014, where they sum to 220,494 versus printed 220,495 (1 million peso difference); source values preserved."
debt-o-p001-y2006-r006,O,1,https://github.com/tordecilla/unprogrammed-appropriations/releases/download/pdfs-debt-pages-v1/annex-o-p001.pdf,2006,historical debt service,Treasury Notes,detail,interestPayments,domestic,I. Interest Payments > Domestic > NG > Treasury Notes,million pesos,53,53000000,1000000,,,,,"All printed annual aggregates and visible instrument rows are staged. Detail rows reconcile to NG domestic subtotals except 2014, where they sum to 220,494 versus printed 220,495 (1 million peso difference); source values preserved."
debt-o-p001-y2007-r006,O,1,https://github.com/tordecilla/unprogrammed-appropriations/releases/download/pdfs-debt-pages-v1/annex-o-p001.pdf,2007,historical debt service,Treasury Notes,detail,interestPayments,domestic,I. Interest Payments > Domestic > NG > Treasury Notes,million pesos,6,6000000,1000000,,,,,"All printed annual aggregates and visible instrument rows are staged. Detail rows reconcile to NG domestic subtotals except 2014, where they sum to 220,494 versus printed 220,495 (1 million peso difference); source values preserved."
debt-o-p001-y2008-r006,O,1,https://github.com/tordecilla/unprogrammed-appropriations/releases/download/pdfs-debt-pages-v1/annex-o-p001.pdf,2008,historical debt service,Treasury Notes,detail,interestPayments,domestic,I. Interest Payments > Domestic > NG > Treasury Notes,million pesos,0,0,1000000,,,,,"All printed annual aggregates and visible instrument rows are staged. Detail rows reconcile to NG domestic subtotals except 2014, where they sum to 220,494 versus printed 220,495 (1 million peso difference); source values preserved."
debt-o-p001-y2009-r006,O,1,https://github.com/tordecilla/unprogrammed-appropriations/releases/download/pdfs-debt-pages-v1/annex-o-p001.pdf,2009,historical debt service,Treasury Notes,detail,interestPayments,domestic,I. Interest Payments > Domestic > NG > Treasury Notes,million pesos,0,0,1000000,,,,,"All printed annual aggregates and visible instrument rows are staged. Detail rows reconcile to NG domestic subtotals except 2014, where they sum to 220,494 versus printed 220,495 (1 million peso difference); source values preserved."
debt-o-p001-y2010-r006,O,1,https://github.com/tordecilla/unprogrammed-appropriations/releases/download/pdfs-debt-pages-v1/annex-o-p001.pdf,2010,historical debt service,Treasury Notes,detail,interestPayments,domestic,I. Interest Payments > Domestic > NG > Treasury Notes,million pesos,0,0,1000000,,,,,"All printed annual aggregates and visible instrument rows are staged. Detail rows reconcile to NG domestic subtotals except 2014, where they sum to 220,494 versus printed 220,495 (1 million peso difference); source values preserved."
debt-o-p001-y2011-r006,O,1,https://github.com/tordecilla/unprogrammed-appropriations/releases/download/pdfs-debt-pages-v1/annex-o-p001.pdf,2011,historical debt service,Treasury Notes,detail,interestPayments,domestic,I. Interest Payments > Domestic > NG > Treasury Notes,million pesos,0,0,1000000,,,,,"All printed annual aggregates and visible instrument rows are staged. Detail rows reconcile to NG domestic subtotals except 2014, where they sum to 220,494 versus printed 220,495 (1 million peso difference); source values preserved."
debt-o-p001-y2012-r006,O,1,https://github.com/tordecilla/unprogrammed-appropriations/releases/download/pdfs-debt-pages-v1/annex-o-p001.pdf,2012,historical debt service,Treasury Notes,detail,interestPayments,domestic,I. Interest Payments > Domestic > NG > Treasury Notes,million pesos,0,0,1000000,,,,,"All printed annual aggregates and visible instrument rows are staged. Detail rows reconcile to NG domestic subtotals except 2014, where they sum to 220,494 versus printed 220,495 (1 million peso difference); source values preserved."
debt-o-p001-y2013-r006,O,1,https://github.com/tordecilla/unprogrammed-appropriations/releases/download/pdfs-debt-pages-v1/annex-o-p001.pdf,2013,historical debt service,Treasury Notes,detail,interestPayments,domestic,I. Interest Payments > Domestic > NG > Treasury Notes,million pesos,0,0,1000000,,,,,"All printed annual aggregates and visible instrument rows are staged. Detail rows reconcile to NG domestic subtotals except 2014, where they sum to 220,494 versus printed 220,495 (1 million peso difference); source values preserved."
debt-o-p001-y2014-r006,O,1,https://github.com/tordecilla/unprogrammed-appropriations/releases/download/pdfs-debt-pages-v1/annex-o-p001.pdf,2014,historical debt service,Treasury Notes,detail,interestPayments,domestic,I. Interest Payments > Domestic > NG > Treasury Notes,million pesos,0,0,1000000,,,,,"All printed annual aggregates and visible instrument rows are staged. Detail rows reconcile to NG domestic subtotals except 2014, where they sum to 220,494 versus printed 220,495 (1 million peso difference); source values preserved."
debt-o-p001-y2015-r006,O,1,https://github.com/tordecilla/unprogrammed-appropriations/releases/download/pdfs-debt-pages-v1/annex-o-p001.pdf,2015,historical debt service,Treasury Notes,detail,interestPayments,domestic,I. Interest Payments > Domestic > NG > Treasury Notes,million pesos,0,0,1000000,,,,,"All printed annual aggregates and visible instrument rows are staged. Detail rows reconcile to NG domestic subtotals except 2014, where they sum to 220,494 versus printed 220,495 (1 million peso difference); source values preserved."
debt-o-p001-y2016-r006,O,1,https://github.com/tordecilla/unprogrammed-appropriations/releases/download/pdfs-debt-pages-v1/annex-o-p001.pdf,2016,historical debt service,Treasury Notes,detail,interestPayments,domestic,I. Interest Payments > Domestic > NG > Treasury Notes,million pesos,0,0,1000000,,,,,"All printed annual aggregates and visible instrument rows are staged. Detail rows reconcile to NG domestic subtotals except 2014, where they sum to 220,494 versus printed 220,495 (1 million peso difference); source values preserved."
debt-o-p001-y2017-r006,O,1,https://github.com/tordecilla/unprogrammed-appropriations/releases/download/pdfs-debt-pages-v1/annex-o-p001.pdf,2017,historical debt service,Treasury Notes,detail,interestPayments,domestic,I. Interest Payments > Domestic > NG > Treasury Notes,million pesos,0,0,1000000,,,,,"All printed annual aggregates and visible instrument rows are staged. Detail rows reconcile to NG domestic subtotals except 2014, where they sum to 220,494 versus printed 220,495 (1 million peso difference); source values preserved."
debt-o-p001-y2018-r006,O,1,https://github.com/tordecilla/unprogrammed-appropriations/releases/download/pdfs-debt-pages-v1/annex-o-p001.pdf,2018,historical debt service,Treasury Notes,detail,interestPayments,domestic,I. Interest Payments > Domestic > NG > Treasury Notes,million pesos,0,0,1000000,,,,,"All printed annual aggregates and visible instrument rows are staged. Detail rows reconcile to NG domestic subtotals except 2014, where they sum to 220,494 versus printed 220,495 (1 million peso difference); source values preserved."
debt-o-p001-y2019-r006,O,1,https://github.com/tordecilla/unprogrammed-appropriations/releases/download/pdfs-debt-pages-v1/annex-o-p001.pdf,2019,historical debt service,Treasury Notes,detail,interestPayments,domestic,I. Interest Payments > Domestic > NG > Treasury Notes,million pesos,0,0,1000000,,,,,"All printed annual aggregates and visible instrument rows are staged. Detail rows reconcile to NG domestic subtotals except 2014, where they sum to 220,494 versus printed 220,495 (1 million peso difference); source values preserved."
debt-o-p001-y2020-r006,O,1,https://github.com/tordecilla/unprogrammed-appropriations/releases/download/pdfs-debt-pages-v1/annex-o-p001.pdf,2020,historical debt service,Treasury Notes,detail,interestPayments,domestic,I. Interest Payments > Domestic > NG > Treasury Notes,million pesos,0,0,1000000,,,,,"All printed annual aggregates and visible instrument rows are staged. Detail rows reconcile to NG domestic subtotals except 2014, where they sum to 220,494 versus printed 220,495 (1 million peso difference); source values preserved."
debt-o-p001-y2021-r006,O,1,https://github.com/tordecilla/unprogrammed-appropriations/releases/download/pdfs-debt-pages-v1/annex-o-p001.pdf,2021,historical debt service,Treasury Notes,detail,interestPayments,domestic,I. Interest Payments > Domestic > NG > Treasury Notes,million pesos,0,0,1000000,,,,,"All printed annual aggregates and visible instrument rows are staged. Detail rows reconcile to NG domestic subtotals except 2014, where they sum to 220,494 versus printed 220,495 (1 million peso difference); source values preserved."
debt-o-p001-y2022-r006,O,1,https://github.com/tordecilla/unprogrammed-appropriations/releases/download/pdfs-debt-pages-v1/annex-o-p001.pdf,2022,historical debt service,Treasury Notes,detail,interestPayments,domestic,I. Interest Payments > Domestic > NG > Treasury Notes,million pesos,0,0,1000000,,,,,"All printed annual aggregates and visible instrument rows are staged. Detail rows reconcile to NG domestic subtotals except 2014, where they sum to 220,494 versus printed 220,495 (1 million peso difference); source values preserved."
debt-o-p001-y2023-r006,O,1,https://github.com/tordecilla/unprogrammed-appropriations/releases/download/pdfs-debt-pages-v1/annex-o-p001.pdf,2023,historical debt service,Treasury Notes,detail,interestPayments,domestic,I. Interest Payments > Domestic > NG > Treasury Notes,million pesos,0,0,1000000,,,,,"All printed annual aggregates and visible instrument rows are staged. Detail rows reconcile to NG domestic subtotals except 2014, where they sum to 220,494 versus printed 220,495 (1 million peso difference); source values preserved."
debt-o-p001-y2024-r006,O,1,https://github.com/tordecilla/unprogrammed-appropriations/releases/download/pdfs-debt-pages-v1/annex-o-p001.pdf,2024,historical debt service,Treasury Notes,detail,interestPayments,domestic,I. Interest Payments > Domestic > NG > Treasury Notes,million pesos,0,0,1000000,,,,,"All printed annual aggregates and visible instrument rows are staged. Detail rows reconcile to NG domestic subtotals except 2014, where they sum to 220,494 versus printed 220,495 (1 million peso difference); source values preserved."
debt-o-p001-y2025-r006,O,1,https://github.com/tordecilla/unprogrammed-appropriations/releases/download/pdfs-debt-pages-v1/annex-o-p001.pdf,2025,historical debt service,Treasury Notes,detail,interestPayments,domestic,I. Interest Payments > Domestic > NG > Treasury Notes,million pesos,0,0,1000000,,,,,"All printed annual aggregates and visible instrument rows are staged. Detail rows reconcile to NG domestic subtotals except 2014, where they sum to 220,494 versus printed 220,495 (1 million peso difference); source values preserved."
debt-o-p001-y2004-r007,O,1,https://github.com/tordecilla/unprogrammed-appropriations/releases/download/pdfs-debt-pages-v1/annex-o-p001.pdf,2004,historical debt service,Fixed Rate Treasury Bonds,detail,interestPayments,domestic,I. Interest Payments > Domestic > NG > Fixed Rate Treasury Bonds,million pesos,97462,97462000000,1000000,,,,,"All printed annual aggregates and visible instrument rows are staged. Detail rows reconcile to NG domestic subtotals except 2014, where they sum to 220,494 versus printed 220,495 (1 million peso difference); source values preserved."
debt-o-p001-y2005-r007,O,1,https://github.com/tordecilla/unprogrammed-appropriations/releases/download/pdfs-debt-pages-v1/annex-o-p001.pdf,2005,historical debt service,Fixed Rate Treasury Bonds,detail,interestPayments,domestic,I. Interest Payments > Domestic > NG > Fixed Rate Treasury Bonds,million pesos,116759,116759000000,1000000,,,,,"All printed annual aggregates and visible instrument rows are staged. Detail rows reconcile to NG domestic subtotals except 2014, where they sum to 220,494 versus printed 220,495 (1 million peso difference); source values preserved."
debt-o-p001-y2006-r007,O,1,https://github.com/tordecilla/unprogrammed-appropriations/releases/download/pdfs-debt-pages-v1/annex-o-p001.pdf,2006,historical debt service,Fixed Rate Treasury Bonds,detail,interestPayments,domestic,I. Interest Payments > Domestic > NG > Fixed Rate Treasury Bonds,million pesos,136551,136551000000,1000000,,,,,"All printed annual aggregates and visible instrument rows are staged. Detail rows reconcile to NG domestic subtotals except 2014, where they sum to 220,494 versus printed 220,495 (1 million peso difference); source values preserved."
debt-o-p001-y2007-r007,O,1,https://github.com/tordecilla/unprogrammed-appropriations/releases/download/pdfs-debt-pages-v1/annex-o-p001.pdf,2007,historical debt service,Fixed Rate Treasury Bonds,detail,interestPayments,domestic,I. Interest Payments > Domestic > NG > Fixed Rate Treasury Bonds,million pesos,115413,115413000000,1000000,,,,,"All printed annual aggregates and visible instrument rows are staged. Detail rows reconcile to NG domestic subtotals except 2014, where they sum to 220,494 versus printed 220,495 (1 million peso difference); source values preserved."
debt-o-p001-y2008-r007,O,1,https://github.com/tordecilla/unprogrammed-appropriations/releases/download/pdfs-debt-pages-v1/annex-o-p001.pdf,2008,historical debt service,Fixed Rate Treasury Bonds,detail,interestPayments,domestic,I. Interest Payments > Domestic > NG > Fixed Rate Treasury Bonds,million pesos,115646,115646000000,1000000,,,,,"All printed annual aggregates and visible instrument rows are staged. Detail rows reconcile to NG domestic subtotals except 2014, where they sum to 220,494 versus printed 220,495 (1 million peso difference); source values preserved."
debt-o-p001-y2009-r007,O,1,https://github.com/tordecilla/unprogrammed-appropriations/releases/download/pdfs-debt-pages-v1/annex-o-p001.pdf,2009,historical debt service,Fixed Rate Treasury Bonds,detail,interestPayments,domestic,I. Interest Payments > Domestic > NG > Fixed Rate Treasury Bonds,million pesos,120194,120194000000,1000000,,,,,"All printed annual aggregates and visible instrument rows are staged. Detail rows reconcile to NG domestic subtotals except 2014, where they sum to 220,494 versus printed 220,495 (1 million peso difference); source values preserved."
debt-o-p001-y2010-r007,O,1,https://github.com/tordecilla/unprogrammed-appropriations/releases/download/pdfs-debt-pages-v1/annex-o-p001.pdf,2010,historical debt service,Fixed Rate Treasury Bonds,detail,interestPayments,domestic,I. Interest Payments > Domestic > NG > Fixed Rate Treasury Bonds,million pesos,128867,128867000000,1000000,,,,,"All printed annual aggregates and visible instrument rows are staged. Detail rows reconcile to NG domestic subtotals except 2014, where they sum to 220,494 versus printed 220,495 (1 million peso difference); source values preserved."
debt-o-p001-y2011-r007,O,1,https://github.com/tordecilla/unprogrammed-appropriations/releases/download/pdfs-debt-pages-v1/annex-o-p001.pdf,2011,historical debt service,Fixed Rate Treasury Bonds,detail,interestPayments,domestic,I. Interest Payments > Domestic > NG > Fixed Rate Treasury Bonds,million pesos,127742,127742000000,1000000,,,,,"All printed annual aggregates and visible instrument rows are staged. Detail rows reconcile to NG domestic subtotals except 2014, where they sum to 220,494 versus printed 220,495 (1 million peso difference); source values preserved."
debt-o-p001-y2012-r007,O,1,https://github.com/tordecilla/unprogrammed-appropriations/releases/download/pdfs-debt-pages-v1/annex-o-p001.pdf,2012,historical debt service,Fixed Rate Treasury Bonds,detail,interestPayments,domestic,I. Interest Payments > Domestic > NG > Fixed Rate Treasury Bonds,million pesos,157613,157613000000,1000000,,,,,"All printed annual aggregates and visible instrument rows are staged. Detail rows reconcile to NG domestic subtotals except 2014, where they sum to 220,494 versus printed 220,495 (1 million peso difference); source values preserved."
debt-o-p001-y2013-r007,O,1,https://github.com/tordecilla/unprogrammed-appropriations/releases/download/pdfs-debt-pages-v1/annex-o-p001.pdf,2013,historical debt service,Fixed Rate Treasury Bonds,detail,interestPayments,domestic,I. Interest Payments > Domestic > NG > Fixed Rate Treasury Bonds,million pesos,168378,168378000000,1000000,,,,,"All printed annual aggregates and visible instrument rows are staged. Detail rows reconcile to NG domestic subtotals except 2014, where they sum to 220,494 versus printed 220,495 (1 million peso difference); source values preserved."
debt-o-p001-y2014-r007,O,1,https://github.com/tordecilla/unprogrammed-appropriations/releases/download/pdfs-debt-pages-v1/annex-o-p001.pdf,2014,historical debt service,Fixed Rate Treasury Bonds,detail,interestPayments,domestic,I. Interest Payments > Domestic > NG > Fixed Rate Treasury Bonds,million pesos,166197,166197000000,1000000,,,,,"All printed annual aggregates and visible instrument rows are staged. Detail rows reconcile to NG domestic subtotals except 2014, where they sum to 220,494 versus printed 220,495 (1 million peso difference); source values preserved."
debt-o-p001-y2015-r007,O,1,https://github.com/tordecilla/unprogrammed-appropriations/releases/download/pdfs-debt-pages-v1/annex-o-p001.pdf,2015,historical debt service,Fixed Rate Treasury Bonds,detail,interestPayments,domestic,I. Interest Payments > Domestic > NG > Fixed Rate Treasury Bonds,million pesos,167548,167548000000,1000000,,,,,"All printed annual aggregates and visible instrument rows are staged. Detail rows reconcile to NG domestic subtotals except 2014, where they sum to 220,494 versus printed 220,495 (1 million peso difference); source values preserved."
debt-o-p001-y2016-r007,O,1,https://github.com/tordecilla/unprogrammed-appropriations/releases/download/pdfs-debt-pages-v1/annex-o-p001.pdf,2016,historical debt service,Fixed Rate Treasury Bonds,detail,interestPayments,domestic,I. Interest Payments > Domestic > NG > Fixed Rate Treasury Bonds,million pesos,162382,162382000000,1000000,,,,,"All printed annual aggregates and visible instrument rows are staged. Detail rows reconcile to NG domestic subtotals except 2014, where they sum to 220,494 versus printed 220,495 (1 million peso difference); source values preserved."
debt-o-p001-y2017-r007,O,1,https://github.com/tordecilla/unprogrammed-appropriations/releases/download/pdfs-debt-pages-v1/annex-o-p001.pdf,2017,historical debt service,Fixed Rate Treasury Bonds,detail,interestPayments,domestic,I. Interest Payments > Domestic > NG > Fixed Rate Treasury Bonds,million pesos,158196,158196000000,1000000,,,,,"All printed annual aggregates and visible instrument rows are staged. Detail rows reconcile to NG domestic subtotals except 2014, where they sum to 220,494 versus printed 220,495 (1 million peso difference); source values preserved."
debt-o-p001-y2018-r007,O,1,https://github.com/tordecilla/unprogrammed-appropriations/releases/download/pdfs-debt-pages-v1/annex-o-p001.pdf,2018,historical debt service,Fixed Rate Treasury Bonds,detail,interestPayments,domestic,I. Interest Payments > Domestic > NG > Fixed Rate Treasury Bonds,million pesos,167066,167066000000,1000000,,,,,"All printed annual aggregates and visible instrument rows are staged. Detail rows reconcile to NG domestic subtotals except 2014, where they sum to 220,494 versus printed 220,495 (1 million peso difference); source values preserved."
debt-o-p001-y2019-r007,O,1,https://github.com/tordecilla/unprogrammed-appropriations/releases/download/pdfs-debt-pages-v1/annex-o-p001.pdf,2019,historical debt service,Fixed Rate Treasury Bonds,detail,interestPayments,domestic,I. Interest Payments > Domestic > NG > Fixed Rate Treasury Bonds,million pesos,143494,143494000000,1000000,,,,,"All printed annual aggregates and visible instrument rows are staged. Detail rows reconcile to NG domestic subtotals except 2014, where they sum to 220,494 versus printed 220,495 (1 million peso difference); source values preserved."
debt-o-p001-y2020-r007,O,1,https://github.com/tordecilla/unprogrammed-appropriations/releases/download/pdfs-debt-pages-v1/annex-o-p001.pdf,2020,historical debt service,Fixed Rate Treasury Bonds,detail,interestPayments,domestic,I. Interest Payments > Domestic > NG > Fixed Rate Treasury Bonds,million pesos,162785,162785000000,1000000,,,,,"All printed annual aggregates and visible instrument rows are staged. Detail rows reconcile to NG domestic subtotals except 2014, where they sum to 220,494 versus printed 220,495 (1 million peso difference); source values preserved."
debt-o-p001-y2021-r007,O,1,https://github.com/tordecilla/unprogrammed-appropriations/releases/download/pdfs-debt-pages-v1/annex-o-p001.pdf,2021,historical debt service,Fixed Rate Treasury Bonds,detail,interestPayments,domestic,I. Interest Payments > Domestic > NG > Fixed Rate Treasury Bonds,million pesos,209161,209161000000,1000000,,,,,"All printed annual aggregates and visible instrument rows are staged. Detail rows reconcile to NG domestic subtotals except 2014, where they sum to 220,494 versus printed 220,495 (1 million peso difference); source values preserved."
debt-o-p001-y2022-r007,O,1,https://github.com/tordecilla/unprogrammed-appropriations/releases/download/pdfs-debt-pages-v1/annex-o-p001.pdf,2022,historical debt service,Fixed Rate Treasury Bonds,detail,interestPayments,domestic,I. Interest Payments > Domestic > NG > Fixed Rate Treasury Bonds,million pesos,231138,231138000000,1000000,,,,,"All printed annual aggregates and visible instrument rows are staged. Detail rows reconcile to NG domestic subtotals except 2014, where they sum to 220,494 versus printed 220,495 (1 million peso difference); source values preserved."
debt-o-p001-y2023-r007,O,1,https://github.com/tordecilla/unprogrammed-appropriations/releases/download/pdfs-debt-pages-v1/annex-o-p001.pdf,2023,historical debt service,Fixed Rate Treasury Bonds,detail,interestPayments,domestic,I. Interest Payments > Domestic > NG > Fixed Rate Treasury Bonds,million pesos,263177,263177000000,1000000,,,,,"All printed annual aggregates and visible instrument rows are staged. Detail rows reconcile to NG domestic subtotals except 2014, where they sum to 220,494 versus printed 220,495 (1 million peso difference); source values preserved."
debt-o-p001-y2024-r007,O,1,https://github.com/tordecilla/unprogrammed-appropriations/releases/download/pdfs-debt-pages-v1/annex-o-p001.pdf,2024,historical debt service,Fixed Rate Treasury Bonds,detail,interestPayments,domestic,I. Interest Payments > Domestic > NG > Fixed Rate Treasury Bonds,million pesos,340504,340504000000,1000000,,,,,"All printed annual aggregates and visible instrument rows are staged. Detail rows reconcile to NG domestic subtotals except 2014, where they sum to 220,494 versus printed 220,495 (1 million peso difference); source values preserved."
debt-o-p001-y2025-r007,O,1,https://github.com/tordecilla/unprogrammed-appropriations/releases/download/pdfs-debt-pages-v1/annex-o-p001.pdf,2025,historical debt service,Fixed Rate Treasury Bonds,detail,interestPayments,domestic,I. Interest Payments > Domestic > NG > Fixed Rate Treasury Bonds,million pesos,416768,416768000000,1000000,,,,,"All printed annual aggregates and visible instrument rows are staged. Detail rows reconcile to NG domestic subtotals except 2014, where they sum to 220,494 versus printed 220,495 (1 million peso difference); source values preserved."
debt-o-p001-y2004-r008,O,1,https://github.com/tordecilla/unprogrammed-appropriations/releases/download/pdfs-debt-pages-v1/annex-o-p001.pdf,2004,historical debt service,Fixed Rate Treasury Notes,detail,interestPayments,domestic,I. Interest Payments > Domestic > NG > Fixed Rate Treasury Notes,million pesos,804,804000000,1000000,,,,,"All printed annual aggregates and visible instrument rows are staged. Detail rows reconcile to NG domestic subtotals except 2014, where they sum to 220,494 versus printed 220,495 (1 million peso difference); source values preserved."
debt-o-p001-y2005-r008,O,1,https://github.com/tordecilla/unprogrammed-appropriations/releases/download/pdfs-debt-pages-v1/annex-o-p001.pdf,2005,historical debt service,Fixed Rate Treasury Notes,detail,interestPayments,domestic,I. Interest Payments > Domestic > NG > Fixed Rate Treasury Notes,million pesos,780,780000000,1000000,,,,,"All printed annual aggregates and visible instrument rows are staged. Detail rows reconcile to NG domestic subtotals except 2014, where they sum to 220,494 versus printed 220,495 (1 million peso difference); source values preserved."
debt-o-p001-y2006-r008,O,1,https://github.com/tordecilla/unprogrammed-appropriations/releases/download/pdfs-debt-pages-v1/annex-o-p001.pdf,2006,historical debt service,Fixed Rate Treasury Notes,detail,interestPayments,domestic,I. Interest Payments > Domestic > NG > Fixed Rate Treasury Notes,million pesos,1248,1248000000,1000000,,,,,"All printed annual aggregates and visible instrument rows are staged. Detail rows reconcile to NG domestic subtotals except 2014, where they sum to 220,494 versus printed 220,495 (1 million peso difference); source values preserved."
debt-o-p001-y2007-r008,O,1,https://github.com/tordecilla/unprogrammed-appropriations/releases/download/pdfs-debt-pages-v1/annex-o-p001.pdf,2007,historical debt service,Fixed Rate Treasury Notes,detail,interestPayments,domestic,I. Interest Payments > Domestic > NG > Fixed Rate Treasury Notes,million pesos,70,70000000,1000000,,,,,"All printed annual aggregates and visible instrument rows are staged. Detail rows reconcile to NG domestic subtotals except 2014, where they sum to 220,494 versus printed 220,495 (1 million peso difference); source values preserved."
debt-o-p001-y2008-r008,O,1,https://github.com/tordecilla/unprogrammed-appropriations/releases/download/pdfs-debt-pages-v1/annex-o-p001.pdf,2008,historical debt service,Fixed Rate Treasury Notes,detail,interestPayments,domestic,I. Interest Payments > Domestic > NG > Fixed Rate Treasury Notes,million pesos,1052,1052000000,1000000,,,,,"All printed annual aggregates and visible instrument rows are staged. Detail rows reconcile to NG domestic subtotals except 2014, where they sum to 220,494 versus printed 220,495 (1 million peso difference); source values preserved."
debt-o-p001-y2009-r008,O,1,https://github.com/tordecilla/unprogrammed-appropriations/releases/download/pdfs-debt-pages-v1/annex-o-p001.pdf,2009,historical debt service,Fixed Rate Treasury Notes,detail,interestPayments,domestic,I. Interest Payments > Domestic > NG > Fixed Rate Treasury Notes,million pesos,0,0,1000000,,,,,"All printed annual aggregates and visible instrument rows are staged. Detail rows reconcile to NG domestic subtotals except 2014, where they sum to 220,494 versus printed 220,495 (1 million peso difference); source values preserved."
debt-o-p001-y2010-r008,O,1,https://github.com/tordecilla/unprogrammed-appropriations/releases/download/pdfs-debt-pages-v1/annex-o-p001.pdf,2010,historical debt service,Fixed Rate Treasury Notes,detail,interestPayments,domestic,I. Interest Payments > Domestic > NG > Fixed Rate Treasury Notes,million pesos,0,0,1000000,,,,,"All printed annual aggregates and visible instrument rows are staged. Detail rows reconcile to NG domestic subtotals except 2014, where they sum to 220,494 versus printed 220,495 (1 million peso difference); source values preserved."
debt-o-p001-y2011-r008,O,1,https://github.com/tordecilla/unprogrammed-appropriations/releases/download/pdfs-debt-pages-v1/annex-o-p001.pdf,2011,historical debt service,Fixed Rate Treasury Notes,detail,interestPayments,domestic,I. Interest Payments > Domestic > NG > Fixed Rate Treasury Notes,million pesos,0,0,1000000,,,,,"All printed annual aggregates and visible instrument rows are staged. Detail rows reconcile to NG domestic subtotals except 2014, where they sum to 220,494 versus printed 220,495 (1 million peso difference); source values preserved."
debt-o-p001-y2012-r008,O,1,https://github.com/tordecilla/unprogrammed-appropriations/releases/download/pdfs-debt-pages-v1/annex-o-p001.pdf,2012,historical debt service,Fixed Rate Treasury Notes,detail,interestPayments,domestic,I. Interest Payments > Domestic > NG > Fixed Rate Treasury Notes,million pesos,0,0,1000000,,,,,"All printed annual aggregates and visible instrument rows are staged. Detail rows reconcile to NG domestic subtotals except 2014, where they sum to 220,494 versus printed 220,495 (1 million peso difference); source values preserved."
debt-o-p001-y2013-r008,O,1,https://github.com/tordecilla/unprogrammed-appropriations/releases/download/pdfs-debt-pages-v1/annex-o-p001.pdf,2013,historical debt service,Fixed Rate Treasury Notes,detail,interestPayments,domestic,I. Interest Payments > Domestic > NG > Fixed Rate Treasury Notes,million pesos,0,0,1000000,,,,,"All printed annual aggregates and visible instrument rows are staged. Detail rows reconcile to NG domestic subtotals except 2014, where they sum to 220,494 versus printed 220,495 (1 million peso difference); source values preserved."
debt-o-p001-y2014-r008,O,1,https://github.com/tordecilla/unprogrammed-appropriations/releases/download/pdfs-debt-pages-v1/annex-o-p001.pdf,2014,historical debt service,Fixed Rate Treasury Notes,detail,interestPayments,domestic,I. Interest Payments > Domestic > NG > Fixed Rate Treasury Notes,million pesos,0,0,1000000,,,,,"All printed annual aggregates and visible instrument rows are staged. Detail rows reconcile to NG domestic subtotals except 2014, where they sum to 220,494 versus printed 220,495 (1 million peso difference); source values preserved."
debt-o-p001-y2015-r008,O,1,https://github.com/tordecilla/unprogrammed-appropriations/releases/download/pdfs-debt-pages-v1/annex-o-p001.pdf,2015,historical debt service,Fixed Rate Treasury Notes,detail,interestPayments,domestic,I. Interest Payments > Domestic > NG > Fixed Rate Treasury Notes,million pesos,0,0,1000000,,,,,"All printed annual aggregates and visible instrument rows are staged. Detail rows reconcile to NG domestic subtotals except 2014, where they sum to 220,494 versus printed 220,495 (1 million peso difference); source values preserved."
debt-o-p001-y2016-r008,O,1,https://github.com/tordecilla/unprogrammed-appropriations/releases/download/pdfs-debt-pages-v1/annex-o-p001.pdf,2016,historical debt service,Fixed Rate Treasury Notes,detail,interestPayments,domestic,I. Interest Payments > Domestic > NG > Fixed Rate Treasury Notes,million pesos,0,0,1000000,,,,,"All printed annual aggregates and visible instrument rows are staged. Detail rows reconcile to NG domestic subtotals except 2014, where they sum to 220,494 versus printed 220,495 (1 million peso difference); source values preserved."
debt-o-p001-y2017-r008,O,1,https://github.com/tordecilla/unprogrammed-appropriations/releases/download/pdfs-debt-pages-v1/annex-o-p001.pdf,2017,historical debt service,Fixed Rate Treasury Notes,detail,interestPayments,domestic,I. Interest Payments > Domestic > NG > Fixed Rate Treasury Notes,million pesos,0,0,1000000,,,,,"All printed annual aggregates and visible instrument rows are staged. Detail rows reconcile to NG domestic subtotals except 2014, where they sum to 220,494 versus printed 220,495 (1 million peso difference); source values preserved."
debt-o-p001-y2018-r008,O,1,https://github.com/tordecilla/unprogrammed-appropriations/releases/download/pdfs-debt-pages-v1/annex-o-p001.pdf,2018,historical debt service,Fixed Rate Treasury Notes,detail,interestPayments,domestic,I. Interest Payments > Domestic > NG > Fixed Rate Treasury Notes,million pesos,0,0,1000000,,,,,"All printed annual aggregates and visible instrument rows are staged. Detail rows reconcile to NG domestic subtotals except 2014, where they sum to 220,494 versus printed 220,495 (1 million peso difference); source values preserved."
debt-o-p001-y2019-r008,O,1,https://github.com/tordecilla/unprogrammed-appropriations/releases/download/pdfs-debt-pages-v1/annex-o-p001.pdf,2019,historical debt service,Fixed Rate Treasury Notes,detail,interestPayments,domestic,I. Interest Payments > Domestic > NG > Fixed Rate Treasury Notes,million pesos,0,0,1000000,,,,,"All printed annual aggregates and visible instrument rows are staged. Detail rows reconcile to NG domestic subtotals except 2014, where they sum to 220,494 versus printed 220,495 (1 million peso difference); source values preserved."
debt-o-p001-y2020-r008,O,1,https://github.com/tordecilla/unprogrammed-appropriations/releases/download/pdfs-debt-pages-v1/annex-o-p001.pdf,2020,historical debt service,Fixed Rate Treasury Notes,detail,interestPayments,domestic,I. Interest Payments > Domestic > NG > Fixed Rate Treasury Notes,million pesos,0,0,1000000,,,,,"All printed annual aggregates and visible instrument rows are staged. Detail rows reconcile to NG domestic subtotals except 2014, where they sum to 220,494 versus printed 220,495 (1 million peso difference); source values preserved."
debt-o-p001-y2021-r008,O,1,https://github.com/tordecilla/unprogrammed-appropriations/releases/download/pdfs-debt-pages-v1/annex-o-p001.pdf,2021,historical debt service,Fixed Rate Treasury Notes,detail,interestPayments,domestic,I. Interest Payments > Domestic > NG > Fixed Rate Treasury Notes,million pesos,0,0,1000000,,,,,"All printed annual aggregates and visible instrument rows are staged. Detail rows reconcile to NG domestic subtotals except 2014, where they sum to 220,494 versus printed 220,495 (1 million peso difference); source values preserved."
debt-o-p001-y2022-r008,O,1,https://github.com/tordecilla/unprogrammed-appropriations/releases/download/pdfs-debt-pages-v1/annex-o-p001.pdf,2022,historical debt service,Fixed Rate Treasury Notes,detail,interestPayments,domestic,I. Interest Payments > Domestic > NG > Fixed Rate Treasury Notes,million pesos,0,0,1000000,,,,,"All printed annual aggregates and visible instrument rows are staged. Detail rows reconcile to NG domestic subtotals except 2014, where they sum to 220,494 versus printed 220,495 (1 million peso difference); source values preserved."
debt-o-p001-y2023-r008,O,1,https://github.com/tordecilla/unprogrammed-appropriations/releases/download/pdfs-debt-pages-v1/annex-o-p001.pdf,2023,historical debt service,Fixed Rate Treasury Notes,detail,interestPayments,domestic,I. Interest Payments > Domestic > NG > Fixed Rate Treasury Notes,million pesos,0,0,1000000,,,,,"All printed annual aggregates and visible instrument rows are staged. Detail rows reconcile to NG domestic subtotals except 2014, where they sum to 220,494 versus printed 220,495 (1 million peso difference); source values preserved."
debt-o-p001-y2024-r008,O,1,https://github.com/tordecilla/unprogrammed-appropriations/releases/download/pdfs-debt-pages-v1/annex-o-p001.pdf,2024,historical debt service,Fixed Rate Treasury Notes,detail,interestPayments,domestic,I. Interest Payments > Domestic > NG > Fixed Rate Treasury Notes,million pesos,0,0,1000000,,,,,"All printed annual aggregates and visible instrument rows are staged. Detail rows reconcile to NG domestic subtotals except 2014, where they sum to 220,494 versus printed 220,495 (1 million peso difference); source values preserved."
debt-o-p001-y2025-r008,O,1,https://github.com/tordecilla/unprogrammed-appropriations/releases/download/pdfs-debt-pages-v1/annex-o-p001.pdf,2025,historical debt service,Fixed Rate Treasury Notes,detail,interestPayments,domestic,I. Interest Payments > Domestic > NG > Fixed Rate Treasury Notes,million pesos,0,0,1000000,,,,,"All printed annual aggregates and visible instrument rows are staged. Detail rows reconcile to NG domestic subtotals except 2014, where they sum to 220,494 versus printed 220,495 (1 million peso difference); source values preserved."
debt-o-p001-y2004-r009,O,1,https://github.com/tordecilla/unprogrammed-appropriations/releases/download/pdfs-debt-pages-v1/annex-o-p001.pdf,2004,historical debt service,Fixed Rate Promissory Note,detail,interestPayments,domestic,I. Interest Payments > Domestic > NG > Fixed Rate Promissory Note,million pesos,4472,4472000000,1000000,,,,,"All printed annual aggregates and visible instrument rows are staged. Detail rows reconcile to NG domestic subtotals except 2014, where they sum to 220,494 versus printed 220,495 (1 million peso difference); source values preserved."
debt-o-p001-y2005-r009,O,1,https://github.com/tordecilla/unprogrammed-appropriations/releases/download/pdfs-debt-pages-v1/annex-o-p001.pdf,2005,historical debt service,Fixed Rate Promissory Note,detail,interestPayments,domestic,I. Interest Payments > Domestic > NG > Fixed Rate Promissory Note,million pesos,4472,4472000000,1000000,,,,,"All printed annual aggregates and visible instrument rows are staged. Detail rows reconcile to NG domestic subtotals except 2014, where they sum to 220,494 versus printed 220,495 (1 million peso difference); source values preserved."
debt-o-p001-y2006-r009,O,1,https://github.com/tordecilla/unprogrammed-appropriations/releases/download/pdfs-debt-pages-v1/annex-o-p001.pdf,2006,historical debt service,Fixed Rate Promissory Note,detail,interestPayments,domestic,I. Interest Payments > Domestic > NG > Fixed Rate Promissory Note,million pesos,3925,3925000000,1000000,,,,,"All printed annual aggregates and visible instrument rows are staged. Detail rows reconcile to NG domestic subtotals except 2014, where they sum to 220,494 versus printed 220,495 (1 million peso difference); source values preserved."
debt-o-p001-y2007-r009,O,1,https://github.com/tordecilla/unprogrammed-appropriations/releases/download/pdfs-debt-pages-v1/annex-o-p001.pdf,2007,historical debt service,Fixed Rate Promissory Note,detail,interestPayments,domestic,I. Interest Payments > Domestic > NG > Fixed Rate Promissory Note,million pesos,3760,3760000000,1000000,,,,,"All printed annual aggregates and visible instrument rows are staged. Detail rows reconcile to NG domestic subtotals except 2014, where they sum to 220,494 versus printed 220,495 (1 million peso difference); source values preserved."
debt-o-p001-y2008-r009,O,1,https://github.com/tordecilla/unprogrammed-appropriations/releases/download/pdfs-debt-pages-v1/annex-o-p001.pdf,2008,historical debt service,Fixed Rate Promissory Note,detail,interestPayments,domestic,I. Interest Payments > Domestic > NG > Fixed Rate Promissory Note,million pesos,1626,1626000000,1000000,,,,,"All printed annual aggregates and visible instrument rows are staged. Detail rows reconcile to NG domestic subtotals except 2014, where they sum to 220,494 versus printed 220,495 (1 million peso difference); source values preserved."
debt-o-p001-y2009-r009,O,1,https://github.com/tordecilla/unprogrammed-appropriations/releases/download/pdfs-debt-pages-v1/annex-o-p001.pdf,2009,historical debt service,Fixed Rate Promissory Note,detail,interestPayments,domestic,I. Interest Payments > Domestic > NG > Fixed Rate Promissory Note,million pesos,686,686000000,1000000,,,,,"All printed annual aggregates and visible instrument rows are staged. Detail rows reconcile to NG domestic subtotals except 2014, where they sum to 220,494 versus printed 220,495 (1 million peso difference); source values preserved."
debt-o-p001-y2010-r009,O,1,https://github.com/tordecilla/unprogrammed-appropriations/releases/download/pdfs-debt-pages-v1/annex-o-p001.pdf,2010,historical debt service,Fixed Rate Promissory Note,detail,interestPayments,domestic,I. Interest Payments > Domestic > NG > Fixed Rate Promissory Note,million pesos,686,686000000,1000000,,,,,"All printed annual aggregates and visible instrument rows are staged. Detail rows reconcile to NG domestic subtotals except 2014, where they sum to 220,494 versus printed 220,495 (1 million peso difference); source values preserved."
debt-o-p001-y2011-r009,O,1,https://github.com/tordecilla/unprogrammed-appropriations/releases/download/pdfs-debt-pages-v1/annex-o-p001.pdf,2011,historical debt service,Fixed Rate Promissory Note,detail,interestPayments,domestic,I. Interest Payments > Domestic > NG > Fixed Rate Promissory Note,million pesos,0,0,1000000,,,,,"All printed annual aggregates and visible instrument rows are staged. Detail rows reconcile to NG domestic subtotals except 2014, where they sum to 220,494 versus printed 220,495 (1 million peso difference); source values preserved."
debt-o-p001-y2012-r009,O,1,https://github.com/tordecilla/unprogrammed-appropriations/releases/download/pdfs-debt-pages-v1/annex-o-p001.pdf,2012,historical debt service,Fixed Rate Promissory Note,detail,interestPayments,domestic,I. Interest Payments > Domestic > NG > Fixed Rate Promissory Note,million pesos,0,0,1000000,,,,,"All printed annual aggregates and visible instrument rows are staged. Detail rows reconcile to NG domestic subtotals except 2014, where they sum to 220,494 versus printed 220,495 (1 million peso difference); source values preserved."
debt-o-p001-y2013-r009,O,1,https://github.com/tordecilla/unprogrammed-appropriations/releases/download/pdfs-debt-pages-v1/annex-o-p001.pdf,2013,historical debt service,Fixed Rate Promissory Note,detail,interestPayments,domestic,I. Interest Payments > Domestic > NG > Fixed Rate Promissory Note,million pesos,0,0,1000000,,,,,"All printed annual aggregates and visible instrument rows are staged. Detail rows reconcile to NG domestic subtotals except 2014, where they sum to 220,494 versus printed 220,495 (1 million peso difference); source values preserved."
debt-o-p001-y2014-r009,O,1,https://github.com/tordecilla/unprogrammed-appropriations/releases/download/pdfs-debt-pages-v1/annex-o-p001.pdf,2014,historical debt service,Fixed Rate Promissory Note,detail,interestPayments,domestic,I. Interest Payments > Domestic > NG > Fixed Rate Promissory Note,million pesos,0,0,1000000,,,,,"All printed annual aggregates and visible instrument rows are staged. Detail rows reconcile to NG domestic subtotals except 2014, where they sum to 220,494 versus printed 220,495 (1 million peso difference); source values preserved."
debt-o-p001-y2015-r009,O,1,https://github.com/tordecilla/unprogrammed-appropriations/releases/download/pdfs-debt-pages-v1/annex-o-p001.pdf,2015,historical debt service,Fixed Rate Promissory Note,detail,interestPayments,domestic,I. Interest Payments > Domestic > NG > Fixed Rate Promissory Note,million pesos,0,0,1000000,,,,,"All printed annual aggregates and visible instrument rows are staged. Detail rows reconcile to NG domestic subtotals except 2014, where they sum to 220,494 versus printed 220,495 (1 million peso difference); source values preserved."
debt-o-p001-y2016-r009,O,1,https://github.com/tordecilla/unprogrammed-appropriations/releases/download/pdfs-debt-pages-v1/annex-o-p001.pdf,2016,historical debt service,Fixed Rate Promissory Note,detail,interestPayments,domestic,I. Interest Payments > Domestic > NG > Fixed Rate Promissory Note,million pesos,0,0,1000000,,,,,"All printed annual aggregates and visible instrument rows are staged. Detail rows reconcile to NG domestic subtotals except 2014, where they sum to 220,494 versus printed 220,495 (1 million peso difference); source values preserved."
debt-o-p001-y2017-r009,O,1,https://github.com/tordecilla/unprogrammed-appropriations/releases/download/pdfs-debt-pages-v1/annex-o-p001.pdf,2017,historical debt service,Fixed Rate Promissory Note,detail,interestPayments,domestic,I. Interest Payments > Domestic > NG > Fixed Rate Promissory Note,million pesos,0,0,1000000,,,,,"All printed annual aggregates and visible instrument rows are staged. Detail rows reconcile to NG domestic subtotals except 2014, where they sum to 220,494 versus printed 220,495 (1 million peso difference); source values preserved."
debt-o-p001-y2018-r009,O,1,https://github.com/tordecilla/unprogrammed-appropriations/releases/download/pdfs-debt-pages-v1/annex-o-p001.pdf,2018,historical debt service,Fixed Rate Promissory Note,detail,interestPayments,domestic,I. Interest Payments > Domestic > NG > Fixed Rate Promissory Note,million pesos,0,0,1000000,,,,,"All printed annual aggregates and visible instrument rows are staged. Detail rows reconcile to NG domestic subtotals except 2014, where they sum to 220,494 versus printed 220,495 (1 million peso difference); source values preserved."
debt-o-p001-y2019-r009,O,1,https://github.com/tordecilla/unprogrammed-appropriations/releases/download/pdfs-debt-pages-v1/annex-o-p001.pdf,2019,historical debt service,Fixed Rate Promissory Note,detail,interestPayments,domestic,I. Interest Payments > Domestic > NG > Fixed Rate Promissory Note,million pesos,0,0,1000000,,,,,"All printed annual aggregates and visible instrument rows are staged. Detail rows reconcile to NG domestic subtotals except 2014, where they sum to 220,494 versus printed 220,495 (1 million peso difference); source values preserved."
debt-o-p001-y2020-r009,O,1,https://github.com/tordecilla/unprogrammed-appropriations/releases/download/pdfs-debt-pages-v1/annex-o-p001.pdf,2020,historical debt service,Fixed Rate Promissory Note,detail,interestPayments,domestic,I. Interest Payments > Domestic > NG > Fixed Rate Promissory Note,million pesos,0,0,1000000,,,,,"All printed annual aggregates and visible instrument rows are staged. Detail rows reconcile to NG domestic subtotals except 2014, where they sum to 220,494 versus printed 220,495 (1 million peso difference); source values preserved."
debt-o-p001-y2021-r009,O,1,https://github.com/tordecilla/unprogrammed-appropriations/releases/download/pdfs-debt-pages-v1/annex-o-p001.pdf,2021,historical debt service,Fixed Rate Promissory Note,detail,interestPayments,domestic,I. Interest Payments > Domestic > NG > Fixed Rate Promissory Note,million pesos,0,0,1000000,,,,,"All printed annual aggregates and visible instrument rows are staged. Detail rows reconcile to NG domestic subtotals except 2014, where they sum to 220,494 versus printed 220,495 (1 million peso difference); source values preserved."
debt-o-p001-y2022-r009,O,1,https://github.com/tordecilla/unprogrammed-appropriations/releases/download/pdfs-debt-pages-v1/annex-o-p001.pdf,2022,historical debt service,Fixed Rate Promissory Note,detail,interestPayments,domestic,I. Interest Payments > Domestic > NG > Fixed Rate Promissory Note,million pesos,0,0,1000000,,,,,"All printed annual aggregates and visible instrument rows are staged. Detail rows reconcile to NG domestic subtotals except 2014, where they sum to 220,494 versus printed 220,495 (1 million peso difference); source values preserved."
debt-o-p001-y2023-r009,O,1,https://github.com/tordecilla/unprogrammed-appropriations/releases/download/pdfs-debt-pages-v1/annex-o-p001.pdf,2023,historical debt service,Fixed Rate Promissory Note,detail,interestPayments,domestic,I. Interest Payments > Domestic > NG > Fixed Rate Promissory Note,million pesos,0,0,1000000,,,,,"All printed annual aggregates and visible instrument rows are staged. Detail rows reconcile to NG domestic subtotals except 2014, where they sum to 220,494 versus printed 220,495 (1 million peso difference); source values preserved."
debt-o-p001-y2024-r009,O,1,https://github.com/tordecilla/unprogrammed-appropriations/releases/download/pdfs-debt-pages-v1/annex-o-p001.pdf,2024,historical debt service,Fixed Rate Promissory Note,detail,interestPayments,domestic,I. Interest Payments > Domestic > NG > Fixed Rate Promissory Note,million pesos,0,0,1000000,,,,,"All printed annual aggregates and visible instrument rows are staged. Detail rows reconcile to NG domestic subtotals except 2014, where they sum to 220,494 versus printed 220,495 (1 million peso difference); source values preserved."
debt-o-p001-y2025-r009,O,1,https://github.com/tordecilla/unprogrammed-appropriations/releases/download/pdfs-debt-pages-v1/annex-o-p001.pdf,2025,historical debt service,Fixed Rate Promissory Note,detail,interestPayments,domestic,I. Interest Payments > Domestic > NG > Fixed Rate Promissory Note,million pesos,0,0,1000000,,,,,"All printed annual aggregates and visible instrument rows are staged. Detail rows reconcile to NG domestic subtotals except 2014, where they sum to 220,494 versus printed 220,495 (1 million peso difference); source values preserved."
debt-o-p001-y2004-r010,O,1,https://github.com/tordecilla/unprogrammed-appropriations/releases/download/pdfs-debt-pages-v1/annex-o-p001.pdf,2004,historical debt service,Retail Treasury Bonds,detail,interestPayments,domestic,I. Interest Payments > Domestic > NG > Retail Treasury Bonds,million pesos,24545,24545000000,1000000,,,,,"All printed annual aggregates and visible instrument rows are staged. Detail rows reconcile to NG domestic subtotals except 2014, where they sum to 220,494 versus printed 220,495 (1 million peso difference); source values preserved."
debt-o-p001-y2005-r010,O,1,https://github.com/tordecilla/unprogrammed-appropriations/releases/download/pdfs-debt-pages-v1/annex-o-p001.pdf,2005,historical debt service,Retail Treasury Bonds,detail,interestPayments,domestic,I. Interest Payments > Domestic > NG > Retail Treasury Bonds,million pesos,24981,24981000000,1000000,,,,,"All printed annual aggregates and visible instrument rows are staged. Detail rows reconcile to NG domestic subtotals except 2014, where they sum to 220,494 versus printed 220,495 (1 million peso difference); source values preserved."
debt-o-p001-y2006-r010,O,1,https://github.com/tordecilla/unprogrammed-appropriations/releases/download/pdfs-debt-pages-v1/annex-o-p001.pdf,2006,historical debt service,Retail Treasury Bonds,detail,interestPayments,domestic,I. Interest Payments > Domestic > NG > Retail Treasury Bonds,million pesos,23412,23412000000,1000000,,,,,"All printed annual aggregates and visible instrument rows are staged. Detail rows reconcile to NG domestic subtotals except 2014, where they sum to 220,494 versus printed 220,495 (1 million peso difference); source values preserved."
debt-o-p001-y2007-r010,O,1,https://github.com/tordecilla/unprogrammed-appropriations/releases/download/pdfs-debt-pages-v1/annex-o-p001.pdf,2007,historical debt service,Retail Treasury Bonds,detail,interestPayments,domestic,I. Interest Payments > Domestic > NG > Retail Treasury Bonds,million pesos,15381,15381000000,1000000,,,,,"All printed annual aggregates and visible instrument rows are staged. Detail rows reconcile to NG domestic subtotals except 2014, where they sum to 220,494 versus printed 220,495 (1 million peso difference); source values preserved."
debt-o-p001-y2008-r010,O,1,https://github.com/tordecilla/unprogrammed-appropriations/releases/download/pdfs-debt-pages-v1/annex-o-p001.pdf,2008,historical debt service,Retail Treasury Bonds,detail,interestPayments,domestic,I. Interest Payments > Domestic > NG > Retail Treasury Bonds,million pesos,15259,15259000000,1000000,,,,,"All printed annual aggregates and visible instrument rows are staged. Detail rows reconcile to NG domestic subtotals except 2014, where they sum to 220,494 versus printed 220,495 (1 million peso difference); source values preserved."
debt-o-p001-y2009-r010,O,1,https://github.com/tordecilla/unprogrammed-appropriations/releases/download/pdfs-debt-pages-v1/annex-o-p001.pdf,2009,historical debt service,Retail Treasury Bonds,detail,interestPayments,domestic,I. Interest Payments > Domestic > NG > Retail Treasury Bonds,million pesos,16441,16441000000,1000000,,,,,"All printed annual aggregates and visible instrument rows are staged. Detail rows reconcile to NG domestic subtotals except 2014, where they sum to 220,494 versus printed 220,495 (1 million peso difference); source values preserved."
debt-o-p001-y2010-r010,O,1,https://github.com/tordecilla/unprogrammed-appropriations/releases/download/pdfs-debt-pages-v1/annex-o-p001.pdf,2010,historical debt service,Retail Treasury Bonds,detail,interestPayments,domestic,I. Interest Payments > Domestic > NG > Retail Treasury Bonds,million pesos,22086,22086000000,1000000,,,,,"All printed annual aggregates and visible instrument rows are staged. Detail rows reconcile to NG domestic subtotals except 2014, where they sum to 220,494 versus printed 220,495 (1 million peso difference); source values preserved."
debt-o-p001-y2011-r010,O,1,https://github.com/tordecilla/unprogrammed-appropriations/releases/download/pdfs-debt-pages-v1/annex-o-p001.pdf,2011,historical debt service,Retail Treasury Bonds,detail,interestPayments,domestic,I. Interest Payments > Domestic > NG > Retail Treasury Bonds,million pesos,24291,24291000000,1000000,,,,,"All printed annual aggregates and visible instrument rows are staged. Detail rows reconcile to NG domestic subtotals except 2014, where they sum to 220,494 versus printed 220,495 (1 million peso difference); source values preserved."
debt-o-p001-y2012-r010,O,1,https://github.com/tordecilla/unprogrammed-appropriations/releases/download/pdfs-debt-pages-v1/annex-o-p001.pdf,2012,historical debt service,Retail Treasury Bonds,detail,interestPayments,domestic,I. Interest Payments > Domestic > NG > Retail Treasury Bonds,million pesos,36623,36623000000,1000000,,,,,"All printed annual aggregates and visible instrument rows are staged. Detail rows reconcile to NG domestic subtotals except 2014, where they sum to 220,494 versus printed 220,495 (1 million peso difference); source values preserved."
debt-o-p001-y2013-r010,O,1,https://github.com/tordecilla/unprogrammed-appropriations/releases/download/pdfs-debt-pages-v1/annex-o-p001.pdf,2013,historical debt service,Retail Treasury Bonds,detail,interestPayments,domestic,I. Interest Payments > Domestic > NG > Retail Treasury Bonds,million pesos,48112,48112000000,1000000,,,,,"All printed annual aggregates and visible instrument rows are staged. Detail rows reconcile to NG domestic subtotals except 2014, where they sum to 220,494 versus printed 220,495 (1 million peso difference); source values preserved."
debt-o-p001-y2014-r010,O,1,https://github.com/tordecilla/unprogrammed-appropriations/releases/download/pdfs-debt-pages-v1/annex-o-p001.pdf,2014,historical debt service,Retail Treasury Bonds,detail,interestPayments,domestic,I. Interest Payments > Domestic > NG > Retail Treasury Bonds,million pesos,48088,48088000000,1000000,,,,,"All printed annual aggregates and visible instrument rows are staged. Detail rows reconcile to NG domestic subtotals except 2014, where they sum to 220,494 versus printed 220,495 (1 million peso difference); source values preserved."
debt-o-p001-y2015-r010,O,1,https://github.com/tordecilla/unprogrammed-appropriations/releases/download/pdfs-debt-pages-v1/annex-o-p001.pdf,2015,historical debt service,Retail Treasury Bonds,detail,interestPayments,domestic,I. Interest Payments > Domestic > NG > Retail Treasury Bonds,million pesos,44770,44770000000,1000000,,,,,"All printed annual aggregates and visible instrument rows are staged. Detail rows reconcile to NG domestic subtotals except 2014, where they sum to 220,494 versus printed 220,495 (1 million peso difference); source values preserved."
debt-o-p001-y2016-r010,O,1,https://github.com/tordecilla/unprogrammed-appropriations/releases/download/pdfs-debt-pages-v1/annex-o-p001.pdf,2016,historical debt service,Retail Treasury Bonds,detail,interestPayments,domestic,I. Interest Payments > Domestic > NG > Retail Treasury Bonds,million pesos,41719,41719000000,1000000,,,,,"All printed annual aggregates and visible instrument rows are staged. Detail rows reconcile to NG domestic subtotals except 2014, where they sum to 220,494 versus printed 220,495 (1 million peso difference); source values preserved."
debt-o-p001-y2017-r010,O,1,https://github.com/tordecilla/unprogrammed-appropriations/releases/download/pdfs-debt-pages-v1/annex-o-p001.pdf,2017,historical debt service,Retail Treasury Bonds,detail,interestPayments,domestic,I. Interest Payments > Domestic > NG > Retail Treasury Bonds,million pesos,46129,46129000000,1000000,,,,,"All printed annual aggregates and visible instrument rows are staged. Detail rows reconcile to NG domestic subtotals except 2014, where they sum to 220,494 versus printed 220,495 (1 million peso difference); source values preserved."
debt-o-p001-y2018-r010,O,1,https://github.com/tordecilla/unprogrammed-appropriations/releases/download/pdfs-debt-pages-v1/annex-o-p001.pdf,2018,historical debt service,Retail Treasury Bonds,detail,interestPayments,domestic,I. Interest Payments > Domestic > NG > Retail Treasury Bonds,million pesos,63505,63505000000,1000000,,,,,"All printed annual aggregates and visible instrument rows are staged. Detail rows reconcile to NG domestic subtotals except 2014, where they sum to 220,494 versus printed 220,495 (1 million peso difference); source values preserved."
debt-o-p001-y2019-r010,O,1,https://github.com/tordecilla/unprogrammed-appropriations/releases/download/pdfs-debt-pages-v1/annex-o-p001.pdf,2019,historical debt service,Retail Treasury Bonds,detail,interestPayments,domestic,I. Interest Payments > Domestic > NG > Retail Treasury Bonds,million pesos,77623,77623000000,1000000,,,,,"All printed annual aggregates and visible instrument rows are staged. Detail rows reconcile to NG domestic subtotals except 2014, where they sum to 220,494 versus printed 220,495 (1 million peso difference); source values preserved."
debt-o-p001-y2020-r010,O,1,https://github.com/tordecilla/unprogrammed-appropriations/releases/download/pdfs-debt-pages-v1/annex-o-p001.pdf,2020,historical debt service,Retail Treasury Bonds,detail,interestPayments,domestic,I. Interest Payments > Domestic > NG > Retail Treasury Bonds,million pesos,90344,90344000000,1000000,,,,,"All printed annual aggregates and visible instrument rows are staged. Detail rows reconcile to NG domestic subtotals except 2014, where they sum to 220,494 versus printed 220,495 (1 million peso difference); source values preserved."
debt-o-p001-y2021-r010,O,1,https://github.com/tordecilla/unprogrammed-appropriations/releases/download/pdfs-debt-pages-v1/annex-o-p001.pdf,2021,historical debt service,Retail Treasury Bonds,detail,interestPayments,domestic,I. Interest Payments > Domestic > NG > Retail Treasury Bonds,million pesos,101277,101277000000,1000000,,,,,"All printed annual aggregates and visible instrument rows are staged. Detail rows reconcile to NG domestic subtotals except 2014, where they sum to 220,494 versus printed 220,495 (1 million peso difference); source values preserved."
debt-o-p001-y2022-r010,O,1,https://github.com/tordecilla/unprogrammed-appropriations/releases/download/pdfs-debt-pages-v1/annex-o-p001.pdf,2022,historical debt service,Retail Treasury Bonds,detail,interestPayments,domestic,I. Interest Payments > Domestic > NG > Retail Treasury Bonds,million pesos,135498,135498000000,1000000,,,,,"All printed annual aggregates and visible instrument rows are staged. Detail rows reconcile to NG domestic subtotals except 2014, where they sum to 220,494 versus printed 220,495 (1 million peso difference); source values preserved."
debt-o-p001-y2023-r010,O,1,https://github.com/tordecilla/unprogrammed-appropriations/releases/download/pdfs-debt-pages-v1/annex-o-p001.pdf,2023,historical debt service,Retail Treasury Bonds,detail,interestPayments,domestic,I. Interest Payments > Domestic > NG > Retail Treasury Bonds,million pesos,149738,149738000000,1000000,,,,,"All printed annual aggregates and visible instrument rows are staged. Detail rows reconcile to NG domestic subtotals except 2014, where they sum to 220,494 versus printed 220,495 (1 million peso difference); source values preserved."
debt-o-p001-y2024-r010,O,1,https://github.com/tordecilla/unprogrammed-appropriations/releases/download/pdfs-debt-pages-v1/annex-o-p001.pdf,2024,historical debt service,Retail Treasury Bonds,detail,interestPayments,domestic,I. Interest Payments > Domestic > NG > Retail Treasury Bonds,million pesos,153921,153921000000,1000000,,,,,"All printed annual aggregates and visible instrument rows are staged. Detail rows reconcile to NG domestic subtotals except 2014, where they sum to 220,494 versus printed 220,495 (1 million peso difference); source values preserved."
debt-o-p001-y2025-r010,O,1,https://github.com/tordecilla/unprogrammed-appropriations/releases/download/pdfs-debt-pages-v1/annex-o-p001.pdf,2025,historical debt service,Retail Treasury Bonds,detail,interestPayments,domestic,I. Interest Payments > Domestic > NG > Retail Treasury Bonds,million pesos,162739,162739000000,1000000,,,,,"All printed annual aggregates and visible instrument rows are staged. Detail rows reconcile to NG domestic subtotals except 2014, where they sum to 220,494 versus printed 220,495 (1 million peso difference); source values preserved."
debt-o-p001-y2004-r011,O,1,https://github.com/tordecilla/unprogrammed-appropriations/releases/download/pdfs-debt-pages-v1/annex-o-p001.pdf,2004,historical debt service,Onshore Dollar Bond,detail,interestPayments,domestic,I. Interest Payments > Domestic > NG > Onshore Dollar Bond,million pesos,0,0,1000000,,,,,"All printed annual aggregates and visible instrument rows are staged. Detail rows reconcile to NG domestic subtotals except 2014, where they sum to 220,494 versus printed 220,495 (1 million peso difference); source values preserved."
debt-o-p001-y2005-r011,O,1,https://github.com/tordecilla/unprogrammed-appropriations/releases/download/pdfs-debt-pages-v1/annex-o-p001.pdf,2005,historical debt service,Onshore Dollar Bond,detail,interestPayments,domestic,I. Interest Payments > Domestic > NG > Onshore Dollar Bond,million pesos,0,0,1000000,,,,,"All printed annual aggregates and visible instrument rows are staged. Detail rows reconcile to NG domestic subtotals except 2014, where they sum to 220,494 versus printed 220,495 (1 million peso difference); source values preserved."
debt-o-p001-y2006-r011,O,1,https://github.com/tordecilla/unprogrammed-appropriations/releases/download/pdfs-debt-pages-v1/annex-o-p001.pdf,2006,historical debt service,Onshore Dollar Bond,detail,interestPayments,domestic,I. Interest Payments > Domestic > NG > Onshore Dollar Bond,million pesos,0,0,1000000,,,,,"All printed annual aggregates and visible instrument rows are staged. Detail rows reconcile to NG domestic subtotals except 2014, where they sum to 220,494 versus printed 220,495 (1 million peso difference); source values preserved."
debt-o-p001-y2007-r011,O,1,https://github.com/tordecilla/unprogrammed-appropriations/releases/download/pdfs-debt-pages-v1/annex-o-p001.pdf,2007,historical debt service,Onshore Dollar Bond,detail,interestPayments,domestic,I. Interest Payments > Domestic > NG > Onshore Dollar Bond,million pesos,0,0,1000000,,,,,"All printed annual aggregates and visible instrument rows are staged. Detail rows reconcile to NG domestic subtotals except 2014, where they sum to 220,494 versus printed 220,495 (1 million peso difference); source values preserved."
debt-o-p001-y2008-r011,O,1,https://github.com/tordecilla/unprogrammed-appropriations/releases/download/pdfs-debt-pages-v1/annex-o-p001.pdf,2008,historical debt service,Onshore Dollar Bond,detail,interestPayments,domestic,I. Interest Payments > Domestic > NG > Onshore Dollar Bond,million pesos,0,0,1000000,,,,,"All printed annual aggregates and visible instrument rows are staged. Detail rows reconcile to NG domestic subtotals except 2014, where they sum to 220,494 versus printed 220,495 (1 million peso difference); source values preserved."
debt-o-p001-y2009-r011,O,1,https://github.com/tordecilla/unprogrammed-appropriations/releases/download/pdfs-debt-pages-v1/annex-o-p001.pdf,2009,historical debt service,Onshore Dollar Bond,detail,interestPayments,domestic,I. Interest Payments > Domestic > NG > Onshore Dollar Bond,million pesos,0,0,1000000,,,,,"All printed annual aggregates and visible instrument rows are staged. Detail rows reconcile to NG domestic subtotals except 2014, where they sum to 220,494 versus printed 220,495 (1 million peso difference); source values preserved."
debt-o-p001-y2010-r011,O,1,https://github.com/tordecilla/unprogrammed-appropriations/releases/download/pdfs-debt-pages-v1/annex-o-p001.pdf,2010,historical debt service,Onshore Dollar Bond,detail,interestPayments,domestic,I. Interest Payments > Domestic > NG > Onshore Dollar Bond,million pesos,0,0,1000000,,,,,"All printed annual aggregates and visible instrument rows are staged. Detail rows reconcile to NG domestic subtotals except 2014, where they sum to 220,494 versus printed 220,495 (1 million peso difference); source values preserved."
debt-o-p001-y2011-r011,O,1,https://github.com/tordecilla/unprogrammed-appropriations/releases/download/pdfs-debt-pages-v1/annex-o-p001.pdf,2011,historical debt service,Onshore Dollar Bond,detail,interestPayments,domestic,I. Interest Payments > Domestic > NG > Onshore Dollar Bond,million pesos,0,0,1000000,,,,,"All printed annual aggregates and visible instrument rows are staged. Detail rows reconcile to NG domestic subtotals except 2014, where they sum to 220,494 versus printed 220,495 (1 million peso difference); source values preserved."
debt-o-p001-y2012-r011,O,1,https://github.com/tordecilla/unprogrammed-appropriations/releases/download/pdfs-debt-pages-v1/annex-o-p001.pdf,2012,historical debt service,Onshore Dollar Bond,detail,interestPayments,domestic,I. Interest Payments > Domestic > NG > Onshore Dollar Bond,million pesos,0,0,1000000,,,,,"All printed annual aggregates and visible instrument rows are staged. Detail rows reconcile to NG domestic subtotals except 2014, where they sum to 220,494 versus printed 220,495 (1 million peso difference); source values preserved."
debt-o-p001-y2013-r011,O,1,https://github.com/tordecilla/unprogrammed-appropriations/releases/download/pdfs-debt-pages-v1/annex-o-p001.pdf,2013,historical debt service,Onshore Dollar Bond,detail,interestPayments,domestic,I. Interest Payments > Domestic > NG > Onshore Dollar Bond,million pesos,0,0,1000000,,,,,"All printed annual aggregates and visible instrument rows are staged. Detail rows reconcile to NG domestic subtotals except 2014, where they sum to 220,494 versus printed 220,495 (1 million peso difference); source values preserved."
debt-o-p001-y2014-r011,O,1,https://github.com/tordecilla/unprogrammed-appropriations/releases/download/pdfs-debt-pages-v1/annex-o-p001.pdf,2014,historical debt service,Onshore Dollar Bond,detail,interestPayments,domestic,I. Interest Payments > Domestic > NG > Onshore Dollar Bond,million pesos,241,241000000,1000000,,,,,"All printed annual aggregates and visible instrument rows are staged. Detail rows reconcile to NG domestic subtotals except 2014, where they sum to 220,494 versus printed 220,495 (1 million peso difference); source values preserved."
debt-o-p001-y2015-r011,O,1,https://github.com/tordecilla/unprogrammed-appropriations/releases/download/pdfs-debt-pages-v1/annex-o-p001.pdf,2015,historical debt service,Onshore Dollar Bond,detail,interestPayments,domestic,I. Interest Payments > Domestic > NG > Onshore Dollar Bond,million pesos,0,0,1000000,,,,,"All printed annual aggregates and visible instrument rows are staged. Detail rows reconcile to NG domestic subtotals except 2014, where they sum to 220,494 versus printed 220,495 (1 million peso difference); source values preserved."
debt-o-p001-y2016-r011,O,1,https://github.com/tordecilla/unprogrammed-appropriations/releases/download/pdfs-debt-pages-v1/annex-o-p001.pdf,2016,historical debt service,Onshore Dollar Bond,detail,interestPayments,domestic,I. Interest Payments > Domestic > NG > Onshore Dollar Bond,million pesos,0,0,1000000,,,,,"All printed annual aggregates and visible instrument rows are staged. Detail rows reconcile to NG domestic subtotals except 2014, where they sum to 220,494 versus printed 220,495 (1 million peso difference); source values preserved."
debt-o-p001-y2017-r011,O,1,https://github.com/tordecilla/unprogrammed-appropriations/releases/download/pdfs-debt-pages-v1/annex-o-p001.pdf,2017,historical debt service,Onshore Dollar Bond,detail,interestPayments,domestic,I. Interest Payments > Domestic > NG > Onshore Dollar Bond,million pesos,0,0,1000000,,,,,"All printed annual aggregates and visible instrument rows are staged. Detail rows reconcile to NG domestic subtotals except 2014, where they sum to 220,494 versus printed 220,495 (1 million peso difference); source values preserved."
debt-o-p001-y2018-r011,O,1,https://github.com/tordecilla/unprogrammed-appropriations/releases/download/pdfs-debt-pages-v1/annex-o-p001.pdf,2018,historical debt service,Onshore Dollar Bond,detail,interestPayments,domestic,I. Interest Payments > Domestic > NG > Onshore Dollar Bond,million pesos,0,0,1000000,,,,,"All printed annual aggregates and visible instrument rows are staged. Detail rows reconcile to NG domestic subtotals except 2014, where they sum to 220,494 versus printed 220,495 (1 million peso difference); source values preserved."
debt-o-p001-y2019-r011,O,1,https://github.com/tordecilla/unprogrammed-appropriations/releases/download/pdfs-debt-pages-v1/annex-o-p001.pdf,2019,historical debt service,Onshore Dollar Bond,detail,interestPayments,domestic,I. Interest Payments > Domestic > NG > Onshore Dollar Bond,million pesos,0,0,1000000,,,,,"All printed annual aggregates and visible instrument rows are staged. Detail rows reconcile to NG domestic subtotals except 2014, where they sum to 220,494 versus printed 220,495 (1 million peso difference); source values preserved."
debt-o-p001-y2020-r011,O,1,https://github.com/tordecilla/unprogrammed-appropriations/releases/download/pdfs-debt-pages-v1/annex-o-p001.pdf,2020,historical debt service,Onshore Dollar Bond,detail,interestPayments,domestic,I. Interest Payments > Domestic > NG > Onshore Dollar Bond,million pesos,0,0,1000000,,,,,"All printed annual aggregates and visible instrument rows are staged. Detail rows reconcile to NG domestic subtotals except 2014, where they sum to 220,494 versus printed 220,495 (1 million peso difference); source values preserved."
debt-o-p001-y2021-r011,O,1,https://github.com/tordecilla/unprogrammed-appropriations/releases/download/pdfs-debt-pages-v1/annex-o-p001.pdf,2021,historical debt service,Onshore Dollar Bond,detail,interestPayments,domestic,I. Interest Payments > Domestic > NG > Onshore Dollar Bond,million pesos,0,0,1000000,,,,,"All printed annual aggregates and visible instrument rows are staged. Detail rows reconcile to NG domestic subtotals except 2014, where they sum to 220,494 versus printed 220,495 (1 million peso difference); source values preserved."
debt-o-p001-y2022-r011,O,1,https://github.com/tordecilla/unprogrammed-appropriations/releases/download/pdfs-debt-pages-v1/annex-o-p001.pdf,2022,historical debt service,Onshore Dollar Bond,detail,interestPayments,domestic,I. Interest Payments > Domestic > NG > Onshore Dollar Bond,million pesos,0,0,1000000,,,,,"All printed annual aggregates and visible instrument rows are staged. Detail rows reconcile to NG domestic subtotals except 2014, where they sum to 220,494 versus printed 220,495 (1 million peso difference); source values preserved."
debt-o-p001-y2023-r011,O,1,https://github.com/tordecilla/unprogrammed-appropriations/releases/download/pdfs-debt-pages-v1/annex-o-p001.pdf,2023,historical debt service,Onshore Dollar Bond,detail,interestPayments,domestic,I. Interest Payments > Domestic > NG > Onshore Dollar Bond,million pesos,0,0,1000000,,,,,"All printed annual aggregates and visible instrument rows are staged. Detail rows reconcile to NG domestic subtotals except 2014, where they sum to 220,494 versus printed 220,495 (1 million peso difference); source values preserved."
debt-o-p001-y2024-r011,O,1,https://github.com/tordecilla/unprogrammed-appropriations/releases/download/pdfs-debt-pages-v1/annex-o-p001.pdf,2024,historical debt service,Onshore Dollar Bond,detail,interestPayments,domestic,I. Interest Payments > Domestic > NG > Onshore Dollar Bond,million pesos,0,0,1000000,,,,,"All printed annual aggregates and visible instrument rows are staged. Detail rows reconcile to NG domestic subtotals except 2014, where they sum to 220,494 versus printed 220,495 (1 million peso difference); source values preserved."
debt-o-p001-y2025-r011,O,1,https://github.com/tordecilla/unprogrammed-appropriations/releases/download/pdfs-debt-pages-v1/annex-o-p001.pdf,2025,historical debt service,Onshore Dollar Bond,detail,interestPayments,domestic,I. Interest Payments > Domestic > NG > Onshore Dollar Bond,million pesos,0,0,1000000,,,,,"All printed annual aggregates and visible instrument rows are staged. Detail rows reconcile to NG domestic subtotals except 2014, where they sum to 220,494 versus printed 220,495 (1 million peso difference); source values preserved."
debt-o-p001-y2004-r012,O,1,https://github.com/tordecilla/unprogrammed-appropriations/releases/download/pdfs-debt-pages-v1/annex-o-p001.pdf,2004,historical debt service,Zero Coupon Bonds,detail,interestPayments,domestic,I. Interest Payments > Domestic > NG > Zero Coupon Bonds,million pesos,0,0,1000000,,,,,"All printed annual aggregates and visible instrument rows are staged. Detail rows reconcile to NG domestic subtotals except 2014, where they sum to 220,494 versus printed 220,495 (1 million peso difference); source values preserved."
debt-o-p001-y2005-r012,O,1,https://github.com/tordecilla/unprogrammed-appropriations/releases/download/pdfs-debt-pages-v1/annex-o-p001.pdf,2005,historical debt service,Zero Coupon Bonds,detail,interestPayments,domestic,I. Interest Payments > Domestic > NG > Zero Coupon Bonds,million pesos,0,0,1000000,,,,,"All printed annual aggregates and visible instrument rows are staged. Detail rows reconcile to NG domestic subtotals except 2014, where they sum to 220,494 versus printed 220,495 (1 million peso difference); source values preserved."
debt-o-p001-y2006-r012,O,1,https://github.com/tordecilla/unprogrammed-appropriations/releases/download/pdfs-debt-pages-v1/annex-o-p001.pdf,2006,historical debt service,Zero Coupon Bonds,detail,interestPayments,domestic,I. Interest Payments > Domestic > NG > Zero Coupon Bonds,million pesos,0,0,1000000,,,,,"All printed annual aggregates and visible instrument rows are staged. Detail rows reconcile to NG domestic subtotals except 2014, where they sum to 220,494 versus printed 220,495 (1 million peso difference); source values preserved."
debt-o-p001-y2007-r012,O,1,https://github.com/tordecilla/unprogrammed-appropriations/releases/download/pdfs-debt-pages-v1/annex-o-p001.pdf,2007,historical debt service,Zero Coupon Bonds,detail,interestPayments,domestic,I. Interest Payments > Domestic > NG > Zero Coupon Bonds,million pesos,0,0,1000000,,,,,"All printed annual aggregates and visible instrument rows are staged. Detail rows reconcile to NG domestic subtotals except 2014, where they sum to 220,494 versus printed 220,495 (1 million peso difference); source values preserved."
debt-o-p001-y2008-r012,O,1,https://github.com/tordecilla/unprogrammed-appropriations/releases/download/pdfs-debt-pages-v1/annex-o-p001.pdf,2008,historical debt service,Zero Coupon Bonds,detail,interestPayments,domestic,I. Interest Payments > Domestic > NG > Zero Coupon Bonds,million pesos,0,0,1000000,,,,,"All printed annual aggregates and visible instrument rows are staged. Detail rows reconcile to NG domestic subtotals except 2014, where they sum to 220,494 versus printed 220,495 (1 million peso difference); source values preserved."
debt-o-p001-y2009-r012,O,1,https://github.com/tordecilla/unprogrammed-appropriations/releases/download/pdfs-debt-pages-v1/annex-o-p001.pdf,2009,historical debt service,Zero Coupon Bonds,detail,interestPayments,domestic,I. Interest Payments > Domestic > NG > Zero Coupon Bonds,million pesos,5836,5836000000,1000000,,,,,"All printed annual aggregates and visible instrument rows are staged. Detail rows reconcile to NG domestic subtotals except 2014, where they sum to 220,494 versus printed 220,495 (1 million peso difference); source values preserved."
debt-o-p001-y2010-r012,O,1,https://github.com/tordecilla/unprogrammed-appropriations/releases/download/pdfs-debt-pages-v1/annex-o-p001.pdf,2010,historical debt service,Zero Coupon Bonds,detail,interestPayments,domestic,I. Interest Payments > Domestic > NG > Zero Coupon Bonds,million pesos,7549,7549000000,1000000,,,,,"All printed annual aggregates and visible instrument rows are staged. Detail rows reconcile to NG domestic subtotals except 2014, where they sum to 220,494 versus printed 220,495 (1 million peso difference); source values preserved."
debt-o-p001-y2011-r012,O,1,https://github.com/tordecilla/unprogrammed-appropriations/releases/download/pdfs-debt-pages-v1/annex-o-p001.pdf,2011,historical debt service,Zero Coupon Bonds,detail,interestPayments,domestic,I. Interest Payments > Domestic > NG > Zero Coupon Bonds,million pesos,8783,8783000000,1000000,,,,,"All printed annual aggregates and visible instrument rows are staged. Detail rows reconcile to NG domestic subtotals except 2014, where they sum to 220,494 versus printed 220,495 (1 million peso difference); source values preserved."
debt-o-p001-y2012-r012,O,1,https://github.com/tordecilla/unprogrammed-appropriations/releases/download/pdfs-debt-pages-v1/annex-o-p001.pdf,2012,historical debt service,Zero Coupon Bonds,detail,interestPayments,domestic,I. Interest Payments > Domestic > NG > Zero Coupon Bonds,million pesos,0,0,1000000,,,,,"All printed annual aggregates and visible instrument rows are staged. Detail rows reconcile to NG domestic subtotals except 2014, where they sum to 220,494 versus printed 220,495 (1 million peso difference); source values preserved."
debt-o-p001-y2013-r012,O,1,https://github.com/tordecilla/unprogrammed-appropriations/releases/download/pdfs-debt-pages-v1/annex-o-p001.pdf,2013,historical debt service,Zero Coupon Bonds,detail,interestPayments,domestic,I. Interest Payments > Domestic > NG > Zero Coupon Bonds,million pesos,0,0,1000000,,,,,"All printed annual aggregates and visible instrument rows are staged. Detail rows reconcile to NG domestic subtotals except 2014, where they sum to 220,494 versus printed 220,495 (1 million peso difference); source values preserved."
debt-o-p001-y2014-r012,O,1,https://github.com/tordecilla/unprogrammed-appropriations/releases/download/pdfs-debt-pages-v1/annex-o-p001.pdf,2014,historical debt service,Zero Coupon Bonds,detail,interestPayments,domestic,I. Interest Payments > Domestic > NG > Zero Coupon Bonds,million pesos,0,0,1000000,,,,,"All printed annual aggregates and visible instrument rows are staged. Detail rows reconcile to NG domestic subtotals except 2014, where they sum to 220,494 versus printed 220,495 (1 million peso difference); source values preserved."
debt-o-p001-y2015-r012,O,1,https://github.com/tordecilla/unprogrammed-appropriations/releases/download/pdfs-debt-pages-v1/annex-o-p001.pdf,2015,historical debt service,Zero Coupon Bonds,detail,interestPayments,domestic,I. Interest Payments > Domestic > NG > Zero Coupon Bonds,million pesos,0,0,1000000,,,,,"All printed annual aggregates and visible instrument rows are staged. Detail rows reconcile to NG domestic subtotals except 2014, where they sum to 220,494 versus printed 220,495 (1 million peso difference); source values preserved."
debt-o-p001-y2016-r012,O,1,https://github.com/tordecilla/unprogrammed-appropriations/releases/download/pdfs-debt-pages-v1/annex-o-p001.pdf,2016,historical debt service,Zero Coupon Bonds,detail,interestPayments,domestic,I. Interest Payments > Domestic > NG > Zero Coupon Bonds,million pesos,0,0,1000000,,,,,"All printed annual aggregates and visible instrument rows are staged. Detail rows reconcile to NG domestic subtotals except 2014, where they sum to 220,494 versus printed 220,495 (1 million peso difference); source values preserved."
debt-o-p001-y2017-r012,O,1,https://github.com/tordecilla/unprogrammed-appropriations/releases/download/pdfs-debt-pages-v1/annex-o-p001.pdf,2017,historical debt service,Zero Coupon Bonds,detail,interestPayments,domestic,I. Interest Payments > Domestic > NG > Zero Coupon Bonds,million pesos,0,0,1000000,,,,,"All printed annual aggregates and visible instrument rows are staged. Detail rows reconcile to NG domestic subtotals except 2014, where they sum to 220,494 versus printed 220,495 (1 million peso difference); source values preserved."
debt-o-p001-y2018-r012,O,1,https://github.com/tordecilla/unprogrammed-appropriations/releases/download/pdfs-debt-pages-v1/annex-o-p001.pdf,2018,historical debt service,Zero Coupon Bonds,detail,interestPayments,domestic,I. Interest Payments > Domestic > NG > Zero Coupon Bonds,million pesos,0,0,1000000,,,,,"All printed annual aggregates and visible instrument rows are staged. Detail rows reconcile to NG domestic subtotals except 2014, where they sum to 220,494 versus printed 220,495 (1 million peso difference); source values preserved."
debt-o-p001-y2019-r012,O,1,https://github.com/tordecilla/unprogrammed-appropriations/releases/download/pdfs-debt-pages-v1/annex-o-p001.pdf,2019,historical debt service,Zero Coupon Bonds,detail,interestPayments,domestic,I. Interest Payments > Domestic > NG > Zero Coupon Bonds,million pesos,0,0,1000000,,,,,"All printed annual aggregates and visible instrument rows are staged. Detail rows reconcile to NG domestic subtotals except 2014, where they sum to 220,494 versus printed 220,495 (1 million peso difference); source values preserved."
debt-o-p001-y2020-r012,O,1,https://github.com/tordecilla/unprogrammed-appropriations/releases/download/pdfs-debt-pages-v1/annex-o-p001.pdf,2020,historical debt service,Zero Coupon Bonds,detail,interestPayments,domestic,I. Interest Payments > Domestic > NG > Zero Coupon Bonds,million pesos,0,0,1000000,,,,,"All printed annual aggregates and visible instrument rows are staged. Detail rows reconcile to NG domestic subtotals except 2014, where they sum to 220,494 versus printed 220,495 (1 million peso difference); source values preserved."
debt-o-p001-y2021-r012,O,1,https://github.com/tordecilla/unprogrammed-appropriations/releases/download/pdfs-debt-pages-v1/annex-o-p001.pdf,2021,historical debt service,Zero Coupon Bonds,detail,interestPayments,domestic,I. Interest Payments > Domestic > NG > Zero Coupon Bonds,million pesos,0,0,1000000,,,,,"All printed annual aggregates and visible instrument rows are staged. Detail rows reconcile to NG domestic subtotals except 2014, where they sum to 220,494 versus printed 220,495 (1 million peso difference); source values preserved."
debt-o-p001-y2022-r012,O,1,https://github.com/tordecilla/unprogrammed-appropriations/releases/download/pdfs-debt-pages-v1/annex-o-p001.pdf,2022,historical debt service,Zero Coupon Bonds,detail,interestPayments,domestic,I. Interest Payments > Domestic > NG > Zero Coupon Bonds,million pesos,0,0,1000000,,,,,"All printed annual aggregates and visible instrument rows are staged. Detail rows reconcile to NG domestic subtotals except 2014, where they sum to 220,494 versus printed 220,495 (1 million peso difference); source values preserved."
debt-o-p001-y2023-r012,O,1,https://github.com/tordecilla/unprogrammed-appropriations/releases/download/pdfs-debt-pages-v1/annex-o-p001.pdf,2023,historical debt service,Zero Coupon Bonds,detail,interestPayments,domestic,I. Interest Payments > Domestic > NG > Zero Coupon Bonds,million pesos,0,0,1000000,,,,,"All printed annual aggregates and visible instrument rows are staged. Detail rows reconcile to NG domestic subtotals except 2014, where they sum to 220,494 versus printed 220,495 (1 million peso difference); source values preserved."
debt-o-p001-y2024-r012,O,1,https://github.com/tordecilla/unprogrammed-appropriations/releases/download/pdfs-debt-pages-v1/annex-o-p001.pdf,2024,historical debt service,Zero Coupon Bonds,detail,interestPayments,domestic,I. Interest Payments > Domestic > NG > Zero Coupon Bonds,million pesos,0,0,1000000,,,,,"All printed annual aggregates and visible instrument rows are staged. Detail rows reconcile to NG domestic subtotals except 2014, where they sum to 220,494 versus printed 220,495 (1 million peso difference); source values preserved."
debt-o-p001-y2025-r012,O,1,https://github.com/tordecilla/unprogrammed-appropriations/releases/download/pdfs-debt-pages-v1/annex-o-p001.pdf,2025,historical debt service,Zero Coupon Bonds,detail,interestPayments,domestic,I. Interest Payments > Domestic > NG > Zero Coupon Bonds,million pesos,0,0,1000000,,,,,"All printed annual aggregates and visible instrument rows are staged. Detail rows reconcile to NG domestic subtotals except 2014, where they sum to 220,494 versus printed 220,495 (1 million peso difference); source values preserved."
debt-o-p001-y2004-r013,O,1,https://github.com/tordecilla/unprogrammed-appropriations/releases/download/pdfs-debt-pages-v1/annex-o-p001.pdf,2004,historical debt service,Domestic Bond Exchange,detail,interestPayments,domestic,I. Interest Payments > Domestic > NG > Domestic Bond Exchange,million pesos,0,0,1000000,,,,,"All printed annual aggregates and visible instrument rows are staged. Detail rows reconcile to NG domestic subtotals except 2014, where they sum to 220,494 versus printed 220,495 (1 million peso difference); source values preserved."
debt-o-p001-y2005-r013,O,1,https://github.com/tordecilla/unprogrammed-appropriations/releases/download/pdfs-debt-pages-v1/annex-o-p001.pdf,2005,historical debt service,Domestic Bond Exchange,detail,interestPayments,domestic,I. Interest Payments > Domestic > NG > Domestic Bond Exchange,million pesos,0,0,1000000,,,,,"All printed annual aggregates and visible instrument rows are staged. Detail rows reconcile to NG domestic subtotals except 2014, where they sum to 220,494 versus printed 220,495 (1 million peso difference); source values preserved."
debt-o-p001-y2006-r013,O,1,https://github.com/tordecilla/unprogrammed-appropriations/releases/download/pdfs-debt-pages-v1/annex-o-p001.pdf,2006,historical debt service,Domestic Bond Exchange,detail,interestPayments,domestic,I. Interest Payments > Domestic > NG > Domestic Bond Exchange,million pesos,0,0,1000000,,,,,"All printed annual aggregates and visible instrument rows are staged. Detail rows reconcile to NG domestic subtotals except 2014, where they sum to 220,494 versus printed 220,495 (1 million peso difference); source values preserved."
debt-o-p001-y2007-r013,O,1,https://github.com/tordecilla/unprogrammed-appropriations/releases/download/pdfs-debt-pages-v1/annex-o-p001.pdf,2007,historical debt service,Domestic Bond Exchange,detail,interestPayments,domestic,I. Interest Payments > Domestic > NG > Domestic Bond Exchange,million pesos,0,0,1000000,,,,,"All printed annual aggregates and visible instrument rows are staged. Detail rows reconcile to NG domestic subtotals except 2014, where they sum to 220,494 versus printed 220,495 (1 million peso difference); source values preserved."
debt-o-p001-y2008-r013,O,1,https://github.com/tordecilla/unprogrammed-appropriations/releases/download/pdfs-debt-pages-v1/annex-o-p001.pdf,2008,historical debt service,Domestic Bond Exchange,detail,interestPayments,domestic,I. Interest Payments > Domestic > NG > Domestic Bond Exchange,million pesos,0,0,1000000,,,,,"All printed annual aggregates and visible instrument rows are staged. Detail rows reconcile to NG domestic subtotals except 2014, where they sum to 220,494 versus printed 220,495 (1 million peso difference); source values preserved."
debt-o-p001-y2009-r013,O,1,https://github.com/tordecilla/unprogrammed-appropriations/releases/download/pdfs-debt-pages-v1/annex-o-p001.pdf,2009,historical debt service,Domestic Bond Exchange,detail,interestPayments,domestic,I. Interest Payments > Domestic > NG > Domestic Bond Exchange,million pesos,0,0,1000000,,,,,"All printed annual aggregates and visible instrument rows are staged. Detail rows reconcile to NG domestic subtotals except 2014, where they sum to 220,494 versus printed 220,495 (1 million peso difference); source values preserved."
debt-o-p001-y2010-r013,O,1,https://github.com/tordecilla/unprogrammed-appropriations/releases/download/pdfs-debt-pages-v1/annex-o-p001.pdf,2010,historical debt service,Domestic Bond Exchange,detail,interestPayments,domestic,I. Interest Payments > Domestic > NG > Domestic Bond Exchange,million pesos,0,0,1000000,,,,,"All printed annual aggregates and visible instrument rows are staged. Detail rows reconcile to NG domestic subtotals except 2014, where they sum to 220,494 versus printed 220,495 (1 million peso difference); source values preserved."
debt-o-p001-y2011-r013,O,1,https://github.com/tordecilla/unprogrammed-appropriations/releases/download/pdfs-debt-pages-v1/annex-o-p001.pdf,2011,historical debt service,Domestic Bond Exchange,detail,interestPayments,domestic,I. Interest Payments > Domestic > NG > Domestic Bond Exchange,million pesos,6639,6639000000,1000000,,,,,"All printed annual aggregates and visible instrument rows are staged. Detail rows reconcile to NG domestic subtotals except 2014, where they sum to 220,494 versus printed 220,495 (1 million peso difference); source values preserved."
debt-o-p001-y2012-r013,O,1,https://github.com/tordecilla/unprogrammed-appropriations/releases/download/pdfs-debt-pages-v1/annex-o-p001.pdf,2012,historical debt service,Domestic Bond Exchange,detail,interestPayments,domestic,I. Interest Payments > Domestic > NG > Domestic Bond Exchange,million pesos,0,0,1000000,,,,,"All printed annual aggregates and visible instrument rows are staged. Detail rows reconcile to NG domestic subtotals except 2014, where they sum to 220,494 versus printed 220,495 (1 million peso difference); source values preserved."
debt-o-p001-y2013-r013,O,1,https://github.com/tordecilla/unprogrammed-appropriations/releases/download/pdfs-debt-pages-v1/annex-o-p001.pdf,2013,historical debt service,Domestic Bond Exchange,detail,interestPayments,domestic,I. Interest Payments > Domestic > NG > Domestic Bond Exchange,million pesos,167,167000000,1000000,,,,,"All printed annual aggregates and visible instrument rows are staged. Detail rows reconcile to NG domestic subtotals except 2014, where they sum to 220,494 versus printed 220,495 (1 million peso difference); source values preserved."
debt-o-p001-y2014-r013,O,1,https://github.com/tordecilla/unprogrammed-appropriations/releases/download/pdfs-debt-pages-v1/annex-o-p001.pdf,2014,historical debt service,Domestic Bond Exchange,detail,interestPayments,domestic,I. Interest Payments > Domestic > NG > Domestic Bond Exchange,million pesos,0,0,1000000,,,,,"All printed annual aggregates and visible instrument rows are staged. Detail rows reconcile to NG domestic subtotals except 2014, where they sum to 220,494 versus printed 220,495 (1 million peso difference); source values preserved."
debt-o-p001-y2015-r013,O,1,https://github.com/tordecilla/unprogrammed-appropriations/releases/download/pdfs-debt-pages-v1/annex-o-p001.pdf,2015,historical debt service,Domestic Bond Exchange,detail,interestPayments,domestic,I. Interest Payments > Domestic > NG > Domestic Bond Exchange,million pesos,0,0,1000000,,,,,"All printed annual aggregates and visible instrument rows are staged. Detail rows reconcile to NG domestic subtotals except 2014, where they sum to 220,494 versus printed 220,495 (1 million peso difference); source values preserved."
debt-o-p001-y2016-r013,O,1,https://github.com/tordecilla/unprogrammed-appropriations/releases/download/pdfs-debt-pages-v1/annex-o-p001.pdf,2016,historical debt service,Domestic Bond Exchange,detail,interestPayments,domestic,I. Interest Payments > Domestic > NG > Domestic Bond Exchange,million pesos,0,0,1000000,,,,,"All printed annual aggregates and visible instrument rows are staged. Detail rows reconcile to NG domestic subtotals except 2014, where they sum to 220,494 versus printed 220,495 (1 million peso difference); source values preserved."
debt-o-p001-y2017-r013,O,1,https://github.com/tordecilla/unprogrammed-appropriations/releases/download/pdfs-debt-pages-v1/annex-o-p001.pdf,2017,historical debt service,Domestic Bond Exchange,detail,interestPayments,domestic,I. Interest Payments > Domestic > NG > Domestic Bond Exchange,million pesos,0,0,1000000,,,,,"All printed annual aggregates and visible instrument rows are staged. Detail rows reconcile to NG domestic subtotals except 2014, where they sum to 220,494 versus printed 220,495 (1 million peso difference); source values preserved."
debt-o-p001-y2018-r013,O,1,https://github.com/tordecilla/unprogrammed-appropriations/releases/download/pdfs-debt-pages-v1/annex-o-p001.pdf,2018,historical debt service,Domestic Bond Exchange,detail,interestPayments,domestic,I. Interest Payments > Domestic > NG > Domestic Bond Exchange,million pesos,0,0,1000000,,,,,"All printed annual aggregates and visible instrument rows are staged. Detail rows reconcile to NG domestic subtotals except 2014, where they sum to 220,494 versus printed 220,495 (1 million peso difference); source values preserved."
debt-o-p001-y2019-r013,O,1,https://github.com/tordecilla/unprogrammed-appropriations/releases/download/pdfs-debt-pages-v1/annex-o-p001.pdf,2019,historical debt service,Domestic Bond Exchange,detail,interestPayments,domestic,I. Interest Payments > Domestic > NG > Domestic Bond Exchange,million pesos,0,0,1000000,,,,,"All printed annual aggregates and visible instrument rows are staged. Detail rows reconcile to NG domestic subtotals except 2014, where they sum to 220,494 versus printed 220,495 (1 million peso difference); source values preserved."
debt-o-p001-y2020-r013,O,1,https://github.com/tordecilla/unprogrammed-appropriations/releases/download/pdfs-debt-pages-v1/annex-o-p001.pdf,2020,historical debt service,Domestic Bond Exchange,detail,interestPayments,domestic,I. Interest Payments > Domestic > NG > Domestic Bond Exchange,million pesos,0,0,1000000,,,,,"All printed annual aggregates and visible instrument rows are staged. Detail rows reconcile to NG domestic subtotals except 2014, where they sum to 220,494 versus printed 220,495 (1 million peso difference); source values preserved."
debt-o-p001-y2021-r013,O,1,https://github.com/tordecilla/unprogrammed-appropriations/releases/download/pdfs-debt-pages-v1/annex-o-p001.pdf,2021,historical debt service,Domestic Bond Exchange,detail,interestPayments,domestic,I. Interest Payments > Domestic > NG > Domestic Bond Exchange,million pesos,0,0,1000000,,,,,"All printed annual aggregates and visible instrument rows are staged. Detail rows reconcile to NG domestic subtotals except 2014, where they sum to 220,494 versus printed 220,495 (1 million peso difference); source values preserved."
debt-o-p001-y2022-r013,O,1,https://github.com/tordecilla/unprogrammed-appropriations/releases/download/pdfs-debt-pages-v1/annex-o-p001.pdf,2022,historical debt service,Domestic Bond Exchange,detail,interestPayments,domestic,I. Interest Payments > Domestic > NG > Domestic Bond Exchange,million pesos,0,0,1000000,,,,,"All printed annual aggregates and visible instrument rows are staged. Detail rows reconcile to NG domestic subtotals except 2014, where they sum to 220,494 versus printed 220,495 (1 million peso difference); source values preserved."
debt-o-p001-y2023-r013,O,1,https://github.com/tordecilla/unprogrammed-appropriations/releases/download/pdfs-debt-pages-v1/annex-o-p001.pdf,2023,historical debt service,Domestic Bond Exchange,detail,interestPayments,domestic,I. Interest Payments > Domestic > NG > Domestic Bond Exchange,million pesos,0,0,1000000,,,,,"All printed annual aggregates and visible instrument rows are staged. Detail rows reconcile to NG domestic subtotals except 2014, where they sum to 220,494 versus printed 220,495 (1 million peso difference); source values preserved."
debt-o-p001-y2024-r013,O,1,https://github.com/tordecilla/unprogrammed-appropriations/releases/download/pdfs-debt-pages-v1/annex-o-p001.pdf,2024,historical debt service,Domestic Bond Exchange,detail,interestPayments,domestic,I. Interest Payments > Domestic > NG > Domestic Bond Exchange,million pesos,0,0,1000000,,,,,"All printed annual aggregates and visible instrument rows are staged. Detail rows reconcile to NG domestic subtotals except 2014, where they sum to 220,494 versus printed 220,495 (1 million peso difference); source values preserved."
debt-o-p001-y2025-r013,O,1,https://github.com/tordecilla/unprogrammed-appropriations/releases/download/pdfs-debt-pages-v1/annex-o-p001.pdf,2025,historical debt service,Domestic Bond Exchange,detail,interestPayments,domestic,I. Interest Payments > Domestic > NG > Domestic Bond Exchange,million pesos,0,0,1000000,,,,,"All printed annual aggregates and visible instrument rows are staged. Detail rows reconcile to NG domestic subtotals except 2014, where they sum to 220,494 versus printed 220,495 (1 million peso difference); source values preserved."
debt-o-p001-y2004-r014,O,1,https://github.com/tordecilla/unprogrammed-appropriations/releases/download/pdfs-debt-pages-v1/annex-o-p001.pdf,2004,historical debt service,Others,detail,interestPayments,domestic,I. Interest Payments > Domestic > NG > Others,million pesos,7703,7703000000,1000000,,,,,"All printed annual aggregates and visible instrument rows are staged. Detail rows reconcile to NG domestic subtotals except 2014, where they sum to 220,494 versus printed 220,495 (1 million peso difference); source values preserved."
debt-o-p001-y2005-r014,O,1,https://github.com/tordecilla/unprogrammed-appropriations/releases/download/pdfs-debt-pages-v1/annex-o-p001.pdf,2005,historical debt service,Others,detail,interestPayments,domestic,I. Interest Payments > Domestic > NG > Others,million pesos,6179,6179000000,1000000,,,,,"All printed annual aggregates and visible instrument rows are staged. Detail rows reconcile to NG domestic subtotals except 2014, where they sum to 220,494 versus printed 220,495 (1 million peso difference); source values preserved."
debt-o-p001-y2006-r014,O,1,https://github.com/tordecilla/unprogrammed-appropriations/releases/download/pdfs-debt-pages-v1/annex-o-p001.pdf,2006,historical debt service,Others,detail,interestPayments,domestic,I. Interest Payments > Domestic > NG > Others,million pesos,2421,2421000000,1000000,,,,,"All printed annual aggregates and visible instrument rows are staged. Detail rows reconcile to NG domestic subtotals except 2014, where they sum to 220,494 versus printed 220,495 (1 million peso difference); source values preserved."
debt-o-p001-y2007-r014,O,1,https://github.com/tordecilla/unprogrammed-appropriations/releases/download/pdfs-debt-pages-v1/annex-o-p001.pdf,2007,historical debt service,Others,detail,interestPayments,domestic,I. Interest Payments > Domestic > NG > Others,million pesos,2207,2207000000,1000000,,,,,"All printed annual aggregates and visible instrument rows are staged. Detail rows reconcile to NG domestic subtotals except 2014, where they sum to 220,494 versus printed 220,495 (1 million peso difference); source values preserved."
debt-o-p001-y2008-r014,O,1,https://github.com/tordecilla/unprogrammed-appropriations/releases/download/pdfs-debt-pages-v1/annex-o-p001.pdf,2008,historical debt service,Others,detail,interestPayments,domestic,I. Interest Payments > Domestic > NG > Others,million pesos,734,734000000,1000000,,,,,"All printed annual aggregates and visible instrument rows are staged. Detail rows reconcile to NG domestic subtotals except 2014, where they sum to 220,494 versus printed 220,495 (1 million peso difference); source values preserved."
debt-o-p001-y2009-r014,O,1,https://github.com/tordecilla/unprogrammed-appropriations/releases/download/pdfs-debt-pages-v1/annex-o-p001.pdf,2009,historical debt service,Others,detail,interestPayments,domestic,I. Interest Payments > Domestic > NG > Others,million pesos,1105,1105000000,1000000,,,,,"All printed annual aggregates and visible instrument rows are staged. Detail rows reconcile to NG domestic subtotals except 2014, where they sum to 220,494 versus printed 220,495 (1 million peso difference); source values preserved."
debt-o-p001-y2010-r014,O,1,https://github.com/tordecilla/unprogrammed-appropriations/releases/download/pdfs-debt-pages-v1/annex-o-p001.pdf,2010,historical debt service,Others,detail,interestPayments,domestic,I. Interest Payments > Domestic > NG > Others,million pesos,567,567000000,1000000,,,,,"All printed annual aggregates and visible instrument rows are staged. Detail rows reconcile to NG domestic subtotals except 2014, where they sum to 220,494 versus printed 220,495 (1 million peso difference); source values preserved."
debt-o-p001-y2011-r014,O,1,https://github.com/tordecilla/unprogrammed-appropriations/releases/download/pdfs-debt-pages-v1/annex-o-p001.pdf,2011,historical debt service,Others,detail,interestPayments,domestic,I. Interest Payments > Domestic > NG > Others,million pesos,353,353000000,1000000,,,,,"All printed annual aggregates and visible instrument rows are staged. Detail rows reconcile to NG domestic subtotals except 2014, where they sum to 220,494 versus printed 220,495 (1 million peso difference); source values preserved."
debt-o-p001-y2012-r014,O,1,https://github.com/tordecilla/unprogrammed-appropriations/releases/download/pdfs-debt-pages-v1/annex-o-p001.pdf,2012,historical debt service,Others,detail,interestPayments,domestic,I. Interest Payments > Domestic > NG > Others,million pesos,5095,5095000000,1000000,,,,,"All printed annual aggregates and visible instrument rows are staged. Detail rows reconcile to NG domestic subtotals except 2014, where they sum to 220,494 versus printed 220,495 (1 million peso difference); source values preserved."
debt-o-p001-y2013-r014,O,1,https://github.com/tordecilla/unprogrammed-appropriations/releases/download/pdfs-debt-pages-v1/annex-o-p001.pdf,2013,historical debt service,Others,detail,interestPayments,domestic,I. Interest Payments > Domestic > NG > Others,million pesos,4816,4816000000,1000000,,,,,"All printed annual aggregates and visible instrument rows are staged. Detail rows reconcile to NG domestic subtotals except 2014, where they sum to 220,494 versus printed 220,495 (1 million peso difference); source values preserved."
debt-o-p001-y2014-r014,O,1,https://github.com/tordecilla/unprogrammed-appropriations/releases/download/pdfs-debt-pages-v1/annex-o-p001.pdf,2014,historical debt service,Others,detail,interestPayments,domestic,I. Interest Payments > Domestic > NG > Others,million pesos,4376,4376000000,1000000,,,,,"All printed annual aggregates and visible instrument rows are staged. Detail rows reconcile to NG domestic subtotals except 2014, where they sum to 220,494 versus printed 220,495 (1 million peso difference); source values preserved."
debt-o-p001-y2015-r014,O,1,https://github.com/tordecilla/unprogrammed-appropriations/releases/download/pdfs-debt-pages-v1/annex-o-p001.pdf,2015,historical debt service,Others,detail,interestPayments,domestic,I. Interest Payments > Domestic > NG > Others,million pesos,1501,1501000000,1000000,,,,,"All printed annual aggregates and visible instrument rows are staged. Detail rows reconcile to NG domestic subtotals except 2014, where they sum to 220,494 versus printed 220,495 (1 million peso difference); source values preserved."
debt-o-p001-y2016-r014,O,1,https://github.com/tordecilla/unprogrammed-appropriations/releases/download/pdfs-debt-pages-v1/annex-o-p001.pdf,2016,historical debt service,Others,detail,interestPayments,domestic,I. Interest Payments > Domestic > NG > Others,million pesos,796,796000000,1000000,,,,,"All printed annual aggregates and visible instrument rows are staged. Detail rows reconcile to NG domestic subtotals except 2014, where they sum to 220,494 versus printed 220,495 (1 million peso difference); source values preserved."
debt-o-p001-y2017-r014,O,1,https://github.com/tordecilla/unprogrammed-appropriations/releases/download/pdfs-debt-pages-v1/annex-o-p001.pdf,2017,historical debt service,Others,detail,interestPayments,domestic,I. Interest Payments > Domestic > NG > Others,million pesos,1831,1831000000,1000000,,,,,"All printed annual aggregates and visible instrument rows are staged. Detail rows reconcile to NG domestic subtotals except 2014, where they sum to 220,494 versus printed 220,495 (1 million peso difference); source values preserved."
debt-o-p001-y2018-r014,O,1,https://github.com/tordecilla/unprogrammed-appropriations/releases/download/pdfs-debt-pages-v1/annex-o-p001.pdf,2018,historical debt service,Others,detail,interestPayments,domestic,I. Interest Payments > Domestic > NG > Others,million pesos,2659,2659000000,1000000,,,,,"All printed annual aggregates and visible instrument rows are staged. Detail rows reconcile to NG domestic subtotals except 2014, where they sum to 220,494 versus printed 220,495 (1 million peso difference); source values preserved."
debt-o-p001-y2019-r014,O,1,https://github.com/tordecilla/unprogrammed-appropriations/releases/download/pdfs-debt-pages-v1/annex-o-p001.pdf,2019,historical debt service,Others,detail,interestPayments,domestic,I. Interest Payments > Domestic > NG > Others,million pesos,3901,3901000000,1000000,,,,,"All printed annual aggregates and visible instrument rows are staged. Detail rows reconcile to NG domestic subtotals except 2014, where they sum to 220,494 versus printed 220,495 (1 million peso difference); source values preserved."
debt-o-p001-y2020-r014,O,1,https://github.com/tordecilla/unprogrammed-appropriations/releases/download/pdfs-debt-pages-v1/annex-o-p001.pdf,2020,historical debt service,Others,detail,interestPayments,domestic,I. Interest Payments > Domestic > NG > Others,million pesos,3490,3490000000,1000000,,,,,"All printed annual aggregates and visible instrument rows are staged. Detail rows reconcile to NG domestic subtotals except 2014, where they sum to 220,494 versus printed 220,495 (1 million peso difference); source values preserved."
debt-o-p001-y2021-r014,O,1,https://github.com/tordecilla/unprogrammed-appropriations/releases/download/pdfs-debt-pages-v1/annex-o-p001.pdf,2021,historical debt service,Others,detail,interestPayments,domestic,I. Interest Payments > Domestic > NG > Others,million pesos,2606,2606000000,1000000,,,,,"All printed annual aggregates and visible instrument rows are staged. Detail rows reconcile to NG domestic subtotals except 2014, where they sum to 220,494 versus printed 220,495 (1 million peso difference); source values preserved."
debt-o-p001-y2022-r014,O,1,https://github.com/tordecilla/unprogrammed-appropriations/releases/download/pdfs-debt-pages-v1/annex-o-p001.pdf,2022,historical debt service,Others,detail,interestPayments,domestic,I. Interest Payments > Domestic > NG > Others,million pesos,4169,4169000000,1000000,,,,,"All printed annual aggregates and visible instrument rows are staged. Detail rows reconcile to NG domestic subtotals except 2014, where they sum to 220,494 versus printed 220,495 (1 million peso difference); source values preserved."
debt-o-p001-y2023-r014,O,1,https://github.com/tordecilla/unprogrammed-appropriations/releases/download/pdfs-debt-pages-v1/annex-o-p001.pdf,2023,historical debt service,Others,detail,interestPayments,domestic,I. Interest Payments > Domestic > NG > Others,million pesos,5661,5661000000,1000000,,,,,"All printed annual aggregates and visible instrument rows are staged. Detail rows reconcile to NG domestic subtotals except 2014, where they sum to 220,494 versus printed 220,495 (1 million peso difference); source values preserved."
debt-o-p001-y2024-r014,O,1,https://github.com/tordecilla/unprogrammed-appropriations/releases/download/pdfs-debt-pages-v1/annex-o-p001.pdf,2024,historical debt service,Others,detail,interestPayments,domestic,I. Interest Payments > Domestic > NG > Others,million pesos,12719,12719000000,1000000,,,,,"All printed annual aggregates and visible instrument rows are staged. Detail rows reconcile to NG domestic subtotals except 2014, where they sum to 220,494 versus printed 220,495 (1 million peso difference); source values preserved."
debt-o-p001-y2025-r014,O,1,https://github.com/tordecilla/unprogrammed-appropriations/releases/download/pdfs-debt-pages-v1/annex-o-p001.pdf,2025,historical debt service,Others,detail,interestPayments,domestic,I. Interest Payments > Domestic > NG > Others,million pesos,10371,10371000000,1000000,,,,,"All printed annual aggregates and visible instrument rows are staged. Detail rows reconcile to NG domestic subtotals except 2014, where they sum to 220,494 versus printed 220,495 (1 million peso difference); source values preserved."
debt-o-p001-y2004-r015,O,1,https://github.com/tordecilla/unprogrammed-appropriations/releases/download/pdfs-debt-pages-v1/annex-o-p001.pdf,2004,historical debt service,Assumed Liabilities,subtotal,interestPayments,domestic,I. Interest Payments > Domestic > Assumed Liabilities,million pesos,0,0,1000000,,,,,"All printed annual aggregates and visible instrument rows are staged. Detail rows reconcile to NG domestic subtotals except 2014, where they sum to 220,494 versus printed 220,495 (1 million peso difference); source values preserved."
debt-o-p001-y2005-r015,O,1,https://github.com/tordecilla/unprogrammed-appropriations/releases/download/pdfs-debt-pages-v1/annex-o-p001.pdf,2005,historical debt service,Assumed Liabilities,subtotal,interestPayments,domestic,I. Interest Payments > Domestic > Assumed Liabilities,million pesos,0,0,1000000,,,,,"All printed annual aggregates and visible instrument rows are staged. Detail rows reconcile to NG domestic subtotals except 2014, where they sum to 220,494 versus printed 220,495 (1 million peso difference); source values preserved."
debt-o-p001-y2006-r015,O,1,https://github.com/tordecilla/unprogrammed-appropriations/releases/download/pdfs-debt-pages-v1/annex-o-p001.pdf,2006,historical debt service,Assumed Liabilities,subtotal,interestPayments,domestic,I. Interest Payments > Domestic > Assumed Liabilities,million pesos,0,0,1000000,,,,,"All printed annual aggregates and visible instrument rows are staged. Detail rows reconcile to NG domestic subtotals except 2014, where they sum to 220,494 versus printed 220,495 (1 million peso difference); source values preserved."
debt-o-p001-y2007-r015,O,1,https://github.com/tordecilla/unprogrammed-appropriations/releases/download/pdfs-debt-pages-v1/annex-o-p001.pdf,2007,historical debt service,Assumed Liabilities,subtotal,interestPayments,domestic,I. Interest Payments > Domestic > Assumed Liabilities,million pesos,0,0,1000000,,,,,"All printed annual aggregates and visible instrument rows are staged. Detail rows reconcile to NG domestic subtotals except 2014, where they sum to 220,494 versus printed 220,495 (1 million peso difference); source values preserved."
debt-o-p001-y2008-r015,O,1,https://github.com/tordecilla/unprogrammed-appropriations/releases/download/pdfs-debt-pages-v1/annex-o-p001.pdf,2008,historical debt service,Assumed Liabilities,subtotal,interestPayments,domestic,I. Interest Payments > Domestic > Assumed Liabilities,million pesos,0,0,1000000,,,,,"All printed annual aggregates and visible instrument rows are staged. Detail rows reconcile to NG domestic subtotals except 2014, where they sum to 220,494 versus printed 220,495 (1 million peso difference); source values preserved."
debt-o-p001-y2009-r015,O,1,https://github.com/tordecilla/unprogrammed-appropriations/releases/download/pdfs-debt-pages-v1/annex-o-p001.pdf,2009,historical debt service,Assumed Liabilities,subtotal,interestPayments,domestic,I. Interest Payments > Domestic > Assumed Liabilities,million pesos,0,0,1000000,,,,,"All printed annual aggregates and visible instrument rows are staged. Detail rows reconcile to NG domestic subtotals except 2014, where they sum to 220,494 versus printed 220,495 (1 million peso difference); source values preserved."
debt-o-p001-y2010-r015,O,1,https://github.com/tordecilla/unprogrammed-appropriations/releases/download/pdfs-debt-pages-v1/annex-o-p001.pdf,2010,historical debt service,Assumed Liabilities,subtotal,interestPayments,domestic,I. Interest Payments > Domestic > Assumed Liabilities,million pesos,0,0,1000000,,,,,"All printed annual aggregates and visible instrument rows are staged. Detail rows reconcile to NG domestic subtotals except 2014, where they sum to 220,494 versus printed 220,495 (1 million peso difference); source values preserved."
debt-o-p001-y2011-r015,O,1,https://github.com/tordecilla/unprogrammed-appropriations/releases/download/pdfs-debt-pages-v1/annex-o-p001.pdf,2011,historical debt service,Assumed Liabilities,subtotal,interestPayments,domestic,I. Interest Payments > Domestic > Assumed Liabilities,million pesos,0,0,1000000,,,,,"All printed annual aggregates and visible instrument rows are staged. Detail rows reconcile to NG domestic subtotals except 2014, where they sum to 220,494 versus printed 220,495 (1 million peso difference); source values preserved."
debt-o-p001-y2012-r015,O,1,https://github.com/tordecilla/unprogrammed-appropriations/releases/download/pdfs-debt-pages-v1/annex-o-p001.pdf,2012,historical debt service,Assumed Liabilities,subtotal,interestPayments,domestic,I. Interest Payments > Domestic > Assumed Liabilities,million pesos,0,0,1000000,,,,,"All printed annual aggregates and visible instrument rows are staged. Detail rows reconcile to NG domestic subtotals except 2014, where they sum to 220,494 versus printed 220,495 (1 million peso difference); source values preserved."
debt-o-p001-y2013-r015,O,1,https://github.com/tordecilla/unprogrammed-appropriations/releases/download/pdfs-debt-pages-v1/annex-o-p001.pdf,2013,historical debt service,Assumed Liabilities,subtotal,interestPayments,domestic,I. Interest Payments > Domestic > Assumed Liabilities,million pesos,0,0,1000000,,,,,"All printed annual aggregates and visible instrument rows are staged. Detail rows reconcile to NG domestic subtotals except 2014, where they sum to 220,494 versus printed 220,495 (1 million peso difference); source values preserved."
debt-o-p001-y2014-r015,O,1,https://github.com/tordecilla/unprogrammed-appropriations/releases/download/pdfs-debt-pages-v1/annex-o-p001.pdf,2014,historical debt service,Assumed Liabilities,subtotal,interestPayments,domestic,I. Interest Payments > Domestic > Assumed Liabilities,million pesos,0,0,1000000,,,,,"All printed annual aggregates and visible instrument rows are staged. Detail rows reconcile to NG domestic subtotals except 2014, where they sum to 220,494 versus printed 220,495 (1 million peso difference); source values preserved."
debt-o-p001-y2015-r015,O,1,https://github.com/tordecilla/unprogrammed-appropriations/releases/download/pdfs-debt-pages-v1/annex-o-p001.pdf,2015,historical debt service,Assumed Liabilities,subtotal,interestPayments,domestic,I. Interest Payments > Domestic > Assumed Liabilities,million pesos,0,0,1000000,,,,,"All printed annual aggregates and visible instrument rows are staged. Detail rows reconcile to NG domestic subtotals except 2014, where they sum to 220,494 versus printed 220,495 (1 million peso difference); source values preserved."
debt-o-p001-y2016-r015,O,1,https://github.com/tordecilla/unprogrammed-appropriations/releases/download/pdfs-debt-pages-v1/annex-o-p001.pdf,2016,historical debt service,Assumed Liabilities,subtotal,interestPayments,domestic,I. Interest Payments > Domestic > Assumed Liabilities,million pesos,0,0,1000000,,,,,"All printed annual aggregates and visible instrument rows are staged. Detail rows reconcile to NG domestic subtotals except 2014, where they sum to 220,494 versus printed 220,495 (1 million peso difference); source values preserved."
debt-o-p001-y2017-r015,O,1,https://github.com/tordecilla/unprogrammed-appropriations/releases/download/pdfs-debt-pages-v1/annex-o-p001.pdf,2017,historical debt service,Assumed Liabilities,subtotal,interestPayments,domestic,I. Interest Payments > Domestic > Assumed Liabilities,million pesos,0,0,1000000,,,,,"All printed annual aggregates and visible instrument rows are staged. Detail rows reconcile to NG domestic subtotals except 2014, where they sum to 220,494 versus printed 220,495 (1 million peso difference); source values preserved."
debt-o-p001-y2018-r015,O,1,https://github.com/tordecilla/unprogrammed-appropriations/releases/download/pdfs-debt-pages-v1/annex-o-p001.pdf,2018,historical debt service,Assumed Liabilities,subtotal,interestPayments,domestic,I. Interest Payments > Domestic > Assumed Liabilities,million pesos,0,0,1000000,,,,,"All printed annual aggregates and visible instrument rows are staged. Detail rows reconcile to NG domestic subtotals except 2014, where they sum to 220,494 versus printed 220,495 (1 million peso difference); source values preserved."
debt-o-p001-y2019-r015,O,1,https://github.com/tordecilla/unprogrammed-appropriations/releases/download/pdfs-debt-pages-v1/annex-o-p001.pdf,2019,historical debt service,Assumed Liabilities,subtotal,interestPayments,domestic,I. Interest Payments > Domestic > Assumed Liabilities,million pesos,0,0,1000000,,,,,"All printed annual aggregates and visible instrument rows are staged. Detail rows reconcile to NG domestic subtotals except 2014, where they sum to 220,494 versus printed 220,495 (1 million peso difference); source values preserved."
debt-o-p001-y2020-r015,O,1,https://github.com/tordecilla/unprogrammed-appropriations/releases/download/pdfs-debt-pages-v1/annex-o-p001.pdf,2020,historical debt service,Assumed Liabilities,subtotal,interestPayments,domestic,I. Interest Payments > Domestic > Assumed Liabilities,million pesos,0,0,1000000,,,,,"All printed annual aggregates and visible instrument rows are staged. Detail rows reconcile to NG domestic subtotals except 2014, where they sum to 220,494 versus printed 220,495 (1 million peso difference); source values preserved."
debt-o-p001-y2021-r015,O,1,https://github.com/tordecilla/unprogrammed-appropriations/releases/download/pdfs-debt-pages-v1/annex-o-p001.pdf,2021,historical debt service,Assumed Liabilities,subtotal,interestPayments,domestic,I. Interest Payments > Domestic > Assumed Liabilities,million pesos,0,0,1000000,,,,,"All printed annual aggregates and visible instrument rows are staged. Detail rows reconcile to NG domestic subtotals except 2014, where they sum to 220,494 versus printed 220,495 (1 million peso difference); source values preserved."
debt-o-p001-y2022-r015,O,1,https://github.com/tordecilla/unprogrammed-appropriations/releases/download/pdfs-debt-pages-v1/annex-o-p001.pdf,2022,historical debt service,Assumed Liabilities,subtotal,interestPayments,domestic,I. Interest Payments > Domestic > Assumed Liabilities,million pesos,0,0,1000000,,,,,"All printed annual aggregates and visible instrument rows are staged. Detail rows reconcile to NG domestic subtotals except 2014, where they sum to 220,494 versus printed 220,495 (1 million peso difference); source values preserved."
debt-o-p001-y2023-r015,O,1,https://github.com/tordecilla/unprogrammed-appropriations/releases/download/pdfs-debt-pages-v1/annex-o-p001.pdf,2023,historical debt service,Assumed Liabilities,subtotal,interestPayments,domestic,I. Interest Payments > Domestic > Assumed Liabilities,million pesos,0,0,1000000,,,,,"All printed annual aggregates and visible instrument rows are staged. Detail rows reconcile to NG domestic subtotals except 2014, where they sum to 220,494 versus printed 220,495 (1 million peso difference); source values preserved."
debt-o-p001-y2024-r015,O,1,https://github.com/tordecilla/unprogrammed-appropriations/releases/download/pdfs-debt-pages-v1/annex-o-p001.pdf,2024,historical debt service,Assumed Liabilities,subtotal,interestPayments,domestic,I. Interest Payments > Domestic > Assumed Liabilities,million pesos,0,0,1000000,,,,,"All printed annual aggregates and visible instrument rows are staged. Detail rows reconcile to NG domestic subtotals except 2014, where they sum to 220,494 versus printed 220,495 (1 million peso difference); source values preserved."
debt-o-p001-y2025-r015,O,1,https://github.com/tordecilla/unprogrammed-appropriations/releases/download/pdfs-debt-pages-v1/annex-o-p001.pdf,2025,historical debt service,Assumed Liabilities,subtotal,interestPayments,domestic,I. Interest Payments > Domestic > Assumed Liabilities,million pesos,0,0,1000000,,,,,"All printed annual aggregates and visible instrument rows are staged. Detail rows reconcile to NG domestic subtotals except 2014, where they sum to 220,494 versus printed 220,495 (1 million peso difference); source values preserved."
debt-o-p001-y2004-r016,O,1,https://github.com/tordecilla/unprogrammed-appropriations/releases/download/pdfs-debt-pages-v1/annex-o-p001.pdf,2004,historical debt service,External,subtotal,interestPayments,foreign,I. Interest Payments > External,million pesos,90904,90904000000,1000000,,,,,"All printed annual aggregates and visible instrument rows are staged. Detail rows reconcile to NG domestic subtotals except 2014, where they sum to 220,494 versus printed 220,495 (1 million peso difference); source values preserved."
debt-o-p001-y2005-r016,O,1,https://github.com/tordecilla/unprogrammed-appropriations/releases/download/pdfs-debt-pages-v1/annex-o-p001.pdf,2005,historical debt service,External,subtotal,interestPayments,foreign,I. Interest Payments > External,million pesos,109455,109455000000,1000000,,,,,"All printed annual aggregates and visible instrument rows are staged. Detail rows reconcile to NG domestic subtotals except 2014, where they sum to 220,494 versus printed 220,495 (1 million peso difference); source values preserved."
debt-o-p001-y2006-r016,O,1,https://github.com/tordecilla/unprogrammed-appropriations/releases/download/pdfs-debt-pages-v1/annex-o-p001.pdf,2006,historical debt service,External,subtotal,interestPayments,foreign,I. Interest Payments > External,million pesos,112845,112845000000,1000000,,,,,"All printed annual aggregates and visible instrument rows are staged. Detail rows reconcile to NG domestic subtotals except 2014, where they sum to 220,494 versus printed 220,495 (1 million peso difference); source values preserved."
debt-o-p001-y2007-r016,O,1,https://github.com/tordecilla/unprogrammed-appropriations/releases/download/pdfs-debt-pages-v1/annex-o-p001.pdf,2007,historical debt service,External,subtotal,interestPayments,foreign,I. Interest Payments > External,million pesos,110580,110580000000,1000000,,,,,"All printed annual aggregates and visible instrument rows are staged. Detail rows reconcile to NG domestic subtotals except 2014, where they sum to 220,494 versus printed 220,495 (1 million peso difference); source values preserved."
debt-o-p001-y2008-r016,O,1,https://github.com/tordecilla/unprogrammed-appropriations/releases/download/pdfs-debt-pages-v1/annex-o-p001.pdf,2008,historical debt service,External,subtotal,interestPayments,foreign,I. Interest Payments > External,million pesos,101744,101744000000,1000000,,,,,"All printed annual aggregates and visible instrument rows are staged. Detail rows reconcile to NG domestic subtotals except 2014, where they sum to 220,494 versus printed 220,495 (1 million peso difference); source values preserved."
debt-o-p001-y2009-r016,O,1,https://github.com/tordecilla/unprogrammed-appropriations/releases/download/pdfs-debt-pages-v1/annex-o-p001.pdf,2009,historical debt service,External,subtotal,interestPayments,foreign,I. Interest Payments > External,million pesos,114163,114163000000,1000000,,,,,"All printed annual aggregates and visible instrument rows are staged. Detail rows reconcile to NG domestic subtotals except 2014, where they sum to 220,494 versus printed 220,495 (1 million peso difference); source values preserved."
debt-o-p001-y2010-r016,O,1,https://github.com/tordecilla/unprogrammed-appropriations/releases/download/pdfs-debt-pages-v1/annex-o-p001.pdf,2010,historical debt service,External,subtotal,interestPayments,foreign,I. Interest Payments > External,million pesos,118571,118571000000,1000000,,,,,"All printed annual aggregates and visible instrument rows are staged. Detail rows reconcile to NG domestic subtotals except 2014, where they sum to 220,494 versus printed 220,495 (1 million peso difference); source values preserved."
debt-o-p001-y2011-r016,O,1,https://github.com/tordecilla/unprogrammed-appropriations/releases/download/pdfs-debt-pages-v1/annex-o-p001.pdf,2011,historical debt service,External,subtotal,interestPayments,foreign,I. Interest Payments > External,million pesos,108520,108520000000,1000000,,,,,"All printed annual aggregates and visible instrument rows are staged. Detail rows reconcile to NG domestic subtotals except 2014, where they sum to 220,494 versus printed 220,495 (1 million peso difference); source values preserved."
debt-o-p001-y2012-r016,O,1,https://github.com/tordecilla/unprogrammed-appropriations/releases/download/pdfs-debt-pages-v1/annex-o-p001.pdf,2012,historical debt service,External,subtotal,interestPayments,foreign,I. Interest Payments > External,million pesos,111584,111584000000,1000000,,,,,"All printed annual aggregates and visible instrument rows are staged. Detail rows reconcile to NG domestic subtotals except 2014, where they sum to 220,494 versus printed 220,495 (1 million peso difference); source values preserved."
debt-o-p001-y2013-r016,O,1,https://github.com/tordecilla/unprogrammed-appropriations/releases/download/pdfs-debt-pages-v1/annex-o-p001.pdf,2013,historical debt service,External,subtotal,interestPayments,foreign,I. Interest Payments > External,million pesos,101117,101117000000,1000000,,,,,"All printed annual aggregates and visible instrument rows are staged. Detail rows reconcile to NG domestic subtotals except 2014, where they sum to 220,494 versus printed 220,495 (1 million peso difference); source values preserved."
debt-o-p001-y2014-r016,O,1,https://github.com/tordecilla/unprogrammed-appropriations/releases/download/pdfs-debt-pages-v1/annex-o-p001.pdf,2014,historical debt service,External,subtotal,interestPayments,foreign,I. Interest Payments > External,million pesos,100690,100690000000,1000000,,,,,"All printed annual aggregates and visible instrument rows are staged. Detail rows reconcile to NG domestic subtotals except 2014, where they sum to 220,494 versus printed 220,495 (1 million peso difference); source values preserved."
debt-o-p001-y2015-r016,O,1,https://github.com/tordecilla/unprogrammed-appropriations/releases/download/pdfs-debt-pages-v1/annex-o-p001.pdf,2015,historical debt service,External,subtotal,interestPayments,foreign,I. Interest Payments > External,million pesos,93775,93775000000,1000000,,,,,"All printed annual aggregates and visible instrument rows are staged. Detail rows reconcile to NG domestic subtotals except 2014, where they sum to 220,494 versus printed 220,495 (1 million peso difference); source values preserved."
debt-o-p001-y2016-r016,O,1,https://github.com/tordecilla/unprogrammed-appropriations/releases/download/pdfs-debt-pages-v1/annex-o-p001.pdf,2016,historical debt service,External,subtotal,interestPayments,foreign,I. Interest Payments > External,million pesos,99028,99028000000,1000000,,,,,"All printed annual aggregates and visible instrument rows are staged. Detail rows reconcile to NG domestic subtotals except 2014, where they sum to 220,494 versus printed 220,495 (1 million peso difference); source values preserved."
debt-o-p001-y2017-r016,O,1,https://github.com/tordecilla/unprogrammed-appropriations/releases/download/pdfs-debt-pages-v1/annex-o-p001.pdf,2017,historical debt service,External,subtotal,interestPayments,foreign,I. Interest Payments > External,million pesos,100065,100065000000,1000000,,,,,"All printed annual aggregates and visible instrument rows are staged. Detail rows reconcile to NG domestic subtotals except 2014, where they sum to 220,494 versus printed 220,495 (1 million peso difference); source values preserved."
debt-o-p001-y2018-r016,O,1,https://github.com/tordecilla/unprogrammed-appropriations/releases/download/pdfs-debt-pages-v1/annex-o-p001.pdf,2018,historical debt service,External,subtotal,interestPayments,foreign,I. Interest Payments > External,million pesos,105983,105983000000,1000000,,,,,"All printed annual aggregates and visible instrument rows are staged. Detail rows reconcile to NG domestic subtotals except 2014, where they sum to 220,494 versus printed 220,495 (1 million peso difference); source values preserved."
debt-o-p001-y2019-r016,O,1,https://github.com/tordecilla/unprogrammed-appropriations/releases/download/pdfs-debt-pages-v1/annex-o-p001.pdf,2019,historical debt service,External,subtotal,interestPayments,foreign,I. Interest Payments > External,million pesos,110576,110576000000,1000000,,,,,"All printed annual aggregates and visible instrument rows are staged. Detail rows reconcile to NG domestic subtotals except 2014, where they sum to 220,494 versus printed 220,495 (1 million peso difference); source values preserved."
debt-o-p001-y2020-r016,O,1,https://github.com/tordecilla/unprogrammed-appropriations/releases/download/pdfs-debt-pages-v1/annex-o-p001.pdf,2020,historical debt service,External,subtotal,interestPayments,foreign,I. Interest Payments > External,million pesos,101356,101356000000,1000000,,,,,"All printed annual aggregates and visible instrument rows are staged. Detail rows reconcile to NG domestic subtotals except 2014, where they sum to 220,494 versus printed 220,495 (1 million peso difference); source values preserved."
debt-o-p001-y2021-r016,O,1,https://github.com/tordecilla/unprogrammed-appropriations/releases/download/pdfs-debt-pages-v1/annex-o-p001.pdf,2021,historical debt service,External,subtotal,interestPayments,foreign,I. Interest Payments > External,million pesos,96097,96097000000,1000000,,,,,"All printed annual aggregates and visible instrument rows are staged. Detail rows reconcile to NG domestic subtotals except 2014, where they sum to 220,494 versus printed 220,495 (1 million peso difference); source values preserved."
debt-o-p001-y2022-r016,O,1,https://github.com/tordecilla/unprogrammed-appropriations/releases/download/pdfs-debt-pages-v1/annex-o-p001.pdf,2022,historical debt service,External,subtotal,interestPayments,foreign,I. Interest Payments > External,million pesos,119406,119406000000,1000000,,,,,"All printed annual aggregates and visible instrument rows are staged. Detail rows reconcile to NG domestic subtotals except 2014, where they sum to 220,494 versus printed 220,495 (1 million peso difference); source values preserved."
debt-o-p001-y2023-r016,O,1,https://github.com/tordecilla/unprogrammed-appropriations/releases/download/pdfs-debt-pages-v1/annex-o-p001.pdf,2023,historical debt service,External,subtotal,interestPayments,foreign,I. Interest Payments > External,million pesos,192591,192591000000,1000000,,,,,"All printed annual aggregates and visible instrument rows are staged. Detail rows reconcile to NG domestic subtotals except 2014, where they sum to 220,494 versus printed 220,495 (1 million peso difference); source values preserved."
debt-o-p001-y2024-r016,O,1,https://github.com/tordecilla/unprogrammed-appropriations/releases/download/pdfs-debt-pages-v1/annex-o-p001.pdf,2024,historical debt service,External,subtotal,interestPayments,foreign,I. Interest Payments > External,million pesos,223484,223484000000,1000000,,,,,"All printed annual aggregates and visible instrument rows are staged. Detail rows reconcile to NG domestic subtotals except 2014, where they sum to 220,494 versus printed 220,495 (1 million peso difference); source values preserved."
debt-o-p001-y2025-r016,O,1,https://github.com/tordecilla/unprogrammed-appropriations/releases/download/pdfs-debt-pages-v1/annex-o-p001.pdf,2025,historical debt service,External,subtotal,interestPayments,foreign,I. Interest Payments > External,million pesos,229293,229293000000,1000000,,,,,"All printed annual aggregates and visible instrument rows are staged. Detail rows reconcile to NG domestic subtotals except 2014, where they sum to 220,494 versus printed 220,495 (1 million peso difference); source values preserved."
debt-o-p001-y2004-r017,O,1,https://github.com/tordecilla/unprogrammed-appropriations/releases/download/pdfs-debt-pages-v1/annex-o-p001.pdf,2004,historical debt service,NG,subtotal,interestPayments,foreign,I. Interest Payments > External > NG,million pesos,90252,90252000000,1000000,,,,,"All printed annual aggregates and visible instrument rows are staged. Detail rows reconcile to NG domestic subtotals except 2014, where they sum to 220,494 versus printed 220,495 (1 million peso difference); source values preserved."
debt-o-p001-y2005-r017,O,1,https://github.com/tordecilla/unprogrammed-appropriations/releases/download/pdfs-debt-pages-v1/annex-o-p001.pdf,2005,historical debt service,NG,subtotal,interestPayments,foreign,I. Interest Payments > External > NG,million pesos,108982,108982000000,1000000,,,,,"All printed annual aggregates and visible instrument rows are staged. Detail rows reconcile to NG domestic subtotals except 2014, where they sum to 220,494 versus printed 220,495 (1 million peso difference); source values preserved."
debt-o-p001-y2006-r017,O,1,https://github.com/tordecilla/unprogrammed-appropriations/releases/download/pdfs-debt-pages-v1/annex-o-p001.pdf,2006,historical debt service,NG,subtotal,interestPayments,foreign,I. Interest Payments > External > NG,million pesos,112409,112409000000,1000000,,,,,"All printed annual aggregates and visible instrument rows are staged. Detail rows reconcile to NG domestic subtotals except 2014, where they sum to 220,494 versus printed 220,495 (1 million peso difference); source values preserved."
debt-o-p001-y2007-r017,O,1,https://github.com/tordecilla/unprogrammed-appropriations/releases/download/pdfs-debt-pages-v1/annex-o-p001.pdf,2007,historical debt service,NG,subtotal,interestPayments,foreign,I. Interest Payments > External > NG,million pesos,110511,110511000000,1000000,,,,,"All printed annual aggregates and visible instrument rows are staged. Detail rows reconcile to NG domestic subtotals except 2014, where they sum to 220,494 versus printed 220,495 (1 million peso difference); source values preserved."
debt-o-p001-y2008-r017,O,1,https://github.com/tordecilla/unprogrammed-appropriations/releases/download/pdfs-debt-pages-v1/annex-o-p001.pdf,2008,historical debt service,NG,subtotal,interestPayments,foreign,I. Interest Payments > External > NG,million pesos,101742,101742000000,1000000,,,,,"All printed annual aggregates and visible instrument rows are staged. Detail rows reconcile to NG domestic subtotals except 2014, where they sum to 220,494 versus printed 220,495 (1 million peso difference); source values preserved."
debt-o-p001-y2009-r017,O,1,https://github.com/tordecilla/unprogrammed-appropriations/releases/download/pdfs-debt-pages-v1/annex-o-p001.pdf,2009,historical debt service,NG,subtotal,interestPayments,foreign,I. Interest Payments > External > NG,million pesos,114161,114161000000,1000000,,,,,"All printed annual aggregates and visible instrument rows are staged. Detail rows reconcile to NG domestic subtotals except 2014, where they sum to 220,494 versus printed 220,495 (1 million peso difference); source values preserved."
debt-o-p001-y2010-r017,O,1,https://github.com/tordecilla/unprogrammed-appropriations/releases/download/pdfs-debt-pages-v1/annex-o-p001.pdf,2010,historical debt service,NG,subtotal,interestPayments,foreign,I. Interest Payments > External > NG,million pesos,118571,118571000000,1000000,,,,,"All printed annual aggregates and visible instrument rows are staged. Detail rows reconcile to NG domestic subtotals except 2014, where they sum to 220,494 versus printed 220,495 (1 million peso difference); source values preserved."
debt-o-p001-y2011-r017,O,1,https://github.com/tordecilla/unprogrammed-appropriations/releases/download/pdfs-debt-pages-v1/annex-o-p001.pdf,2011,historical debt service,NG,subtotal,interestPayments,foreign,I. Interest Payments > External > NG,million pesos,108520,108520000000,1000000,,,,,"All printed annual aggregates and visible instrument rows are staged. Detail rows reconcile to NG domestic subtotals except 2014, where they sum to 220,494 versus printed 220,495 (1 million peso difference); source values preserved."
debt-o-p001-y2012-r017,O,1,https://github.com/tordecilla/unprogrammed-appropriations/releases/download/pdfs-debt-pages-v1/annex-o-p001.pdf,2012,historical debt service,NG,subtotal,interestPayments,foreign,I. Interest Payments > External > NG,million pesos,111584,111584000000,1000000,,,,,"All printed annual aggregates and visible instrument rows are staged. Detail rows reconcile to NG domestic subtotals except 2014, where they sum to 220,494 versus printed 220,495 (1 million peso difference); source values preserved."
debt-o-p001-y2013-r017,O,1,https://github.com/tordecilla/unprogrammed-appropriations/releases/download/pdfs-debt-pages-v1/annex-o-p001.pdf,2013,historical debt service,NG,subtotal,interestPayments,foreign,I. Interest Payments > External > NG,million pesos,101117,101117000000,1000000,,,,,"All printed annual aggregates and visible instrument rows are staged. Detail rows reconcile to NG domestic subtotals except 2014, where they sum to 220,494 versus printed 220,495 (1 million peso difference); source values preserved."
debt-o-p001-y2014-r017,O,1,https://github.com/tordecilla/unprogrammed-appropriations/releases/download/pdfs-debt-pages-v1/annex-o-p001.pdf,2014,historical debt service,NG,subtotal,interestPayments,foreign,I. Interest Payments > External > NG,million pesos,100690,100690000000,1000000,,,,,"All printed annual aggregates and visible instrument rows are staged. Detail rows reconcile to NG domestic subtotals except 2014, where they sum to 220,494 versus printed 220,495 (1 million peso difference); source values preserved."
debt-o-p001-y2015-r017,O,1,https://github.com/tordecilla/unprogrammed-appropriations/releases/download/pdfs-debt-pages-v1/annex-o-p001.pdf,2015,historical debt service,NG,subtotal,interestPayments,foreign,I. Interest Payments > External > NG,million pesos,93775,93775000000,1000000,,,,,"All printed annual aggregates and visible instrument rows are staged. Detail rows reconcile to NG domestic subtotals except 2014, where they sum to 220,494 versus printed 220,495 (1 million peso difference); source values preserved."
debt-o-p001-y2016-r017,O,1,https://github.com/tordecilla/unprogrammed-appropriations/releases/download/pdfs-debt-pages-v1/annex-o-p001.pdf,2016,historical debt service,NG,subtotal,interestPayments,foreign,I. Interest Payments > External > NG,million pesos,99028,99028000000,1000000,,,,,"All printed annual aggregates and visible instrument rows are staged. Detail rows reconcile to NG domestic subtotals except 2014, where they sum to 220,494 versus printed 220,495 (1 million peso difference); source values preserved."
debt-o-p001-y2017-r017,O,1,https://github.com/tordecilla/unprogrammed-appropriations/releases/download/pdfs-debt-pages-v1/annex-o-p001.pdf,2017,historical debt service,NG,subtotal,interestPayments,foreign,I. Interest Payments > External > NG,million pesos,100065,100065000000,1000000,,,,,"All printed annual aggregates and visible instrument rows are staged. Detail rows reconcile to NG domestic subtotals except 2014, where they sum to 220,494 versus printed 220,495 (1 million peso difference); source values preserved."
debt-o-p001-y2018-r017,O,1,https://github.com/tordecilla/unprogrammed-appropriations/releases/download/pdfs-debt-pages-v1/annex-o-p001.pdf,2018,historical debt service,NG,subtotal,interestPayments,foreign,I. Interest Payments > External > NG,million pesos,105983,105983000000,1000000,,,,,"All printed annual aggregates and visible instrument rows are staged. Detail rows reconcile to NG domestic subtotals except 2014, where they sum to 220,494 versus printed 220,495 (1 million peso difference); source values preserved."
debt-o-p001-y2019-r017,O,1,https://github.com/tordecilla/unprogrammed-appropriations/releases/download/pdfs-debt-pages-v1/annex-o-p001.pdf,2019,historical debt service,NG,subtotal,interestPayments,foreign,I. Interest Payments > External > NG,million pesos,110576,110576000000,1000000,,,,,"All printed annual aggregates and visible instrument rows are staged. Detail rows reconcile to NG domestic subtotals except 2014, where they sum to 220,494 versus printed 220,495 (1 million peso difference); source values preserved."
debt-o-p001-y2020-r017,O,1,https://github.com/tordecilla/unprogrammed-appropriations/releases/download/pdfs-debt-pages-v1/annex-o-p001.pdf,2020,historical debt service,NG,subtotal,interestPayments,foreign,I. Interest Payments > External > NG,million pesos,101356,101356000000,1000000,,,,,"All printed annual aggregates and visible instrument rows are staged. Detail rows reconcile to NG domestic subtotals except 2014, where they sum to 220,494 versus printed 220,495 (1 million peso difference); source values preserved."
debt-o-p001-y2021-r017,O,1,https://github.com/tordecilla/unprogrammed-appropriations/releases/download/pdfs-debt-pages-v1/annex-o-p001.pdf,2021,historical debt service,NG,subtotal,interestPayments,foreign,I. Interest Payments > External > NG,million pesos,96097,96097000000,1000000,,,,,"All printed annual aggregates and visible instrument rows are staged. Detail rows reconcile to NG domestic subtotals except 2014, where they sum to 220,494 versus printed 220,495 (1 million peso difference); source values preserved."
debt-o-p001-y2022-r017,O,1,https://github.com/tordecilla/unprogrammed-appropriations/releases/download/pdfs-debt-pages-v1/annex-o-p001.pdf,2022,historical debt service,NG,subtotal,interestPayments,foreign,I. Interest Payments > External > NG,million pesos,119406,119406000000,1000000,,,,,"All printed annual aggregates and visible instrument rows are staged. Detail rows reconcile to NG domestic subtotals except 2014, where they sum to 220,494 versus printed 220,495 (1 million peso difference); source values preserved."
debt-o-p001-y2023-r017,O,1,https://github.com/tordecilla/unprogrammed-appropriations/releases/download/pdfs-debt-pages-v1/annex-o-p001.pdf,2023,historical debt service,NG,subtotal,interestPayments,foreign,I. Interest Payments > External > NG,million pesos,192591,192591000000,1000000,,,,,"All printed annual aggregates and visible instrument rows are staged. Detail rows reconcile to NG domestic subtotals except 2014, where they sum to 220,494 versus printed 220,495 (1 million peso difference); source values preserved."
debt-o-p001-y2024-r017,O,1,https://github.com/tordecilla/unprogrammed-appropriations/releases/download/pdfs-debt-pages-v1/annex-o-p001.pdf,2024,historical debt service,NG,subtotal,interestPayments,foreign,I. Interest Payments > External > NG,million pesos,223484,223484000000,1000000,,,,,"All printed annual aggregates and visible instrument rows are staged. Detail rows reconcile to NG domestic subtotals except 2014, where they sum to 220,494 versus printed 220,495 (1 million peso difference); source values preserved."
debt-o-p001-y2025-r017,O,1,https://github.com/tordecilla/unprogrammed-appropriations/releases/download/pdfs-debt-pages-v1/annex-o-p001.pdf,2025,historical debt service,NG,subtotal,interestPayments,foreign,I. Interest Payments > External > NG,million pesos,229293,229293000000,1000000,,,,,"All printed annual aggregates and visible instrument rows are staged. Detail rows reconcile to NG domestic subtotals except 2014, where they sum to 220,494 versus printed 220,495 (1 million peso difference); source values preserved."
debt-o-p001-y2004-r018,O,1,https://github.com/tordecilla/unprogrammed-appropriations/releases/download/pdfs-debt-pages-v1/annex-o-p001.pdf,2004,historical debt service,Assumed Liabilities,subtotal,interestPayments,foreign,I. Interest Payments > External > Assumed Liabilities,million pesos,652,652000000,1000000,,,,,"All printed annual aggregates and visible instrument rows are staged. Detail rows reconcile to NG domestic subtotals except 2014, where they sum to 220,494 versus printed 220,495 (1 million peso difference); source values preserved."
debt-o-p001-y2005-r018,O,1,https://github.com/tordecilla/unprogrammed-appropriations/releases/download/pdfs-debt-pages-v1/annex-o-p001.pdf,2005,historical debt service,Assumed Liabilities,subtotal,interestPayments,foreign,I. Interest Payments > External > Assumed Liabilities,million pesos,473,473000000,1000000,,,,,"All printed annual aggregates and visible instrument rows are staged. Detail rows reconcile to NG domestic subtotals except 2014, where they sum to 220,494 versus printed 220,495 (1 million peso difference); source values preserved."
debt-o-p001-y2006-r018,O,1,https://github.com/tordecilla/unprogrammed-appropriations/releases/download/pdfs-debt-pages-v1/annex-o-p001.pdf,2006,historical debt service,Assumed Liabilities,subtotal,interestPayments,foreign,I. Interest Payments > External > Assumed Liabilities,million pesos,436,436000000,1000000,,,,,"All printed annual aggregates and visible instrument rows are staged. Detail rows reconcile to NG domestic subtotals except 2014, where they sum to 220,494 versus printed 220,495 (1 million peso difference); source values preserved."
debt-o-p001-y2007-r018,O,1,https://github.com/tordecilla/unprogrammed-appropriations/releases/download/pdfs-debt-pages-v1/annex-o-p001.pdf,2007,historical debt service,Assumed Liabilities,subtotal,interestPayments,foreign,I. Interest Payments > External > Assumed Liabilities,million pesos,69,69000000,1000000,,,,,"All printed annual aggregates and visible instrument rows are staged. Detail rows reconcile to NG domestic subtotals except 2014, where they sum to 220,494 versus printed 220,495 (1 million peso difference); source values preserved."
debt-o-p001-y2008-r018,O,1,https://github.com/tordecilla/unprogrammed-appropriations/releases/download/pdfs-debt-pages-v1/annex-o-p001.pdf,2008,historical debt service,Assumed Liabilities,subtotal,interestPayments,foreign,I. Interest Payments > External > Assumed Liabilities,million pesos,2,2000000,1000000,,,,,"All printed annual aggregates and visible instrument rows are staged. Detail rows reconcile to NG domestic subtotals except 2014, where they sum to 220,494 versus printed 220,495 (1 million peso difference); source values preserved."
debt-o-p001-y2009-r018,O,1,https://github.com/tordecilla/unprogrammed-appropriations/releases/download/pdfs-debt-pages-v1/annex-o-p001.pdf,2009,historical debt service,Assumed Liabilities,subtotal,interestPayments,foreign,I. Interest Payments > External > Assumed Liabilities,million pesos,2,2000000,1000000,,,,,"All printed annual aggregates and visible instrument rows are staged. Detail rows reconcile to NG domestic subtotals except 2014, where they sum to 220,494 versus printed 220,495 (1 million peso difference); source values preserved."
debt-o-p001-y2010-r018,O,1,https://github.com/tordecilla/unprogrammed-appropriations/releases/download/pdfs-debt-pages-v1/annex-o-p001.pdf,2010,historical debt service,Assumed Liabilities,subtotal,interestPayments,foreign,I. Interest Payments > External > Assumed Liabilities,million pesos,0,0,1000000,,,,,"All printed annual aggregates and visible instrument rows are staged. Detail rows reconcile to NG domestic subtotals except 2014, where they sum to 220,494 versus printed 220,495 (1 million peso difference); source values preserved."
debt-o-p001-y2011-r018,O,1,https://github.com/tordecilla/unprogrammed-appropriations/releases/download/pdfs-debt-pages-v1/annex-o-p001.pdf,2011,historical debt service,Assumed Liabilities,subtotal,interestPayments,foreign,I. Interest Payments > External > Assumed Liabilities,million pesos,0,0,1000000,,,,,"All printed annual aggregates and visible instrument rows are staged. Detail rows reconcile to NG domestic subtotals except 2014, where they sum to 220,494 versus printed 220,495 (1 million peso difference); source values preserved."
debt-o-p001-y2012-r018,O,1,https://github.com/tordecilla/unprogrammed-appropriations/releases/download/pdfs-debt-pages-v1/annex-o-p001.pdf,2012,historical debt service,Assumed Liabilities,subtotal,interestPayments,foreign,I. Interest Payments > External > Assumed Liabilities,million pesos,0,0,1000000,,,,,"All printed annual aggregates and visible instrument rows are staged. Detail rows reconcile to NG domestic subtotals except 2014, where they sum to 220,494 versus printed 220,495 (1 million peso difference); source values preserved."
debt-o-p001-y2013-r018,O,1,https://github.com/tordecilla/unprogrammed-appropriations/releases/download/pdfs-debt-pages-v1/annex-o-p001.pdf,2013,historical debt service,Assumed Liabilities,subtotal,interestPayments,foreign,I. Interest Payments > External > Assumed Liabilities,million pesos,0,0,1000000,,,,,"All printed annual aggregates and visible instrument rows are staged. Detail rows reconcile to NG domestic subtotals except 2014, where they sum to 220,494 versus printed 220,495 (1 million peso difference); source values preserved."
debt-o-p001-y2014-r018,O,1,https://github.com/tordecilla/unprogrammed-appropriations/releases/download/pdfs-debt-pages-v1/annex-o-p001.pdf,2014,historical debt service,Assumed Liabilities,subtotal,interestPayments,foreign,I. Interest Payments > External > Assumed Liabilities,million pesos,0,0,1000000,,,,,"All printed annual aggregates and visible instrument rows are staged. Detail rows reconcile to NG domestic subtotals except 2014, where they sum to 220,494 versus printed 220,495 (1 million peso difference); source values preserved."
debt-o-p001-y2015-r018,O,1,https://github.com/tordecilla/unprogrammed-appropriations/releases/download/pdfs-debt-pages-v1/annex-o-p001.pdf,2015,historical debt service,Assumed Liabilities,subtotal,interestPayments,foreign,I. Interest Payments > External > Assumed Liabilities,million pesos,0,0,1000000,,,,,"All printed annual aggregates and visible instrument rows are staged. Detail rows reconcile to NG domestic subtotals except 2014, where they sum to 220,494 versus printed 220,495 (1 million peso difference); source values preserved."
debt-o-p001-y2016-r018,O,1,https://github.com/tordecilla/unprogrammed-appropriations/releases/download/pdfs-debt-pages-v1/annex-o-p001.pdf,2016,historical debt service,Assumed Liabilities,subtotal,interestPayments,foreign,I. Interest Payments > External > Assumed Liabilities,million pesos,0,0,1000000,,,,,"All printed annual aggregates and visible instrument rows are staged. Detail rows reconcile to NG domestic subtotals except 2014, where they sum to 220,494 versus printed 220,495 (1 million peso difference); source values preserved."
debt-o-p001-y2017-r018,O,1,https://github.com/tordecilla/unprogrammed-appropriations/releases/download/pdfs-debt-pages-v1/annex-o-p001.pdf,2017,historical debt service,Assumed Liabilities,subtotal,interestPayments,foreign,I. Interest Payments > External > Assumed Liabilities,million pesos,0,0,1000000,,,,,"All printed annual aggregates and visible instrument rows are staged. Detail rows reconcile to NG domestic subtotals except 2014, where they sum to 220,494 versus printed 220,495 (1 million peso difference); source values preserved."
debt-o-p001-y2018-r018,O,1,https://github.com/tordecilla/unprogrammed-appropriations/releases/download/pdfs-debt-pages-v1/annex-o-p001.pdf,2018,historical debt service,Assumed Liabilities,subtotal,interestPayments,foreign,I. Interest Payments > External > Assumed Liabilities,million pesos,0,0,1000000,,,,,"All printed annual aggregates and visible instrument rows are staged. Detail rows reconcile to NG domestic subtotals except 2014, where they sum to 220,494 versus printed 220,495 (1 million peso difference); source values preserved."
debt-o-p001-y2019-r018,O,1,https://github.com/tordecilla/unprogrammed-appropriations/releases/download/pdfs-debt-pages-v1/annex-o-p001.pdf,2019,historical debt service,Assumed Liabilities,subtotal,interestPayments,foreign,I. Interest Payments > External > Assumed Liabilities,million pesos,0,0,1000000,,,,,"All printed annual aggregates and visible instrument rows are staged. Detail rows reconcile to NG domestic subtotals except 2014, where they sum to 220,494 versus printed 220,495 (1 million peso difference); source values preserved."
debt-o-p001-y2020-r018,O,1,https://github.com/tordecilla/unprogrammed-appropriations/releases/download/pdfs-debt-pages-v1/annex-o-p001.pdf,2020,historical debt service,Assumed Liabilities,subtotal,interestPayments,foreign,I. Interest Payments > External > Assumed Liabilities,million pesos,0,0,1000000,,,,,"All printed annual aggregates and visible instrument rows are staged. Detail rows reconcile to NG domestic subtotals except 2014, where they sum to 220,494 versus printed 220,495 (1 million peso difference); source values preserved."
debt-o-p001-y2021-r018,O,1,https://github.com/tordecilla/unprogrammed-appropriations/releases/download/pdfs-debt-pages-v1/annex-o-p001.pdf,2021,historical debt service,Assumed Liabilities,subtotal,interestPayments,foreign,I. Interest Payments > External > Assumed Liabilities,million pesos,0,0,1000000,,,,,"All printed annual aggregates and visible instrument rows are staged. Detail rows reconcile to NG domestic subtotals except 2014, where they sum to 220,494 versus printed 220,495 (1 million peso difference); source values preserved."
debt-o-p001-y2022-r018,O,1,https://github.com/tordecilla/unprogrammed-appropriations/releases/download/pdfs-debt-pages-v1/annex-o-p001.pdf,2022,historical debt service,Assumed Liabilities,subtotal,interestPayments,foreign,I. Interest Payments > External > Assumed Liabilities,million pesos,0,0,1000000,,,,,"All printed annual aggregates and visible instrument rows are staged. Detail rows reconcile to NG domestic subtotals except 2014, where they sum to 220,494 versus printed 220,495 (1 million peso difference); source values preserved."
debt-o-p001-y2023-r018,O,1,https://github.com/tordecilla/unprogrammed-appropriations/releases/download/pdfs-debt-pages-v1/annex-o-p001.pdf,2023,historical debt service,Assumed Liabilities,subtotal,interestPayments,foreign,I. Interest Payments > External > Assumed Liabilities,million pesos,0,0,1000000,,,,,"All printed annual aggregates and visible instrument rows are staged. Detail rows reconcile to NG domestic subtotals except 2014, where they sum to 220,494 versus printed 220,495 (1 million peso difference); source values preserved."
debt-o-p001-y2024-r018,O,1,https://github.com/tordecilla/unprogrammed-appropriations/releases/download/pdfs-debt-pages-v1/annex-o-p001.pdf,2024,historical debt service,Assumed Liabilities,subtotal,interestPayments,foreign,I. Interest Payments > External > Assumed Liabilities,million pesos,0,0,1000000,,,,,"All printed annual aggregates and visible instrument rows are staged. Detail rows reconcile to NG domestic subtotals except 2014, where they sum to 220,494 versus printed 220,495 (1 million peso difference); source values preserved."
debt-o-p001-y2025-r018,O,1,https://github.com/tordecilla/unprogrammed-appropriations/releases/download/pdfs-debt-pages-v1/annex-o-p001.pdf,2025,historical debt service,Assumed Liabilities,subtotal,interestPayments,foreign,I. Interest Payments > External > Assumed Liabilities,million pesos,0,0,1000000,,,,,"All printed annual aggregates and visible instrument rows are staged. Detail rows reconcile to NG domestic subtotals except 2014, where they sum to 220,494 versus printed 220,495 (1 million peso difference); source values preserved."
debt-o-p001-y2004-r019,O,1,https://github.com/tordecilla/unprogrammed-appropriations/releases/download/pdfs-debt-pages-v1/annex-o-p001.pdf,2004,historical debt service,II. Amortization,subtotal,principalAmortization,,II. Amortization,million pesos,190895,190895000000,1000000,,,,,"All printed annual aggregates and visible instrument rows are staged. Detail rows reconcile to NG domestic subtotals except 2014, where they sum to 220,494 versus printed 220,495 (1 million peso difference); source values preserved."
debt-o-p001-y2005-r019,O,1,https://github.com/tordecilla/unprogrammed-appropriations/releases/download/pdfs-debt-pages-v1/annex-o-p001.pdf,2005,historical debt service,II. Amortization,subtotal,principalAmortization,,II. Amortization,million pesos,357587,357587000000,1000000,,,,,"All printed annual aggregates and visible instrument rows are staged. Detail rows reconcile to NG domestic subtotals except 2014, where they sum to 220,494 versus printed 220,495 (1 million peso difference); source values preserved."
debt-o-p001-y2006-r019,O,1,https://github.com/tordecilla/unprogrammed-appropriations/releases/download/pdfs-debt-pages-v1/annex-o-p001.pdf,2006,historical debt service,II. Amortization,subtotal,principalAmortization,,II. Amortization,million pesos,529884,529884000000,1000000,,,,,"All printed annual aggregates and visible instrument rows are staged. Detail rows reconcile to NG domestic subtotals except 2014, where they sum to 220,494 versus printed 220,495 (1 million peso difference); source values preserved."
debt-o-p001-y2007-r019,O,1,https://github.com/tordecilla/unprogrammed-appropriations/releases/download/pdfs-debt-pages-v1/annex-o-p001.pdf,2007,historical debt service,II. Amortization,subtotal,principalAmortization,,II. Amortization,million pesos,342340,342340000000,1000000,,,,,"All printed annual aggregates and visible instrument rows are staged. Detail rows reconcile to NG domestic subtotals except 2014, where they sum to 220,494 versus printed 220,495 (1 million peso difference); source values preserved."
debt-o-p001-y2008-r019,O,1,https://github.com/tordecilla/unprogrammed-appropriations/releases/download/pdfs-debt-pages-v1/annex-o-p001.pdf,2008,historical debt service,II. Amortization,subtotal,principalAmortization,,II. Amortization,million pesos,291801,291801000000,1000000,,,,,"All printed annual aggregates and visible instrument rows are staged. Detail rows reconcile to NG domestic subtotals except 2014, where they sum to 220,494 versus printed 220,495 (1 million peso difference); source values preserved."
debt-o-p001-y2009-r019,O,1,https://github.com/tordecilla/unprogrammed-appropriations/releases/download/pdfs-debt-pages-v1/annex-o-p001.pdf,2009,historical debt service,II. Amortization,subtotal,principalAmortization,,II. Amortization,million pesos,500437,500437000000,1000000,,,,,"All printed annual aggregates and visible instrument rows are staged. Detail rows reconcile to NG domestic subtotals except 2014, where they sum to 220,494 versus printed 220,495 (1 million peso difference); source values preserved."
debt-o-p001-y2010-r019,O,1,https://github.com/tordecilla/unprogrammed-appropriations/releases/download/pdfs-debt-pages-v1/annex-o-p001.pdf,2010,historical debt service,II. Amortization,subtotal,principalAmortization,,II. Amortization,million pesos,644978,644978000000,1000000,,,,,"All printed annual aggregates and visible instrument rows are staged. Detail rows reconcile to NG domestic subtotals except 2014, where they sum to 220,494 versus printed 220,495 (1 million peso difference); source values preserved."
debt-o-p001-y2011-r019,O,1,https://github.com/tordecilla/unprogrammed-appropriations/releases/download/pdfs-debt-pages-v1/annex-o-p001.pdf,2011,historical debt service,II. Amortization,subtotal,principalAmortization,,II. Amortization,million pesos,651573,651573000000,1000000,,,,,"All printed annual aggregates and visible instrument rows are staged. Detail rows reconcile to NG domestic subtotals except 2014, where they sum to 220,494 versus printed 220,495 (1 million peso difference); source values preserved."
debt-o-p001-y2012-r019,O,1,https://github.com/tordecilla/unprogrammed-appropriations/releases/download/pdfs-debt-pages-v1/annex-o-p001.pdf,2012,historical debt service,II. Amortization,subtotal,principalAmortization,,II. Amortization,million pesos,286443,286443000000,1000000,,,,,"All printed annual aggregates and visible instrument rows are staged. Detail rows reconcile to NG domestic subtotals except 2014, where they sum to 220,494 versus printed 220,495 (1 million peso difference); source values preserved."
debt-o-p001-y2013-r019,O,1,https://github.com/tordecilla/unprogrammed-appropriations/releases/download/pdfs-debt-pages-v1/annex-o-p001.pdf,2013,historical debt service,II. Amortization,subtotal,principalAmortization,,II. Amortization,million pesos,375088,375088000000,1000000,,,,,"All printed annual aggregates and visible instrument rows are staged. Detail rows reconcile to NG domestic subtotals except 2014, where they sum to 220,494 versus printed 220,495 (1 million peso difference); source values preserved."
debt-o-p001-y2014-r019,O,1,https://github.com/tordecilla/unprogrammed-appropriations/releases/download/pdfs-debt-pages-v1/annex-o-p001.pdf,2014,historical debt service,II. Amortization,subtotal,principalAmortization,,II. Amortization,million pesos,434362,434362000000,1000000,,,,,"All printed annual aggregates and visible instrument rows are staged. Detail rows reconcile to NG domestic subtotals except 2014, where they sum to 220,494 versus printed 220,495 (1 million peso difference); source values preserved."
debt-o-p001-y2015-r019,O,1,https://github.com/tordecilla/unprogrammed-appropriations/releases/download/pdfs-debt-pages-v1/annex-o-p001.pdf,2015,historical debt service,II. Amortization,subtotal,principalAmortization,,II. Amortization,million pesos,487895,487895000000,1000000,,,,,"All printed annual aggregates and visible instrument rows are staged. Detail rows reconcile to NG domestic subtotals except 2014, where they sum to 220,494 versus printed 220,495 (1 million peso difference); source values preserved."
debt-o-p001-y2016-r019,O,1,https://github.com/tordecilla/unprogrammed-appropriations/releases/download/pdfs-debt-pages-v1/annex-o-p001.pdf,2016,historical debt service,II. Amortization,subtotal,principalAmortization,,II. Amortization,million pesos,485511,485511000000,1000000,,,,,"All printed annual aggregates and visible instrument rows are staged. Detail rows reconcile to NG domestic subtotals except 2014, where they sum to 220,494 versus printed 220,495 (1 million peso difference); source values preserved."
debt-o-p001-y2017-r019,O,1,https://github.com/tordecilla/unprogrammed-appropriations/releases/download/pdfs-debt-pages-v1/annex-o-p001.pdf,2017,historical debt service,II. Amortization,subtotal,principalAmortization,,II. Amortization,million pesos,369926,369926000000,1000000,,,,,"All printed annual aggregates and visible instrument rows are staged. Detail rows reconcile to NG domestic subtotals except 2014, where they sum to 220,494 versus printed 220,495 (1 million peso difference); source values preserved."
debt-o-p001-y2018-r019,O,1,https://github.com/tordecilla/unprogrammed-appropriations/releases/download/pdfs-debt-pages-v1/annex-o-p001.pdf,2018,historical debt service,II. Amortization,subtotal,principalAmortization,,II. Amortization,million pesos,376374,376374000000,1000000,,,,,"All printed annual aggregates and visible instrument rows are staged. Detail rows reconcile to NG domestic subtotals except 2014, where they sum to 220,494 versus printed 220,495 (1 million peso difference); source values preserved."
debt-o-p001-y2019-r019,O,1,https://github.com/tordecilla/unprogrammed-appropriations/releases/download/pdfs-debt-pages-v1/annex-o-p001.pdf,2019,historical debt service,II. Amortization,subtotal,principalAmortization,,II. Amortization,million pesos,481575,481575000000,1000000,,,,,"All printed annual aggregates and visible instrument rows are staged. Detail rows reconcile to NG domestic subtotals except 2014, where they sum to 220,494 versus printed 220,495 (1 million peso difference); source values preserved."
debt-o-p001-y2020-r019,O,1,https://github.com/tordecilla/unprogrammed-appropriations/releases/download/pdfs-debt-pages-v1/annex-o-p001.pdf,2020,historical debt service,II. Amortization,subtotal,principalAmortization,,II. Amortization,million pesos,582054,582054000000,1000000,,,,,"All printed annual aggregates and visible instrument rows are staged. Detail rows reconcile to NG domestic subtotals except 2014, where they sum to 220,494 versus printed 220,495 (1 million peso difference); source values preserved."
debt-o-p001-y2021-r019,O,1,https://github.com/tordecilla/unprogrammed-appropriations/releases/download/pdfs-debt-pages-v1/annex-o-p001.pdf,2021,historical debt service,II. Amortization,subtotal,principalAmortization,,II. Amortization,million pesos,774637,774637000000,1000000,,,,,"All printed annual aggregates and visible instrument rows are staged. Detail rows reconcile to NG domestic subtotals except 2014, where they sum to 220,494 versus printed 220,495 (1 million peso difference); source values preserved."
debt-o-p001-y2022-r019,O,1,https://github.com/tordecilla/unprogrammed-appropriations/releases/download/pdfs-debt-pages-v1/annex-o-p001.pdf,2022,historical debt service,II. Amortization,subtotal,principalAmortization,,II. Amortization,million pesos,746554,746554000000,1000000,,,,,"All printed annual aggregates and visible instrument rows are staged. Detail rows reconcile to NG domestic subtotals except 2014, where they sum to 220,494 versus printed 220,495 (1 million peso difference); source values preserved."
debt-o-p001-y2023-r019,O,1,https://github.com/tordecilla/unprogrammed-appropriations/releases/download/pdfs-debt-pages-v1/annex-o-p001.pdf,2023,historical debt service,II. Amortization,subtotal,principalAmortization,,II. Amortization,million pesos,943606,943606000000,1000000,,,,,"All printed annual aggregates and visible instrument rows are staged. Detail rows reconcile to NG domestic subtotals except 2014, where they sum to 220,494 versus printed 220,495 (1 million peso difference); source values preserved."
debt-o-p001-y2024-r019,O,1,https://github.com/tordecilla/unprogrammed-appropriations/releases/download/pdfs-debt-pages-v1/annex-o-p001.pdf,2024,historical debt service,II. Amortization,subtotal,principalAmortization,,II. Amortization,million pesos,1257329,1257329000000,1000000,,,,,"All printed annual aggregates and visible instrument rows are staged. Detail rows reconcile to NG domestic subtotals except 2014, where they sum to 220,494 versus printed 220,495 (1 million peso difference); source values preserved."
debt-o-p001-y2025-r019,O,1,https://github.com/tordecilla/unprogrammed-appropriations/releases/download/pdfs-debt-pages-v1/annex-o-p001.pdf,2025,historical debt service,II. Amortization,subtotal,principalAmortization,,II. Amortization,million pesos,1239032,1239032000000,1000000,,,,,"All printed annual aggregates and visible instrument rows are staged. Detail rows reconcile to NG domestic subtotals except 2014, where they sum to 220,494 versus printed 220,495 (1 million peso difference); source values preserved."
debt-o-p001-y2004-r020,O,1,https://github.com/tordecilla/unprogrammed-appropriations/releases/download/pdfs-debt-pages-v1/annex-o-p001.pdf,2004,historical debt service,Domestic,subtotal,principalAmortization,domestic,II. Amortization > Domestic,million pesos,72529,72529000000,1000000,,,,,"All printed annual aggregates and visible instrument rows are staged. Detail rows reconcile to NG domestic subtotals except 2014, where they sum to 220,494 versus printed 220,495 (1 million peso difference); source values preserved."
debt-o-p001-y2005-r020,O,1,https://github.com/tordecilla/unprogrammed-appropriations/releases/download/pdfs-debt-pages-v1/annex-o-p001.pdf,2005,historical debt service,Domestic,subtotal,principalAmortization,domestic,II. Amortization > Domestic,million pesos,231935,231935000000,1000000,,,,,"All printed annual aggregates and visible instrument rows are staged. Detail rows reconcile to NG domestic subtotals except 2014, where they sum to 220,494 versus printed 220,495 (1 million peso difference); source values preserved."
debt-o-p001-y2006-r020,O,1,https://github.com/tordecilla/unprogrammed-appropriations/releases/download/pdfs-debt-pages-v1/annex-o-p001.pdf,2006,historical debt service,Domestic,subtotal,principalAmortization,domestic,II. Amortization > Domestic,million pesos,366557,366557000000,1000000,,,,,"All printed annual aggregates and visible instrument rows are staged. Detail rows reconcile to NG domestic subtotals except 2014, where they sum to 220,494 versus printed 220,495 (1 million peso difference); source values preserved."
debt-o-p001-y2007-r020,O,1,https://github.com/tordecilla/unprogrammed-appropriations/releases/download/pdfs-debt-pages-v1/annex-o-p001.pdf,2007,historical debt service,Domestic,subtotal,principalAmortization,domestic,II. Amortization > Domestic,million pesos,280088,280088000000,1000000,,,,,"All printed annual aggregates and visible instrument rows are staged. Detail rows reconcile to NG domestic subtotals except 2014, where they sum to 220,494 versus printed 220,495 (1 million peso difference); source values preserved."
debt-o-p001-y2008-r020,O,1,https://github.com/tordecilla/unprogrammed-appropriations/releases/download/pdfs-debt-pages-v1/annex-o-p001.pdf,2008,historical debt service,Domestic,subtotal,principalAmortization,domestic,II. Amortization > Domestic,million pesos,211288,211288000000,1000000,,,,,"All printed annual aggregates and visible instrument rows are staged. Detail rows reconcile to NG domestic subtotals except 2014, where they sum to 220,494 versus printed 220,495 (1 million peso difference); source values preserved."
debt-o-p001-y2009-r020,O,1,https://github.com/tordecilla/unprogrammed-appropriations/releases/download/pdfs-debt-pages-v1/annex-o-p001.pdf,2009,historical debt service,Domestic,subtotal,principalAmortization,domestic,II. Amortization > Domestic,million pesos,401548,401548000000,1000000,,,,,"All printed annual aggregates and visible instrument rows are staged. Detail rows reconcile to NG domestic subtotals except 2014, where they sum to 220,494 versus printed 220,495 (1 million peso difference); source values preserved."
debt-o-p001-y2010-r020,O,1,https://github.com/tordecilla/unprogrammed-appropriations/releases/download/pdfs-debt-pages-v1/annex-o-p001.pdf,2010,historical debt service,Domestic,subtotal,principalAmortization,domestic,II. Amortization > Domestic,million pesos,420616,420616000000,1000000,,,,,"All printed annual aggregates and visible instrument rows are staged. Detail rows reconcile to NG domestic subtotals except 2014, where they sum to 220,494 versus printed 220,495 (1 million peso difference); source values preserved."
debt-o-p001-y2011-r020,O,1,https://github.com/tordecilla/unprogrammed-appropriations/releases/download/pdfs-debt-pages-v1/annex-o-p001.pdf,2011,historical debt service,Domestic,subtotal,principalAmortization,domestic,II. Amortization > Domestic,million pesos,506769,506769000000,1000000,,,,,"All printed annual aggregates and visible instrument rows are staged. Detail rows reconcile to NG domestic subtotals except 2014, where they sum to 220,494 versus printed 220,495 (1 million peso difference); source values preserved."
debt-o-p001-y2012-r020,O,1,https://github.com/tordecilla/unprogrammed-appropriations/releases/download/pdfs-debt-pages-v1/annex-o-p001.pdf,2012,historical debt service,Domestic,subtotal,principalAmortization,domestic,II. Amortization > Domestic,million pesos,199869,199869000000,1000000,,,,,"All printed annual aggregates and visible instrument rows are staged. Detail rows reconcile to NG domestic subtotals except 2014, where they sum to 220,494 versus printed 220,495 (1 million peso difference); source values preserved."
debt-o-p001-y2013-r020,O,1,https://github.com/tordecilla/unprogrammed-appropriations/releases/download/pdfs-debt-pages-v1/annex-o-p001.pdf,2013,historical debt service,Domestic,subtotal,principalAmortization,domestic,II. Amortization > Domestic,million pesos,257500,257500000000,1000000,,,,,"All printed annual aggregates and visible instrument rows are staged. Detail rows reconcile to NG domestic subtotals except 2014, where they sum to 220,494 versus printed 220,495 (1 million peso difference); source values preserved."
debt-o-p001-y2014-r020,O,1,https://github.com/tordecilla/unprogrammed-appropriations/releases/download/pdfs-debt-pages-v1/annex-o-p001.pdf,2014,historical debt service,Domestic,subtotal,principalAmortization,domestic,II. Amortization > Domestic,million pesos,304985,304985000000,1000000,,,,,"All printed annual aggregates and visible instrument rows are staged. Detail rows reconcile to NG domestic subtotals except 2014, where they sum to 220,494 versus printed 220,495 (1 million peso difference); source values preserved."
debt-o-p001-y2015-r020,O,1,https://github.com/tordecilla/unprogrammed-appropriations/releases/download/pdfs-debt-pages-v1/annex-o-p001.pdf,2015,historical debt service,Domestic,subtotal,principalAmortization,domestic,II. Amortization > Domestic,million pesos,363139,363139000000,1000000,,,,,"All printed annual aggregates and visible instrument rows are staged. Detail rows reconcile to NG domestic subtotals except 2014, where they sum to 220,494 versus printed 220,495 (1 million peso difference); source values preserved."
debt-o-p001-y2016-r020,O,1,https://github.com/tordecilla/unprogrammed-appropriations/releases/download/pdfs-debt-pages-v1/annex-o-p001.pdf,2016,historical debt service,Domestic,subtotal,principalAmortization,domestic,II. Amortization > Domestic,million pesos,311875,311875000000,1000000,,,,,"All printed annual aggregates and visible instrument rows are staged. Detail rows reconcile to NG domestic subtotals except 2014, where they sum to 220,494 versus printed 220,495 (1 million peso difference); source values preserved."
debt-o-p001-y2017-r020,O,1,https://github.com/tordecilla/unprogrammed-appropriations/releases/download/pdfs-debt-pages-v1/annex-o-p001.pdf,2017,historical debt service,Domestic,subtotal,principalAmortization,domestic,II. Amortization > Domestic,million pesos,229392,229392000000,1000000,,,,,"All printed annual aggregates and visible instrument rows are staged. Detail rows reconcile to NG domestic subtotals except 2014, where they sum to 220,494 versus printed 220,495 (1 million peso difference); source values preserved."
debt-o-p001-y2018-r020,O,1,https://github.com/tordecilla/unprogrammed-appropriations/releases/download/pdfs-debt-pages-v1/annex-o-p001.pdf,2018,historical debt service,Domestic,subtotal,principalAmortization,domestic,II. Amortization > Domestic,million pesos,265049,265049000000,1000000,,,,,"All printed annual aggregates and visible instrument rows are staged. Detail rows reconcile to NG domestic subtotals except 2014, where they sum to 220,494 versus printed 220,495 (1 million peso difference); source values preserved."
debt-o-p001-y2019-r020,O,1,https://github.com/tordecilla/unprogrammed-appropriations/releases/download/pdfs-debt-pages-v1/annex-o-p001.pdf,2019,historical debt service,Domestic,subtotal,principalAmortization,domestic,II. Amortization > Domestic,million pesos,344475,344475000000,1000000,,,,,"All printed annual aggregates and visible instrument rows are staged. Detail rows reconcile to NG domestic subtotals except 2014, where they sum to 220,494 versus printed 220,495 (1 million peso difference); source values preserved."
debt-o-p001-y2020-r020,O,1,https://github.com/tordecilla/unprogrammed-appropriations/releases/download/pdfs-debt-pages-v1/annex-o-p001.pdf,2020,historical debt service,Domestic,subtotal,principalAmortization,domestic,II. Amortization > Domestic,million pesos,440401,440401000000,1000000,,,,,"All printed annual aggregates and visible instrument rows are staged. Detail rows reconcile to NG domestic subtotals except 2014, where they sum to 220,494 versus printed 220,495 (1 million peso difference); source values preserved."
debt-o-p001-y2021-r020,O,1,https://github.com/tordecilla/unprogrammed-appropriations/releases/download/pdfs-debt-pages-v1/annex-o-p001.pdf,2021,historical debt service,Domestic,subtotal,principalAmortization,domestic,II. Amortization > Domestic,million pesos,537450,537450000000,1000000,,,,,"All printed annual aggregates and visible instrument rows are staged. Detail rows reconcile to NG domestic subtotals except 2014, where they sum to 220,494 versus printed 220,495 (1 million peso difference); source values preserved."
debt-o-p001-y2022-r020,O,1,https://github.com/tordecilla/unprogrammed-appropriations/releases/download/pdfs-debt-pages-v1/annex-o-p001.pdf,2022,historical debt service,Domestic,subtotal,principalAmortization,domestic,II. Amortization > Domestic,million pesos,616065,616065000000,1000000,,,,,"All printed annual aggregates and visible instrument rows are staged. Detail rows reconcile to NG domestic subtotals except 2014, where they sum to 220,494 versus printed 220,495 (1 million peso difference); source values preserved."
debt-o-p001-y2023-r020,O,1,https://github.com/tordecilla/unprogrammed-appropriations/releases/download/pdfs-debt-pages-v1/annex-o-p001.pdf,2023,historical debt service,Domestic,subtotal,principalAmortization,domestic,II. Amortization > Domestic,million pesos,822493,822493000000,1000000,,,,,"All printed annual aggregates and visible instrument rows are staged. Detail rows reconcile to NG domestic subtotals except 2014, where they sum to 220,494 versus printed 220,495 (1 million peso difference); source values preserved."
debt-o-p001-y2024-r020,O,1,https://github.com/tordecilla/unprogrammed-appropriations/releases/download/pdfs-debt-pages-v1/annex-o-p001.pdf,2024,historical debt service,Domestic,subtotal,principalAmortization,domestic,II. Amortization > Domestic,million pesos,1018036,1018036000000,1000000,,,,,"All printed annual aggregates and visible instrument rows are staged. Detail rows reconcile to NG domestic subtotals except 2014, where they sum to 220,494 versus printed 220,495 (1 million peso difference); source values preserved."
debt-o-p001-y2025-r020,O,1,https://github.com/tordecilla/unprogrammed-appropriations/releases/download/pdfs-debt-pages-v1/annex-o-p001.pdf,2025,historical debt service,Domestic,subtotal,principalAmortization,domestic,II. Amortization > Domestic,million pesos,1015363,1015363000000,1000000,,,,,"All printed annual aggregates and visible instrument rows are staged. Detail rows reconcile to NG domestic subtotals except 2014, where they sum to 220,494 versus printed 220,495 (1 million peso difference); source values preserved."
debt-o-p001-y2004-r021,O,1,https://github.com/tordecilla/unprogrammed-appropriations/releases/download/pdfs-debt-pages-v1/annex-o-p001.pdf,2004,historical debt service,External,subtotal,principalAmortization,foreign,II. Amortization > External,million pesos,118366,118366000000,1000000,,,,,"All printed annual aggregates and visible instrument rows are staged. Detail rows reconcile to NG domestic subtotals except 2014, where they sum to 220,494 versus printed 220,495 (1 million peso difference); source values preserved."
debt-o-p001-y2005-r021,O,1,https://github.com/tordecilla/unprogrammed-appropriations/releases/download/pdfs-debt-pages-v1/annex-o-p001.pdf,2005,historical debt service,External,subtotal,principalAmortization,foreign,II. Amortization > External,million pesos,125652,125652000000,1000000,,,,,"All printed annual aggregates and visible instrument rows are staged. Detail rows reconcile to NG domestic subtotals except 2014, where they sum to 220,494 versus printed 220,495 (1 million peso difference); source values preserved."
debt-o-p001-y2006-r021,O,1,https://github.com/tordecilla/unprogrammed-appropriations/releases/download/pdfs-debt-pages-v1/annex-o-p001.pdf,2006,historical debt service,External,subtotal,principalAmortization,foreign,II. Amortization > External,million pesos,163327,163327000000,1000000,,,,,"All printed annual aggregates and visible instrument rows are staged. Detail rows reconcile to NG domestic subtotals except 2014, where they sum to 220,494 versus printed 220,495 (1 million peso difference); source values preserved."
debt-o-p001-y2007-r021,O,1,https://github.com/tordecilla/unprogrammed-appropriations/releases/download/pdfs-debt-pages-v1/annex-o-p001.pdf,2007,historical debt service,External,subtotal,principalAmortization,foreign,II. Amortization > External,million pesos,62252,62252000000,1000000,,,,,"All printed annual aggregates and visible instrument rows are staged. Detail rows reconcile to NG domestic subtotals except 2014, where they sum to 220,494 versus printed 220,495 (1 million peso difference); source values preserved."
debt-o-p001-y2008-r021,O,1,https://github.com/tordecilla/unprogrammed-appropriations/releases/download/pdfs-debt-pages-v1/annex-o-p001.pdf,2008,historical debt service,External,subtotal,principalAmortization,foreign,II. Amortization > External,million pesos,80513,80513000000,1000000,,,,,"All printed annual aggregates and visible instrument rows are staged. Detail rows reconcile to NG domestic subtotals except 2014, where they sum to 220,494 versus printed 220,495 (1 million peso difference); source values preserved."
debt-o-p001-y2009-r021,O,1,https://github.com/tordecilla/unprogrammed-appropriations/releases/download/pdfs-debt-pages-v1/annex-o-p001.pdf,2009,historical debt service,External,subtotal,principalAmortization,foreign,II. Amortization > External,million pesos,98889,98889000000,1000000,,,,,"All printed annual aggregates and visible instrument rows are staged. Detail rows reconcile to NG domestic subtotals except 2014, where they sum to 220,494 versus printed 220,495 (1 million peso difference); source values preserved."
debt-o-p001-y2010-r021,O,1,https://github.com/tordecilla/unprogrammed-appropriations/releases/download/pdfs-debt-pages-v1/annex-o-p001.pdf,2010,historical debt service,External,subtotal,principalAmortization,foreign,II. Amortization > External,million pesos,224362,224362000000,1000000,,,,,"All printed annual aggregates and visible instrument rows are staged. Detail rows reconcile to NG domestic subtotals except 2014, where they sum to 220,494 versus printed 220,495 (1 million peso difference); source values preserved."
debt-o-p001-y2011-r021,O,1,https://github.com/tordecilla/unprogrammed-appropriations/releases/download/pdfs-debt-pages-v1/annex-o-p001.pdf,2011,historical debt service,External,subtotal,principalAmortization,foreign,II. Amortization > External,million pesos,144804,144804000000,1000000,,,,,"All printed annual aggregates and visible instrument rows are staged. Detail rows reconcile to NG domestic subtotals except 2014, where they sum to 220,494 versus printed 220,495 (1 million peso difference); source values preserved."
debt-o-p001-y2012-r021,O,1,https://github.com/tordecilla/unprogrammed-appropriations/releases/download/pdfs-debt-pages-v1/annex-o-p001.pdf,2012,historical debt service,External,subtotal,principalAmortization,foreign,II. Amortization > External,million pesos,86574,86574000000,1000000,,,,,"All printed annual aggregates and visible instrument rows are staged. Detail rows reconcile to NG domestic subtotals except 2014, where they sum to 220,494 versus printed 220,495 (1 million peso difference); source values preserved."
debt-o-p001-y2013-r021,O,1,https://github.com/tordecilla/unprogrammed-appropriations/releases/download/pdfs-debt-pages-v1/annex-o-p001.pdf,2013,historical debt service,External,subtotal,principalAmortization,foreign,II. Amortization > External,million pesos,117588,117588000000,1000000,,,,,"All printed annual aggregates and visible instrument rows are staged. Detail rows reconcile to NG domestic subtotals except 2014, where they sum to 220,494 versus printed 220,495 (1 million peso difference); source values preserved."
debt-o-p001-y2014-r021,O,1,https://github.com/tordecilla/unprogrammed-appropriations/releases/download/pdfs-debt-pages-v1/annex-o-p001.pdf,2014,historical debt service,External,subtotal,principalAmortization,foreign,II. Amortization > External,million pesos,129377,129377000000,1000000,,,,,"All printed annual aggregates and visible instrument rows are staged. Detail rows reconcile to NG domestic subtotals except 2014, where they sum to 220,494 versus printed 220,495 (1 million peso difference); source values preserved."
debt-o-p001-y2015-r021,O,1,https://github.com/tordecilla/unprogrammed-appropriations/releases/download/pdfs-debt-pages-v1/annex-o-p001.pdf,2015,historical debt service,External,subtotal,principalAmortization,foreign,II. Amortization > External,million pesos,124756,124756000000,1000000,,,,,"All printed annual aggregates and visible instrument rows are staged. Detail rows reconcile to NG domestic subtotals except 2014, where they sum to 220,494 versus printed 220,495 (1 million peso difference); source values preserved."
debt-o-p001-y2016-r021,O,1,https://github.com/tordecilla/unprogrammed-appropriations/releases/download/pdfs-debt-pages-v1/annex-o-p001.pdf,2016,historical debt service,External,subtotal,principalAmortization,foreign,II. Amortization > External,million pesos,173636,173636000000,1000000,,,,,"All printed annual aggregates and visible instrument rows are staged. Detail rows reconcile to NG domestic subtotals except 2014, where they sum to 220,494 versus printed 220,495 (1 million peso difference); source values preserved."
debt-o-p001-y2017-r021,O,1,https://github.com/tordecilla/unprogrammed-appropriations/releases/download/pdfs-debt-pages-v1/annex-o-p001.pdf,2017,historical debt service,External,subtotal,principalAmortization,foreign,II. Amortization > External,million pesos,140534,140534000000,1000000,,,,,"All printed annual aggregates and visible instrument rows are staged. Detail rows reconcile to NG domestic subtotals except 2014, where they sum to 220,494 versus printed 220,495 (1 million peso difference); source values preserved."
debt-o-p001-y2018-r021,O,1,https://github.com/tordecilla/unprogrammed-appropriations/releases/download/pdfs-debt-pages-v1/annex-o-p001.pdf,2018,historical debt service,External,subtotal,principalAmortization,foreign,II. Amortization > External,million pesos,111325,111325000000,1000000,,,,,"All printed annual aggregates and visible instrument rows are staged. Detail rows reconcile to NG domestic subtotals except 2014, where they sum to 220,494 versus printed 220,495 (1 million peso difference); source values preserved."
debt-o-p001-y2019-r021,O,1,https://github.com/tordecilla/unprogrammed-appropriations/releases/download/pdfs-debt-pages-v1/annex-o-p001.pdf,2019,historical debt service,External,subtotal,principalAmortization,foreign,II. Amortization > External,million pesos,137100,137100000000,1000000,,,,,"All printed annual aggregates and visible instrument rows are staged. Detail rows reconcile to NG domestic subtotals except 2014, where they sum to 220,494 versus printed 220,495 (1 million peso difference); source values preserved."
debt-o-p001-y2020-r021,O,1,https://github.com/tordecilla/unprogrammed-appropriations/releases/download/pdfs-debt-pages-v1/annex-o-p001.pdf,2020,historical debt service,External,subtotal,principalAmortization,foreign,II. Amortization > External,million pesos,141653,141653000000,1000000,,,,,"All printed annual aggregates and visible instrument rows are staged. Detail rows reconcile to NG domestic subtotals except 2014, where they sum to 220,494 versus printed 220,495 (1 million peso difference); source values preserved."
debt-o-p001-y2021-r021,O,1,https://github.com/tordecilla/unprogrammed-appropriations/releases/download/pdfs-debt-pages-v1/annex-o-p001.pdf,2021,historical debt service,External,subtotal,principalAmortization,foreign,II. Amortization > External,million pesos,237187,237187000000,1000000,,,,,"All printed annual aggregates and visible instrument rows are staged. Detail rows reconcile to NG domestic subtotals except 2014, where they sum to 220,494 versus printed 220,495 (1 million peso difference); source values preserved."
debt-o-p001-y2022-r021,O,1,https://github.com/tordecilla/unprogrammed-appropriations/releases/download/pdfs-debt-pages-v1/annex-o-p001.pdf,2022,historical debt service,External,subtotal,principalAmortization,foreign,II. Amortization > External,million pesos,130489,130489000000,1000000,,,,,"All printed annual aggregates and visible instrument rows are staged. Detail rows reconcile to NG domestic subtotals except 2014, where they sum to 220,494 versus printed 220,495 (1 million peso difference); source values preserved."
debt-o-p001-y2023-r021,O,1,https://github.com/tordecilla/unprogrammed-appropriations/releases/download/pdfs-debt-pages-v1/annex-o-p001.pdf,2023,historical debt service,External,subtotal,principalAmortization,foreign,II. Amortization > External,million pesos,121113,121113000000,1000000,,,,,"All printed annual aggregates and visible instrument rows are staged. Detail rows reconcile to NG domestic subtotals except 2014, where they sum to 220,494 versus printed 220,495 (1 million peso difference); source values preserved."
debt-o-p001-y2024-r021,O,1,https://github.com/tordecilla/unprogrammed-appropriations/releases/download/pdfs-debt-pages-v1/annex-o-p001.pdf,2024,historical debt service,External,subtotal,principalAmortization,foreign,II. Amortization > External,million pesos,239293,239293000000,1000000,,,,,"All printed annual aggregates and visible instrument rows are staged. Detail rows reconcile to NG domestic subtotals except 2014, where they sum to 220,494 versus printed 220,495 (1 million peso difference); source values preserved."
debt-o-p001-y2025-r021,O,1,https://github.com/tordecilla/unprogrammed-appropriations/releases/download/pdfs-debt-pages-v1/annex-o-p001.pdf,2025,historical debt service,External,subtotal,principalAmortization,foreign,II. Amortization > External,million pesos,223669,223669000000,1000000,,,,,"All printed annual aggregates and visible instrument rows are staged. Detail rows reconcile to NG domestic subtotals except 2014, where they sum to 220,494 versus printed 220,495 (1 million peso difference); source values preserved."
debt-o-p001-y2004-r022,O,1,https://github.com/tordecilla/unprogrammed-appropriations/releases/download/pdfs-debt-pages-v1/annex-o-p001.pdf,2004,historical debt service,NG,subtotal,interestPayments,foreign,I. Interest Payments > External > NG,million pesos,90252,90252000000,1000000,,,,,"All printed annual aggregates and visible instrument rows are staged. Detail rows reconcile to NG domestic subtotals except 2014, where they sum to 220,494 versus printed 220,495 (1 million peso difference); source values preserved."
debt-o-p001-y2005-r022,O,1,https://github.com/tordecilla/unprogrammed-appropriations/releases/download/pdfs-debt-pages-v1/annex-o-p001.pdf,2005,historical debt service,NG,subtotal,interestPayments,foreign,I. Interest Payments > External > NG,million pesos,108982,108982000000,1000000,,,,,"All printed annual aggregates and visible instrument rows are staged. Detail rows reconcile to NG domestic subtotals except 2014, where they sum to 220,494 versus printed 220,495 (1 million peso difference); source values preserved."
debt-o-p001-y2006-r022,O,1,https://github.com/tordecilla/unprogrammed-appropriations/releases/download/pdfs-debt-pages-v1/annex-o-p001.pdf,2006,historical debt service,NG,subtotal,interestPayments,foreign,I. Interest Payments > External > NG,million pesos,112409,112409000000,1000000,,,,,"All printed annual aggregates and visible instrument rows are staged. Detail rows reconcile to NG domestic subtotals except 2014, where they sum to 220,494 versus printed 220,495 (1 million peso difference); source values preserved."
debt-o-p001-y2007-r022,O,1,https://github.com/tordecilla/unprogrammed-appropriations/releases/download/pdfs-debt-pages-v1/annex-o-p001.pdf,2007,historical debt service,NG,subtotal,interestPayments,foreign,I. Interest Payments > External > NG,million pesos,110511,110511000000,1000000,,,,,"All printed annual aggregates and visible instrument rows are staged. Detail rows reconcile to NG domestic subtotals except 2014, where they sum to 220,494 versus printed 220,495 (1 million peso difference); source values preserved."
debt-o-p001-y2008-r022,O,1,https://github.com/tordecilla/unprogrammed-appropriations/releases/download/pdfs-debt-pages-v1/annex-o-p001.pdf,2008,historical debt service,NG,subtotal,interestPayments,foreign,I. Interest Payments > External > NG,million pesos,101742,101742000000,1000000,,,,,"All printed annual aggregates and visible instrument rows are staged. Detail rows reconcile to NG domestic subtotals except 2014, where they sum to 220,494 versus printed 220,495 (1 million peso difference); source values preserved."
debt-o-p001-y2009-r022,O,1,https://github.com/tordecilla/unprogrammed-appropriations/releases/download/pdfs-debt-pages-v1/annex-o-p001.pdf,2009,historical debt service,NG,subtotal,interestPayments,foreign,I. Interest Payments > External > NG,million pesos,114161,114161000000,1000000,,,,,"All printed annual aggregates and visible instrument rows are staged. Detail rows reconcile to NG domestic subtotals except 2014, where they sum to 220,494 versus printed 220,495 (1 million peso difference); source values preserved."
debt-o-p001-y2010-r022,O,1,https://github.com/tordecilla/unprogrammed-appropriations/releases/download/pdfs-debt-pages-v1/annex-o-p001.pdf,2010,historical debt service,NG,subtotal,interestPayments,foreign,I. Interest Payments > External > NG,million pesos,118571,118571000000,1000000,,,,,"All printed annual aggregates and visible instrument rows are staged. Detail rows reconcile to NG domestic subtotals except 2014, where they sum to 220,494 versus printed 220,495 (1 million peso difference); source values preserved."
debt-o-p001-y2011-r022,O,1,https://github.com/tordecilla/unprogrammed-appropriations/releases/download/pdfs-debt-pages-v1/annex-o-p001.pdf,2011,historical debt service,NG,subtotal,interestPayments,foreign,I. Interest Payments > External > NG,million pesos,108520,108520000000,1000000,,,,,"All printed annual aggregates and visible instrument rows are staged. Detail rows reconcile to NG domestic subtotals except 2014, where they sum to 220,494 versus printed 220,495 (1 million peso difference); source values preserved."
debt-o-p001-y2012-r022,O,1,https://github.com/tordecilla/unprogrammed-appropriations/releases/download/pdfs-debt-pages-v1/annex-o-p001.pdf,2012,historical debt service,NG,subtotal,interestPayments,foreign,I. Interest Payments > External > NG,million pesos,111584,111584000000,1000000,,,,,"All printed annual aggregates and visible instrument rows are staged. Detail rows reconcile to NG domestic subtotals except 2014, where they sum to 220,494 versus printed 220,495 (1 million peso difference); source values preserved."
debt-o-p001-y2013-r022,O,1,https://github.com/tordecilla/unprogrammed-appropriations/releases/download/pdfs-debt-pages-v1/annex-o-p001.pdf,2013,historical debt service,NG,subtotal,interestPayments,foreign,I. Interest Payments > External > NG,million pesos,101117,101117000000,1000000,,,,,"All printed annual aggregates and visible instrument rows are staged. Detail rows reconcile to NG domestic subtotals except 2014, where they sum to 220,494 versus printed 220,495 (1 million peso difference); source values preserved."
debt-o-p001-y2014-r022,O,1,https://github.com/tordecilla/unprogrammed-appropriations/releases/download/pdfs-debt-pages-v1/annex-o-p001.pdf,2014,historical debt service,NG,subtotal,interestPayments,foreign,I. Interest Payments > External > NG,million pesos,100690,100690000000,1000000,,,,,"All printed annual aggregates and visible instrument rows are staged. Detail rows reconcile to NG domestic subtotals except 2014, where they sum to 220,494 versus printed 220,495 (1 million peso difference); source values preserved."
debt-o-p001-y2015-r022,O,1,https://github.com/tordecilla/unprogrammed-appropriations/releases/download/pdfs-debt-pages-v1/annex-o-p001.pdf,2015,historical debt service,NG,subtotal,interestPayments,foreign,I. Interest Payments > External > NG,million pesos,93775,93775000000,1000000,,,,,"All printed annual aggregates and visible instrument rows are staged. Detail rows reconcile to NG domestic subtotals except 2014, where they sum to 220,494 versus printed 220,495 (1 million peso difference); source values preserved."
debt-o-p001-y2016-r022,O,1,https://github.com/tordecilla/unprogrammed-appropriations/releases/download/pdfs-debt-pages-v1/annex-o-p001.pdf,2016,historical debt service,NG,subtotal,interestPayments,foreign,I. Interest Payments > External > NG,million pesos,99028,99028000000,1000000,,,,,"All printed annual aggregates and visible instrument rows are staged. Detail rows reconcile to NG domestic subtotals except 2014, where they sum to 220,494 versus printed 220,495 (1 million peso difference); source values preserved."
debt-o-p001-y2017-r022,O,1,https://github.com/tordecilla/unprogrammed-appropriations/releases/download/pdfs-debt-pages-v1/annex-o-p001.pdf,2017,historical debt service,NG,subtotal,interestPayments,foreign,I. Interest Payments > External > NG,million pesos,100065,100065000000,1000000,,,,,"All printed annual aggregates and visible instrument rows are staged. Detail rows reconcile to NG domestic subtotals except 2014, where they sum to 220,494 versus printed 220,495 (1 million peso difference); source values preserved."
debt-o-p001-y2018-r022,O,1,https://github.com/tordecilla/unprogrammed-appropriations/releases/download/pdfs-debt-pages-v1/annex-o-p001.pdf,2018,historical debt service,NG,subtotal,interestPayments,foreign,I. Interest Payments > External > NG,million pesos,105983,105983000000,1000000,,,,,"All printed annual aggregates and visible instrument rows are staged. Detail rows reconcile to NG domestic subtotals except 2014, where they sum to 220,494 versus printed 220,495 (1 million peso difference); source values preserved."
debt-o-p001-y2019-r022,O,1,https://github.com/tordecilla/unprogrammed-appropriations/releases/download/pdfs-debt-pages-v1/annex-o-p001.pdf,2019,historical debt service,NG,subtotal,interestPayments,foreign,I. Interest Payments > External > NG,million pesos,110576,110576000000,1000000,,,,,"All printed annual aggregates and visible instrument rows are staged. Detail rows reconcile to NG domestic subtotals except 2014, where they sum to 220,494 versus printed 220,495 (1 million peso difference); source values preserved."
debt-o-p001-y2020-r022,O,1,https://github.com/tordecilla/unprogrammed-appropriations/releases/download/pdfs-debt-pages-v1/annex-o-p001.pdf,2020,historical debt service,NG,subtotal,interestPayments,foreign,I. Interest Payments > External > NG,million pesos,101356,101356000000,1000000,,,,,"All printed annual aggregates and visible instrument rows are staged. Detail rows reconcile to NG domestic subtotals except 2014, where they sum to 220,494 versus printed 220,495 (1 million peso difference); source values preserved."
debt-o-p001-y2021-r022,O,1,https://github.com/tordecilla/unprogrammed-appropriations/releases/download/pdfs-debt-pages-v1/annex-o-p001.pdf,2021,historical debt service,NG,subtotal,interestPayments,foreign,I. Interest Payments > External > NG,million pesos,96097,96097000000,1000000,,,,,"All printed annual aggregates and visible instrument rows are staged. Detail rows reconcile to NG domestic subtotals except 2014, where they sum to 220,494 versus printed 220,495 (1 million peso difference); source values preserved."
debt-o-p001-y2022-r022,O,1,https://github.com/tordecilla/unprogrammed-appropriations/releases/download/pdfs-debt-pages-v1/annex-o-p001.pdf,2022,historical debt service,NG,subtotal,interestPayments,foreign,I. Interest Payments > External > NG,million pesos,119406,119406000000,1000000,,,,,"All printed annual aggregates and visible instrument rows are staged. Detail rows reconcile to NG domestic subtotals except 2014, where they sum to 220,494 versus printed 220,495 (1 million peso difference); source values preserved."
debt-o-p001-y2023-r022,O,1,https://github.com/tordecilla/unprogrammed-appropriations/releases/download/pdfs-debt-pages-v1/annex-o-p001.pdf,2023,historical debt service,NG,subtotal,interestPayments,foreign,I. Interest Payments > External > NG,million pesos,192591,192591000000,1000000,,,,,"All printed annual aggregates and visible instrument rows are staged. Detail rows reconcile to NG domestic subtotals except 2014, where they sum to 220,494 versus printed 220,495 (1 million peso difference); source values preserved."
debt-o-p001-y2024-r022,O,1,https://github.com/tordecilla/unprogrammed-appropriations/releases/download/pdfs-debt-pages-v1/annex-o-p001.pdf,2024,historical debt service,NG,subtotal,interestPayments,foreign,I. Interest Payments > External > NG,million pesos,223484,223484000000,1000000,,,,,"All printed annual aggregates and visible instrument rows are staged. Detail rows reconcile to NG domestic subtotals except 2014, where they sum to 220,494 versus printed 220,495 (1 million peso difference); source values preserved."
debt-o-p001-y2025-r022,O,1,https://github.com/tordecilla/unprogrammed-appropriations/releases/download/pdfs-debt-pages-v1/annex-o-p001.pdf,2025,historical debt service,NG,subtotal,interestPayments,foreign,I. Interest Payments > External > NG,million pesos,229293,229293000000,1000000,,,,,"All printed annual aggregates and visible instrument rows are staged. Detail rows reconcile to NG domestic subtotals except 2014, where they sum to 220,494 versus printed 220,495 (1 million peso difference); source values preserved."
debt-o-p001-y2004-r023,O,1,https://github.com/tordecilla/unprogrammed-appropriations/releases/download/pdfs-debt-pages-v1/annex-o-p001.pdf,2004,historical debt service,Assumed Liabilities,subtotal,interestPayments,foreign,I. Interest Payments > External > Assumed Liabilities,million pesos,652,652000000,1000000,,,,,"All printed annual aggregates and visible instrument rows are staged. Detail rows reconcile to NG domestic subtotals except 2014, where they sum to 220,494 versus printed 220,495 (1 million peso difference); source values preserved."
debt-o-p001-y2005-r023,O,1,https://github.com/tordecilla/unprogrammed-appropriations/releases/download/pdfs-debt-pages-v1/annex-o-p001.pdf,2005,historical debt service,Assumed Liabilities,subtotal,interestPayments,foreign,I. Interest Payments > External > Assumed Liabilities,million pesos,473,473000000,1000000,,,,,"All printed annual aggregates and visible instrument rows are staged. Detail rows reconcile to NG domestic subtotals except 2014, where they sum to 220,494 versus printed 220,495 (1 million peso difference); source values preserved."
debt-o-p001-y2006-r023,O,1,https://github.com/tordecilla/unprogrammed-appropriations/releases/download/pdfs-debt-pages-v1/annex-o-p001.pdf,2006,historical debt service,Assumed Liabilities,subtotal,interestPayments,foreign,I. Interest Payments > External > Assumed Liabilities,million pesos,436,436000000,1000000,,,,,"All printed annual aggregates and visible instrument rows are staged. Detail rows reconcile to NG domestic subtotals except 2014, where they sum to 220,494 versus printed 220,495 (1 million peso difference); source values preserved."
debt-o-p001-y2007-r023,O,1,https://github.com/tordecilla/unprogrammed-appropriations/releases/download/pdfs-debt-pages-v1/annex-o-p001.pdf,2007,historical debt service,Assumed Liabilities,subtotal,interestPayments,foreign,I. Interest Payments > External > Assumed Liabilities,million pesos,69,69000000,1000000,,,,,"All printed annual aggregates and visible instrument rows are staged. Detail rows reconcile to NG domestic subtotals except 2014, where they sum to 220,494 versus printed 220,495 (1 million peso difference); source values preserved."
debt-o-p001-y2008-r023,O,1,https://github.com/tordecilla/unprogrammed-appropriations/releases/download/pdfs-debt-pages-v1/annex-o-p001.pdf,2008,historical debt service,Assumed Liabilities,subtotal,interestPayments,foreign,I. Interest Payments > External > Assumed Liabilities,million pesos,2,2000000,1000000,,,,,"All printed annual aggregates and visible instrument rows are staged. Detail rows reconcile to NG domestic subtotals except 2014, where they sum to 220,494 versus printed 220,495 (1 million peso difference); source values preserved."
debt-o-p001-y2009-r023,O,1,https://github.com/tordecilla/unprogrammed-appropriations/releases/download/pdfs-debt-pages-v1/annex-o-p001.pdf,2009,historical debt service,Assumed Liabilities,subtotal,interestPayments,foreign,I. Interest Payments > External > Assumed Liabilities,million pesos,2,2000000,1000000,,,,,"All printed annual aggregates and visible instrument rows are staged. Detail rows reconcile to NG domestic subtotals except 2014, where they sum to 220,494 versus printed 220,495 (1 million peso difference); source values preserved."
debt-o-p001-y2010-r023,O,1,https://github.com/tordecilla/unprogrammed-appropriations/releases/download/pdfs-debt-pages-v1/annex-o-p001.pdf,2010,historical debt service,Assumed Liabilities,subtotal,interestPayments,foreign,I. Interest Payments > External > Assumed Liabilities,million pesos,0,0,1000000,,,,,"All printed annual aggregates and visible instrument rows are staged. Detail rows reconcile to NG domestic subtotals except 2014, where they sum to 220,494 versus printed 220,495 (1 million peso difference); source values preserved."
debt-o-p001-y2011-r023,O,1,https://github.com/tordecilla/unprogrammed-appropriations/releases/download/pdfs-debt-pages-v1/annex-o-p001.pdf,2011,historical debt service,Assumed Liabilities,subtotal,interestPayments,foreign,I. Interest Payments > External > Assumed Liabilities,million pesos,0,0,1000000,,,,,"All printed annual aggregates and visible instrument rows are staged. Detail rows reconcile to NG domestic subtotals except 2014, where they sum to 220,494 versus printed 220,495 (1 million peso difference); source values preserved."
debt-o-p001-y2012-r023,O,1,https://github.com/tordecilla/unprogrammed-appropriations/releases/download/pdfs-debt-pages-v1/annex-o-p001.pdf,2012,historical debt service,Assumed Liabilities,subtotal,interestPayments,foreign,I. Interest Payments > External > Assumed Liabilities,million pesos,0,0,1000000,,,,,"All printed annual aggregates and visible instrument rows are staged. Detail rows reconcile to NG domestic subtotals except 2014, where they sum to 220,494 versus printed 220,495 (1 million peso difference); source values preserved."
debt-o-p001-y2013-r023,O,1,https://github.com/tordecilla/unprogrammed-appropriations/releases/download/pdfs-debt-pages-v1/annex-o-p001.pdf,2013,historical debt service,Assumed Liabilities,subtotal,interestPayments,foreign,I. Interest Payments > External > Assumed Liabilities,million pesos,0,0,1000000,,,,,"All printed annual aggregates and visible instrument rows are staged. Detail rows reconcile to NG domestic subtotals except 2014, where they sum to 220,494 versus printed 220,495 (1 million peso difference); source values preserved."
debt-o-p001-y2014-r023,O,1,https://github.com/tordecilla/unprogrammed-appropriations/releases/download/pdfs-debt-pages-v1/annex-o-p001.pdf,2014,historical debt service,Assumed Liabilities,subtotal,interestPayments,foreign,I. Interest Payments > External > Assumed Liabilities,million pesos,0,0,1000000,,,,,"All printed annual aggregates and visible instrument rows are staged. Detail rows reconcile to NG domestic subtotals except 2014, where they sum to 220,494 versus printed 220,495 (1 million peso difference); source values preserved."
debt-o-p001-y2015-r023,O,1,https://github.com/tordecilla/unprogrammed-appropriations/releases/download/pdfs-debt-pages-v1/annex-o-p001.pdf,2015,historical debt service,Assumed Liabilities,subtotal,interestPayments,foreign,I. Interest Payments > External > Assumed Liabilities,million pesos,0,0,1000000,,,,,"All printed annual aggregates and visible instrument rows are staged. Detail rows reconcile to NG domestic subtotals except 2014, where they sum to 220,494 versus printed 220,495 (1 million peso difference); source values preserved."
debt-o-p001-y2016-r023,O,1,https://github.com/tordecilla/unprogrammed-appropriations/releases/download/pdfs-debt-pages-v1/annex-o-p001.pdf,2016,historical debt service,Assumed Liabilities,subtotal,interestPayments,foreign,I. Interest Payments > External > Assumed Liabilities,million pesos,0,0,1000000,,,,,"All printed annual aggregates and visible instrument rows are staged. Detail rows reconcile to NG domestic subtotals except 2014, where they sum to 220,494 versus printed 220,495 (1 million peso difference); source values preserved."
debt-o-p001-y2017-r023,O,1,https://github.com/tordecilla/unprogrammed-appropriations/releases/download/pdfs-debt-pages-v1/annex-o-p001.pdf,2017,historical debt service,Assumed Liabilities,subtotal,interestPayments,foreign,I. Interest Payments > External > Assumed Liabilities,million pesos,0,0,1000000,,,,,"All printed annual aggregates and visible instrument rows are staged. Detail rows reconcile to NG domestic subtotals except 2014, where they sum to 220,494 versus printed 220,495 (1 million peso difference); source values preserved."
debt-o-p001-y2018-r023,O,1,https://github.com/tordecilla/unprogrammed-appropriations/releases/download/pdfs-debt-pages-v1/annex-o-p001.pdf,2018,historical debt service,Assumed Liabilities,subtotal,interestPayments,foreign,I. Interest Payments > External > Assumed Liabilities,million pesos,0,0,1000000,,,,,"All printed annual aggregates and visible instrument rows are staged. Detail rows reconcile to NG domestic subtotals except 2014, where they sum to 220,494 versus printed 220,495 (1 million peso difference); source values preserved."
debt-o-p001-y2019-r023,O,1,https://github.com/tordecilla/unprogrammed-appropriations/releases/download/pdfs-debt-pages-v1/annex-o-p001.pdf,2019,historical debt service,Assumed Liabilities,subtotal,interestPayments,foreign,I. Interest Payments > External > Assumed Liabilities,million pesos,0,0,1000000,,,,,"All printed annual aggregates and visible instrument rows are staged. Detail rows reconcile to NG domestic subtotals except 2014, where they sum to 220,494 versus printed 220,495 (1 million peso difference); source values preserved."
debt-o-p001-y2020-r023,O,1,https://github.com/tordecilla/unprogrammed-appropriations/releases/download/pdfs-debt-pages-v1/annex-o-p001.pdf,2020,historical debt service,Assumed Liabilities,subtotal,interestPayments,foreign,I. Interest Payments > External > Assumed Liabilities,million pesos,0,0,1000000,,,,,"All printed annual aggregates and visible instrument rows are staged. Detail rows reconcile to NG domestic subtotals except 2014, where they sum to 220,494 versus printed 220,495 (1 million peso difference); source values preserved."
debt-o-p001-y2021-r023,O,1,https://github.com/tordecilla/unprogrammed-appropriations/releases/download/pdfs-debt-pages-v1/annex-o-p001.pdf,2021,historical debt service,Assumed Liabilities,subtotal,interestPayments,foreign,I. Interest Payments > External > Assumed Liabilities,million pesos,0,0,1000000,,,,,"All printed annual aggregates and visible instrument rows are staged. Detail rows reconcile to NG domestic subtotals except 2014, where they sum to 220,494 versus printed 220,495 (1 million peso difference); source values preserved."
debt-o-p001-y2022-r023,O,1,https://github.com/tordecilla/unprogrammed-appropriations/releases/download/pdfs-debt-pages-v1/annex-o-p001.pdf,2022,historical debt service,Assumed Liabilities,subtotal,interestPayments,foreign,I. Interest Payments > External > Assumed Liabilities,million pesos,0,0,1000000,,,,,"All printed annual aggregates and visible instrument rows are staged. Detail rows reconcile to NG domestic subtotals except 2014, where they sum to 220,494 versus printed 220,495 (1 million peso difference); source values preserved."
debt-o-p001-y2023-r023,O,1,https://github.com/tordecilla/unprogrammed-appropriations/releases/download/pdfs-debt-pages-v1/annex-o-p001.pdf,2023,historical debt service,Assumed Liabilities,subtotal,interestPayments,foreign,I. Interest Payments > External > Assumed Liabilities,million pesos,0,0,1000000,,,,,"All printed annual aggregates and visible instrument rows are staged. Detail rows reconcile to NG domestic subtotals except 2014, where they sum to 220,494 versus printed 220,495 (1 million peso difference); source values preserved."
debt-o-p001-y2024-r023,O,1,https://github.com/tordecilla/unprogrammed-appropriations/releases/download/pdfs-debt-pages-v1/annex-o-p001.pdf,2024,historical debt service,Assumed Liabilities,subtotal,interestPayments,foreign,I. Interest Payments > External > Assumed Liabilities,million pesos,0,0,1000000,,,,,"All printed annual aggregates and visible instrument rows are staged. Detail rows reconcile to NG domestic subtotals except 2014, where they sum to 220,494 versus printed 220,495 (1 million peso difference); source values preserved."
debt-o-p001-y2025-r023,O,1,https://github.com/tordecilla/unprogrammed-appropriations/releases/download/pdfs-debt-pages-v1/annex-o-p001.pdf,2025,historical debt service,Assumed Liabilities,subtotal,interestPayments,foreign,I. Interest Payments > External > Assumed Liabilities,million pesos,0,0,1000000,,,,,"All printed annual aggregates and visible instrument rows are staged. Detail rows reconcile to NG domestic subtotals except 2014, where they sum to 220,494 versus printed 220,495 (1 million peso difference); source values preserved."
debt-o-p001-y2004-r024,O,1,https://github.com/tordecilla/unprogrammed-appropriations/releases/download/pdfs-debt-pages-v1/annex-o-p001.pdf,2004,historical debt service,TOTAL,grandTotal,debtServiceTotal,,TOTAL,million pesos,451796,451796000000,1000000,,,,,"All printed annual aggregates and visible instrument rows are staged. Detail rows reconcile to NG domestic subtotals except 2014, where they sum to 220,494 versus printed 220,495 (1 million peso difference); source values preserved."
debt-o-p001-y2005-r024,O,1,https://github.com/tordecilla/unprogrammed-appropriations/releases/download/pdfs-debt-pages-v1/annex-o-p001.pdf,2005,historical debt service,TOTAL,grandTotal,debtServiceTotal,,TOTAL,million pesos,657394,657394000000,1000000,,,,,"All printed annual aggregates and visible instrument rows are staged. Detail rows reconcile to NG domestic subtotals except 2014, where they sum to 220,494 versus printed 220,495 (1 million peso difference); source values preserved."
debt-o-p001-y2006-r024,O,1,https://github.com/tordecilla/unprogrammed-appropriations/releases/download/pdfs-debt-pages-v1/annex-o-p001.pdf,2006,historical debt service,TOTAL,grandTotal,debtServiceTotal,,TOTAL,million pesos,839992,839992000000,1000000,,,,,"All printed annual aggregates and visible instrument rows are staged. Detail rows reconcile to NG domestic subtotals except 2014, where they sum to 220,494 versus printed 220,495 (1 million peso difference); source values preserved."
debt-o-p001-y2007-r024,O,1,https://github.com/tordecilla/unprogrammed-appropriations/releases/download/pdfs-debt-pages-v1/annex-o-p001.pdf,2007,historical debt service,TOTAL,grandTotal,debtServiceTotal,,TOTAL,million pesos,610140,610140000000,1000000,,,,,"All printed annual aggregates and visible instrument rows are staged. Detail rows reconcile to NG domestic subtotals except 2014, where they sum to 220,494 versus printed 220,495 (1 million peso difference); source values preserved."
debt-o-p001-y2008-r024,O,1,https://github.com/tordecilla/unprogrammed-appropriations/releases/download/pdfs-debt-pages-v1/annex-o-p001.pdf,2008,historical debt service,TOTAL,grandTotal,debtServiceTotal,,TOTAL,million pesos,564019,564019000000,1000000,,,,,"All printed annual aggregates and visible instrument rows are staged. Detail rows reconcile to NG domestic subtotals except 2014, where they sum to 220,494 versus printed 220,495 (1 million peso difference); source values preserved."
debt-o-p001-y2009-r024,O,1,https://github.com/tordecilla/unprogrammed-appropriations/releases/download/pdfs-debt-pages-v1/annex-o-p001.pdf,2009,historical debt service,TOTAL,grandTotal,debtServiceTotal,,TOTAL,million pesos,779303,779303000000,1000000,,,,,"All printed annual aggregates and visible instrument rows are staged. Detail rows reconcile to NG domestic subtotals except 2014, where they sum to 220,494 versus printed 220,495 (1 million peso difference); source values preserved."
debt-o-p001-y2010-r024,O,1,https://github.com/tordecilla/unprogrammed-appropriations/releases/download/pdfs-debt-pages-v1/annex-o-p001.pdf,2010,historical debt service,TOTAL,grandTotal,debtServiceTotal,,TOTAL,million pesos,939222,939222000000,1000000,,,,,"All printed annual aggregates and visible instrument rows are staged. Detail rows reconcile to NG domestic subtotals except 2014, where they sum to 220,494 versus printed 220,495 (1 million peso difference); source values preserved."
debt-o-p001-y2011-r024,O,1,https://github.com/tordecilla/unprogrammed-appropriations/releases/download/pdfs-debt-pages-v1/annex-o-p001.pdf,2011,historical debt service,TOTAL,grandTotal,debtServiceTotal,,TOTAL,million pesos,930569,930569000000,1000000,,,,,"All printed annual aggregates and visible instrument rows are staged. Detail rows reconcile to NG domestic subtotals except 2014, where they sum to 220,494 versus printed 220,495 (1 million peso difference); source values preserved."
debt-o-p001-y2012-r024,O,1,https://github.com/tordecilla/unprogrammed-appropriations/releases/download/pdfs-debt-pages-v1/annex-o-p001.pdf,2012,historical debt service,TOTAL,grandTotal,debtServiceTotal,,TOTAL,million pesos,599242,599242000000,1000000,,,,,"All printed annual aggregates and visible instrument rows are staged. Detail rows reconcile to NG domestic subtotals except 2014, where they sum to 220,494 versus printed 220,495 (1 million peso difference); source values preserved."
debt-o-p001-y2013-r024,O,1,https://github.com/tordecilla/unprogrammed-appropriations/releases/download/pdfs-debt-pages-v1/annex-o-p001.pdf,2013,historical debt service,TOTAL,grandTotal,debtServiceTotal,,TOTAL,million pesos,698522,698522000000,1000000,,,,,"All printed annual aggregates and visible instrument rows are staged. Detail rows reconcile to NG domestic subtotals except 2014, where they sum to 220,494 versus printed 220,495 (1 million peso difference); source values preserved."
debt-o-p001-y2014-r024,O,1,https://github.com/tordecilla/unprogrammed-appropriations/releases/download/pdfs-debt-pages-v1/annex-o-p001.pdf,2014,historical debt service,TOTAL,grandTotal,debtServiceTotal,,TOTAL,million pesos,755547,755547000000,1000000,,,,,"All printed annual aggregates and visible instrument rows are staged. Detail rows reconcile to NG domestic subtotals except 2014, where they sum to 220,494 versus printed 220,495 (1 million peso difference); source values preserved."
debt-o-p001-y2015-r024,O,1,https://github.com/tordecilla/unprogrammed-appropriations/releases/download/pdfs-debt-pages-v1/annex-o-p001.pdf,2015,historical debt service,TOTAL,grandTotal,debtServiceTotal,,TOTAL,million pesos,797259,797259000000,1000000,,,,,"All printed annual aggregates and visible instrument rows are staged. Detail rows reconcile to NG domestic subtotals except 2014, where they sum to 220,494 versus printed 220,495 (1 million peso difference); source values preserved."
debt-o-p001-y2016-r024,O,1,https://github.com/tordecilla/unprogrammed-appropriations/releases/download/pdfs-debt-pages-v1/annex-o-p001.pdf,2016,historical debt service,TOTAL,grandTotal,debtServiceTotal,,TOTAL,million pesos,789965,789965000000,1000000,,,,,"All printed annual aggregates and visible instrument rows are staged. Detail rows reconcile to NG domestic subtotals except 2014, where they sum to 220,494 versus printed 220,495 (1 million peso difference); source values preserved."
debt-o-p001-y2017-r024,O,1,https://github.com/tordecilla/unprogrammed-appropriations/releases/download/pdfs-debt-pages-v1/annex-o-p001.pdf,2017,historical debt service,TOTAL,grandTotal,debtServiceTotal,,TOTAL,million pesos,680467,680467000000,1000000,,,,,"All printed annual aggregates and visible instrument rows are staged. Detail rows reconcile to NG domestic subtotals except 2014, where they sum to 220,494 versus printed 220,495 (1 million peso difference); source values preserved."
debt-o-p001-y2018-r024,O,1,https://github.com/tordecilla/unprogrammed-appropriations/releases/download/pdfs-debt-pages-v1/annex-o-p001.pdf,2018,historical debt service,TOTAL,grandTotal,debtServiceTotal,,TOTAL,million pesos,725589,725589000000,1000000,,,,,"All printed annual aggregates and visible instrument rows are staged. Detail rows reconcile to NG domestic subtotals except 2014, where they sum to 220,494 versus printed 220,495 (1 million peso difference); source values preserved."
debt-o-p001-y2019-r024,O,1,https://github.com/tordecilla/unprogrammed-appropriations/releases/download/pdfs-debt-pages-v1/annex-o-p001.pdf,2019,historical debt service,TOTAL,grandTotal,debtServiceTotal,,TOTAL,million pesos,842449,842449000000,1000000,,,,,"All printed annual aggregates and visible instrument rows are staged. Detail rows reconcile to NG domestic subtotals except 2014, where they sum to 220,494 versus printed 220,495 (1 million peso difference); source values preserved."
debt-o-p001-y2020-r024,O,1,https://github.com/tordecilla/unprogrammed-appropriations/releases/download/pdfs-debt-pages-v1/annex-o-p001.pdf,2020,historical debt service,TOTAL,grandTotal,debtServiceTotal,,TOTAL,million pesos,962466,962466000000,1000000,,,,,"All printed annual aggregates and visible instrument rows are staged. Detail rows reconcile to NG domestic subtotals except 2014, where they sum to 220,494 versus printed 220,495 (1 million peso difference); source values preserved."
debt-o-p001-y2021-r024,O,1,https://github.com/tordecilla/unprogrammed-appropriations/releases/download/pdfs-debt-pages-v1/annex-o-p001.pdf,2021,historical debt service,TOTAL,grandTotal,debtServiceTotal,,TOTAL,million pesos,1204069,1204069000000,1000000,,,,,"All printed annual aggregates and visible instrument rows are staged. Detail rows reconcile to NG domestic subtotals except 2014, where they sum to 220,494 versus printed 220,495 (1 million peso difference); source values preserved."
debt-o-p001-y2022-r024,O,1,https://github.com/tordecilla/unprogrammed-appropriations/releases/download/pdfs-debt-pages-v1/annex-o-p001.pdf,2022,historical debt service,TOTAL,grandTotal,debtServiceTotal,,TOTAL,million pesos,1249412,1249412000000,1000000,,,,,"All printed annual aggregates and visible instrument rows are staged. Detail rows reconcile to NG domestic subtotals except 2014, where they sum to 220,494 versus printed 220,495 (1 million peso difference); source values preserved."
debt-o-p001-y2023-r024,O,1,https://github.com/tordecilla/unprogrammed-appropriations/releases/download/pdfs-debt-pages-v1/annex-o-p001.pdf,2023,historical debt service,TOTAL,grandTotal,debtServiceTotal,,TOTAL,million pesos,1571939,1571939000000,1000000,,,,,"All printed annual aggregates and visible instrument rows are staged. Detail rows reconcile to NG domestic subtotals except 2014, where they sum to 220,494 versus printed 220,495 (1 million peso difference); source values preserved."
debt-o-p001-y2024-r024,O,1,https://github.com/tordecilla/unprogrammed-appropriations/releases/download/pdfs-debt-pages-v1/annex-o-p001.pdf,2024,historical debt service,TOTAL,grandTotal,debtServiceTotal,,TOTAL,million pesos,2020642,2020642000000,1000000,,,,,"All printed annual aggregates and visible instrument rows are staged. Detail rows reconcile to NG domestic subtotals except 2014, where they sum to 220,494 versus printed 220,495 (1 million peso difference); source values preserved."
debt-o-p001-y2025-r024,O,1,https://github.com/tordecilla/unprogrammed-appropriations/releases/download/pdfs-debt-pages-v1/annex-o-p001.pdf,2025,historical debt service,TOTAL,grandTotal,debtServiceTotal,,TOTAL,million pesos,2103171,2103171000000,1000000,,,,,"All printed annual aggregates and visible instrument rows are staged. Detail rows reconcile to NG domestic subtotals except 2014, where they sum to 220,494 versus printed 220,495 (1 million peso difference); source values preserved."
debt-o-p002-y1986-r001,O,2,https://github.com/tordecilla/unprogrammed-appropriations/releases/download/pdfs-debt-pages-v1/annex-o-p002.pdf,1986,historical debt service,I. Interest Payments,subtotal,interestPayments,,I. Interest Payments,million pesos,21612,21612000000,1000000,,,,,"All printed annual aggregates and visible instrument/assumed-liability rows are staged. For domestic NG, instrument-detail rows are all zero in 1986 and sum to zero in 1988 while printed subtotals are 13,845 and 25,710; these source differences are preserved. Other years reconcile, except as qualified by the printed note that breakdowns may not sum due to rounding."
debt-o-p002-y1987-r001,O,2,https://github.com/tordecilla/unprogrammed-appropriations/releases/download/pdfs-debt-pages-v1/annex-o-p002.pdf,1987,historical debt service,I. Interest Payments,subtotal,interestPayments,,I. Interest Payments,million pesos,36905,36905000000,1000000,,,,,"All printed annual aggregates and visible instrument/assumed-liability rows are staged. For domestic NG, instrument-detail rows are all zero in 1986 and sum to zero in 1988 while printed subtotals are 13,845 and 25,710; these source differences are preserved. Other years reconcile, except as qualified by the printed note that breakdowns may not sum due to rounding."
debt-o-p002-y1988-r001,O,2,https://github.com/tordecilla/unprogrammed-appropriations/releases/download/pdfs-debt-pages-v1/annex-o-p002.pdf,1988,historical debt service,I. Interest Payments,subtotal,interestPayments,,I. Interest Payments,million pesos,45865,45865000000,1000000,,,,,"All printed annual aggregates and visible instrument/assumed-liability rows are staged. For domestic NG, instrument-detail rows are all zero in 1986 and sum to zero in 1988 while printed subtotals are 13,845 and 25,710; these source differences are preserved. Other years reconcile, except as qualified by the printed note that breakdowns may not sum due to rounding."
debt-o-p002-y1989-r001,O,2,https://github.com/tordecilla/unprogrammed-appropriations/releases/download/pdfs-debt-pages-v1/annex-o-p002.pdf,1989,historical debt service,I. Interest Payments,subtotal,interestPayments,,I. Interest Payments,million pesos,54714,54714000000,1000000,,,,,"All printed annual aggregates and visible instrument/assumed-liability rows are staged. For domestic NG, instrument-detail rows are all zero in 1986 and sum to zero in 1988 while printed subtotals are 13,845 and 25,710; these source differences are preserved. Other years reconcile, except as qualified by the printed note that breakdowns may not sum due to rounding."
debt-o-p002-y1990-r001,O,2,https://github.com/tordecilla/unprogrammed-appropriations/releases/download/pdfs-debt-pages-v1/annex-o-p002.pdf,1990,historical debt service,I. Interest Payments,subtotal,interestPayments,,I. Interest Payments,million pesos,71114,71114000000,1000000,,,,,"All printed annual aggregates and visible instrument/assumed-liability rows are staged. For domestic NG, instrument-detail rows are all zero in 1986 and sum to zero in 1988 while printed subtotals are 13,845 and 25,710; these source differences are preserved. Other years reconcile, except as qualified by the printed note that breakdowns may not sum due to rounding."
debt-o-p002-y1991-r001,O,2,https://github.com/tordecilla/unprogrammed-appropriations/releases/download/pdfs-debt-pages-v1/annex-o-p002.pdf,1991,historical debt service,I. Interest Payments,subtotal,interestPayments,,I. Interest Payments,million pesos,74922,74922000000,1000000,,,,,"All printed annual aggregates and visible instrument/assumed-liability rows are staged. For domestic NG, instrument-detail rows are all zero in 1986 and sum to zero in 1988 while printed subtotals are 13,845 and 25,710; these source differences are preserved. Other years reconcile, except as qualified by the printed note that breakdowns may not sum due to rounding."
debt-o-p002-y1992-r001,O,2,https://github.com/tordecilla/unprogrammed-appropriations/releases/download/pdfs-debt-pages-v1/annex-o-p002.pdf,1992,historical debt service,I. Interest Payments,subtotal,interestPayments,,I. Interest Payments,million pesos,79571,79571000000,1000000,,,,,"All printed annual aggregates and visible instrument/assumed-liability rows are staged. For domestic NG, instrument-detail rows are all zero in 1986 and sum to zero in 1988 while printed subtotals are 13,845 and 25,710; these source differences are preserved. Other years reconcile, except as qualified by the printed note that breakdowns may not sum due to rounding."
debt-o-p002-y1993-r001,O,2,https://github.com/tordecilla/unprogrammed-appropriations/releases/download/pdfs-debt-pages-v1/annex-o-p002.pdf,1993,historical debt service,I. Interest Payments,subtotal,interestPayments,,I. Interest Payments,million pesos,76491,76491000000,1000000,,,,,"All printed annual aggregates and visible instrument/assumed-liability rows are staged. For domestic NG, instrument-detail rows are all zero in 1986 and sum to zero in 1988 while printed subtotals are 13,845 and 25,710; these source differences are preserved. Other years reconcile, except as qualified by the printed note that breakdowns may not sum due to rounding."
debt-o-p002-y1994-r001,O,2,https://github.com/tordecilla/unprogrammed-appropriations/releases/download/pdfs-debt-pages-v1/annex-o-p002.pdf,1994,historical debt service,I. Interest Payments,subtotal,interestPayments,,I. Interest Payments,million pesos,79123,79123000000,1000000,,,,,"All printed annual aggregates and visible instrument/assumed-liability rows are staged. For domestic NG, instrument-detail rows are all zero in 1986 and sum to zero in 1988 while printed subtotals are 13,845 and 25,710; these source differences are preserved. Other years reconcile, except as qualified by the printed note that breakdowns may not sum due to rounding."
debt-o-p002-y1995-r001,O,2,https://github.com/tordecilla/unprogrammed-appropriations/releases/download/pdfs-debt-pages-v1/annex-o-p002.pdf,1995,historical debt service,I. Interest Payments,subtotal,interestPayments,,I. Interest Payments,million pesos,72658,72658000000,1000000,,,,,"All printed annual aggregates and visible instrument/assumed-liability rows are staged. For domestic NG, instrument-detail rows are all zero in 1986 and sum to zero in 1988 while printed subtotals are 13,845 and 25,710; these source differences are preserved. Other years reconcile, except as qualified by the printed note that breakdowns may not sum due to rounding."
debt-o-p002-y1996-r001,O,2,https://github.com/tordecilla/unprogrammed-appropriations/releases/download/pdfs-debt-pages-v1/annex-o-p002.pdf,1996,historical debt service,I. Interest Payments,subtotal,interestPayments,,I. Interest Payments,million pesos,76522,76522000000,1000000,,,,,"All printed annual aggregates and visible instrument/assumed-liability rows are staged. For domestic NG, instrument-detail rows are all zero in 1986 and sum to zero in 1988 while printed subtotals are 13,845 and 25,710; these source differences are preserved. Other years reconcile, except as qualified by the printed note that breakdowns may not sum due to rounding."
debt-o-p002-y1997-r001,O,2,https://github.com/tordecilla/unprogrammed-appropriations/releases/download/pdfs-debt-pages-v1/annex-o-p002.pdf,1997,historical debt service,I. Interest Payments,subtotal,interestPayments,,I. Interest Payments,million pesos,77971,77971000000,1000000,,,,,"All printed annual aggregates and visible instrument/assumed-liability rows are staged. For domestic NG, instrument-detail rows are all zero in 1986 and sum to zero in 1988 while printed subtotals are 13,845 and 25,710; these source differences are preserved. Other years reconcile, except as qualified by the printed note that breakdowns may not sum due to rounding."
debt-o-p002-y1998-r001,O,2,https://github.com/tordecilla/unprogrammed-appropriations/releases/download/pdfs-debt-pages-v1/annex-o-p002.pdf,1998,historical debt service,I. Interest Payments,subtotal,interestPayments,,I. Interest Payments,million pesos,99792,99792000000,1000000,,,,,"All printed annual aggregates and visible instrument/assumed-liability rows are staged. For domestic NG, instrument-detail rows are all zero in 1986 and sum to zero in 1988 while printed subtotals are 13,845 and 25,710; these source differences are preserved. Other years reconcile, except as qualified by the printed note that breakdowns may not sum due to rounding."
debt-o-p002-y1999-r001,O,2,https://github.com/tordecilla/unprogrammed-appropriations/releases/download/pdfs-debt-pages-v1/annex-o-p002.pdf,1999,historical debt service,I. Interest Payments,subtotal,interestPayments,,I. Interest Payments,million pesos,106290,106290000000,1000000,,,,,"All printed annual aggregates and visible instrument/assumed-liability rows are staged. For domestic NG, instrument-detail rows are all zero in 1986 and sum to zero in 1988 while printed subtotals are 13,845 and 25,710; these source differences are preserved. Other years reconcile, except as qualified by the printed note that breakdowns may not sum due to rounding."
debt-o-p002-y2000-r001,O,2,https://github.com/tordecilla/unprogrammed-appropriations/releases/download/pdfs-debt-pages-v1/annex-o-p002.pdf,2000,historical debt service,I. Interest Payments,subtotal,interestPayments,,I. Interest Payments,million pesos,140894,140894000000,1000000,,,,,"All printed annual aggregates and visible instrument/assumed-liability rows are staged. For domestic NG, instrument-detail rows are all zero in 1986 and sum to zero in 1988 while printed subtotals are 13,845 and 25,710; these source differences are preserved. Other years reconcile, except as qualified by the printed note that breakdowns may not sum due to rounding."
debt-o-p002-y2001-r001,O,2,https://github.com/tordecilla/unprogrammed-appropriations/releases/download/pdfs-debt-pages-v1/annex-o-p002.pdf,2001,historical debt service,I. Interest Payments,subtotal,interestPayments,,I. Interest Payments,million pesos,174834,174834000000,1000000,,,,,"All printed annual aggregates and visible instrument/assumed-liability rows are staged. For domestic NG, instrument-detail rows are all zero in 1986 and sum to zero in 1988 while printed subtotals are 13,845 and 25,710; these source differences are preserved. Other years reconcile, except as qualified by the printed note that breakdowns may not sum due to rounding."
debt-o-p002-y2002-r001,O,2,https://github.com/tordecilla/unprogrammed-appropriations/releases/download/pdfs-debt-pages-v1/annex-o-p002.pdf,2002,historical debt service,I. Interest Payments,subtotal,interestPayments,,I. Interest Payments,million pesos,185861,185861000000,1000000,,,,,"All printed annual aggregates and visible instrument/assumed-liability rows are staged. For domestic NG, instrument-detail rows are all zero in 1986 and sum to zero in 1988 while printed subtotals are 13,845 and 25,710; these source differences are preserved. Other years reconcile, except as qualified by the printed note that breakdowns may not sum due to rounding."
debt-o-p002-y2003-r001,O,2,https://github.com/tordecilla/unprogrammed-appropriations/releases/download/pdfs-debt-pages-v1/annex-o-p002.pdf,2003,historical debt service,I. Interest Payments,subtotal,interestPayments,,I. Interest Payments,million pesos,226408,226408000000,1000000,,,,,"All printed annual aggregates and visible instrument/assumed-liability rows are staged. For domestic NG, instrument-detail rows are all zero in 1986 and sum to zero in 1988 while printed subtotals are 13,845 and 25,710; these source differences are preserved. Other years reconcile, except as qualified by the printed note that breakdowns may not sum due to rounding."
debt-o-p002-y1986-r002,O,2,https://github.com/tordecilla/unprogrammed-appropriations/releases/download/pdfs-debt-pages-v1/annex-o-p002.pdf,1986,historical debt service,Domestic,subtotal,debtServiceTotal,domestic,I. Interest Payments > Domestic,million pesos,15022,15022000000,1000000,,,,,"All printed annual aggregates and visible instrument/assumed-liability rows are staged. For domestic NG, instrument-detail rows are all zero in 1986 and sum to zero in 1988 while printed subtotals are 13,845 and 25,710; these source differences are preserved. Other years reconcile, except as qualified by the printed note that breakdowns may not sum due to rounding."
debt-o-p002-y1987-r002,O,2,https://github.com/tordecilla/unprogrammed-appropriations/releases/download/pdfs-debt-pages-v1/annex-o-p002.pdf,1987,historical debt service,Domestic,subtotal,debtServiceTotal,domestic,I. Interest Payments > Domestic,million pesos,24224,24224000000,1000000,,,,,"All printed annual aggregates and visible instrument/assumed-liability rows are staged. For domestic NG, instrument-detail rows are all zero in 1986 and sum to zero in 1988 while printed subtotals are 13,845 and 25,710; these source differences are preserved. Other years reconcile, except as qualified by the printed note that breakdowns may not sum due to rounding."
debt-o-p002-y1988-r002,O,2,https://github.com/tordecilla/unprogrammed-appropriations/releases/download/pdfs-debt-pages-v1/annex-o-p002.pdf,1988,historical debt service,Domestic,subtotal,debtServiceTotal,domestic,I. Interest Payments > Domestic,million pesos,32183,32183000000,1000000,,,,,"All printed annual aggregates and visible instrument/assumed-liability rows are staged. For domestic NG, instrument-detail rows are all zero in 1986 and sum to zero in 1988 while printed subtotals are 13,845 and 25,710; these source differences are preserved. Other years reconcile, except as qualified by the printed note that breakdowns may not sum due to rounding."
debt-o-p002-y1989-r002,O,2,https://github.com/tordecilla/unprogrammed-appropriations/releases/download/pdfs-debt-pages-v1/annex-o-p002.pdf,1989,historical debt service,Domestic,subtotal,debtServiceTotal,domestic,I. Interest Payments > Domestic,million pesos,41032,41032000000,1000000,,,,,"All printed annual aggregates and visible instrument/assumed-liability rows are staged. For domestic NG, instrument-detail rows are all zero in 1986 and sum to zero in 1988 while printed subtotals are 13,845 and 25,710; these source differences are preserved. Other years reconcile, except as qualified by the printed note that breakdowns may not sum due to rounding."
debt-o-p002-y1990-r002,O,2,https://github.com/tordecilla/unprogrammed-appropriations/releases/download/pdfs-debt-pages-v1/annex-o-p002.pdf,1990,historical debt service,Domestic,subtotal,debtServiceTotal,domestic,I. Interest Payments > Domestic,million pesos,53323,53323000000,1000000,,,,,"All printed annual aggregates and visible instrument/assumed-liability rows are staged. For domestic NG, instrument-detail rows are all zero in 1986 and sum to zero in 1988 while printed subtotals are 13,845 and 25,710; these source differences are preserved. Other years reconcile, except as qualified by the printed note that breakdowns may not sum due to rounding."
debt-o-p002-y1991-r002,O,2,https://github.com/tordecilla/unprogrammed-appropriations/releases/download/pdfs-debt-pages-v1/annex-o-p002.pdf,1991,historical debt service,Domestic,subtotal,debtServiceTotal,domestic,I. Interest Payments > Domestic,million pesos,56347,56347000000,1000000,,,,,"All printed annual aggregates and visible instrument/assumed-liability rows are staged. For domestic NG, instrument-detail rows are all zero in 1986 and sum to zero in 1988 while printed subtotals are 13,845 and 25,710; these source differences are preserved. Other years reconcile, except as qualified by the printed note that breakdowns may not sum due to rounding."
debt-o-p002-y1992-r002,O,2,https://github.com/tordecilla/unprogrammed-appropriations/releases/download/pdfs-debt-pages-v1/annex-o-p002.pdf,1992,historical debt service,Domestic,subtotal,debtServiceTotal,domestic,I. Interest Payments > Domestic,million pesos,63113,63113000000,1000000,,,,,"All printed annual aggregates and visible instrument/assumed-liability rows are staged. For domestic NG, instrument-detail rows are all zero in 1986 and sum to zero in 1988 while printed subtotals are 13,845 and 25,710; these source differences are preserved. Other years reconcile, except as qualified by the printed note that breakdowns may not sum due to rounding."
debt-o-p002-y1993-r002,O,2,https://github.com/tordecilla/unprogrammed-appropriations/releases/download/pdfs-debt-pages-v1/annex-o-p002.pdf,1993,historical debt service,Domestic,subtotal,debtServiceTotal,domestic,I. Interest Payments > Domestic,million pesos,56183,56183000000,1000000,,,,,"All printed annual aggregates and visible instrument/assumed-liability rows are staged. For domestic NG, instrument-detail rows are all zero in 1986 and sum to zero in 1988 while printed subtotals are 13,845 and 25,710; these source differences are preserved. Other years reconcile, except as qualified by the printed note that breakdowns may not sum due to rounding."
debt-o-p002-y1994-r002,O,2,https://github.com/tordecilla/unprogrammed-appropriations/releases/download/pdfs-debt-pages-v1/annex-o-p002.pdf,1994,historical debt service,Domestic,subtotal,debtServiceTotal,domestic,I. Interest Payments > Domestic,million pesos,59806,59806000000,1000000,,,,,"All printed annual aggregates and visible instrument/assumed-liability rows are staged. For domestic NG, instrument-detail rows are all zero in 1986 and sum to zero in 1988 while printed subtotals are 13,845 and 25,710; these source differences are preserved. Other years reconcile, except as qualified by the printed note that breakdowns may not sum due to rounding."
debt-o-p002-y1995-r002,O,2,https://github.com/tordecilla/unprogrammed-appropriations/releases/download/pdfs-debt-pages-v1/annex-o-p002.pdf,1995,historical debt service,Domestic,subtotal,debtServiceTotal,domestic,I. Interest Payments > Domestic,million pesos,50805,50805000000,1000000,,,,,"All printed annual aggregates and visible instrument/assumed-liability rows are staged. For domestic NG, instrument-detail rows are all zero in 1986 and sum to zero in 1988 while printed subtotals are 13,845 and 25,710; these source differences are preserved. Other years reconcile, except as qualified by the printed note that breakdowns may not sum due to rounding."
debt-o-p002-y1996-r002,O,2,https://github.com/tordecilla/unprogrammed-appropriations/releases/download/pdfs-debt-pages-v1/annex-o-p002.pdf,1996,historical debt service,Domestic,subtotal,debtServiceTotal,domestic,I. Interest Payments > Domestic,million pesos,59002,59002000000,1000000,,,,,"All printed annual aggregates and visible instrument/assumed-liability rows are staged. For domestic NG, instrument-detail rows are all zero in 1986 and sum to zero in 1988 while printed subtotals are 13,845 and 25,710; these source differences are preserved. Other years reconcile, except as qualified by the printed note that breakdowns may not sum due to rounding."
debt-o-p002-y1997-r002,O,2,https://github.com/tordecilla/unprogrammed-appropriations/releases/download/pdfs-debt-pages-v1/annex-o-p002.pdf,1997,historical debt service,Domestic,subtotal,debtServiceTotal,domestic,I. Interest Payments > Domestic,million pesos,58350,58350000000,1000000,,,,,"All printed annual aggregates and visible instrument/assumed-liability rows are staged. For domestic NG, instrument-detail rows are all zero in 1986 and sum to zero in 1988 while printed subtotals are 13,845 and 25,710; these source differences are preserved. Other years reconcile, except as qualified by the printed note that breakdowns may not sum due to rounding."
debt-o-p002-y1998-r002,O,2,https://github.com/tordecilla/unprogrammed-appropriations/releases/download/pdfs-debt-pages-v1/annex-o-p002.pdf,1998,historical debt service,Domestic,subtotal,debtServiceTotal,domestic,I. Interest Payments > Domestic,million pesos,73525,73525000000,1000000,,,,,"All printed annual aggregates and visible instrument/assumed-liability rows are staged. For domestic NG, instrument-detail rows are all zero in 1986 and sum to zero in 1988 while printed subtotals are 13,845 and 25,710; these source differences are preserved. Other years reconcile, except as qualified by the printed note that breakdowns may not sum due to rounding."
debt-o-p002-y1999-r002,O,2,https://github.com/tordecilla/unprogrammed-appropriations/releases/download/pdfs-debt-pages-v1/annex-o-p002.pdf,1999,historical debt service,Domestic,subtotal,debtServiceTotal,domestic,I. Interest Payments > Domestic,million pesos,74980,74980000000,1000000,,,,,"All printed annual aggregates and visible instrument/assumed-liability rows are staged. For domestic NG, instrument-detail rows are all zero in 1986 and sum to zero in 1988 while printed subtotals are 13,845 and 25,710; these source differences are preserved. Other years reconcile, except as qualified by the printed note that breakdowns may not sum due to rounding."
debt-o-p002-y2000-r002,O,2,https://github.com/tordecilla/unprogrammed-appropriations/releases/download/pdfs-debt-pages-v1/annex-o-p002.pdf,2000,historical debt service,Domestic,subtotal,debtServiceTotal,domestic,I. Interest Payments > Domestic,million pesos,93575,93575000000,1000000,,,,,"All printed annual aggregates and visible instrument/assumed-liability rows are staged. For domestic NG, instrument-detail rows are all zero in 1986 and sum to zero in 1988 while printed subtotals are 13,845 and 25,710; these source differences are preserved. Other years reconcile, except as qualified by the printed note that breakdowns may not sum due to rounding."
debt-o-p002-y2001-r002,O,2,https://github.com/tordecilla/unprogrammed-appropriations/releases/download/pdfs-debt-pages-v1/annex-o-p002.pdf,2001,historical debt service,Domestic,subtotal,debtServiceTotal,domestic,I. Interest Payments > Domestic,million pesos,112592,112592000000,1000000,,,,,"All printed annual aggregates and visible instrument/assumed-liability rows are staged. For domestic NG, instrument-detail rows are all zero in 1986 and sum to zero in 1988 while printed subtotals are 13,845 and 25,710; these source differences are preserved. Other years reconcile, except as qualified by the printed note that breakdowns may not sum due to rounding."
debt-o-p002-y2002-r002,O,2,https://github.com/tordecilla/unprogrammed-appropriations/releases/download/pdfs-debt-pages-v1/annex-o-p002.pdf,2002,historical debt service,Domestic,subtotal,debtServiceTotal,domestic,I. Interest Payments > Domestic,million pesos,119985,119985000000,1000000,,,,,"All printed annual aggregates and visible instrument/assumed-liability rows are staged. For domestic NG, instrument-detail rows are all zero in 1986 and sum to zero in 1988 while printed subtotals are 13,845 and 25,710; these source differences are preserved. Other years reconcile, except as qualified by the printed note that breakdowns may not sum due to rounding."
debt-o-p002-y2003-r002,O,2,https://github.com/tordecilla/unprogrammed-appropriations/releases/download/pdfs-debt-pages-v1/annex-o-p002.pdf,2003,historical debt service,Domestic,subtotal,debtServiceTotal,domestic,I. Interest Payments > Domestic,million pesos,147565,147565000000,1000000,,,,,"All printed annual aggregates and visible instrument/assumed-liability rows are staged. For domestic NG, instrument-detail rows are all zero in 1986 and sum to zero in 1988 while printed subtotals are 13,845 and 25,710; these source differences are preserved. Other years reconcile, except as qualified by the printed note that breakdowns may not sum due to rounding."
debt-o-p002-y1986-r003,O,2,https://github.com/tordecilla/unprogrammed-appropriations/releases/download/pdfs-debt-pages-v1/annex-o-p002.pdf,1986,historical debt service,NG,subtotal,interestPayments,domestic,I. Interest Payments > Domestic > NG,million pesos,13845,13845000000,1000000,,,,,"All printed annual aggregates and visible instrument/assumed-liability rows are staged. For domestic NG, instrument-detail rows are all zero in 1986 and sum to zero in 1988 while printed subtotals are 13,845 and 25,710; these source differences are preserved. Other years reconcile, except as qualified by the printed note that breakdowns may not sum due to rounding."
debt-o-p002-y1987-r003,O,2,https://github.com/tordecilla/unprogrammed-appropriations/releases/download/pdfs-debt-pages-v1/annex-o-p002.pdf,1987,historical debt service,NG,subtotal,interestPayments,domestic,I. Interest Payments > Domestic > NG,million pesos,18678,18678000000,1000000,,,,,"All printed annual aggregates and visible instrument/assumed-liability rows are staged. For domestic NG, instrument-detail rows are all zero in 1986 and sum to zero in 1988 while printed subtotals are 13,845 and 25,710; these source differences are preserved. Other years reconcile, except as qualified by the printed note that breakdowns may not sum due to rounding."
debt-o-p002-y1988-r003,O,2,https://github.com/tordecilla/unprogrammed-appropriations/releases/download/pdfs-debt-pages-v1/annex-o-p002.pdf,1988,historical debt service,NG,subtotal,interestPayments,domestic,I. Interest Payments > Domestic > NG,million pesos,25710,25710000000,1000000,,,,,"All printed annual aggregates and visible instrument/assumed-liability rows are staged. For domestic NG, instrument-detail rows are all zero in 1986 and sum to zero in 1988 while printed subtotals are 13,845 and 25,710; these source differences are preserved. Other years reconcile, except as qualified by the printed note that breakdowns may not sum due to rounding."
debt-o-p002-y1989-r003,O,2,https://github.com/tordecilla/unprogrammed-appropriations/releases/download/pdfs-debt-pages-v1/annex-o-p002.pdf,1989,historical debt service,NG,subtotal,interestPayments,domestic,I. Interest Payments > Domestic > NG,million pesos,34813,34813000000,1000000,,,,,"All printed annual aggregates and visible instrument/assumed-liability rows are staged. For domestic NG, instrument-detail rows are all zero in 1986 and sum to zero in 1988 while printed subtotals are 13,845 and 25,710; these source differences are preserved. Other years reconcile, except as qualified by the printed note that breakdowns may not sum due to rounding."
debt-o-p002-y1990-r003,O,2,https://github.com/tordecilla/unprogrammed-appropriations/releases/download/pdfs-debt-pages-v1/annex-o-p002.pdf,1990,historical debt service,NG,subtotal,interestPayments,domestic,I. Interest Payments > Domestic > NG,million pesos,46770,46770000000,1000000,,,,,"All printed annual aggregates and visible instrument/assumed-liability rows are staged. For domestic NG, instrument-detail rows are all zero in 1986 and sum to zero in 1988 while printed subtotals are 13,845 and 25,710; these source differences are preserved. Other years reconcile, except as qualified by the printed note that breakdowns may not sum due to rounding."
debt-o-p002-y1991-r003,O,2,https://github.com/tordecilla/unprogrammed-appropriations/releases/download/pdfs-debt-pages-v1/annex-o-p002.pdf,1991,historical debt service,NG,subtotal,interestPayments,domestic,I. Interest Payments > Domestic > NG,million pesos,52654,52654000000,1000000,,,,,"All printed annual aggregates and visible instrument/assumed-liability rows are staged. For domestic NG, instrument-detail rows are all zero in 1986 and sum to zero in 1988 while printed subtotals are 13,845 and 25,710; these source differences are preserved. Other years reconcile, except as qualified by the printed note that breakdowns may not sum due to rounding."
debt-o-p002-y1992-r003,O,2,https://github.com/tordecilla/unprogrammed-appropriations/releases/download/pdfs-debt-pages-v1/annex-o-p002.pdf,1992,historical debt service,NG,subtotal,interestPayments,domestic,I. Interest Payments > Domestic > NG,million pesos,60162,60162000000,1000000,,,,,"All printed annual aggregates and visible instrument/assumed-liability rows are staged. For domestic NG, instrument-detail rows are all zero in 1986 and sum to zero in 1988 while printed subtotals are 13,845 and 25,710; these source differences are preserved. Other years reconcile, except as qualified by the printed note that breakdowns may not sum due to rounding."
debt-o-p002-y1993-r003,O,2,https://github.com/tordecilla/unprogrammed-appropriations/releases/download/pdfs-debt-pages-v1/annex-o-p002.pdf,1993,historical debt service,NG,subtotal,interestPayments,domestic,I. Interest Payments > Domestic > NG,million pesos,54110,54110000000,1000000,,,,,"All printed annual aggregates and visible instrument/assumed-liability rows are staged. For domestic NG, instrument-detail rows are all zero in 1986 and sum to zero in 1988 while printed subtotals are 13,845 and 25,710; these source differences are preserved. Other years reconcile, except as qualified by the printed note that breakdowns may not sum due to rounding."
debt-o-p002-y1994-r003,O,2,https://github.com/tordecilla/unprogrammed-appropriations/releases/download/pdfs-debt-pages-v1/annex-o-p002.pdf,1994,historical debt service,NG,subtotal,interestPayments,domestic,I. Interest Payments > Domestic > NG,million pesos,57899,57899000000,1000000,,,,,"All printed annual aggregates and visible instrument/assumed-liability rows are staged. For domestic NG, instrument-detail rows are all zero in 1986 and sum to zero in 1988 while printed subtotals are 13,845 and 25,710; these source differences are preserved. Other years reconcile, except as qualified by the printed note that breakdowns may not sum due to rounding."
debt-o-p002-y1995-r003,O,2,https://github.com/tordecilla/unprogrammed-appropriations/releases/download/pdfs-debt-pages-v1/annex-o-p002.pdf,1995,historical debt service,NG,subtotal,interestPayments,domestic,I. Interest Payments > Domestic > NG,million pesos,49765,49765000000,1000000,,,,,"All printed annual aggregates and visible instrument/assumed-liability rows are staged. For domestic NG, instrument-detail rows are all zero in 1986 and sum to zero in 1988 while printed subtotals are 13,845 and 25,710; these source differences are preserved. Other years reconcile, except as qualified by the printed note that breakdowns may not sum due to rounding."
debt-o-p002-y1996-r003,O,2,https://github.com/tordecilla/unprogrammed-appropriations/releases/download/pdfs-debt-pages-v1/annex-o-p002.pdf,1996,historical debt service,NG,subtotal,interestPayments,domestic,I. Interest Payments > Domestic > NG,million pesos,56412,56412000000,1000000,,,,,"All printed annual aggregates and visible instrument/assumed-liability rows are staged. For domestic NG, instrument-detail rows are all zero in 1986 and sum to zero in 1988 while printed subtotals are 13,845 and 25,710; these source differences are preserved. Other years reconcile, except as qualified by the printed note that breakdowns may not sum due to rounding."
debt-o-p002-y1997-r003,O,2,https://github.com/tordecilla/unprogrammed-appropriations/releases/download/pdfs-debt-pages-v1/annex-o-p002.pdf,1997,historical debt service,NG,subtotal,interestPayments,domestic,I. Interest Payments > Domestic > NG,million pesos,56689,56689000000,1000000,,,,,"All printed annual aggregates and visible instrument/assumed-liability rows are staged. For domestic NG, instrument-detail rows are all zero in 1986 and sum to zero in 1988 while printed subtotals are 13,845 and 25,710; these source differences are preserved. Other years reconcile, except as qualified by the printed note that breakdowns may not sum due to rounding."
debt-o-p002-y1998-r003,O,2,https://github.com/tordecilla/unprogrammed-appropriations/releases/download/pdfs-debt-pages-v1/annex-o-p002.pdf,1998,historical debt service,NG,subtotal,interestPayments,domestic,I. Interest Payments > Domestic > NG,million pesos,71670,71670000000,1000000,,,,,"All printed annual aggregates and visible instrument/assumed-liability rows are staged. For domestic NG, instrument-detail rows are all zero in 1986 and sum to zero in 1988 while printed subtotals are 13,845 and 25,710; these source differences are preserved. Other years reconcile, except as qualified by the printed note that breakdowns may not sum due to rounding."
debt-o-p002-y1999-r003,O,2,https://github.com/tordecilla/unprogrammed-appropriations/releases/download/pdfs-debt-pages-v1/annex-o-p002.pdf,1999,historical debt service,NG,subtotal,interestPayments,domestic,I. Interest Payments > Domestic > NG,million pesos,73639,73639000000,1000000,,,,,"All printed annual aggregates and visible instrument/assumed-liability rows are staged. For domestic NG, instrument-detail rows are all zero in 1986 and sum to zero in 1988 while printed subtotals are 13,845 and 25,710; these source differences are preserved. Other years reconcile, except as qualified by the printed note that breakdowns may not sum due to rounding."
debt-o-p002-y2000-r003,O,2,https://github.com/tordecilla/unprogrammed-appropriations/releases/download/pdfs-debt-pages-v1/annex-o-p002.pdf,2000,historical debt service,NG,subtotal,interestPayments,domestic,I. Interest Payments > Domestic > NG,million pesos,92104,92104000000,1000000,,,,,"All printed annual aggregates and visible instrument/assumed-liability rows are staged. For domestic NG, instrument-detail rows are all zero in 1986 and sum to zero in 1988 while printed subtotals are 13,845 and 25,710; these source differences are preserved. Other years reconcile, except as qualified by the printed note that breakdowns may not sum due to rounding."
debt-o-p002-y2001-r003,O,2,https://github.com/tordecilla/unprogrammed-appropriations/releases/download/pdfs-debt-pages-v1/annex-o-p002.pdf,2001,historical debt service,NG,subtotal,interestPayments,domestic,I. Interest Payments > Domestic > NG,million pesos,111451,111451000000,1000000,,,,,"All printed annual aggregates and visible instrument/assumed-liability rows are staged. For domestic NG, instrument-detail rows are all zero in 1986 and sum to zero in 1988 while printed subtotals are 13,845 and 25,710; these source differences are preserved. Other years reconcile, except as qualified by the printed note that breakdowns may not sum due to rounding."
debt-o-p002-y2002-r003,O,2,https://github.com/tordecilla/unprogrammed-appropriations/releases/download/pdfs-debt-pages-v1/annex-o-p002.pdf,2002,historical debt service,NG,subtotal,interestPayments,domestic,I. Interest Payments > Domestic > NG,million pesos,119621,119621000000,1000000,,,,,"All printed annual aggregates and visible instrument/assumed-liability rows are staged. For domestic NG, instrument-detail rows are all zero in 1986 and sum to zero in 1988 while printed subtotals are 13,845 and 25,710; these source differences are preserved. Other years reconcile, except as qualified by the printed note that breakdowns may not sum due to rounding."
debt-o-p002-y2003-r003,O,2,https://github.com/tordecilla/unprogrammed-appropriations/releases/download/pdfs-debt-pages-v1/annex-o-p002.pdf,2003,historical debt service,NG,subtotal,interestPayments,domestic,I. Interest Payments > Domestic > NG,million pesos,147419,147419000000,1000000,,,,,"All printed annual aggregates and visible instrument/assumed-liability rows are staged. For domestic NG, instrument-detail rows are all zero in 1986 and sum to zero in 1988 while printed subtotals are 13,845 and 25,710; these source differences are preserved. Other years reconcile, except as qualified by the printed note that breakdowns may not sum due to rounding."
debt-o-p002-y1986-r004,O,2,https://github.com/tordecilla/unprogrammed-appropriations/releases/download/pdfs-debt-pages-v1/annex-o-p002.pdf,1986,historical debt service,Treasury Bills,detail,interestPayments,domestic,I. Interest Payments > Domestic > NG > Treasury Bills,million pesos,0,0,1000000,,,,,"All printed annual aggregates and visible instrument/assumed-liability rows are staged. For domestic NG, instrument-detail rows are all zero in 1986 and sum to zero in 1988 while printed subtotals are 13,845 and 25,710; these source differences are preserved. Other years reconcile, except as qualified by the printed note that breakdowns may not sum due to rounding."
debt-o-p002-y1987-r004,O,2,https://github.com/tordecilla/unprogrammed-appropriations/releases/download/pdfs-debt-pages-v1/annex-o-p002.pdf,1987,historical debt service,Treasury Bills,detail,interestPayments,domestic,I. Interest Payments > Domestic > NG > Treasury Bills,million pesos,14424,14424000000,1000000,,,,,"All printed annual aggregates and visible instrument/assumed-liability rows are staged. For domestic NG, instrument-detail rows are all zero in 1986 and sum to zero in 1988 while printed subtotals are 13,845 and 25,710; these source differences are preserved. Other years reconcile, except as qualified by the printed note that breakdowns may not sum due to rounding."
debt-o-p002-y1988-r004,O,2,https://github.com/tordecilla/unprogrammed-appropriations/releases/download/pdfs-debt-pages-v1/annex-o-p002.pdf,1988,historical debt service,Treasury Bills,detail,interestPayments,domestic,I. Interest Payments > Domestic > NG > Treasury Bills,million pesos,0,0,1000000,,,,,"All printed annual aggregates and visible instrument/assumed-liability rows are staged. For domestic NG, instrument-detail rows are all zero in 1986 and sum to zero in 1988 while printed subtotals are 13,845 and 25,710; these source differences are preserved. Other years reconcile, except as qualified by the printed note that breakdowns may not sum due to rounding."
debt-o-p002-y1989-r004,O,2,https://github.com/tordecilla/unprogrammed-appropriations/releases/download/pdfs-debt-pages-v1/annex-o-p002.pdf,1989,historical debt service,Treasury Bills,detail,interestPayments,domestic,I. Interest Payments > Domestic > NG > Treasury Bills,million pesos,29305,29305000000,1000000,,,,,"All printed annual aggregates and visible instrument/assumed-liability rows are staged. For domestic NG, instrument-detail rows are all zero in 1986 and sum to zero in 1988 while printed subtotals are 13,845 and 25,710; these source differences are preserved. Other years reconcile, except as qualified by the printed note that breakdowns may not sum due to rounding."
debt-o-p002-y1990-r004,O,2,https://github.com/tordecilla/unprogrammed-appropriations/releases/download/pdfs-debt-pages-v1/annex-o-p002.pdf,1990,historical debt service,Treasury Bills,detail,interestPayments,domestic,I. Interest Payments > Domestic > NG > Treasury Bills,million pesos,43100,43100000000,1000000,,,,,"All printed annual aggregates and visible instrument/assumed-liability rows are staged. For domestic NG, instrument-detail rows are all zero in 1986 and sum to zero in 1988 while printed subtotals are 13,845 and 25,710; these source differences are preserved. Other years reconcile, except as qualified by the printed note that breakdowns may not sum due to rounding."
debt-o-p002-y1991-r004,O,2,https://github.com/tordecilla/unprogrammed-appropriations/releases/download/pdfs-debt-pages-v1/annex-o-p002.pdf,1991,historical debt service,Treasury Bills,detail,interestPayments,domestic,I. Interest Payments > Domestic > NG > Treasury Bills,million pesos,41981,41981000000,1000000,,,,,"All printed annual aggregates and visible instrument/assumed-liability rows are staged. For domestic NG, instrument-detail rows are all zero in 1986 and sum to zero in 1988 while printed subtotals are 13,845 and 25,710; these source differences are preserved. Other years reconcile, except as qualified by the printed note that breakdowns may not sum due to rounding."
debt-o-p002-y1992-r004,O,2,https://github.com/tordecilla/unprogrammed-appropriations/releases/download/pdfs-debt-pages-v1/annex-o-p002.pdf,1992,historical debt service,Treasury Bills,detail,interestPayments,domestic,I. Interest Payments > Domestic > NG > Treasury Bills,million pesos,48080,48080000000,1000000,,,,,"All printed annual aggregates and visible instrument/assumed-liability rows are staged. For domestic NG, instrument-detail rows are all zero in 1986 and sum to zero in 1988 while printed subtotals are 13,845 and 25,710; these source differences are preserved. Other years reconcile, except as qualified by the printed note that breakdowns may not sum due to rounding."
debt-o-p002-y1993-r004,O,2,https://github.com/tordecilla/unprogrammed-appropriations/releases/download/pdfs-debt-pages-v1/annex-o-p002.pdf,1993,historical debt service,Treasury Bills,detail,interestPayments,domestic,I. Interest Payments > Domestic > NG > Treasury Bills,million pesos,32254,32254000000,1000000,,,,,"All printed annual aggregates and visible instrument/assumed-liability rows are staged. For domestic NG, instrument-detail rows are all zero in 1986 and sum to zero in 1988 while printed subtotals are 13,845 and 25,710; these source differences are preserved. Other years reconcile, except as qualified by the printed note that breakdowns may not sum due to rounding."
debt-o-p002-y1994-r004,O,2,https://github.com/tordecilla/unprogrammed-appropriations/releases/download/pdfs-debt-pages-v1/annex-o-p002.pdf,1994,historical debt service,Treasury Bills,detail,interestPayments,domestic,I. Interest Payments > Domestic > NG > Treasury Bills,million pesos,30026,30026000000,1000000,,,,,"All printed annual aggregates and visible instrument/assumed-liability rows are staged. For domestic NG, instrument-detail rows are all zero in 1986 and sum to zero in 1988 while printed subtotals are 13,845 and 25,710; these source differences are preserved. Other years reconcile, except as qualified by the printed note that breakdowns may not sum due to rounding."
debt-o-p002-y1995-r004,O,2,https://github.com/tordecilla/unprogrammed-appropriations/releases/download/pdfs-debt-pages-v1/annex-o-p002.pdf,1995,historical debt service,Treasury Bills,detail,interestPayments,domestic,I. Interest Payments > Domestic > NG > Treasury Bills,million pesos,25694,25694000000,1000000,,,,,"All printed annual aggregates and visible instrument/assumed-liability rows are staged. For domestic NG, instrument-detail rows are all zero in 1986 and sum to zero in 1988 while printed subtotals are 13,845 and 25,710; these source differences are preserved. Other years reconcile, except as qualified by the printed note that breakdowns may not sum due to rounding."
debt-o-p002-y1996-r004,O,2,https://github.com/tordecilla/unprogrammed-appropriations/releases/download/pdfs-debt-pages-v1/annex-o-p002.pdf,1996,historical debt service,Treasury Bills,detail,interestPayments,domestic,I. Interest Payments > Domestic > NG > Treasury Bills,million pesos,27628,27628000000,1000000,,,,,"All printed annual aggregates and visible instrument/assumed-liability rows are staged. For domestic NG, instrument-detail rows are all zero in 1986 and sum to zero in 1988 while printed subtotals are 13,845 and 25,710; these source differences are preserved. Other years reconcile, except as qualified by the printed note that breakdowns may not sum due to rounding."
debt-o-p002-y1997-r004,O,2,https://github.com/tordecilla/unprogrammed-appropriations/releases/download/pdfs-debt-pages-v1/annex-o-p002.pdf,1997,historical debt service,Treasury Bills,detail,interestPayments,domestic,I. Interest Payments > Domestic > NG > Treasury Bills,million pesos,26661,26661000000,1000000,,,,,"All printed annual aggregates and visible instrument/assumed-liability rows are staged. For domestic NG, instrument-detail rows are all zero in 1986 and sum to zero in 1988 while printed subtotals are 13,845 and 25,710; these source differences are preserved. Other years reconcile, except as qualified by the printed note that breakdowns may not sum due to rounding."
debt-o-p002-y1998-r004,O,2,https://github.com/tordecilla/unprogrammed-appropriations/releases/download/pdfs-debt-pages-v1/annex-o-p002.pdf,1998,historical debt service,Treasury Bills,detail,interestPayments,domestic,I. Interest Payments > Domestic > NG > Treasury Bills,million pesos,39925,39925000000,1000000,,,,,"All printed annual aggregates and visible instrument/assumed-liability rows are staged. For domestic NG, instrument-detail rows are all zero in 1986 and sum to zero in 1988 while printed subtotals are 13,845 and 25,710; these source differences are preserved. Other years reconcile, except as qualified by the printed note that breakdowns may not sum due to rounding."
debt-o-p002-y1999-r004,O,2,https://github.com/tordecilla/unprogrammed-appropriations/releases/download/pdfs-debt-pages-v1/annex-o-p002.pdf,1999,historical debt service,Treasury Bills,detail,interestPayments,domestic,I. Interest Payments > Domestic > NG > Treasury Bills,million pesos,31719,31719000000,1000000,,,,,"All printed annual aggregates and visible instrument/assumed-liability rows are staged. For domestic NG, instrument-detail rows are all zero in 1986 and sum to zero in 1988 while printed subtotals are 13,845 and 25,710; these source differences are preserved. Other years reconcile, except as qualified by the printed note that breakdowns may not sum due to rounding."
debt-o-p002-y2000-r004,O,2,https://github.com/tordecilla/unprogrammed-appropriations/releases/download/pdfs-debt-pages-v1/annex-o-p002.pdf,2000,historical debt service,Treasury Bills,detail,interestPayments,domestic,I. Interest Payments > Domestic > NG > Treasury Bills,million pesos,29496,29496000000,1000000,,,,,"All printed annual aggregates and visible instrument/assumed-liability rows are staged. For domestic NG, instrument-detail rows are all zero in 1986 and sum to zero in 1988 while printed subtotals are 13,845 and 25,710; these source differences are preserved. Other years reconcile, except as qualified by the printed note that breakdowns may not sum due to rounding."
debt-o-p002-y2001-r004,O,2,https://github.com/tordecilla/unprogrammed-appropriations/releases/download/pdfs-debt-pages-v1/annex-o-p002.pdf,2001,historical debt service,Treasury Bills,detail,interestPayments,domestic,I. Interest Payments > Domestic > NG > Treasury Bills,million pesos,30040,30040000000,1000000,,,,,"All printed annual aggregates and visible instrument/assumed-liability rows are staged. For domestic NG, instrument-detail rows are all zero in 1986 and sum to zero in 1988 while printed subtotals are 13,845 and 25,710; these source differences are preserved. Other years reconcile, except as qualified by the printed note that breakdowns may not sum due to rounding."
debt-o-p002-y2002-r004,O,2,https://github.com/tordecilla/unprogrammed-appropriations/releases/download/pdfs-debt-pages-v1/annex-o-p002.pdf,2002,historical debt service,Treasury Bills,detail,interestPayments,domestic,I. Interest Payments > Domestic > NG > Treasury Bills,million pesos,13634,13634000000,1000000,,,,,"All printed annual aggregates and visible instrument/assumed-liability rows are staged. For domestic NG, instrument-detail rows are all zero in 1986 and sum to zero in 1988 while printed subtotals are 13,845 and 25,710; these source differences are preserved. Other years reconcile, except as qualified by the printed note that breakdowns may not sum due to rounding."
debt-o-p002-y2003-r004,O,2,https://github.com/tordecilla/unprogrammed-appropriations/releases/download/pdfs-debt-pages-v1/annex-o-p002.pdf,2003,historical debt service,Treasury Bills,detail,interestPayments,domestic,I. Interest Payments > Domestic > NG > Treasury Bills,million pesos,23173,23173000000,1000000,,,,,"All printed annual aggregates and visible instrument/assumed-liability rows are staged. For domestic NG, instrument-detail rows are all zero in 1986 and sum to zero in 1988 while printed subtotals are 13,845 and 25,710; these source differences are preserved. Other years reconcile, except as qualified by the printed note that breakdowns may not sum due to rounding."
debt-o-p002-y1986-r005,O,2,https://github.com/tordecilla/unprogrammed-appropriations/releases/download/pdfs-debt-pages-v1/annex-o-p002.pdf,1986,historical debt service,Treasury Bonds,detail,interestPayments,domestic,I. Interest Payments > Domestic > NG > Treasury Bonds,million pesos,0,0,1000000,,,,,"All printed annual aggregates and visible instrument/assumed-liability rows are staged. For domestic NG, instrument-detail rows are all zero in 1986 and sum to zero in 1988 while printed subtotals are 13,845 and 25,710; these source differences are preserved. Other years reconcile, except as qualified by the printed note that breakdowns may not sum due to rounding."
debt-o-p002-y1987-r005,O,2,https://github.com/tordecilla/unprogrammed-appropriations/releases/download/pdfs-debt-pages-v1/annex-o-p002.pdf,1987,historical debt service,Treasury Bonds,detail,interestPayments,domestic,I. Interest Payments > Domestic > NG > Treasury Bonds,million pesos,0,0,1000000,,,,,"All printed annual aggregates and visible instrument/assumed-liability rows are staged. For domestic NG, instrument-detail rows are all zero in 1986 and sum to zero in 1988 while printed subtotals are 13,845 and 25,710; these source differences are preserved. Other years reconcile, except as qualified by the printed note that breakdowns may not sum due to rounding."
debt-o-p002-y1988-r005,O,2,https://github.com/tordecilla/unprogrammed-appropriations/releases/download/pdfs-debt-pages-v1/annex-o-p002.pdf,1988,historical debt service,Treasury Bonds,detail,interestPayments,domestic,I. Interest Payments > Domestic > NG > Treasury Bonds,million pesos,0,0,1000000,,,,,"All printed annual aggregates and visible instrument/assumed-liability rows are staged. For domestic NG, instrument-detail rows are all zero in 1986 and sum to zero in 1988 while printed subtotals are 13,845 and 25,710; these source differences are preserved. Other years reconcile, except as qualified by the printed note that breakdowns may not sum due to rounding."
debt-o-p002-y1989-r005,O,2,https://github.com/tordecilla/unprogrammed-appropriations/releases/download/pdfs-debt-pages-v1/annex-o-p002.pdf,1989,historical debt service,Treasury Bonds,detail,interestPayments,domestic,I. Interest Payments > Domestic > NG > Treasury Bonds,million pesos,608,608000000,1000000,,,,,"All printed annual aggregates and visible instrument/assumed-liability rows are staged. For domestic NG, instrument-detail rows are all zero in 1986 and sum to zero in 1988 while printed subtotals are 13,845 and 25,710; these source differences are preserved. Other years reconcile, except as qualified by the printed note that breakdowns may not sum due to rounding."
debt-o-p002-y1990-r005,O,2,https://github.com/tordecilla/unprogrammed-appropriations/releases/download/pdfs-debt-pages-v1/annex-o-p002.pdf,1990,historical debt service,Treasury Bonds,detail,interestPayments,domestic,I. Interest Payments > Domestic > NG > Treasury Bonds,million pesos,459,459000000,1000000,,,,,"All printed annual aggregates and visible instrument/assumed-liability rows are staged. For domestic NG, instrument-detail rows are all zero in 1986 and sum to zero in 1988 while printed subtotals are 13,845 and 25,710; these source differences are preserved. Other years reconcile, except as qualified by the printed note that breakdowns may not sum due to rounding."
debt-o-p002-y1991-r005,O,2,https://github.com/tordecilla/unprogrammed-appropriations/releases/download/pdfs-debt-pages-v1/annex-o-p002.pdf,1991,historical debt service,Treasury Bonds,detail,interestPayments,domestic,I. Interest Payments > Domestic > NG > Treasury Bonds,million pesos,446,446000000,1000000,,,,,"All printed annual aggregates and visible instrument/assumed-liability rows are staged. For domestic NG, instrument-detail rows are all zero in 1986 and sum to zero in 1988 while printed subtotals are 13,845 and 25,710; these source differences are preserved. Other years reconcile, except as qualified by the printed note that breakdowns may not sum due to rounding."
debt-o-p002-y1992-r005,O,2,https://github.com/tordecilla/unprogrammed-appropriations/releases/download/pdfs-debt-pages-v1/annex-o-p002.pdf,1992,historical debt service,Treasury Bonds,detail,interestPayments,domestic,I. Interest Payments > Domestic > NG > Treasury Bonds,million pesos,448,448000000,1000000,,,,,"All printed annual aggregates and visible instrument/assumed-liability rows are staged. For domestic NG, instrument-detail rows are all zero in 1986 and sum to zero in 1988 while printed subtotals are 13,845 and 25,710; these source differences are preserved. Other years reconcile, except as qualified by the printed note that breakdowns may not sum due to rounding."
debt-o-p002-y1993-r005,O,2,https://github.com/tordecilla/unprogrammed-appropriations/releases/download/pdfs-debt-pages-v1/annex-o-p002.pdf,1993,historical debt service,Treasury Bonds,detail,interestPayments,domestic,I. Interest Payments > Domestic > NG > Treasury Bonds,million pesos,448,448000000,1000000,,,,,"All printed annual aggregates and visible instrument/assumed-liability rows are staged. For domestic NG, instrument-detail rows are all zero in 1986 and sum to zero in 1988 while printed subtotals are 13,845 and 25,710; these source differences are preserved. Other years reconcile, except as qualified by the printed note that breakdowns may not sum due to rounding."
debt-o-p002-y1994-r005,O,2,https://github.com/tordecilla/unprogrammed-appropriations/releases/download/pdfs-debt-pages-v1/annex-o-p002.pdf,1994,historical debt service,Treasury Bonds,detail,interestPayments,domestic,I. Interest Payments > Domestic > NG > Treasury Bonds,million pesos,506,506000000,1000000,,,,,"All printed annual aggregates and visible instrument/assumed-liability rows are staged. For domestic NG, instrument-detail rows are all zero in 1986 and sum to zero in 1988 while printed subtotals are 13,845 and 25,710; these source differences are preserved. Other years reconcile, except as qualified by the printed note that breakdowns may not sum due to rounding."
debt-o-p002-y1995-r005,O,2,https://github.com/tordecilla/unprogrammed-appropriations/releases/download/pdfs-debt-pages-v1/annex-o-p002.pdf,1995,historical debt service,Treasury Bonds,detail,interestPayments,domestic,I. Interest Payments > Domestic > NG > Treasury Bonds,million pesos,446,446000000,1000000,,,,,"All printed annual aggregates and visible instrument/assumed-liability rows are staged. For domestic NG, instrument-detail rows are all zero in 1986 and sum to zero in 1988 while printed subtotals are 13,845 and 25,710; these source differences are preserved. Other years reconcile, except as qualified by the printed note that breakdowns may not sum due to rounding."
debt-o-p002-y1996-r005,O,2,https://github.com/tordecilla/unprogrammed-appropriations/releases/download/pdfs-debt-pages-v1/annex-o-p002.pdf,1996,historical debt service,Treasury Bonds,detail,interestPayments,domestic,I. Interest Payments > Domestic > NG > Treasury Bonds,million pesos,447,447000000,1000000,,,,,"All printed annual aggregates and visible instrument/assumed-liability rows are staged. For domestic NG, instrument-detail rows are all zero in 1986 and sum to zero in 1988 while printed subtotals are 13,845 and 25,710; these source differences are preserved. Other years reconcile, except as qualified by the printed note that breakdowns may not sum due to rounding."
debt-o-p002-y1997-r005,O,2,https://github.com/tordecilla/unprogrammed-appropriations/releases/download/pdfs-debt-pages-v1/annex-o-p002.pdf,1997,historical debt service,Treasury Bonds,detail,interestPayments,domestic,I. Interest Payments > Domestic > NG > Treasury Bonds,million pesos,367,367000000,1000000,,,,,"All printed annual aggregates and visible instrument/assumed-liability rows are staged. For domestic NG, instrument-detail rows are all zero in 1986 and sum to zero in 1988 while printed subtotals are 13,845 and 25,710; these source differences are preserved. Other years reconcile, except as qualified by the printed note that breakdowns may not sum due to rounding."
debt-o-p002-y1998-r005,O,2,https://github.com/tordecilla/unprogrammed-appropriations/releases/download/pdfs-debt-pages-v1/annex-o-p002.pdf,1998,historical debt service,Treasury Bonds,detail,interestPayments,domestic,I. Interest Payments > Domestic > NG > Treasury Bonds,million pesos,374,374000000,1000000,,,,,"All printed annual aggregates and visible instrument/assumed-liability rows are staged. For domestic NG, instrument-detail rows are all zero in 1986 and sum to zero in 1988 while printed subtotals are 13,845 and 25,710; these source differences are preserved. Other years reconcile, except as qualified by the printed note that breakdowns may not sum due to rounding."
debt-o-p002-y1999-r005,O,2,https://github.com/tordecilla/unprogrammed-appropriations/releases/download/pdfs-debt-pages-v1/annex-o-p002.pdf,1999,historical debt service,Treasury Bonds,detail,interestPayments,domestic,I. Interest Payments > Domestic > NG > Treasury Bonds,million pesos,237,237000000,1000000,,,,,"All printed annual aggregates and visible instrument/assumed-liability rows are staged. For domestic NG, instrument-detail rows are all zero in 1986 and sum to zero in 1988 while printed subtotals are 13,845 and 25,710; these source differences are preserved. Other years reconcile, except as qualified by the printed note that breakdowns may not sum due to rounding."
debt-o-p002-y2000-r005,O,2,https://github.com/tordecilla/unprogrammed-appropriations/releases/download/pdfs-debt-pages-v1/annex-o-p002.pdf,2000,historical debt service,Treasury Bonds,detail,interestPayments,domestic,I. Interest Payments > Domestic > NG > Treasury Bonds,million pesos,235,235000000,1000000,,,,,"All printed annual aggregates and visible instrument/assumed-liability rows are staged. For domestic NG, instrument-detail rows are all zero in 1986 and sum to zero in 1988 while printed subtotals are 13,845 and 25,710; these source differences are preserved. Other years reconcile, except as qualified by the printed note that breakdowns may not sum due to rounding."
debt-o-p002-y2001-r005,O,2,https://github.com/tordecilla/unprogrammed-appropriations/releases/download/pdfs-debt-pages-v1/annex-o-p002.pdf,2001,historical debt service,Treasury Bonds,detail,interestPayments,domestic,I. Interest Payments > Domestic > NG > Treasury Bonds,million pesos,244,244000000,1000000,,,,,"All printed annual aggregates and visible instrument/assumed-liability rows are staged. For domestic NG, instrument-detail rows are all zero in 1986 and sum to zero in 1988 while printed subtotals are 13,845 and 25,710; these source differences are preserved. Other years reconcile, except as qualified by the printed note that breakdowns may not sum due to rounding."
debt-o-p002-y2002-r005,O,2,https://github.com/tordecilla/unprogrammed-appropriations/releases/download/pdfs-debt-pages-v1/annex-o-p002.pdf,2002,historical debt service,Treasury Bonds,detail,interestPayments,domestic,I. Interest Payments > Domestic > NG > Treasury Bonds,million pesos,225,225000000,1000000,,,,,"All printed annual aggregates and visible instrument/assumed-liability rows are staged. For domestic NG, instrument-detail rows are all zero in 1986 and sum to zero in 1988 while printed subtotals are 13,845 and 25,710; these source differences are preserved. Other years reconcile, except as qualified by the printed note that breakdowns may not sum due to rounding."
debt-o-p002-y2003-r005,O,2,https://github.com/tordecilla/unprogrammed-appropriations/releases/download/pdfs-debt-pages-v1/annex-o-p002.pdf,2003,historical debt service,Treasury Bonds,detail,interestPayments,domestic,I. Interest Payments > Domestic > NG > Treasury Bonds,million pesos,536,536000000,1000000,,,,,"All printed annual aggregates and visible instrument/assumed-liability rows are staged. For domestic NG, instrument-detail rows are all zero in 1986 and sum to zero in 1988 while printed subtotals are 13,845 and 25,710; these source differences are preserved. Other years reconcile, except as qualified by the printed note that breakdowns may not sum due to rounding."
debt-o-p002-y1986-r006,O,2,https://github.com/tordecilla/unprogrammed-appropriations/releases/download/pdfs-debt-pages-v1/annex-o-p002.pdf,1986,historical debt service,Treasury Notes,detail,interestPayments,domestic,I. Interest Payments > Domestic > NG > Treasury Notes,million pesos,0,0,1000000,,,,,"All printed annual aggregates and visible instrument/assumed-liability rows are staged. For domestic NG, instrument-detail rows are all zero in 1986 and sum to zero in 1988 while printed subtotals are 13,845 and 25,710; these source differences are preserved. Other years reconcile, except as qualified by the printed note that breakdowns may not sum due to rounding."
debt-o-p002-y1987-r006,O,2,https://github.com/tordecilla/unprogrammed-appropriations/releases/download/pdfs-debt-pages-v1/annex-o-p002.pdf,1987,historical debt service,Treasury Notes,detail,interestPayments,domestic,I. Interest Payments > Domestic > NG > Treasury Notes,million pesos,0,0,1000000,,,,,"All printed annual aggregates and visible instrument/assumed-liability rows are staged. For domestic NG, instrument-detail rows are all zero in 1986 and sum to zero in 1988 while printed subtotals are 13,845 and 25,710; these source differences are preserved. Other years reconcile, except as qualified by the printed note that breakdowns may not sum due to rounding."
debt-o-p002-y1988-r006,O,2,https://github.com/tordecilla/unprogrammed-appropriations/releases/download/pdfs-debt-pages-v1/annex-o-p002.pdf,1988,historical debt service,Treasury Notes,detail,interestPayments,domestic,I. Interest Payments > Domestic > NG > Treasury Notes,million pesos,0,0,1000000,,,,,"All printed annual aggregates and visible instrument/assumed-liability rows are staged. For domestic NG, instrument-detail rows are all zero in 1986 and sum to zero in 1988 while printed subtotals are 13,845 and 25,710; these source differences are preserved. Other years reconcile, except as qualified by the printed note that breakdowns may not sum due to rounding."
debt-o-p002-y1989-r006,O,2,https://github.com/tordecilla/unprogrammed-appropriations/releases/download/pdfs-debt-pages-v1/annex-o-p002.pdf,1989,historical debt service,Treasury Notes,detail,interestPayments,domestic,I. Interest Payments > Domestic > NG > Treasury Notes,million pesos,4559,4559000000,1000000,,,,,"All printed annual aggregates and visible instrument/assumed-liability rows are staged. For domestic NG, instrument-detail rows are all zero in 1986 and sum to zero in 1988 while printed subtotals are 13,845 and 25,710; these source differences are preserved. Other years reconcile, except as qualified by the printed note that breakdowns may not sum due to rounding."
debt-o-p002-y1990-r006,O,2,https://github.com/tordecilla/unprogrammed-appropriations/releases/download/pdfs-debt-pages-v1/annex-o-p002.pdf,1990,historical debt service,Treasury Notes,detail,interestPayments,domestic,I. Interest Payments > Domestic > NG > Treasury Notes,million pesos,2881,2881000000,1000000,,,,,"All printed annual aggregates and visible instrument/assumed-liability rows are staged. For domestic NG, instrument-detail rows are all zero in 1986 and sum to zero in 1988 while printed subtotals are 13,845 and 25,710; these source differences are preserved. Other years reconcile, except as qualified by the printed note that breakdowns may not sum due to rounding."
debt-o-p002-y1991-r006,O,2,https://github.com/tordecilla/unprogrammed-appropriations/releases/download/pdfs-debt-pages-v1/annex-o-p002.pdf,1991,historical debt service,Treasury Notes,detail,interestPayments,domestic,I. Interest Payments > Domestic > NG > Treasury Notes,million pesos,8177,8177000000,1000000,,,,,"All printed annual aggregates and visible instrument/assumed-liability rows are staged. For domestic NG, instrument-detail rows are all zero in 1986 and sum to zero in 1988 while printed subtotals are 13,845 and 25,710; these source differences are preserved. Other years reconcile, except as qualified by the printed note that breakdowns may not sum due to rounding."
debt-o-p002-y1992-r006,O,2,https://github.com/tordecilla/unprogrammed-appropriations/releases/download/pdfs-debt-pages-v1/annex-o-p002.pdf,1992,historical debt service,Treasury Notes,detail,interestPayments,domestic,I. Interest Payments > Domestic > NG > Treasury Notes,million pesos,8538,8538000000,1000000,,,,,"All printed annual aggregates and visible instrument/assumed-liability rows are staged. For domestic NG, instrument-detail rows are all zero in 1986 and sum to zero in 1988 while printed subtotals are 13,845 and 25,710; these source differences are preserved. Other years reconcile, except as qualified by the printed note that breakdowns may not sum due to rounding."
debt-o-p002-y1993-r006,O,2,https://github.com/tordecilla/unprogrammed-appropriations/releases/download/pdfs-debt-pages-v1/annex-o-p002.pdf,1993,historical debt service,Treasury Notes,detail,interestPayments,domestic,I. Interest Payments > Domestic > NG > Treasury Notes,million pesos,12087,12087000000,1000000,,,,,"All printed annual aggregates and visible instrument/assumed-liability rows are staged. For domestic NG, instrument-detail rows are all zero in 1986 and sum to zero in 1988 while printed subtotals are 13,845 and 25,710; these source differences are preserved. Other years reconcile, except as qualified by the printed note that breakdowns may not sum due to rounding."
debt-o-p002-y1994-r006,O,2,https://github.com/tordecilla/unprogrammed-appropriations/releases/download/pdfs-debt-pages-v1/annex-o-p002.pdf,1994,historical debt service,Treasury Notes,detail,interestPayments,domestic,I. Interest Payments > Domestic > NG > Treasury Notes,million pesos,9593,9593000000,1000000,,,,,"All printed annual aggregates and visible instrument/assumed-liability rows are staged. For domestic NG, instrument-detail rows are all zero in 1986 and sum to zero in 1988 while printed subtotals are 13,845 and 25,710; these source differences are preserved. Other years reconcile, except as qualified by the printed note that breakdowns may not sum due to rounding."
debt-o-p002-y1995-r006,O,2,https://github.com/tordecilla/unprogrammed-appropriations/releases/download/pdfs-debt-pages-v1/annex-o-p002.pdf,1995,historical debt service,Treasury Notes,detail,interestPayments,domestic,I. Interest Payments > Domestic > NG > Treasury Notes,million pesos,7008,7008000000,1000000,,,,,"All printed annual aggregates and visible instrument/assumed-liability rows are staged. For domestic NG, instrument-detail rows are all zero in 1986 and sum to zero in 1988 while printed subtotals are 13,845 and 25,710; these source differences are preserved. Other years reconcile, except as qualified by the printed note that breakdowns may not sum due to rounding."
debt-o-p002-y1996-r006,O,2,https://github.com/tordecilla/unprogrammed-appropriations/releases/download/pdfs-debt-pages-v1/annex-o-p002.pdf,1996,historical debt service,Treasury Notes,detail,interestPayments,domestic,I. Interest Payments > Domestic > NG > Treasury Notes,million pesos,1265,1265000000,1000000,,,,,"All printed annual aggregates and visible instrument/assumed-liability rows are staged. For domestic NG, instrument-detail rows are all zero in 1986 and sum to zero in 1988 while printed subtotals are 13,845 and 25,710; these source differences are preserved. Other years reconcile, except as qualified by the printed note that breakdowns may not sum due to rounding."
debt-o-p002-y1997-r006,O,2,https://github.com/tordecilla/unprogrammed-appropriations/releases/download/pdfs-debt-pages-v1/annex-o-p002.pdf,1997,historical debt service,Treasury Notes,detail,interestPayments,domestic,I. Interest Payments > Domestic > NG > Treasury Notes,million pesos,97,97000000,1000000,,,,,"All printed annual aggregates and visible instrument/assumed-liability rows are staged. For domestic NG, instrument-detail rows are all zero in 1986 and sum to zero in 1988 while printed subtotals are 13,845 and 25,710; these source differences are preserved. Other years reconcile, except as qualified by the printed note that breakdowns may not sum due to rounding."
debt-o-p002-y1998-r006,O,2,https://github.com/tordecilla/unprogrammed-appropriations/releases/download/pdfs-debt-pages-v1/annex-o-p002.pdf,1998,historical debt service,Treasury Notes,detail,interestPayments,domestic,I. Interest Payments > Domestic > NG > Treasury Notes,million pesos,109,109000000,1000000,,,,,"All printed annual aggregates and visible instrument/assumed-liability rows are staged. For domestic NG, instrument-detail rows are all zero in 1986 and sum to zero in 1988 while printed subtotals are 13,845 and 25,710; these source differences are preserved. Other years reconcile, except as qualified by the printed note that breakdowns may not sum due to rounding."
debt-o-p002-y1999-r006,O,2,https://github.com/tordecilla/unprogrammed-appropriations/releases/download/pdfs-debt-pages-v1/annex-o-p002.pdf,1999,historical debt service,Treasury Notes,detail,interestPayments,domestic,I. Interest Payments > Domestic > NG > Treasury Notes,million pesos,0,0,1000000,,,,,"All printed annual aggregates and visible instrument/assumed-liability rows are staged. For domestic NG, instrument-detail rows are all zero in 1986 and sum to zero in 1988 while printed subtotals are 13,845 and 25,710; these source differences are preserved. Other years reconcile, except as qualified by the printed note that breakdowns may not sum due to rounding."
debt-o-p002-y2000-r006,O,2,https://github.com/tordecilla/unprogrammed-appropriations/releases/download/pdfs-debt-pages-v1/annex-o-p002.pdf,2000,historical debt service,Treasury Notes,detail,interestPayments,domestic,I. Interest Payments > Domestic > NG > Treasury Notes,million pesos,81,81000000,1000000,,,,,"All printed annual aggregates and visible instrument/assumed-liability rows are staged. For domestic NG, instrument-detail rows are all zero in 1986 and sum to zero in 1988 while printed subtotals are 13,845 and 25,710; these source differences are preserved. Other years reconcile, except as qualified by the printed note that breakdowns may not sum due to rounding."
debt-o-p002-y2001-r006,O,2,https://github.com/tordecilla/unprogrammed-appropriations/releases/download/pdfs-debt-pages-v1/annex-o-p002.pdf,2001,historical debt service,Treasury Notes,detail,interestPayments,domestic,I. Interest Payments > Domestic > NG > Treasury Notes,million pesos,84,84000000,1000000,,,,,"All printed annual aggregates and visible instrument/assumed-liability rows are staged. For domestic NG, instrument-detail rows are all zero in 1986 and sum to zero in 1988 while printed subtotals are 13,845 and 25,710; these source differences are preserved. Other years reconcile, except as qualified by the printed note that breakdowns may not sum due to rounding."
debt-o-p002-y2002-r006,O,2,https://github.com/tordecilla/unprogrammed-appropriations/releases/download/pdfs-debt-pages-v1/annex-o-p002.pdf,2002,historical debt service,Treasury Notes,detail,interestPayments,domestic,I. Interest Payments > Domestic > NG > Treasury Notes,million pesos,86,86000000,1000000,,,,,"All printed annual aggregates and visible instrument/assumed-liability rows are staged. For domestic NG, instrument-detail rows are all zero in 1986 and sum to zero in 1988 while printed subtotals are 13,845 and 25,710; these source differences are preserved. Other years reconcile, except as qualified by the printed note that breakdowns may not sum due to rounding."
debt-o-p002-y2003-r006,O,2,https://github.com/tordecilla/unprogrammed-appropriations/releases/download/pdfs-debt-pages-v1/annex-o-p002.pdf,2003,historical debt service,Treasury Notes,detail,interestPayments,domestic,I. Interest Payments > Domestic > NG > Treasury Notes,million pesos,105,105000000,1000000,,,,,"All printed annual aggregates and visible instrument/assumed-liability rows are staged. For domestic NG, instrument-detail rows are all zero in 1986 and sum to zero in 1988 while printed subtotals are 13,845 and 25,710; these source differences are preserved. Other years reconcile, except as qualified by the printed note that breakdowns may not sum due to rounding."
debt-o-p002-y1986-r007,O,2,https://github.com/tordecilla/unprogrammed-appropriations/releases/download/pdfs-debt-pages-v1/annex-o-p002.pdf,1986,historical debt service,Fixed Rate Treasury Bonds,detail,interestPayments,domestic,I. Interest Payments > Domestic > NG > Fixed Rate Treasury Bonds,million pesos,0,0,1000000,,,,,"All printed annual aggregates and visible instrument/assumed-liability rows are staged. For domestic NG, instrument-detail rows are all zero in 1986 and sum to zero in 1988 while printed subtotals are 13,845 and 25,710; these source differences are preserved. Other years reconcile, except as qualified by the printed note that breakdowns may not sum due to rounding."
debt-o-p002-y1987-r007,O,2,https://github.com/tordecilla/unprogrammed-appropriations/releases/download/pdfs-debt-pages-v1/annex-o-p002.pdf,1987,historical debt service,Fixed Rate Treasury Bonds,detail,interestPayments,domestic,I. Interest Payments > Domestic > NG > Fixed Rate Treasury Bonds,million pesos,0,0,1000000,,,,,"All printed annual aggregates and visible instrument/assumed-liability rows are staged. For domestic NG, instrument-detail rows are all zero in 1986 and sum to zero in 1988 while printed subtotals are 13,845 and 25,710; these source differences are preserved. Other years reconcile, except as qualified by the printed note that breakdowns may not sum due to rounding."
debt-o-p002-y1988-r007,O,2,https://github.com/tordecilla/unprogrammed-appropriations/releases/download/pdfs-debt-pages-v1/annex-o-p002.pdf,1988,historical debt service,Fixed Rate Treasury Bonds,detail,interestPayments,domestic,I. Interest Payments > Domestic > NG > Fixed Rate Treasury Bonds,million pesos,0,0,1000000,,,,,"All printed annual aggregates and visible instrument/assumed-liability rows are staged. For domestic NG, instrument-detail rows are all zero in 1986 and sum to zero in 1988 while printed subtotals are 13,845 and 25,710; these source differences are preserved. Other years reconcile, except as qualified by the printed note that breakdowns may not sum due to rounding."
debt-o-p002-y1989-r007,O,2,https://github.com/tordecilla/unprogrammed-appropriations/releases/download/pdfs-debt-pages-v1/annex-o-p002.pdf,1989,historical debt service,Fixed Rate Treasury Bonds,detail,interestPayments,domestic,I. Interest Payments > Domestic > NG > Fixed Rate Treasury Bonds,million pesos,0,0,1000000,,,,,"All printed annual aggregates and visible instrument/assumed-liability rows are staged. For domestic NG, instrument-detail rows are all zero in 1986 and sum to zero in 1988 while printed subtotals are 13,845 and 25,710; these source differences are preserved. Other years reconcile, except as qualified by the printed note that breakdowns may not sum due to rounding."
debt-o-p002-y1990-r007,O,2,https://github.com/tordecilla/unprogrammed-appropriations/releases/download/pdfs-debt-pages-v1/annex-o-p002.pdf,1990,historical debt service,Fixed Rate Treasury Bonds,detail,interestPayments,domestic,I. Interest Payments > Domestic > NG > Fixed Rate Treasury Bonds,million pesos,0,0,1000000,,,,,"All printed annual aggregates and visible instrument/assumed-liability rows are staged. For domestic NG, instrument-detail rows are all zero in 1986 and sum to zero in 1988 while printed subtotals are 13,845 and 25,710; these source differences are preserved. Other years reconcile, except as qualified by the printed note that breakdowns may not sum due to rounding."
debt-o-p002-y1991-r007,O,2,https://github.com/tordecilla/unprogrammed-appropriations/releases/download/pdfs-debt-pages-v1/annex-o-p002.pdf,1991,historical debt service,Fixed Rate Treasury Bonds,detail,interestPayments,domestic,I. Interest Payments > Domestic > NG > Fixed Rate Treasury Bonds,million pesos,0,0,1000000,,,,,"All printed annual aggregates and visible instrument/assumed-liability rows are staged. For domestic NG, instrument-detail rows are all zero in 1986 and sum to zero in 1988 while printed subtotals are 13,845 and 25,710; these source differences are preserved. Other years reconcile, except as qualified by the printed note that breakdowns may not sum due to rounding."
debt-o-p002-y1992-r007,O,2,https://github.com/tordecilla/unprogrammed-appropriations/releases/download/pdfs-debt-pages-v1/annex-o-p002.pdf,1992,historical debt service,Fixed Rate Treasury Bonds,detail,interestPayments,domestic,I. Interest Payments > Domestic > NG > Fixed Rate Treasury Bonds,million pesos,0,0,1000000,,,,,"All printed annual aggregates and visible instrument/assumed-liability rows are staged. For domestic NG, instrument-detail rows are all zero in 1986 and sum to zero in 1988 while printed subtotals are 13,845 and 25,710; these source differences are preserved. Other years reconcile, except as qualified by the printed note that breakdowns may not sum due to rounding."
debt-o-p002-y1993-r007,O,2,https://github.com/tordecilla/unprogrammed-appropriations/releases/download/pdfs-debt-pages-v1/annex-o-p002.pdf,1993,historical debt service,Fixed Rate Treasury Bonds,detail,interestPayments,domestic,I. Interest Payments > Domestic > NG > Fixed Rate Treasury Bonds,million pesos,0,0,1000000,,,,,"All printed annual aggregates and visible instrument/assumed-liability rows are staged. For domestic NG, instrument-detail rows are all zero in 1986 and sum to zero in 1988 while printed subtotals are 13,845 and 25,710; these source differences are preserved. Other years reconcile, except as qualified by the printed note that breakdowns may not sum due to rounding."
debt-o-p002-y1994-r007,O,2,https://github.com/tordecilla/unprogrammed-appropriations/releases/download/pdfs-debt-pages-v1/annex-o-p002.pdf,1994,historical debt service,Fixed Rate Treasury Bonds,detail,interestPayments,domestic,I. Interest Payments > Domestic > NG > Fixed Rate Treasury Bonds,million pesos,0,0,1000000,,,,,"All printed annual aggregates and visible instrument/assumed-liability rows are staged. For domestic NG, instrument-detail rows are all zero in 1986 and sum to zero in 1988 while printed subtotals are 13,845 and 25,710; these source differences are preserved. Other years reconcile, except as qualified by the printed note that breakdowns may not sum due to rounding."
debt-o-p002-y1995-r007,O,2,https://github.com/tordecilla/unprogrammed-appropriations/releases/download/pdfs-debt-pages-v1/annex-o-p002.pdf,1995,historical debt service,Fixed Rate Treasury Bonds,detail,interestPayments,domestic,I. Interest Payments > Domestic > NG > Fixed Rate Treasury Bonds,million pesos,14737,14737000000,1000000,,,,,"All printed annual aggregates and visible instrument/assumed-liability rows are staged. For domestic NG, instrument-detail rows are all zero in 1986 and sum to zero in 1988 while printed subtotals are 13,845 and 25,710; these source differences are preserved. Other years reconcile, except as qualified by the printed note that breakdowns may not sum due to rounding."
debt-o-p002-y1996-r007,O,2,https://github.com/tordecilla/unprogrammed-appropriations/releases/download/pdfs-debt-pages-v1/annex-o-p002.pdf,1996,historical debt service,Fixed Rate Treasury Bonds,detail,interestPayments,domestic,I. Interest Payments > Domestic > NG > Fixed Rate Treasury Bonds,million pesos,15300,15300000000,1000000,,,,,"All printed annual aggregates and visible instrument/assumed-liability rows are staged. For domestic NG, instrument-detail rows are all zero in 1986 and sum to zero in 1988 while printed subtotals are 13,845 and 25,710; these source differences are preserved. Other years reconcile, except as qualified by the printed note that breakdowns may not sum due to rounding."
debt-o-p002-y1997-r007,O,2,https://github.com/tordecilla/unprogrammed-appropriations/releases/download/pdfs-debt-pages-v1/annex-o-p002.pdf,1997,historical debt service,Fixed Rate Treasury Bonds,detail,interestPayments,domestic,I. Interest Payments > Domestic > NG > Fixed Rate Treasury Bonds,million pesos,24655,24655000000,1000000,,,,,"All printed annual aggregates and visible instrument/assumed-liability rows are staged. For domestic NG, instrument-detail rows are all zero in 1986 and sum to zero in 1988 while printed subtotals are 13,845 and 25,710; these source differences are preserved. Other years reconcile, except as qualified by the printed note that breakdowns may not sum due to rounding."
debt-o-p002-y1998-r007,O,2,https://github.com/tordecilla/unprogrammed-appropriations/releases/download/pdfs-debt-pages-v1/annex-o-p002.pdf,1998,historical debt service,Fixed Rate Treasury Bonds,detail,interestPayments,domestic,I. Interest Payments > Domestic > NG > Fixed Rate Treasury Bonds,million pesos,27981,27981000000,1000000,,,,,"All printed annual aggregates and visible instrument/assumed-liability rows are staged. For domestic NG, instrument-detail rows are all zero in 1986 and sum to zero in 1988 while printed subtotals are 13,845 and 25,710; these source differences are preserved. Other years reconcile, except as qualified by the printed note that breakdowns may not sum due to rounding."
debt-o-p002-y1999-r007,O,2,https://github.com/tordecilla/unprogrammed-appropriations/releases/download/pdfs-debt-pages-v1/annex-o-p002.pdf,1999,historical debt service,Fixed Rate Treasury Bonds,detail,interestPayments,domestic,I. Interest Payments > Domestic > NG > Fixed Rate Treasury Bonds,million pesos,34889,34889000000,1000000,,,,,"All printed annual aggregates and visible instrument/assumed-liability rows are staged. For domestic NG, instrument-detail rows are all zero in 1986 and sum to zero in 1988 while printed subtotals are 13,845 and 25,710; these source differences are preserved. Other years reconcile, except as qualified by the printed note that breakdowns may not sum due to rounding."
debt-o-p002-y2000-r007,O,2,https://github.com/tordecilla/unprogrammed-appropriations/releases/download/pdfs-debt-pages-v1/annex-o-p002.pdf,2000,historical debt service,Fixed Rate Treasury Bonds,detail,interestPayments,domestic,I. Interest Payments > Domestic > NG > Fixed Rate Treasury Bonds,million pesos,54334,54334000000,1000000,,,,,"All printed annual aggregates and visible instrument/assumed-liability rows are staged. For domestic NG, instrument-detail rows are all zero in 1986 and sum to zero in 1988 while printed subtotals are 13,845 and 25,710; these source differences are preserved. Other years reconcile, except as qualified by the printed note that breakdowns may not sum due to rounding."
debt-o-p002-y2001-r007,O,2,https://github.com/tordecilla/unprogrammed-appropriations/releases/download/pdfs-debt-pages-v1/annex-o-p002.pdf,2001,historical debt service,Fixed Rate Treasury Bonds,detail,interestPayments,domestic,I. Interest Payments > Domestic > NG > Fixed Rate Treasury Bonds,million pesos,71405,71405000000,1000000,,,,,"All printed annual aggregates and visible instrument/assumed-liability rows are staged. For domestic NG, instrument-detail rows are all zero in 1986 and sum to zero in 1988 while printed subtotals are 13,845 and 25,710; these source differences are preserved. Other years reconcile, except as qualified by the printed note that breakdowns may not sum due to rounding."
debt-o-p002-y2002-r007,O,2,https://github.com/tordecilla/unprogrammed-appropriations/releases/download/pdfs-debt-pages-v1/annex-o-p002.pdf,2002,historical debt service,Fixed Rate Treasury Bonds,detail,interestPayments,domestic,I. Interest Payments > Domestic > NG > Fixed Rate Treasury Bonds,million pesos,86550,86550000000,1000000,,,,,"All printed annual aggregates and visible instrument/assumed-liability rows are staged. For domestic NG, instrument-detail rows are all zero in 1986 and sum to zero in 1988 while printed subtotals are 13,845 and 25,710; these source differences are preserved. Other years reconcile, except as qualified by the printed note that breakdowns may not sum due to rounding."
debt-o-p002-y2003-r007,O,2,https://github.com/tordecilla/unprogrammed-appropriations/releases/download/pdfs-debt-pages-v1/annex-o-p002.pdf,2003,historical debt service,Fixed Rate Treasury Bonds,detail,interestPayments,domestic,I. Interest Payments > Domestic > NG > Fixed Rate Treasury Bonds,million pesos,97939,97939000000,1000000,,,,,"All printed annual aggregates and visible instrument/assumed-liability rows are staged. For domestic NG, instrument-detail rows are all zero in 1986 and sum to zero in 1988 while printed subtotals are 13,845 and 25,710; these source differences are preserved. Other years reconcile, except as qualified by the printed note that breakdowns may not sum due to rounding."
debt-o-p002-y1986-r008,O,2,https://github.com/tordecilla/unprogrammed-appropriations/releases/download/pdfs-debt-pages-v1/annex-o-p002.pdf,1986,historical debt service,Fixed Rate Treasury Notes,detail,interestPayments,domestic,I. Interest Payments > Domestic > NG > Fixed Rate Treasury Notes,million pesos,0,0,1000000,,,,,"All printed annual aggregates and visible instrument/assumed-liability rows are staged. For domestic NG, instrument-detail rows are all zero in 1986 and sum to zero in 1988 while printed subtotals are 13,845 and 25,710; these source differences are preserved. Other years reconcile, except as qualified by the printed note that breakdowns may not sum due to rounding."
debt-o-p002-y1987-r008,O,2,https://github.com/tordecilla/unprogrammed-appropriations/releases/download/pdfs-debt-pages-v1/annex-o-p002.pdf,1987,historical debt service,Fixed Rate Treasury Notes,detail,interestPayments,domestic,I. Interest Payments > Domestic > NG > Fixed Rate Treasury Notes,million pesos,0,0,1000000,,,,,"All printed annual aggregates and visible instrument/assumed-liability rows are staged. For domestic NG, instrument-detail rows are all zero in 1986 and sum to zero in 1988 while printed subtotals are 13,845 and 25,710; these source differences are preserved. Other years reconcile, except as qualified by the printed note that breakdowns may not sum due to rounding."
debt-o-p002-y1988-r008,O,2,https://github.com/tordecilla/unprogrammed-appropriations/releases/download/pdfs-debt-pages-v1/annex-o-p002.pdf,1988,historical debt service,Fixed Rate Treasury Notes,detail,interestPayments,domestic,I. Interest Payments > Domestic > NG > Fixed Rate Treasury Notes,million pesos,0,0,1000000,,,,,"All printed annual aggregates and visible instrument/assumed-liability rows are staged. For domestic NG, instrument-detail rows are all zero in 1986 and sum to zero in 1988 while printed subtotals are 13,845 and 25,710; these source differences are preserved. Other years reconcile, except as qualified by the printed note that breakdowns may not sum due to rounding."
debt-o-p002-y1989-r008,O,2,https://github.com/tordecilla/unprogrammed-appropriations/releases/download/pdfs-debt-pages-v1/annex-o-p002.pdf,1989,historical debt service,Fixed Rate Treasury Notes,detail,interestPayments,domestic,I. Interest Payments > Domestic > NG > Fixed Rate Treasury Notes,million pesos,0,0,1000000,,,,,"All printed annual aggregates and visible instrument/assumed-liability rows are staged. For domestic NG, instrument-detail rows are all zero in 1986 and sum to zero in 1988 while printed subtotals are 13,845 and 25,710; these source differences are preserved. Other years reconcile, except as qualified by the printed note that breakdowns may not sum due to rounding."
debt-o-p002-y1990-r008,O,2,https://github.com/tordecilla/unprogrammed-appropriations/releases/download/pdfs-debt-pages-v1/annex-o-p002.pdf,1990,historical debt service,Fixed Rate Treasury Notes,detail,interestPayments,domestic,I. Interest Payments > Domestic > NG > Fixed Rate Treasury Notes,million pesos,0,0,1000000,,,,,"All printed annual aggregates and visible instrument/assumed-liability rows are staged. For domestic NG, instrument-detail rows are all zero in 1986 and sum to zero in 1988 while printed subtotals are 13,845 and 25,710; these source differences are preserved. Other years reconcile, except as qualified by the printed note that breakdowns may not sum due to rounding."
debt-o-p002-y1991-r008,O,2,https://github.com/tordecilla/unprogrammed-appropriations/releases/download/pdfs-debt-pages-v1/annex-o-p002.pdf,1991,historical debt service,Fixed Rate Treasury Notes,detail,interestPayments,domestic,I. Interest Payments > Domestic > NG > Fixed Rate Treasury Notes,million pesos,0,0,1000000,,,,,"All printed annual aggregates and visible instrument/assumed-liability rows are staged. For domestic NG, instrument-detail rows are all zero in 1986 and sum to zero in 1988 while printed subtotals are 13,845 and 25,710; these source differences are preserved. Other years reconcile, except as qualified by the printed note that breakdowns may not sum due to rounding."
debt-o-p002-y1992-r008,O,2,https://github.com/tordecilla/unprogrammed-appropriations/releases/download/pdfs-debt-pages-v1/annex-o-p002.pdf,1992,historical debt service,Fixed Rate Treasury Notes,detail,interestPayments,domestic,I. Interest Payments > Domestic > NG > Fixed Rate Treasury Notes,million pesos,0,0,1000000,,,,,"All printed annual aggregates and visible instrument/assumed-liability rows are staged. For domestic NG, instrument-detail rows are all zero in 1986 and sum to zero in 1988 while printed subtotals are 13,845 and 25,710; these source differences are preserved. Other years reconcile, except as qualified by the printed note that breakdowns may not sum due to rounding."
debt-o-p002-y1993-r008,O,2,https://github.com/tordecilla/unprogrammed-appropriations/releases/download/pdfs-debt-pages-v1/annex-o-p002.pdf,1993,historical debt service,Fixed Rate Treasury Notes,detail,interestPayments,domestic,I. Interest Payments > Domestic > NG > Fixed Rate Treasury Notes,million pesos,0,0,1000000,,,,,"All printed annual aggregates and visible instrument/assumed-liability rows are staged. For domestic NG, instrument-detail rows are all zero in 1986 and sum to zero in 1988 while printed subtotals are 13,845 and 25,710; these source differences are preserved. Other years reconcile, except as qualified by the printed note that breakdowns may not sum due to rounding."
debt-o-p002-y1994-r008,O,2,https://github.com/tordecilla/unprogrammed-appropriations/releases/download/pdfs-debt-pages-v1/annex-o-p002.pdf,1994,historical debt service,Fixed Rate Treasury Notes,detail,interestPayments,domestic,I. Interest Payments > Domestic > NG > Fixed Rate Treasury Notes,million pesos,22,22000000,1000000,,,,,"All printed annual aggregates and visible instrument/assumed-liability rows are staged. For domestic NG, instrument-detail rows are all zero in 1986 and sum to zero in 1988 while printed subtotals are 13,845 and 25,710; these source differences are preserved. Other years reconcile, except as qualified by the printed note that breakdowns may not sum due to rounding."
debt-o-p002-y1995-r008,O,2,https://github.com/tordecilla/unprogrammed-appropriations/releases/download/pdfs-debt-pages-v1/annex-o-p002.pdf,1995,historical debt service,Fixed Rate Treasury Notes,detail,interestPayments,domestic,I. Interest Payments > Domestic > NG > Fixed Rate Treasury Notes,million pesos,0,0,1000000,,,,,"All printed annual aggregates and visible instrument/assumed-liability rows are staged. For domestic NG, instrument-detail rows are all zero in 1986 and sum to zero in 1988 while printed subtotals are 13,845 and 25,710; these source differences are preserved. Other years reconcile, except as qualified by the printed note that breakdowns may not sum due to rounding."
debt-o-p002-y1996-r008,O,2,https://github.com/tordecilla/unprogrammed-appropriations/releases/download/pdfs-debt-pages-v1/annex-o-p002.pdf,1996,historical debt service,Fixed Rate Treasury Notes,detail,interestPayments,domestic,I. Interest Payments > Domestic > NG > Fixed Rate Treasury Notes,million pesos,0,0,1000000,,,,,"All printed annual aggregates and visible instrument/assumed-liability rows are staged. For domestic NG, instrument-detail rows are all zero in 1986 and sum to zero in 1988 while printed subtotals are 13,845 and 25,710; these source differences are preserved. Other years reconcile, except as qualified by the printed note that breakdowns may not sum due to rounding."
debt-o-p002-y1997-r008,O,2,https://github.com/tordecilla/unprogrammed-appropriations/releases/download/pdfs-debt-pages-v1/annex-o-p002.pdf,1997,historical debt service,Fixed Rate Treasury Notes,detail,interestPayments,domestic,I. Interest Payments > Domestic > NG > Fixed Rate Treasury Notes,million pesos,0,0,1000000,,,,,"All printed annual aggregates and visible instrument/assumed-liability rows are staged. For domestic NG, instrument-detail rows are all zero in 1986 and sum to zero in 1988 while printed subtotals are 13,845 and 25,710; these source differences are preserved. Other years reconcile, except as qualified by the printed note that breakdowns may not sum due to rounding."
debt-o-p002-y1998-r008,O,2,https://github.com/tordecilla/unprogrammed-appropriations/releases/download/pdfs-debt-pages-v1/annex-o-p002.pdf,1998,historical debt service,Fixed Rate Treasury Notes,detail,interestPayments,domestic,I. Interest Payments > Domestic > NG > Fixed Rate Treasury Notes,million pesos,0,0,1000000,,,,,"All printed annual aggregates and visible instrument/assumed-liability rows are staged. For domestic NG, instrument-detail rows are all zero in 1986 and sum to zero in 1988 while printed subtotals are 13,845 and 25,710; these source differences are preserved. Other years reconcile, except as qualified by the printed note that breakdowns may not sum due to rounding."
debt-o-p002-y1999-r008,O,2,https://github.com/tordecilla/unprogrammed-appropriations/releases/download/pdfs-debt-pages-v1/annex-o-p002.pdf,1999,historical debt service,Fixed Rate Treasury Notes,detail,interestPayments,domestic,I. Interest Payments > Domestic > NG > Fixed Rate Treasury Notes,million pesos,67,67000000,1000000,,,,,"All printed annual aggregates and visible instrument/assumed-liability rows are staged. For domestic NG, instrument-detail rows are all zero in 1986 and sum to zero in 1988 while printed subtotals are 13,845 and 25,710; these source differences are preserved. Other years reconcile, except as qualified by the printed note that breakdowns may not sum due to rounding."
debt-o-p002-y2000-r008,O,2,https://github.com/tordecilla/unprogrammed-appropriations/releases/download/pdfs-debt-pages-v1/annex-o-p002.pdf,2000,historical debt service,Fixed Rate Treasury Notes,detail,interestPayments,domestic,I. Interest Payments > Domestic > NG > Fixed Rate Treasury Notes,million pesos,0,0,1000000,,,,,"All printed annual aggregates and visible instrument/assumed-liability rows are staged. For domestic NG, instrument-detail rows are all zero in 1986 and sum to zero in 1988 while printed subtotals are 13,845 and 25,710; these source differences are preserved. Other years reconcile, except as qualified by the printed note that breakdowns may not sum due to rounding."
debt-o-p002-y2001-r008,O,2,https://github.com/tordecilla/unprogrammed-appropriations/releases/download/pdfs-debt-pages-v1/annex-o-p002.pdf,2001,historical debt service,Fixed Rate Treasury Notes,detail,interestPayments,domestic,I. Interest Payments > Domestic > NG > Fixed Rate Treasury Notes,million pesos,0,0,1000000,,,,,"All printed annual aggregates and visible instrument/assumed-liability rows are staged. For domestic NG, instrument-detail rows are all zero in 1986 and sum to zero in 1988 while printed subtotals are 13,845 and 25,710; these source differences are preserved. Other years reconcile, except as qualified by the printed note that breakdowns may not sum due to rounding."
debt-o-p002-y2002-r008,O,2,https://github.com/tordecilla/unprogrammed-appropriations/releases/download/pdfs-debt-pages-v1/annex-o-p002.pdf,2002,historical debt service,Fixed Rate Treasury Notes,detail,interestPayments,domestic,I. Interest Payments > Domestic > NG > Fixed Rate Treasury Notes,million pesos,2275,2275000000,1000000,,,,,"All printed annual aggregates and visible instrument/assumed-liability rows are staged. For domestic NG, instrument-detail rows are all zero in 1986 and sum to zero in 1988 while printed subtotals are 13,845 and 25,710; these source differences are preserved. Other years reconcile, except as qualified by the printed note that breakdowns may not sum due to rounding."
debt-o-p002-y2003-r008,O,2,https://github.com/tordecilla/unprogrammed-appropriations/releases/download/pdfs-debt-pages-v1/annex-o-p002.pdf,2003,historical debt service,Fixed Rate Treasury Notes,detail,interestPayments,domestic,I. Interest Payments > Domestic > NG > Fixed Rate Treasury Notes,million pesos,730,730000000,1000000,,,,,"All printed annual aggregates and visible instrument/assumed-liability rows are staged. For domestic NG, instrument-detail rows are all zero in 1986 and sum to zero in 1988 while printed subtotals are 13,845 and 25,710; these source differences are preserved. Other years reconcile, except as qualified by the printed note that breakdowns may not sum due to rounding."
debt-o-p002-y1986-r009,O,2,https://github.com/tordecilla/unprogrammed-appropriations/releases/download/pdfs-debt-pages-v1/annex-o-p002.pdf,1986,historical debt service,Fixed Rate Promissory Notes,detail,interestPayments,domestic,I. Interest Payments > Domestic > NG > Fixed Rate Promissory Notes,million pesos,0,0,1000000,,,,,"All printed annual aggregates and visible instrument/assumed-liability rows are staged. For domestic NG, instrument-detail rows are all zero in 1986 and sum to zero in 1988 while printed subtotals are 13,845 and 25,710; these source differences are preserved. Other years reconcile, except as qualified by the printed note that breakdowns may not sum due to rounding."
debt-o-p002-y1987-r009,O,2,https://github.com/tordecilla/unprogrammed-appropriations/releases/download/pdfs-debt-pages-v1/annex-o-p002.pdf,1987,historical debt service,Fixed Rate Promissory Notes,detail,interestPayments,domestic,I. Interest Payments > Domestic > NG > Fixed Rate Promissory Notes,million pesos,0,0,1000000,,,,,"All printed annual aggregates and visible instrument/assumed-liability rows are staged. For domestic NG, instrument-detail rows are all zero in 1986 and sum to zero in 1988 while printed subtotals are 13,845 and 25,710; these source differences are preserved. Other years reconcile, except as qualified by the printed note that breakdowns may not sum due to rounding."
debt-o-p002-y1988-r009,O,2,https://github.com/tordecilla/unprogrammed-appropriations/releases/download/pdfs-debt-pages-v1/annex-o-p002.pdf,1988,historical debt service,Fixed Rate Promissory Notes,detail,interestPayments,domestic,I. Interest Payments > Domestic > NG > Fixed Rate Promissory Notes,million pesos,0,0,1000000,,,,,"All printed annual aggregates and visible instrument/assumed-liability rows are staged. For domestic NG, instrument-detail rows are all zero in 1986 and sum to zero in 1988 while printed subtotals are 13,845 and 25,710; these source differences are preserved. Other years reconcile, except as qualified by the printed note that breakdowns may not sum due to rounding."
debt-o-p002-y1989-r009,O,2,https://github.com/tordecilla/unprogrammed-appropriations/releases/download/pdfs-debt-pages-v1/annex-o-p002.pdf,1989,historical debt service,Fixed Rate Promissory Notes,detail,interestPayments,domestic,I. Interest Payments > Domestic > NG > Fixed Rate Promissory Notes,million pesos,0,0,1000000,,,,,"All printed annual aggregates and visible instrument/assumed-liability rows are staged. For domestic NG, instrument-detail rows are all zero in 1986 and sum to zero in 1988 while printed subtotals are 13,845 and 25,710; these source differences are preserved. Other years reconcile, except as qualified by the printed note that breakdowns may not sum due to rounding."
debt-o-p002-y1990-r009,O,2,https://github.com/tordecilla/unprogrammed-appropriations/releases/download/pdfs-debt-pages-v1/annex-o-p002.pdf,1990,historical debt service,Fixed Rate Promissory Notes,detail,interestPayments,domestic,I. Interest Payments > Domestic > NG > Fixed Rate Promissory Notes,million pesos,0,0,1000000,,,,,"All printed annual aggregates and visible instrument/assumed-liability rows are staged. For domestic NG, instrument-detail rows are all zero in 1986 and sum to zero in 1988 while printed subtotals are 13,845 and 25,710; these source differences are preserved. Other years reconcile, except as qualified by the printed note that breakdowns may not sum due to rounding."
debt-o-p002-y1991-r009,O,2,https://github.com/tordecilla/unprogrammed-appropriations/releases/download/pdfs-debt-pages-v1/annex-o-p002.pdf,1991,historical debt service,Fixed Rate Promissory Notes,detail,interestPayments,domestic,I. Interest Payments > Domestic > NG > Fixed Rate Promissory Notes,million pesos,0,0,1000000,,,,,"All printed annual aggregates and visible instrument/assumed-liability rows are staged. For domestic NG, instrument-detail rows are all zero in 1986 and sum to zero in 1988 while printed subtotals are 13,845 and 25,710; these source differences are preserved. Other years reconcile, except as qualified by the printed note that breakdowns may not sum due to rounding."
debt-o-p002-y1992-r009,O,2,https://github.com/tordecilla/unprogrammed-appropriations/releases/download/pdfs-debt-pages-v1/annex-o-p002.pdf,1992,historical debt service,Fixed Rate Promissory Notes,detail,interestPayments,domestic,I. Interest Payments > Domestic > NG > Fixed Rate Promissory Notes,million pesos,0,0,1000000,,,,,"All printed annual aggregates and visible instrument/assumed-liability rows are staged. For domestic NG, instrument-detail rows are all zero in 1986 and sum to zero in 1988 while printed subtotals are 13,845 and 25,710; these source differences are preserved. Other years reconcile, except as qualified by the printed note that breakdowns may not sum due to rounding."
debt-o-p002-y1993-r009,O,2,https://github.com/tordecilla/unprogrammed-appropriations/releases/download/pdfs-debt-pages-v1/annex-o-p002.pdf,1993,historical debt service,Fixed Rate Promissory Notes,detail,interestPayments,domestic,I. Interest Payments > Domestic > NG > Fixed Rate Promissory Notes,million pesos,0,0,1000000,,,,,"All printed annual aggregates and visible instrument/assumed-liability rows are staged. For domestic NG, instrument-detail rows are all zero in 1986 and sum to zero in 1988 while printed subtotals are 13,845 and 25,710; these source differences are preserved. Other years reconcile, except as qualified by the printed note that breakdowns may not sum due to rounding."
debt-o-p002-y1994-r009,O,2,https://github.com/tordecilla/unprogrammed-appropriations/releases/download/pdfs-debt-pages-v1/annex-o-p002.pdf,1994,historical debt service,Fixed Rate Promissory Notes,detail,interestPayments,domestic,I. Interest Payments > Domestic > NG > Fixed Rate Promissory Notes,million pesos,0,0,1000000,,,,,"All printed annual aggregates and visible instrument/assumed-liability rows are staged. For domestic NG, instrument-detail rows are all zero in 1986 and sum to zero in 1988 while printed subtotals are 13,845 and 25,710; these source differences are preserved. Other years reconcile, except as qualified by the printed note that breakdowns may not sum due to rounding."
debt-o-p002-y1995-r009,O,2,https://github.com/tordecilla/unprogrammed-appropriations/releases/download/pdfs-debt-pages-v1/annex-o-p002.pdf,1995,historical debt service,Fixed Rate Promissory Notes,detail,interestPayments,domestic,I. Interest Payments > Domestic > NG > Fixed Rate Promissory Notes,million pesos,0,0,1000000,,,,,"All printed annual aggregates and visible instrument/assumed-liability rows are staged. For domestic NG, instrument-detail rows are all zero in 1986 and sum to zero in 1988 while printed subtotals are 13,845 and 25,710; these source differences are preserved. Other years reconcile, except as qualified by the printed note that breakdowns may not sum due to rounding."
debt-o-p002-y1996-r009,O,2,https://github.com/tordecilla/unprogrammed-appropriations/releases/download/pdfs-debt-pages-v1/annex-o-p002.pdf,1996,historical debt service,Fixed Rate Promissory Notes,detail,interestPayments,domestic,I. Interest Payments > Domestic > NG > Fixed Rate Promissory Notes,million pesos,0,0,1000000,,,,,"All printed annual aggregates and visible instrument/assumed-liability rows are staged. For domestic NG, instrument-detail rows are all zero in 1986 and sum to zero in 1988 while printed subtotals are 13,845 and 25,710; these source differences are preserved. Other years reconcile, except as qualified by the printed note that breakdowns may not sum due to rounding."
debt-o-p002-y1997-r009,O,2,https://github.com/tordecilla/unprogrammed-appropriations/releases/download/pdfs-debt-pages-v1/annex-o-p002.pdf,1997,historical debt service,Fixed Rate Promissory Notes,detail,interestPayments,domestic,I. Interest Payments > Domestic > NG > Fixed Rate Promissory Notes,million pesos,0,0,1000000,,,,,"All printed annual aggregates and visible instrument/assumed-liability rows are staged. For domestic NG, instrument-detail rows are all zero in 1986 and sum to zero in 1988 while printed subtotals are 13,845 and 25,710; these source differences are preserved. Other years reconcile, except as qualified by the printed note that breakdowns may not sum due to rounding."
debt-o-p002-y1998-r009,O,2,https://github.com/tordecilla/unprogrammed-appropriations/releases/download/pdfs-debt-pages-v1/annex-o-p002.pdf,1998,historical debt service,Fixed Rate Promissory Notes,detail,interestPayments,domestic,I. Interest Payments > Domestic > NG > Fixed Rate Promissory Notes,million pesos,0,0,1000000,,,,,"All printed annual aggregates and visible instrument/assumed-liability rows are staged. For domestic NG, instrument-detail rows are all zero in 1986 and sum to zero in 1988 while printed subtotals are 13,845 and 25,710; these source differences are preserved. Other years reconcile, except as qualified by the printed note that breakdowns may not sum due to rounding."
debt-o-p002-y1999-r009,O,2,https://github.com/tordecilla/unprogrammed-appropriations/releases/download/pdfs-debt-pages-v1/annex-o-p002.pdf,1999,historical debt service,Fixed Rate Promissory Notes,detail,interestPayments,domestic,I. Interest Payments > Domestic > NG > Fixed Rate Promissory Notes,million pesos,0,0,1000000,,,,,"All printed annual aggregates and visible instrument/assumed-liability rows are staged. For domestic NG, instrument-detail rows are all zero in 1986 and sum to zero in 1988 while printed subtotals are 13,845 and 25,710; these source differences are preserved. Other years reconcile, except as qualified by the printed note that breakdowns may not sum due to rounding."
debt-o-p002-y2000-r009,O,2,https://github.com/tordecilla/unprogrammed-appropriations/releases/download/pdfs-debt-pages-v1/annex-o-p002.pdf,2000,historical debt service,Fixed Rate Promissory Notes,detail,interestPayments,domestic,I. Interest Payments > Domestic > NG > Fixed Rate Promissory Notes,million pesos,0,0,1000000,,,,,"All printed annual aggregates and visible instrument/assumed-liability rows are staged. For domestic NG, instrument-detail rows are all zero in 1986 and sum to zero in 1988 while printed subtotals are 13,845 and 25,710; these source differences are preserved. Other years reconcile, except as qualified by the printed note that breakdowns may not sum due to rounding."
debt-o-p002-y2001-r009,O,2,https://github.com/tordecilla/unprogrammed-appropriations/releases/download/pdfs-debt-pages-v1/annex-o-p002.pdf,2001,historical debt service,Fixed Rate Promissory Notes,detail,interestPayments,domestic,I. Interest Payments > Domestic > NG > Fixed Rate Promissory Notes,million pesos,0,0,1000000,,,,,"All printed annual aggregates and visible instrument/assumed-liability rows are staged. For domestic NG, instrument-detail rows are all zero in 1986 and sum to zero in 1988 while printed subtotals are 13,845 and 25,710; these source differences are preserved. Other years reconcile, except as qualified by the printed note that breakdowns may not sum due to rounding."
debt-o-p002-y2002-r009,O,2,https://github.com/tordecilla/unprogrammed-appropriations/releases/download/pdfs-debt-pages-v1/annex-o-p002.pdf,2002,historical debt service,Fixed Rate Promissory Notes,detail,interestPayments,domestic,I. Interest Payments > Domestic > NG > Fixed Rate Promissory Notes,million pesos,0,0,1000000,,,,,"All printed annual aggregates and visible instrument/assumed-liability rows are staged. For domestic NG, instrument-detail rows are all zero in 1986 and sum to zero in 1988 while printed subtotals are 13,845 and 25,710; these source differences are preserved. Other years reconcile, except as qualified by the printed note that breakdowns may not sum due to rounding."
debt-o-p002-y2003-r009,O,2,https://github.com/tordecilla/unprogrammed-appropriations/releases/download/pdfs-debt-pages-v1/annex-o-p002.pdf,2003,historical debt service,Fixed Rate Promissory Notes,detail,interestPayments,domestic,I. Interest Payments > Domestic > NG > Fixed Rate Promissory Notes,million pesos,925,925000000,1000000,,,,,"All printed annual aggregates and visible instrument/assumed-liability rows are staged. For domestic NG, instrument-detail rows are all zero in 1986 and sum to zero in 1988 while printed subtotals are 13,845 and 25,710; these source differences are preserved. Other years reconcile, except as qualified by the printed note that breakdowns may not sum due to rounding."
debt-o-p002-y1986-r010,O,2,https://github.com/tordecilla/unprogrammed-appropriations/releases/download/pdfs-debt-pages-v1/annex-o-p002.pdf,1986,historical debt service,Floating Rate T-Notes,detail,interestPayments,domestic,I. Interest Payments > Domestic > NG > Floating Rate T-Notes,million pesos,0,0,1000000,,,,,"All printed annual aggregates and visible instrument/assumed-liability rows are staged. For domestic NG, instrument-detail rows are all zero in 1986 and sum to zero in 1988 while printed subtotals are 13,845 and 25,710; these source differences are preserved. Other years reconcile, except as qualified by the printed note that breakdowns may not sum due to rounding."
debt-o-p002-y1987-r010,O,2,https://github.com/tordecilla/unprogrammed-appropriations/releases/download/pdfs-debt-pages-v1/annex-o-p002.pdf,1987,historical debt service,Floating Rate T-Notes,detail,interestPayments,domestic,I. Interest Payments > Domestic > NG > Floating Rate T-Notes,million pesos,0,0,1000000,,,,,"All printed annual aggregates and visible instrument/assumed-liability rows are staged. For domestic NG, instrument-detail rows are all zero in 1986 and sum to zero in 1988 while printed subtotals are 13,845 and 25,710; these source differences are preserved. Other years reconcile, except as qualified by the printed note that breakdowns may not sum due to rounding."
debt-o-p002-y1988-r010,O,2,https://github.com/tordecilla/unprogrammed-appropriations/releases/download/pdfs-debt-pages-v1/annex-o-p002.pdf,1988,historical debt service,Floating Rate T-Notes,detail,interestPayments,domestic,I. Interest Payments > Domestic > NG > Floating Rate T-Notes,million pesos,0,0,1000000,,,,,"All printed annual aggregates and visible instrument/assumed-liability rows are staged. For domestic NG, instrument-detail rows are all zero in 1986 and sum to zero in 1988 while printed subtotals are 13,845 and 25,710; these source differences are preserved. Other years reconcile, except as qualified by the printed note that breakdowns may not sum due to rounding."
debt-o-p002-y1989-r010,O,2,https://github.com/tordecilla/unprogrammed-appropriations/releases/download/pdfs-debt-pages-v1/annex-o-p002.pdf,1989,historical debt service,Floating Rate T-Notes,detail,interestPayments,domestic,I. Interest Payments > Domestic > NG > Floating Rate T-Notes,million pesos,0,0,1000000,,,,,"All printed annual aggregates and visible instrument/assumed-liability rows are staged. For domestic NG, instrument-detail rows are all zero in 1986 and sum to zero in 1988 while printed subtotals are 13,845 and 25,710; these source differences are preserved. Other years reconcile, except as qualified by the printed note that breakdowns may not sum due to rounding."
debt-o-p002-y1990-r010,O,2,https://github.com/tordecilla/unprogrammed-appropriations/releases/download/pdfs-debt-pages-v1/annex-o-p002.pdf,1990,historical debt service,Floating Rate T-Notes,detail,interestPayments,domestic,I. Interest Payments > Domestic > NG > Floating Rate T-Notes,million pesos,0,0,1000000,,,,,"All printed annual aggregates and visible instrument/assumed-liability rows are staged. For domestic NG, instrument-detail rows are all zero in 1986 and sum to zero in 1988 while printed subtotals are 13,845 and 25,710; these source differences are preserved. Other years reconcile, except as qualified by the printed note that breakdowns may not sum due to rounding."
debt-o-p002-y1991-r010,O,2,https://github.com/tordecilla/unprogrammed-appropriations/releases/download/pdfs-debt-pages-v1/annex-o-p002.pdf,1991,historical debt service,Floating Rate T-Notes,detail,interestPayments,domestic,I. Interest Payments > Domestic > NG > Floating Rate T-Notes,million pesos,329,329000000,1000000,,,,,"All printed annual aggregates and visible instrument/assumed-liability rows are staged. For domestic NG, instrument-detail rows are all zero in 1986 and sum to zero in 1988 while printed subtotals are 13,845 and 25,710; these source differences are preserved. Other years reconcile, except as qualified by the printed note that breakdowns may not sum due to rounding."
debt-o-p002-y1992-r010,O,2,https://github.com/tordecilla/unprogrammed-appropriations/releases/download/pdfs-debt-pages-v1/annex-o-p002.pdf,1992,historical debt service,Floating Rate T-Notes,detail,interestPayments,domestic,I. Interest Payments > Domestic > NG > Floating Rate T-Notes,million pesos,2495,2495000000,1000000,,,,,"All printed annual aggregates and visible instrument/assumed-liability rows are staged. For domestic NG, instrument-detail rows are all zero in 1986 and sum to zero in 1988 while printed subtotals are 13,845 and 25,710; these source differences are preserved. Other years reconcile, except as qualified by the printed note that breakdowns may not sum due to rounding."
debt-o-p002-y1993-r010,O,2,https://github.com/tordecilla/unprogrammed-appropriations/releases/download/pdfs-debt-pages-v1/annex-o-p002.pdf,1993,historical debt service,Floating Rate T-Notes,detail,interestPayments,domestic,I. Interest Payments > Domestic > NG > Floating Rate T-Notes,million pesos,8847,8847000000,1000000,,,,,"All printed annual aggregates and visible instrument/assumed-liability rows are staged. For domestic NG, instrument-detail rows are all zero in 1986 and sum to zero in 1988 while printed subtotals are 13,845 and 25,710; these source differences are preserved. Other years reconcile, except as qualified by the printed note that breakdowns may not sum due to rounding."
debt-o-p002-y1994-r010,O,2,https://github.com/tordecilla/unprogrammed-appropriations/releases/download/pdfs-debt-pages-v1/annex-o-p002.pdf,1994,historical debt service,Floating Rate T-Notes,detail,interestPayments,domestic,I. Interest Payments > Domestic > NG > Floating Rate T-Notes,million pesos,17664,17664000000,1000000,,,,,"All printed annual aggregates and visible instrument/assumed-liability rows are staged. For domestic NG, instrument-detail rows are all zero in 1986 and sum to zero in 1988 while printed subtotals are 13,845 and 25,710; these source differences are preserved. Other years reconcile, except as qualified by the printed note that breakdowns may not sum due to rounding."
debt-o-p002-y1995-r010,O,2,https://github.com/tordecilla/unprogrammed-appropriations/releases/download/pdfs-debt-pages-v1/annex-o-p002.pdf,1995,historical debt service,Floating Rate T-Notes,detail,interestPayments,domestic,I. Interest Payments > Domestic > NG > Floating Rate T-Notes,million pesos,1806,1806000000,1000000,,,,,"All printed annual aggregates and visible instrument/assumed-liability rows are staged. For domestic NG, instrument-detail rows are all zero in 1986 and sum to zero in 1988 while printed subtotals are 13,845 and 25,710; these source differences are preserved. Other years reconcile, except as qualified by the printed note that breakdowns may not sum due to rounding."
debt-o-p002-y1996-r010,O,2,https://github.com/tordecilla/unprogrammed-appropriations/releases/download/pdfs-debt-pages-v1/annex-o-p002.pdf,1996,historical debt service,Floating Rate T-Notes,detail,interestPayments,domestic,I. Interest Payments > Domestic > NG > Floating Rate T-Notes,million pesos,9168,9168000000,1000000,,,,,"All printed annual aggregates and visible instrument/assumed-liability rows are staged. For domestic NG, instrument-detail rows are all zero in 1986 and sum to zero in 1988 while printed subtotals are 13,845 and 25,710; these source differences are preserved. Other years reconcile, except as qualified by the printed note that breakdowns may not sum due to rounding."
debt-o-p002-y1997-r010,O,2,https://github.com/tordecilla/unprogrammed-appropriations/releases/download/pdfs-debt-pages-v1/annex-o-p002.pdf,1997,historical debt service,Floating Rate T-Notes,detail,interestPayments,domestic,I. Interest Payments > Domestic > NG > Floating Rate T-Notes,million pesos,1781,1781000000,1000000,,,,,"All printed annual aggregates and visible instrument/assumed-liability rows are staged. For domestic NG, instrument-detail rows are all zero in 1986 and sum to zero in 1988 while printed subtotals are 13,845 and 25,710; these source differences are preserved. Other years reconcile, except as qualified by the printed note that breakdowns may not sum due to rounding."
debt-o-p002-y1998-r010,O,2,https://github.com/tordecilla/unprogrammed-appropriations/releases/download/pdfs-debt-pages-v1/annex-o-p002.pdf,1998,historical debt service,Floating Rate T-Notes,detail,interestPayments,domestic,I. Interest Payments > Domestic > NG > Floating Rate T-Notes,million pesos,0,0,1000000,,,,,"All printed annual aggregates and visible instrument/assumed-liability rows are staged. For domestic NG, instrument-detail rows are all zero in 1986 and sum to zero in 1988 while printed subtotals are 13,845 and 25,710; these source differences are preserved. Other years reconcile, except as qualified by the printed note that breakdowns may not sum due to rounding."
debt-o-p002-y1999-r010,O,2,https://github.com/tordecilla/unprogrammed-appropriations/releases/download/pdfs-debt-pages-v1/annex-o-p002.pdf,1999,historical debt service,Floating Rate T-Notes,detail,interestPayments,domestic,I. Interest Payments > Domestic > NG > Floating Rate T-Notes,million pesos,0,0,1000000,,,,,"All printed annual aggregates and visible instrument/assumed-liability rows are staged. For domestic NG, instrument-detail rows are all zero in 1986 and sum to zero in 1988 while printed subtotals are 13,845 and 25,710; these source differences are preserved. Other years reconcile, except as qualified by the printed note that breakdowns may not sum due to rounding."
debt-o-p002-y2000-r010,O,2,https://github.com/tordecilla/unprogrammed-appropriations/releases/download/pdfs-debt-pages-v1/annex-o-p002.pdf,2000,historical debt service,Floating Rate T-Notes,detail,interestPayments,domestic,I. Interest Payments > Domestic > NG > Floating Rate T-Notes,million pesos,0,0,1000000,,,,,"All printed annual aggregates and visible instrument/assumed-liability rows are staged. For domestic NG, instrument-detail rows are all zero in 1986 and sum to zero in 1988 while printed subtotals are 13,845 and 25,710; these source differences are preserved. Other years reconcile, except as qualified by the printed note that breakdowns may not sum due to rounding."
debt-o-p002-y2001-r010,O,2,https://github.com/tordecilla/unprogrammed-appropriations/releases/download/pdfs-debt-pages-v1/annex-o-p002.pdf,2001,historical debt service,Floating Rate T-Notes,detail,interestPayments,domestic,I. Interest Payments > Domestic > NG > Floating Rate T-Notes,million pesos,0,0,1000000,,,,,"All printed annual aggregates and visible instrument/assumed-liability rows are staged. For domestic NG, instrument-detail rows are all zero in 1986 and sum to zero in 1988 while printed subtotals are 13,845 and 25,710; these source differences are preserved. Other years reconcile, except as qualified by the printed note that breakdowns may not sum due to rounding."
debt-o-p002-y2002-r010,O,2,https://github.com/tordecilla/unprogrammed-appropriations/releases/download/pdfs-debt-pages-v1/annex-o-p002.pdf,2002,historical debt service,Floating Rate T-Notes,detail,interestPayments,domestic,I. Interest Payments > Domestic > NG > Floating Rate T-Notes,million pesos,0,0,1000000,,,,,"All printed annual aggregates and visible instrument/assumed-liability rows are staged. For domestic NG, instrument-detail rows are all zero in 1986 and sum to zero in 1988 while printed subtotals are 13,845 and 25,710; these source differences are preserved. Other years reconcile, except as qualified by the printed note that breakdowns may not sum due to rounding."
debt-o-p002-y2003-r010,O,2,https://github.com/tordecilla/unprogrammed-appropriations/releases/download/pdfs-debt-pages-v1/annex-o-p002.pdf,2003,historical debt service,Floating Rate T-Notes,detail,interestPayments,domestic,I. Interest Payments > Domestic > NG > Floating Rate T-Notes,million pesos,0,0,1000000,,,,,"All printed annual aggregates and visible instrument/assumed-liability rows are staged. For domestic NG, instrument-detail rows are all zero in 1986 and sum to zero in 1988 while printed subtotals are 13,845 and 25,710; these source differences are preserved. Other years reconcile, except as qualified by the printed note that breakdowns may not sum due to rounding."
debt-o-p002-y1986-r011,O,2,https://github.com/tordecilla/unprogrammed-appropriations/releases/download/pdfs-debt-pages-v1/annex-o-p002.pdf,1986,historical debt service,Retail Treasury Bonds,detail,interestPayments,domestic,I. Interest Payments > Domestic > NG > Retail Treasury Bonds,million pesos,0,0,1000000,,,,,"All printed annual aggregates and visible instrument/assumed-liability rows are staged. For domestic NG, instrument-detail rows are all zero in 1986 and sum to zero in 1988 while printed subtotals are 13,845 and 25,710; these source differences are preserved. Other years reconcile, except as qualified by the printed note that breakdowns may not sum due to rounding."
debt-o-p002-y1987-r011,O,2,https://github.com/tordecilla/unprogrammed-appropriations/releases/download/pdfs-debt-pages-v1/annex-o-p002.pdf,1987,historical debt service,Retail Treasury Bonds,detail,interestPayments,domestic,I. Interest Payments > Domestic > NG > Retail Treasury Bonds,million pesos,0,0,1000000,,,,,"All printed annual aggregates and visible instrument/assumed-liability rows are staged. For domestic NG, instrument-detail rows are all zero in 1986 and sum to zero in 1988 while printed subtotals are 13,845 and 25,710; these source differences are preserved. Other years reconcile, except as qualified by the printed note that breakdowns may not sum due to rounding."
debt-o-p002-y1988-r011,O,2,https://github.com/tordecilla/unprogrammed-appropriations/releases/download/pdfs-debt-pages-v1/annex-o-p002.pdf,1988,historical debt service,Retail Treasury Bonds,detail,interestPayments,domestic,I. Interest Payments > Domestic > NG > Retail Treasury Bonds,million pesos,0,0,1000000,,,,,"All printed annual aggregates and visible instrument/assumed-liability rows are staged. For domestic NG, instrument-detail rows are all zero in 1986 and sum to zero in 1988 while printed subtotals are 13,845 and 25,710; these source differences are preserved. Other years reconcile, except as qualified by the printed note that breakdowns may not sum due to rounding."
debt-o-p002-y1989-r011,O,2,https://github.com/tordecilla/unprogrammed-appropriations/releases/download/pdfs-debt-pages-v1/annex-o-p002.pdf,1989,historical debt service,Retail Treasury Bonds,detail,interestPayments,domestic,I. Interest Payments > Domestic > NG > Retail Treasury Bonds,million pesos,0,0,1000000,,,,,"All printed annual aggregates and visible instrument/assumed-liability rows are staged. For domestic NG, instrument-detail rows are all zero in 1986 and sum to zero in 1988 while printed subtotals are 13,845 and 25,710; these source differences are preserved. Other years reconcile, except as qualified by the printed note that breakdowns may not sum due to rounding."
debt-o-p002-y1990-r011,O,2,https://github.com/tordecilla/unprogrammed-appropriations/releases/download/pdfs-debt-pages-v1/annex-o-p002.pdf,1990,historical debt service,Retail Treasury Bonds,detail,interestPayments,domestic,I. Interest Payments > Domestic > NG > Retail Treasury Bonds,million pesos,0,0,1000000,,,,,"All printed annual aggregates and visible instrument/assumed-liability rows are staged. For domestic NG, instrument-detail rows are all zero in 1986 and sum to zero in 1988 while printed subtotals are 13,845 and 25,710; these source differences are preserved. Other years reconcile, except as qualified by the printed note that breakdowns may not sum due to rounding."
debt-o-p002-y1991-r011,O,2,https://github.com/tordecilla/unprogrammed-appropriations/releases/download/pdfs-debt-pages-v1/annex-o-p002.pdf,1991,historical debt service,Retail Treasury Bonds,detail,interestPayments,domestic,I. Interest Payments > Domestic > NG > Retail Treasury Bonds,million pesos,0,0,1000000,,,,,"All printed annual aggregates and visible instrument/assumed-liability rows are staged. For domestic NG, instrument-detail rows are all zero in 1986 and sum to zero in 1988 while printed subtotals are 13,845 and 25,710; these source differences are preserved. Other years reconcile, except as qualified by the printed note that breakdowns may not sum due to rounding."
debt-o-p002-y1992-r011,O,2,https://github.com/tordecilla/unprogrammed-appropriations/releases/download/pdfs-debt-pages-v1/annex-o-p002.pdf,1992,historical debt service,Retail Treasury Bonds,detail,interestPayments,domestic,I. Interest Payments > Domestic > NG > Retail Treasury Bonds,million pesos,0,0,1000000,,,,,"All printed annual aggregates and visible instrument/assumed-liability rows are staged. For domestic NG, instrument-detail rows are all zero in 1986 and sum to zero in 1988 while printed subtotals are 13,845 and 25,710; these source differences are preserved. Other years reconcile, except as qualified by the printed note that breakdowns may not sum due to rounding."
debt-o-p002-y1993-r011,O,2,https://github.com/tordecilla/unprogrammed-appropriations/releases/download/pdfs-debt-pages-v1/annex-o-p002.pdf,1993,historical debt service,Retail Treasury Bonds,detail,interestPayments,domestic,I. Interest Payments > Domestic > NG > Retail Treasury Bonds,million pesos,0,0,1000000,,,,,"All printed annual aggregates and visible instrument/assumed-liability rows are staged. For domestic NG, instrument-detail rows are all zero in 1986 and sum to zero in 1988 while printed subtotals are 13,845 and 25,710; these source differences are preserved. Other years reconcile, except as qualified by the printed note that breakdowns may not sum due to rounding."
debt-o-p002-y1994-r011,O,2,https://github.com/tordecilla/unprogrammed-appropriations/releases/download/pdfs-debt-pages-v1/annex-o-p002.pdf,1994,historical debt service,Retail Treasury Bonds,detail,interestPayments,domestic,I. Interest Payments > Domestic > NG > Retail Treasury Bonds,million pesos,0,0,1000000,,,,,"All printed annual aggregates and visible instrument/assumed-liability rows are staged. For domestic NG, instrument-detail rows are all zero in 1986 and sum to zero in 1988 while printed subtotals are 13,845 and 25,710; these source differences are preserved. Other years reconcile, except as qualified by the printed note that breakdowns may not sum due to rounding."
debt-o-p002-y1995-r011,O,2,https://github.com/tordecilla/unprogrammed-appropriations/releases/download/pdfs-debt-pages-v1/annex-o-p002.pdf,1995,historical debt service,Retail Treasury Bonds,detail,interestPayments,domestic,I. Interest Payments > Domestic > NG > Retail Treasury Bonds,million pesos,0,0,1000000,,,,,"All printed annual aggregates and visible instrument/assumed-liability rows are staged. For domestic NG, instrument-detail rows are all zero in 1986 and sum to zero in 1988 while printed subtotals are 13,845 and 25,710; these source differences are preserved. Other years reconcile, except as qualified by the printed note that breakdowns may not sum due to rounding."
debt-o-p002-y1996-r011,O,2,https://github.com/tordecilla/unprogrammed-appropriations/releases/download/pdfs-debt-pages-v1/annex-o-p002.pdf,1996,historical debt service,Retail Treasury Bonds,detail,interestPayments,domestic,I. Interest Payments > Domestic > NG > Retail Treasury Bonds,million pesos,0,0,1000000,,,,,"All printed annual aggregates and visible instrument/assumed-liability rows are staged. For domestic NG, instrument-detail rows are all zero in 1986 and sum to zero in 1988 while printed subtotals are 13,845 and 25,710; these source differences are preserved. Other years reconcile, except as qualified by the printed note that breakdowns may not sum due to rounding."
debt-o-p002-y1997-r011,O,2,https://github.com/tordecilla/unprogrammed-appropriations/releases/download/pdfs-debt-pages-v1/annex-o-p002.pdf,1997,historical debt service,Retail Treasury Bonds,detail,interestPayments,domestic,I. Interest Payments > Domestic > NG > Retail Treasury Bonds,million pesos,0,0,1000000,,,,,"All printed annual aggregates and visible instrument/assumed-liability rows are staged. For domestic NG, instrument-detail rows are all zero in 1986 and sum to zero in 1988 while printed subtotals are 13,845 and 25,710; these source differences are preserved. Other years reconcile, except as qualified by the printed note that breakdowns may not sum due to rounding."
debt-o-p002-y1998-r011,O,2,https://github.com/tordecilla/unprogrammed-appropriations/releases/download/pdfs-debt-pages-v1/annex-o-p002.pdf,1998,historical debt service,Retail Treasury Bonds,detail,interestPayments,domestic,I. Interest Payments > Domestic > NG > Retail Treasury Bonds,million pesos,0,0,1000000,,,,,"All printed annual aggregates and visible instrument/assumed-liability rows are staged. For domestic NG, instrument-detail rows are all zero in 1986 and sum to zero in 1988 while printed subtotals are 13,845 and 25,710; these source differences are preserved. Other years reconcile, except as qualified by the printed note that breakdowns may not sum due to rounding."
debt-o-p002-y1999-r011,O,2,https://github.com/tordecilla/unprogrammed-appropriations/releases/download/pdfs-debt-pages-v1/annex-o-p002.pdf,1999,historical debt service,Retail Treasury Bonds,detail,interestPayments,domestic,I. Interest Payments > Domestic > NG > Retail Treasury Bonds,million pesos,0,0,1000000,,,,,"All printed annual aggregates and visible instrument/assumed-liability rows are staged. For domestic NG, instrument-detail rows are all zero in 1986 and sum to zero in 1988 while printed subtotals are 13,845 and 25,710; these source differences are preserved. Other years reconcile, except as qualified by the printed note that breakdowns may not sum due to rounding."
debt-o-p002-y2000-r011,O,2,https://github.com/tordecilla/unprogrammed-appropriations/releases/download/pdfs-debt-pages-v1/annex-o-p002.pdf,2000,historical debt service,Retail Treasury Bonds,detail,interestPayments,domestic,I. Interest Payments > Domestic > NG > Retail Treasury Bonds,million pesos,0,0,1000000,,,,,"All printed annual aggregates and visible instrument/assumed-liability rows are staged. For domestic NG, instrument-detail rows are all zero in 1986 and sum to zero in 1988 while printed subtotals are 13,845 and 25,710; these source differences are preserved. Other years reconcile, except as qualified by the printed note that breakdowns may not sum due to rounding."
debt-o-p002-y2001-r011,O,2,https://github.com/tordecilla/unprogrammed-appropriations/releases/download/pdfs-debt-pages-v1/annex-o-p002.pdf,2001,historical debt service,Retail Treasury Bonds,detail,interestPayments,domestic,I. Interest Payments > Domestic > NG > Retail Treasury Bonds,million pesos,1918,1918000000,1000000,,,,,"All printed annual aggregates and visible instrument/assumed-liability rows are staged. For domestic NG, instrument-detail rows are all zero in 1986 and sum to zero in 1988 while printed subtotals are 13,845 and 25,710; these source differences are preserved. Other years reconcile, except as qualified by the printed note that breakdowns may not sum due to rounding."
debt-o-p002-y2002-r011,O,2,https://github.com/tordecilla/unprogrammed-appropriations/releases/download/pdfs-debt-pages-v1/annex-o-p002.pdf,2002,historical debt service,Retail Treasury Bonds,detail,interestPayments,domestic,I. Interest Payments > Domestic > NG > Retail Treasury Bonds,million pesos,9119,9119000000,1000000,,,,,"All printed annual aggregates and visible instrument/assumed-liability rows are staged. For domestic NG, instrument-detail rows are all zero in 1986 and sum to zero in 1988 while printed subtotals are 13,845 and 25,710; these source differences are preserved. Other years reconcile, except as qualified by the printed note that breakdowns may not sum due to rounding."
debt-o-p002-y2003-r011,O,2,https://github.com/tordecilla/unprogrammed-appropriations/releases/download/pdfs-debt-pages-v1/annex-o-p002.pdf,2003,historical debt service,Retail Treasury Bonds,detail,interestPayments,domestic,I. Interest Payments > Domestic > NG > Retail Treasury Bonds,million pesos,14834,14834000000,1000000,,,,,"All printed annual aggregates and visible instrument/assumed-liability rows are staged. For domestic NG, instrument-detail rows are all zero in 1986 and sum to zero in 1988 while printed subtotals are 13,845 and 25,710; these source differences are preserved. Other years reconcile, except as qualified by the printed note that breakdowns may not sum due to rounding."
debt-o-p002-y1986-r012,O,2,https://github.com/tordecilla/unprogrammed-appropriations/releases/download/pdfs-debt-pages-v1/annex-o-p002.pdf,1986,historical debt service,Note Facility,detail,interestPayments,domestic,I. Interest Payments > Domestic > NG > Note Facility,million pesos,0,0,1000000,,,,,"All printed annual aggregates and visible instrument/assumed-liability rows are staged. For domestic NG, instrument-detail rows are all zero in 1986 and sum to zero in 1988 while printed subtotals are 13,845 and 25,710; these source differences are preserved. Other years reconcile, except as qualified by the printed note that breakdowns may not sum due to rounding."
debt-o-p002-y1987-r012,O,2,https://github.com/tordecilla/unprogrammed-appropriations/releases/download/pdfs-debt-pages-v1/annex-o-p002.pdf,1987,historical debt service,Note Facility,detail,interestPayments,domestic,I. Interest Payments > Domestic > NG > Note Facility,million pesos,0,0,1000000,,,,,"All printed annual aggregates and visible instrument/assumed-liability rows are staged. For domestic NG, instrument-detail rows are all zero in 1986 and sum to zero in 1988 while printed subtotals are 13,845 and 25,710; these source differences are preserved. Other years reconcile, except as qualified by the printed note that breakdowns may not sum due to rounding."
debt-o-p002-y1988-r012,O,2,https://github.com/tordecilla/unprogrammed-appropriations/releases/download/pdfs-debt-pages-v1/annex-o-p002.pdf,1988,historical debt service,Note Facility,detail,interestPayments,domestic,I. Interest Payments > Domestic > NG > Note Facility,million pesos,0,0,1000000,,,,,"All printed annual aggregates and visible instrument/assumed-liability rows are staged. For domestic NG, instrument-detail rows are all zero in 1986 and sum to zero in 1988 while printed subtotals are 13,845 and 25,710; these source differences are preserved. Other years reconcile, except as qualified by the printed note that breakdowns may not sum due to rounding."
debt-o-p002-y1989-r012,O,2,https://github.com/tordecilla/unprogrammed-appropriations/releases/download/pdfs-debt-pages-v1/annex-o-p002.pdf,1989,historical debt service,Note Facility,detail,interestPayments,domestic,I. Interest Payments > Domestic > NG > Note Facility,million pesos,0,0,1000000,,,,,"All printed annual aggregates and visible instrument/assumed-liability rows are staged. For domestic NG, instrument-detail rows are all zero in 1986 and sum to zero in 1988 while printed subtotals are 13,845 and 25,710; these source differences are preserved. Other years reconcile, except as qualified by the printed note that breakdowns may not sum due to rounding."
debt-o-p002-y1990-r012,O,2,https://github.com/tordecilla/unprogrammed-appropriations/releases/download/pdfs-debt-pages-v1/annex-o-p002.pdf,1990,historical debt service,Note Facility,detail,interestPayments,domestic,I. Interest Payments > Domestic > NG > Note Facility,million pesos,0,0,1000000,,,,,"All printed annual aggregates and visible instrument/assumed-liability rows are staged. For domestic NG, instrument-detail rows are all zero in 1986 and sum to zero in 1988 while printed subtotals are 13,845 and 25,710; these source differences are preserved. Other years reconcile, except as qualified by the printed note that breakdowns may not sum due to rounding."
debt-o-p002-y1991-r012,O,2,https://github.com/tordecilla/unprogrammed-appropriations/releases/download/pdfs-debt-pages-v1/annex-o-p002.pdf,1991,historical debt service,Note Facility,detail,interestPayments,domestic,I. Interest Payments > Domestic > NG > Note Facility,million pesos,0,0,1000000,,,,,"All printed annual aggregates and visible instrument/assumed-liability rows are staged. For domestic NG, instrument-detail rows are all zero in 1986 and sum to zero in 1988 while printed subtotals are 13,845 and 25,710; these source differences are preserved. Other years reconcile, except as qualified by the printed note that breakdowns may not sum due to rounding."
debt-o-p002-y1992-r012,O,2,https://github.com/tordecilla/unprogrammed-appropriations/releases/download/pdfs-debt-pages-v1/annex-o-p002.pdf,1992,historical debt service,Note Facility,detail,interestPayments,domestic,I. Interest Payments > Domestic > NG > Note Facility,million pesos,0,0,1000000,,,,,"All printed annual aggregates and visible instrument/assumed-liability rows are staged. For domestic NG, instrument-detail rows are all zero in 1986 and sum to zero in 1988 while printed subtotals are 13,845 and 25,710; these source differences are preserved. Other years reconcile, except as qualified by the printed note that breakdowns may not sum due to rounding."
debt-o-p002-y1993-r012,O,2,https://github.com/tordecilla/unprogrammed-appropriations/releases/download/pdfs-debt-pages-v1/annex-o-p002.pdf,1993,historical debt service,Note Facility,detail,interestPayments,domestic,I. Interest Payments > Domestic > NG > Note Facility,million pesos,0,0,1000000,,,,,"All printed annual aggregates and visible instrument/assumed-liability rows are staged. For domestic NG, instrument-detail rows are all zero in 1986 and sum to zero in 1988 while printed subtotals are 13,845 and 25,710; these source differences are preserved. Other years reconcile, except as qualified by the printed note that breakdowns may not sum due to rounding."
debt-o-p002-y1994-r012,O,2,https://github.com/tordecilla/unprogrammed-appropriations/releases/download/pdfs-debt-pages-v1/annex-o-p002.pdf,1994,historical debt service,Note Facility,detail,interestPayments,domestic,I. Interest Payments > Domestic > NG > Note Facility,million pesos,0,0,1000000,,,,,"All printed annual aggregates and visible instrument/assumed-liability rows are staged. For domestic NG, instrument-detail rows are all zero in 1986 and sum to zero in 1988 while printed subtotals are 13,845 and 25,710; these source differences are preserved. Other years reconcile, except as qualified by the printed note that breakdowns may not sum due to rounding."
debt-o-p002-y1995-r012,O,2,https://github.com/tordecilla/unprogrammed-appropriations/releases/download/pdfs-debt-pages-v1/annex-o-p002.pdf,1995,historical debt service,Note Facility,detail,interestPayments,domestic,I. Interest Payments > Domestic > NG > Note Facility,million pesos,0,0,1000000,,,,,"All printed annual aggregates and visible instrument/assumed-liability rows are staged. For domestic NG, instrument-detail rows are all zero in 1986 and sum to zero in 1988 while printed subtotals are 13,845 and 25,710; these source differences are preserved. Other years reconcile, except as qualified by the printed note that breakdowns may not sum due to rounding."
debt-o-p002-y1996-r012,O,2,https://github.com/tordecilla/unprogrammed-appropriations/releases/download/pdfs-debt-pages-v1/annex-o-p002.pdf,1996,historical debt service,Note Facility,detail,interestPayments,domestic,I. Interest Payments > Domestic > NG > Note Facility,million pesos,0,0,1000000,,,,,"All printed annual aggregates and visible instrument/assumed-liability rows are staged. For domestic NG, instrument-detail rows are all zero in 1986 and sum to zero in 1988 while printed subtotals are 13,845 and 25,710; these source differences are preserved. Other years reconcile, except as qualified by the printed note that breakdowns may not sum due to rounding."
debt-o-p002-y1997-r012,O,2,https://github.com/tordecilla/unprogrammed-appropriations/releases/download/pdfs-debt-pages-v1/annex-o-p002.pdf,1997,historical debt service,Note Facility,detail,interestPayments,domestic,I. Interest Payments > Domestic > NG > Note Facility,million pesos,0,0,1000000,,,,,"All printed annual aggregates and visible instrument/assumed-liability rows are staged. For domestic NG, instrument-detail rows are all zero in 1986 and sum to zero in 1988 while printed subtotals are 13,845 and 25,710; these source differences are preserved. Other years reconcile, except as qualified by the printed note that breakdowns may not sum due to rounding."
debt-o-p002-y1998-r012,O,2,https://github.com/tordecilla/unprogrammed-appropriations/releases/download/pdfs-debt-pages-v1/annex-o-p002.pdf,1998,historical debt service,Note Facility,detail,interestPayments,domestic,I. Interest Payments > Domestic > NG > Note Facility,million pesos,0,0,1000000,,,,,"All printed annual aggregates and visible instrument/assumed-liability rows are staged. For domestic NG, instrument-detail rows are all zero in 1986 and sum to zero in 1988 while printed subtotals are 13,845 and 25,710; these source differences are preserved. Other years reconcile, except as qualified by the printed note that breakdowns may not sum due to rounding."
debt-o-p002-y1999-r012,O,2,https://github.com/tordecilla/unprogrammed-appropriations/releases/download/pdfs-debt-pages-v1/annex-o-p002.pdf,1999,historical debt service,Note Facility,detail,interestPayments,domestic,I. Interest Payments > Domestic > NG > Note Facility,million pesos,2200,2200000000,1000000,,,,,"All printed annual aggregates and visible instrument/assumed-liability rows are staged. For domestic NG, instrument-detail rows are all zero in 1986 and sum to zero in 1988 while printed subtotals are 13,845 and 25,710; these source differences are preserved. Other years reconcile, except as qualified by the printed note that breakdowns may not sum due to rounding."
debt-o-p002-y2000-r012,O,2,https://github.com/tordecilla/unprogrammed-appropriations/releases/download/pdfs-debt-pages-v1/annex-o-p002.pdf,2000,historical debt service,Note Facility,detail,interestPayments,domestic,I. Interest Payments > Domestic > NG > Note Facility,million pesos,1019,1019000000,1000000,,,,,"All printed annual aggregates and visible instrument/assumed-liability rows are staged. For domestic NG, instrument-detail rows are all zero in 1986 and sum to zero in 1988 while printed subtotals are 13,845 and 25,710; these source differences are preserved. Other years reconcile, except as qualified by the printed note that breakdowns may not sum due to rounding."
debt-o-p002-y2001-r012,O,2,https://github.com/tordecilla/unprogrammed-appropriations/releases/download/pdfs-debt-pages-v1/annex-o-p002.pdf,2001,historical debt service,Note Facility,detail,interestPayments,domestic,I. Interest Payments > Domestic > NG > Note Facility,million pesos,0,0,1000000,,,,,"All printed annual aggregates and visible instrument/assumed-liability rows are staged. For domestic NG, instrument-detail rows are all zero in 1986 and sum to zero in 1988 while printed subtotals are 13,845 and 25,710; these source differences are preserved. Other years reconcile, except as qualified by the printed note that breakdowns may not sum due to rounding."
debt-o-p002-y2002-r012,O,2,https://github.com/tordecilla/unprogrammed-appropriations/releases/download/pdfs-debt-pages-v1/annex-o-p002.pdf,2002,historical debt service,Note Facility,detail,interestPayments,domestic,I. Interest Payments > Domestic > NG > Note Facility,million pesos,0,0,1000000,,,,,"All printed annual aggregates and visible instrument/assumed-liability rows are staged. For domestic NG, instrument-detail rows are all zero in 1986 and sum to zero in 1988 while printed subtotals are 13,845 and 25,710; these source differences are preserved. Other years reconcile, except as qualified by the printed note that breakdowns may not sum due to rounding."
debt-o-p002-y2003-r012,O,2,https://github.com/tordecilla/unprogrammed-appropriations/releases/download/pdfs-debt-pages-v1/annex-o-p002.pdf,2003,historical debt service,Note Facility,detail,interestPayments,domestic,I. Interest Payments > Domestic > NG > Note Facility,million pesos,0,0,1000000,,,,,"All printed annual aggregates and visible instrument/assumed-liability rows are staged. For domestic NG, instrument-detail rows are all zero in 1986 and sum to zero in 1988 while printed subtotals are 13,845 and 25,710; these source differences are preserved. Other years reconcile, except as qualified by the printed note that breakdowns may not sum due to rounding."
debt-o-p002-y1986-r013,O,2,https://github.com/tordecilla/unprogrammed-appropriations/releases/download/pdfs-debt-pages-v1/annex-o-p002.pdf,1986,historical debt service,Progress Bonds,detail,interestPayments,domestic,I. Interest Payments > Domestic > NG > Progress Bonds,million pesos,0,0,1000000,,,,,"All printed annual aggregates and visible instrument/assumed-liability rows are staged. For domestic NG, instrument-detail rows are all zero in 1986 and sum to zero in 1988 while printed subtotals are 13,845 and 25,710; these source differences are preserved. Other years reconcile, except as qualified by the printed note that breakdowns may not sum due to rounding."
debt-o-p002-y1987-r013,O,2,https://github.com/tordecilla/unprogrammed-appropriations/releases/download/pdfs-debt-pages-v1/annex-o-p002.pdf,1987,historical debt service,Progress Bonds,detail,interestPayments,domestic,I. Interest Payments > Domestic > NG > Progress Bonds,million pesos,0,0,1000000,,,,,"All printed annual aggregates and visible instrument/assumed-liability rows are staged. For domestic NG, instrument-detail rows are all zero in 1986 and sum to zero in 1988 while printed subtotals are 13,845 and 25,710; these source differences are preserved. Other years reconcile, except as qualified by the printed note that breakdowns may not sum due to rounding."
debt-o-p002-y1988-r013,O,2,https://github.com/tordecilla/unprogrammed-appropriations/releases/download/pdfs-debt-pages-v1/annex-o-p002.pdf,1988,historical debt service,Progress Bonds,detail,interestPayments,domestic,I. Interest Payments > Domestic > NG > Progress Bonds,million pesos,0,0,1000000,,,,,"All printed annual aggregates and visible instrument/assumed-liability rows are staged. For domestic NG, instrument-detail rows are all zero in 1986 and sum to zero in 1988 while printed subtotals are 13,845 and 25,710; these source differences are preserved. Other years reconcile, except as qualified by the printed note that breakdowns may not sum due to rounding."
debt-o-p002-y1989-r013,O,2,https://github.com/tordecilla/unprogrammed-appropriations/releases/download/pdfs-debt-pages-v1/annex-o-p002.pdf,1989,historical debt service,Progress Bonds,detail,interestPayments,domestic,I. Interest Payments > Domestic > NG > Progress Bonds,million pesos,0,0,1000000,,,,,"All printed annual aggregates and visible instrument/assumed-liability rows are staged. For domestic NG, instrument-detail rows are all zero in 1986 and sum to zero in 1988 while printed subtotals are 13,845 and 25,710; these source differences are preserved. Other years reconcile, except as qualified by the printed note that breakdowns may not sum due to rounding."
debt-o-p002-y1990-r013,O,2,https://github.com/tordecilla/unprogrammed-appropriations/releases/download/pdfs-debt-pages-v1/annex-o-p002.pdf,1990,historical debt service,Progress Bonds,detail,interestPayments,domestic,I. Interest Payments > Domestic > NG > Progress Bonds,million pesos,0,0,1000000,,,,,"All printed annual aggregates and visible instrument/assumed-liability rows are staged. For domestic NG, instrument-detail rows are all zero in 1986 and sum to zero in 1988 while printed subtotals are 13,845 and 25,710; these source differences are preserved. Other years reconcile, except as qualified by the printed note that breakdowns may not sum due to rounding."
debt-o-p002-y1991-r013,O,2,https://github.com/tordecilla/unprogrammed-appropriations/releases/download/pdfs-debt-pages-v1/annex-o-p002.pdf,1991,historical debt service,Progress Bonds,detail,interestPayments,domestic,I. Interest Payments > Domestic > NG > Progress Bonds,million pesos,0,0,1000000,,,,,"All printed annual aggregates and visible instrument/assumed-liability rows are staged. For domestic NG, instrument-detail rows are all zero in 1986 and sum to zero in 1988 while printed subtotals are 13,845 and 25,710; these source differences are preserved. Other years reconcile, except as qualified by the printed note that breakdowns may not sum due to rounding."
debt-o-p002-y1992-r013,O,2,https://github.com/tordecilla/unprogrammed-appropriations/releases/download/pdfs-debt-pages-v1/annex-o-p002.pdf,1992,historical debt service,Progress Bonds,detail,interestPayments,domestic,I. Interest Payments > Domestic > NG > Progress Bonds,million pesos,0,0,1000000,,,,,"All printed annual aggregates and visible instrument/assumed-liability rows are staged. For domestic NG, instrument-detail rows are all zero in 1986 and sum to zero in 1988 while printed subtotals are 13,845 and 25,710; these source differences are preserved. Other years reconcile, except as qualified by the printed note that breakdowns may not sum due to rounding."
debt-o-p002-y1993-r013,O,2,https://github.com/tordecilla/unprogrammed-appropriations/releases/download/pdfs-debt-pages-v1/annex-o-p002.pdf,1993,historical debt service,Progress Bonds,detail,interestPayments,domestic,I. Interest Payments > Domestic > NG > Progress Bonds,million pesos,0,0,1000000,,,,,"All printed annual aggregates and visible instrument/assumed-liability rows are staged. For domestic NG, instrument-detail rows are all zero in 1986 and sum to zero in 1988 while printed subtotals are 13,845 and 25,710; these source differences are preserved. Other years reconcile, except as qualified by the printed note that breakdowns may not sum due to rounding."
debt-o-p002-y1994-r013,O,2,https://github.com/tordecilla/unprogrammed-appropriations/releases/download/pdfs-debt-pages-v1/annex-o-p002.pdf,1994,historical debt service,Progress Bonds,detail,interestPayments,domestic,I. Interest Payments > Domestic > NG > Progress Bonds,million pesos,0,0,1000000,,,,,"All printed annual aggregates and visible instrument/assumed-liability rows are staged. For domestic NG, instrument-detail rows are all zero in 1986 and sum to zero in 1988 while printed subtotals are 13,845 and 25,710; these source differences are preserved. Other years reconcile, except as qualified by the printed note that breakdowns may not sum due to rounding."
debt-o-p002-y1995-r013,O,2,https://github.com/tordecilla/unprogrammed-appropriations/releases/download/pdfs-debt-pages-v1/annex-o-p002.pdf,1995,historical debt service,Progress Bonds,detail,interestPayments,domestic,I. Interest Payments > Domestic > NG > Progress Bonds,million pesos,0,0,1000000,,,,,"All printed annual aggregates and visible instrument/assumed-liability rows are staged. For domestic NG, instrument-detail rows are all zero in 1986 and sum to zero in 1988 while printed subtotals are 13,845 and 25,710; these source differences are preserved. Other years reconcile, except as qualified by the printed note that breakdowns may not sum due to rounding."
debt-o-p002-y1996-r013,O,2,https://github.com/tordecilla/unprogrammed-appropriations/releases/download/pdfs-debt-pages-v1/annex-o-p002.pdf,1996,historical debt service,Progress Bonds,detail,interestPayments,domestic,I. Interest Payments > Domestic > NG > Progress Bonds,million pesos,0,0,1000000,,,,,"All printed annual aggregates and visible instrument/assumed-liability rows are staged. For domestic NG, instrument-detail rows are all zero in 1986 and sum to zero in 1988 while printed subtotals are 13,845 and 25,710; these source differences are preserved. Other years reconcile, except as qualified by the printed note that breakdowns may not sum due to rounding."
debt-o-p002-y1997-r013,O,2,https://github.com/tordecilla/unprogrammed-appropriations/releases/download/pdfs-debt-pages-v1/annex-o-p002.pdf,1997,historical debt service,Progress Bonds,detail,interestPayments,domestic,I. Interest Payments > Domestic > NG > Progress Bonds,million pesos,0,0,1000000,,,,,"All printed annual aggregates and visible instrument/assumed-liability rows are staged. For domestic NG, instrument-detail rows are all zero in 1986 and sum to zero in 1988 while printed subtotals are 13,845 and 25,710; these source differences are preserved. Other years reconcile, except as qualified by the printed note that breakdowns may not sum due to rounding."
debt-o-p002-y1998-r013,O,2,https://github.com/tordecilla/unprogrammed-appropriations/releases/download/pdfs-debt-pages-v1/annex-o-p002.pdf,1998,historical debt service,Progress Bonds,detail,interestPayments,domestic,I. Interest Payments > Domestic > NG > Progress Bonds,million pesos,0,0,1000000,,,,,"All printed annual aggregates and visible instrument/assumed-liability rows are staged. For domestic NG, instrument-detail rows are all zero in 1986 and sum to zero in 1988 while printed subtotals are 13,845 and 25,710; these source differences are preserved. Other years reconcile, except as qualified by the printed note that breakdowns may not sum due to rounding."
debt-o-p002-y1999-r013,O,2,https://github.com/tordecilla/unprogrammed-appropriations/releases/download/pdfs-debt-pages-v1/annex-o-p002.pdf,1999,historical debt service,Progress Bonds,detail,interestPayments,domestic,I. Interest Payments > Domestic > NG > Progress Bonds,million pesos,0,0,1000000,,,,,"All printed annual aggregates and visible instrument/assumed-liability rows are staged. For domestic NG, instrument-detail rows are all zero in 1986 and sum to zero in 1988 while printed subtotals are 13,845 and 25,710; these source differences are preserved. Other years reconcile, except as qualified by the printed note that breakdowns may not sum due to rounding."
debt-o-p002-y2000-r013,O,2,https://github.com/tordecilla/unprogrammed-appropriations/releases/download/pdfs-debt-pages-v1/annex-o-p002.pdf,2000,historical debt service,Progress Bonds,detail,interestPayments,domestic,I. Interest Payments > Domestic > NG > Progress Bonds,million pesos,508,508000000,1000000,,,,,"All printed annual aggregates and visible instrument/assumed-liability rows are staged. For domestic NG, instrument-detail rows are all zero in 1986 and sum to zero in 1988 while printed subtotals are 13,845 and 25,710; these source differences are preserved. Other years reconcile, except as qualified by the printed note that breakdowns may not sum due to rounding."
debt-o-p002-y2001-r013,O,2,https://github.com/tordecilla/unprogrammed-appropriations/releases/download/pdfs-debt-pages-v1/annex-o-p002.pdf,2001,historical debt service,Progress Bonds,detail,interestPayments,domestic,I. Interest Payments > Domestic > NG > Progress Bonds,million pesos,1111,1111000000,1000000,,,,,"All printed annual aggregates and visible instrument/assumed-liability rows are staged. For domestic NG, instrument-detail rows are all zero in 1986 and sum to zero in 1988 while printed subtotals are 13,845 and 25,710; these source differences are preserved. Other years reconcile, except as qualified by the printed note that breakdowns may not sum due to rounding."
debt-o-p002-y2002-r013,O,2,https://github.com/tordecilla/unprogrammed-appropriations/releases/download/pdfs-debt-pages-v1/annex-o-p002.pdf,2002,historical debt service,Progress Bonds,detail,interestPayments,domestic,I. Interest Payments > Domestic > NG > Progress Bonds,million pesos,1111,1111000000,1000000,,,,,"All printed annual aggregates and visible instrument/assumed-liability rows are staged. For domestic NG, instrument-detail rows are all zero in 1986 and sum to zero in 1988 while printed subtotals are 13,845 and 25,710; these source differences are preserved. Other years reconcile, except as qualified by the printed note that breakdowns may not sum due to rounding."
debt-o-p002-y2003-r013,O,2,https://github.com/tordecilla/unprogrammed-appropriations/releases/download/pdfs-debt-pages-v1/annex-o-p002.pdf,2003,historical debt service,Progress Bonds,detail,interestPayments,domestic,I. Interest Payments > Domestic > NG > Progress Bonds,million pesos,1109,1109000000,1000000,,,,,"All printed annual aggregates and visible instrument/assumed-liability rows are staged. For domestic NG, instrument-detail rows are all zero in 1986 and sum to zero in 1988 while printed subtotals are 13,845 and 25,710; these source differences are preserved. Other years reconcile, except as qualified by the printed note that breakdowns may not sum due to rounding."
debt-o-p002-y1986-r014,O,2,https://github.com/tordecilla/unprogrammed-appropriations/releases/download/pdfs-debt-pages-v1/annex-o-p002.pdf,1986,historical debt service,Small Denominated T-Bonds,detail,interestPayments,domestic,I. Interest Payments > Domestic > NG > Small Denominated T-Bonds,million pesos,0,0,1000000,,,,,"All printed annual aggregates and visible instrument/assumed-liability rows are staged. For domestic NG, instrument-detail rows are all zero in 1986 and sum to zero in 1988 while printed subtotals are 13,845 and 25,710; these source differences are preserved. Other years reconcile, except as qualified by the printed note that breakdowns may not sum due to rounding."
debt-o-p002-y1987-r014,O,2,https://github.com/tordecilla/unprogrammed-appropriations/releases/download/pdfs-debt-pages-v1/annex-o-p002.pdf,1987,historical debt service,Small Denominated T-Bonds,detail,interestPayments,domestic,I. Interest Payments > Domestic > NG > Small Denominated T-Bonds,million pesos,0,0,1000000,,,,,"All printed annual aggregates and visible instrument/assumed-liability rows are staged. For domestic NG, instrument-detail rows are all zero in 1986 and sum to zero in 1988 while printed subtotals are 13,845 and 25,710; these source differences are preserved. Other years reconcile, except as qualified by the printed note that breakdowns may not sum due to rounding."
debt-o-p002-y1988-r014,O,2,https://github.com/tordecilla/unprogrammed-appropriations/releases/download/pdfs-debt-pages-v1/annex-o-p002.pdf,1988,historical debt service,Small Denominated T-Bonds,detail,interestPayments,domestic,I. Interest Payments > Domestic > NG > Small Denominated T-Bonds,million pesos,0,0,1000000,,,,,"All printed annual aggregates and visible instrument/assumed-liability rows are staged. For domestic NG, instrument-detail rows are all zero in 1986 and sum to zero in 1988 while printed subtotals are 13,845 and 25,710; these source differences are preserved. Other years reconcile, except as qualified by the printed note that breakdowns may not sum due to rounding."
debt-o-p002-y1989-r014,O,2,https://github.com/tordecilla/unprogrammed-appropriations/releases/download/pdfs-debt-pages-v1/annex-o-p002.pdf,1989,historical debt service,Small Denominated T-Bonds,detail,interestPayments,domestic,I. Interest Payments > Domestic > NG > Small Denominated T-Bonds,million pesos,0,0,1000000,,,,,"All printed annual aggregates and visible instrument/assumed-liability rows are staged. For domestic NG, instrument-detail rows are all zero in 1986 and sum to zero in 1988 while printed subtotals are 13,845 and 25,710; these source differences are preserved. Other years reconcile, except as qualified by the printed note that breakdowns may not sum due to rounding."
debt-o-p002-y1990-r014,O,2,https://github.com/tordecilla/unprogrammed-appropriations/releases/download/pdfs-debt-pages-v1/annex-o-p002.pdf,1990,historical debt service,Small Denominated T-Bonds,detail,interestPayments,domestic,I. Interest Payments > Domestic > NG > Small Denominated T-Bonds,million pesos,0,0,1000000,,,,,"All printed annual aggregates and visible instrument/assumed-liability rows are staged. For domestic NG, instrument-detail rows are all zero in 1986 and sum to zero in 1988 while printed subtotals are 13,845 and 25,710; these source differences are preserved. Other years reconcile, except as qualified by the printed note that breakdowns may not sum due to rounding."
debt-o-p002-y1991-r014,O,2,https://github.com/tordecilla/unprogrammed-appropriations/releases/download/pdfs-debt-pages-v1/annex-o-p002.pdf,1991,historical debt service,Small Denominated T-Bonds,detail,interestPayments,domestic,I. Interest Payments > Domestic > NG > Small Denominated T-Bonds,million pesos,0,0,1000000,,,,,"All printed annual aggregates and visible instrument/assumed-liability rows are staged. For domestic NG, instrument-detail rows are all zero in 1986 and sum to zero in 1988 while printed subtotals are 13,845 and 25,710; these source differences are preserved. Other years reconcile, except as qualified by the printed note that breakdowns may not sum due to rounding."
debt-o-p002-y1992-r014,O,2,https://github.com/tordecilla/unprogrammed-appropriations/releases/download/pdfs-debt-pages-v1/annex-o-p002.pdf,1992,historical debt service,Small Denominated T-Bonds,detail,interestPayments,domestic,I. Interest Payments > Domestic > NG > Small Denominated T-Bonds,million pesos,0,0,1000000,,,,,"All printed annual aggregates and visible instrument/assumed-liability rows are staged. For domestic NG, instrument-detail rows are all zero in 1986 and sum to zero in 1988 while printed subtotals are 13,845 and 25,710; these source differences are preserved. Other years reconcile, except as qualified by the printed note that breakdowns may not sum due to rounding."
debt-o-p002-y1993-r014,O,2,https://github.com/tordecilla/unprogrammed-appropriations/releases/download/pdfs-debt-pages-v1/annex-o-p002.pdf,1993,historical debt service,Small Denominated T-Bonds,detail,interestPayments,domestic,I. Interest Payments > Domestic > NG > Small Denominated T-Bonds,million pesos,0,0,1000000,,,,,"All printed annual aggregates and visible instrument/assumed-liability rows are staged. For domestic NG, instrument-detail rows are all zero in 1986 and sum to zero in 1988 while printed subtotals are 13,845 and 25,710; these source differences are preserved. Other years reconcile, except as qualified by the printed note that breakdowns may not sum due to rounding."
debt-o-p002-y1994-r014,O,2,https://github.com/tordecilla/unprogrammed-appropriations/releases/download/pdfs-debt-pages-v1/annex-o-p002.pdf,1994,historical debt service,Small Denominated T-Bonds,detail,interestPayments,domestic,I. Interest Payments > Domestic > NG > Small Denominated T-Bonds,million pesos,0,0,1000000,,,,,"All printed annual aggregates and visible instrument/assumed-liability rows are staged. For domestic NG, instrument-detail rows are all zero in 1986 and sum to zero in 1988 while printed subtotals are 13,845 and 25,710; these source differences are preserved. Other years reconcile, except as qualified by the printed note that breakdowns may not sum due to rounding."
debt-o-p002-y1995-r014,O,2,https://github.com/tordecilla/unprogrammed-appropriations/releases/download/pdfs-debt-pages-v1/annex-o-p002.pdf,1995,historical debt service,Small Denominated T-Bonds,detail,interestPayments,domestic,I. Interest Payments > Domestic > NG > Small Denominated T-Bonds,million pesos,0,0,1000000,,,,,"All printed annual aggregates and visible instrument/assumed-liability rows are staged. For domestic NG, instrument-detail rows are all zero in 1986 and sum to zero in 1988 while printed subtotals are 13,845 and 25,710; these source differences are preserved. Other years reconcile, except as qualified by the printed note that breakdowns may not sum due to rounding."
debt-o-p002-y1996-r014,O,2,https://github.com/tordecilla/unprogrammed-appropriations/releases/download/pdfs-debt-pages-v1/annex-o-p002.pdf,1996,historical debt service,Small Denominated T-Bonds,detail,interestPayments,domestic,I. Interest Payments > Domestic > NG > Small Denominated T-Bonds,million pesos,0,0,1000000,,,,,"All printed annual aggregates and visible instrument/assumed-liability rows are staged. For domestic NG, instrument-detail rows are all zero in 1986 and sum to zero in 1988 while printed subtotals are 13,845 and 25,710; these source differences are preserved. Other years reconcile, except as qualified by the printed note that breakdowns may not sum due to rounding."
debt-o-p002-y1997-r014,O,2,https://github.com/tordecilla/unprogrammed-appropriations/releases/download/pdfs-debt-pages-v1/annex-o-p002.pdf,1997,historical debt service,Small Denominated T-Bonds,detail,interestPayments,domestic,I. Interest Payments > Domestic > NG > Small Denominated T-Bonds,million pesos,0,0,1000000,,,,,"All printed annual aggregates and visible instrument/assumed-liability rows are staged. For domestic NG, instrument-detail rows are all zero in 1986 and sum to zero in 1988 while printed subtotals are 13,845 and 25,710; these source differences are preserved. Other years reconcile, except as qualified by the printed note that breakdowns may not sum due to rounding."
debt-o-p002-y1998-r014,O,2,https://github.com/tordecilla/unprogrammed-appropriations/releases/download/pdfs-debt-pages-v1/annex-o-p002.pdf,1998,historical debt service,Small Denominated T-Bonds,detail,interestPayments,domestic,I. Interest Payments > Domestic > NG > Small Denominated T-Bonds,million pesos,0,0,1000000,,,,,"All printed annual aggregates and visible instrument/assumed-liability rows are staged. For domestic NG, instrument-detail rows are all zero in 1986 and sum to zero in 1988 while printed subtotals are 13,845 and 25,710; these source differences are preserved. Other years reconcile, except as qualified by the printed note that breakdowns may not sum due to rounding."
debt-o-p002-y1999-r014,O,2,https://github.com/tordecilla/unprogrammed-appropriations/releases/download/pdfs-debt-pages-v1/annex-o-p002.pdf,1999,historical debt service,Small Denominated T-Bonds,detail,interestPayments,domestic,I. Interest Payments > Domestic > NG > Small Denominated T-Bonds,million pesos,1169,1169000000,1000000,,,,,"All printed annual aggregates and visible instrument/assumed-liability rows are staged. For domestic NG, instrument-detail rows are all zero in 1986 and sum to zero in 1988 while printed subtotals are 13,845 and 25,710; these source differences are preserved. Other years reconcile, except as qualified by the printed note that breakdowns may not sum due to rounding."
debt-o-p002-y2000-r014,O,2,https://github.com/tordecilla/unprogrammed-appropriations/releases/download/pdfs-debt-pages-v1/annex-o-p002.pdf,2000,historical debt service,Small Denominated T-Bonds,detail,interestPayments,domestic,I. Interest Payments > Domestic > NG > Small Denominated T-Bonds,million pesos,3994,3994000000,1000000,,,,,"All printed annual aggregates and visible instrument/assumed-liability rows are staged. For domestic NG, instrument-detail rows are all zero in 1986 and sum to zero in 1988 while printed subtotals are 13,845 and 25,710; these source differences are preserved. Other years reconcile, except as qualified by the printed note that breakdowns may not sum due to rounding."
debt-o-p002-y2001-r014,O,2,https://github.com/tordecilla/unprogrammed-appropriations/releases/download/pdfs-debt-pages-v1/annex-o-p002.pdf,2001,historical debt service,Small Denominated T-Bonds,detail,interestPayments,domestic,I. Interest Payments > Domestic > NG > Small Denominated T-Bonds,million pesos,4122,4122000000,1000000,,,,,"All printed annual aggregates and visible instrument/assumed-liability rows are staged. For domestic NG, instrument-detail rows are all zero in 1986 and sum to zero in 1988 while printed subtotals are 13,845 and 25,710; these source differences are preserved. Other years reconcile, except as qualified by the printed note that breakdowns may not sum due to rounding."
debt-o-p002-y2002-r014,O,2,https://github.com/tordecilla/unprogrammed-appropriations/releases/download/pdfs-debt-pages-v1/annex-o-p002.pdf,2002,historical debt service,Small Denominated T-Bonds,detail,interestPayments,domestic,I. Interest Payments > Domestic > NG > Small Denominated T-Bonds,million pesos,4124,4124000000,1000000,,,,,"All printed annual aggregates and visible instrument/assumed-liability rows are staged. For domestic NG, instrument-detail rows are all zero in 1986 and sum to zero in 1988 while printed subtotals are 13,845 and 25,710; these source differences are preserved. Other years reconcile, except as qualified by the printed note that breakdowns may not sum due to rounding."
debt-o-p002-y2003-r014,O,2,https://github.com/tordecilla/unprogrammed-appropriations/releases/download/pdfs-debt-pages-v1/annex-o-p002.pdf,2003,historical debt service,Small Denominated T-Bonds,detail,interestPayments,domestic,I. Interest Payments > Domestic > NG > Small Denominated T-Bonds,million pesos,4124,4124000000,1000000,,,,,"All printed annual aggregates and visible instrument/assumed-liability rows are staged. For domestic NG, instrument-detail rows are all zero in 1986 and sum to zero in 1988 while printed subtotals are 13,845 and 25,710; these source differences are preserved. Other years reconcile, except as qualified by the printed note that breakdowns may not sum due to rounding."
debt-o-p002-y1986-r015,O,2,https://github.com/tordecilla/unprogrammed-appropriations/releases/download/pdfs-debt-pages-v1/annex-o-p002.pdf,1986,historical debt service,Domestic Bond Exchange,detail,interestPayments,domestic,I. Interest Payments > Domestic > NG > Domestic Bond Exchange,million pesos,0,0,1000000,,,,,"All printed annual aggregates and visible instrument/assumed-liability rows are staged. For domestic NG, instrument-detail rows are all zero in 1986 and sum to zero in 1988 while printed subtotals are 13,845 and 25,710; these source differences are preserved. Other years reconcile, except as qualified by the printed note that breakdowns may not sum due to rounding."
debt-o-p002-y1987-r015,O,2,https://github.com/tordecilla/unprogrammed-appropriations/releases/download/pdfs-debt-pages-v1/annex-o-p002.pdf,1987,historical debt service,Domestic Bond Exchange,detail,interestPayments,domestic,I. Interest Payments > Domestic > NG > Domestic Bond Exchange,million pesos,0,0,1000000,,,,,"All printed annual aggregates and visible instrument/assumed-liability rows are staged. For domestic NG, instrument-detail rows are all zero in 1986 and sum to zero in 1988 while printed subtotals are 13,845 and 25,710; these source differences are preserved. Other years reconcile, except as qualified by the printed note that breakdowns may not sum due to rounding."
debt-o-p002-y1988-r015,O,2,https://github.com/tordecilla/unprogrammed-appropriations/releases/download/pdfs-debt-pages-v1/annex-o-p002.pdf,1988,historical debt service,Domestic Bond Exchange,detail,interestPayments,domestic,I. Interest Payments > Domestic > NG > Domestic Bond Exchange,million pesos,0,0,1000000,,,,,"All printed annual aggregates and visible instrument/assumed-liability rows are staged. For domestic NG, instrument-detail rows are all zero in 1986 and sum to zero in 1988 while printed subtotals are 13,845 and 25,710; these source differences are preserved. Other years reconcile, except as qualified by the printed note that breakdowns may not sum due to rounding."
debt-o-p002-y1989-r015,O,2,https://github.com/tordecilla/unprogrammed-appropriations/releases/download/pdfs-debt-pages-v1/annex-o-p002.pdf,1989,historical debt service,Domestic Bond Exchange,detail,interestPayments,domestic,I. Interest Payments > Domestic > NG > Domestic Bond Exchange,million pesos,0,0,1000000,,,,,"All printed annual aggregates and visible instrument/assumed-liability rows are staged. For domestic NG, instrument-detail rows are all zero in 1986 and sum to zero in 1988 while printed subtotals are 13,845 and 25,710; these source differences are preserved. Other years reconcile, except as qualified by the printed note that breakdowns may not sum due to rounding."
debt-o-p002-y1990-r015,O,2,https://github.com/tordecilla/unprogrammed-appropriations/releases/download/pdfs-debt-pages-v1/annex-o-p002.pdf,1990,historical debt service,Domestic Bond Exchange,detail,interestPayments,domestic,I. Interest Payments > Domestic > NG > Domestic Bond Exchange,million pesos,0,0,1000000,,,,,"All printed annual aggregates and visible instrument/assumed-liability rows are staged. For domestic NG, instrument-detail rows are all zero in 1986 and sum to zero in 1988 while printed subtotals are 13,845 and 25,710; these source differences are preserved. Other years reconcile, except as qualified by the printed note that breakdowns may not sum due to rounding."
debt-o-p002-y1991-r015,O,2,https://github.com/tordecilla/unprogrammed-appropriations/releases/download/pdfs-debt-pages-v1/annex-o-p002.pdf,1991,historical debt service,Domestic Bond Exchange,detail,interestPayments,domestic,I. Interest Payments > Domestic > NG > Domestic Bond Exchange,million pesos,0,0,1000000,,,,,"All printed annual aggregates and visible instrument/assumed-liability rows are staged. For domestic NG, instrument-detail rows are all zero in 1986 and sum to zero in 1988 while printed subtotals are 13,845 and 25,710; these source differences are preserved. Other years reconcile, except as qualified by the printed note that breakdowns may not sum due to rounding."
debt-o-p002-y1992-r015,O,2,https://github.com/tordecilla/unprogrammed-appropriations/releases/download/pdfs-debt-pages-v1/annex-o-p002.pdf,1992,historical debt service,Domestic Bond Exchange,detail,interestPayments,domestic,I. Interest Payments > Domestic > NG > Domestic Bond Exchange,million pesos,0,0,1000000,,,,,"All printed annual aggregates and visible instrument/assumed-liability rows are staged. For domestic NG, instrument-detail rows are all zero in 1986 and sum to zero in 1988 while printed subtotals are 13,845 and 25,710; these source differences are preserved. Other years reconcile, except as qualified by the printed note that breakdowns may not sum due to rounding."
debt-o-p002-y1993-r015,O,2,https://github.com/tordecilla/unprogrammed-appropriations/releases/download/pdfs-debt-pages-v1/annex-o-p002.pdf,1993,historical debt service,Domestic Bond Exchange,detail,interestPayments,domestic,I. Interest Payments > Domestic > NG > Domestic Bond Exchange,million pesos,0,0,1000000,,,,,"All printed annual aggregates and visible instrument/assumed-liability rows are staged. For domestic NG, instrument-detail rows are all zero in 1986 and sum to zero in 1988 while printed subtotals are 13,845 and 25,710; these source differences are preserved. Other years reconcile, except as qualified by the printed note that breakdowns may not sum due to rounding."
debt-o-p002-y1994-r015,O,2,https://github.com/tordecilla/unprogrammed-appropriations/releases/download/pdfs-debt-pages-v1/annex-o-p002.pdf,1994,historical debt service,Domestic Bond Exchange,detail,interestPayments,domestic,I. Interest Payments > Domestic > NG > Domestic Bond Exchange,million pesos,0,0,1000000,,,,,"All printed annual aggregates and visible instrument/assumed-liability rows are staged. For domestic NG, instrument-detail rows are all zero in 1986 and sum to zero in 1988 while printed subtotals are 13,845 and 25,710; these source differences are preserved. Other years reconcile, except as qualified by the printed note that breakdowns may not sum due to rounding."
debt-o-p002-y1995-r015,O,2,https://github.com/tordecilla/unprogrammed-appropriations/releases/download/pdfs-debt-pages-v1/annex-o-p002.pdf,1995,historical debt service,Domestic Bond Exchange,detail,interestPayments,domestic,I. Interest Payments > Domestic > NG > Domestic Bond Exchange,million pesos,0,0,1000000,,,,,"All printed annual aggregates and visible instrument/assumed-liability rows are staged. For domestic NG, instrument-detail rows are all zero in 1986 and sum to zero in 1988 while printed subtotals are 13,845 and 25,710; these source differences are preserved. Other years reconcile, except as qualified by the printed note that breakdowns may not sum due to rounding."
debt-o-p002-y1996-r015,O,2,https://github.com/tordecilla/unprogrammed-appropriations/releases/download/pdfs-debt-pages-v1/annex-o-p002.pdf,1996,historical debt service,Domestic Bond Exchange,detail,interestPayments,domestic,I. Interest Payments > Domestic > NG > Domestic Bond Exchange,million pesos,0,0,1000000,,,,,"All printed annual aggregates and visible instrument/assumed-liability rows are staged. For domestic NG, instrument-detail rows are all zero in 1986 and sum to zero in 1988 while printed subtotals are 13,845 and 25,710; these source differences are preserved. Other years reconcile, except as qualified by the printed note that breakdowns may not sum due to rounding."
debt-o-p002-y1997-r015,O,2,https://github.com/tordecilla/unprogrammed-appropriations/releases/download/pdfs-debt-pages-v1/annex-o-p002.pdf,1997,historical debt service,Domestic Bond Exchange,detail,interestPayments,domestic,I. Interest Payments > Domestic > NG > Domestic Bond Exchange,million pesos,0,0,1000000,,,,,"All printed annual aggregates and visible instrument/assumed-liability rows are staged. For domestic NG, instrument-detail rows are all zero in 1986 and sum to zero in 1988 while printed subtotals are 13,845 and 25,710; these source differences are preserved. Other years reconcile, except as qualified by the printed note that breakdowns may not sum due to rounding."
debt-o-p002-y1998-r015,O,2,https://github.com/tordecilla/unprogrammed-appropriations/releases/download/pdfs-debt-pages-v1/annex-o-p002.pdf,1998,historical debt service,Domestic Bond Exchange,detail,interestPayments,domestic,I. Interest Payments > Domestic > NG > Domestic Bond Exchange,million pesos,0,0,1000000,,,,,"All printed annual aggregates and visible instrument/assumed-liability rows are staged. For domestic NG, instrument-detail rows are all zero in 1986 and sum to zero in 1988 while printed subtotals are 13,845 and 25,710; these source differences are preserved. Other years reconcile, except as qualified by the printed note that breakdowns may not sum due to rounding."
debt-o-p002-y1999-r015,O,2,https://github.com/tordecilla/unprogrammed-appropriations/releases/download/pdfs-debt-pages-v1/annex-o-p002.pdf,1999,historical debt service,Domestic Bond Exchange,detail,interestPayments,domestic,I. Interest Payments > Domestic > NG > Domestic Bond Exchange,million pesos,0,0,1000000,,,,,"All printed annual aggregates and visible instrument/assumed-liability rows are staged. For domestic NG, instrument-detail rows are all zero in 1986 and sum to zero in 1988 while printed subtotals are 13,845 and 25,710; these source differences are preserved. Other years reconcile, except as qualified by the printed note that breakdowns may not sum due to rounding."
debt-o-p002-y2000-r015,O,2,https://github.com/tordecilla/unprogrammed-appropriations/releases/download/pdfs-debt-pages-v1/annex-o-p002.pdf,2000,historical debt service,Domestic Bond Exchange,detail,interestPayments,domestic,I. Interest Payments > Domestic > NG > Domestic Bond Exchange,million pesos,0,0,1000000,,,,,"All printed annual aggregates and visible instrument/assumed-liability rows are staged. For domestic NG, instrument-detail rows are all zero in 1986 and sum to zero in 1988 while printed subtotals are 13,845 and 25,710; these source differences are preserved. Other years reconcile, except as qualified by the printed note that breakdowns may not sum due to rounding."
debt-o-p002-y2001-r015,O,2,https://github.com/tordecilla/unprogrammed-appropriations/releases/download/pdfs-debt-pages-v1/annex-o-p002.pdf,2001,historical debt service,Domestic Bond Exchange,detail,interestPayments,domestic,I. Interest Payments > Domestic > NG > Domestic Bond Exchange,million pesos,0,0,1000000,,,,,"All printed annual aggregates and visible instrument/assumed-liability rows are staged. For domestic NG, instrument-detail rows are all zero in 1986 and sum to zero in 1988 while printed subtotals are 13,845 and 25,710; these source differences are preserved. Other years reconcile, except as qualified by the printed note that breakdowns may not sum due to rounding."
debt-o-p002-y2002-r015,O,2,https://github.com/tordecilla/unprogrammed-appropriations/releases/download/pdfs-debt-pages-v1/annex-o-p002.pdf,2002,historical debt service,Domestic Bond Exchange,detail,interestPayments,domestic,I. Interest Payments > Domestic > NG > Domestic Bond Exchange,million pesos,0,0,1000000,,,,,"All printed annual aggregates and visible instrument/assumed-liability rows are staged. For domestic NG, instrument-detail rows are all zero in 1986 and sum to zero in 1988 while printed subtotals are 13,845 and 25,710; these source differences are preserved. Other years reconcile, except as qualified by the printed note that breakdowns may not sum due to rounding."
debt-o-p002-y2003-r015,O,2,https://github.com/tordecilla/unprogrammed-appropriations/releases/download/pdfs-debt-pages-v1/annex-o-p002.pdf,2003,historical debt service,Domestic Bond Exchange,detail,interestPayments,domestic,I. Interest Payments > Domestic > NG > Domestic Bond Exchange,million pesos,0,0,1000000,,,,,"All printed annual aggregates and visible instrument/assumed-liability rows are staged. For domestic NG, instrument-detail rows are all zero in 1986 and sum to zero in 1988 while printed subtotals are 13,845 and 25,710; these source differences are preserved. Other years reconcile, except as qualified by the printed note that breakdowns may not sum due to rounding."
debt-o-p002-y1986-r016,O,2,https://github.com/tordecilla/unprogrammed-appropriations/releases/download/pdfs-debt-pages-v1/annex-o-p002.pdf,1986,historical debt service,US Dollar Linked Peso Notes,detail,interestPayments,domestic,I. Interest Payments > Domestic > NG > US Dollar Linked Peso Notes,million pesos,0,0,1000000,,,,,"All printed annual aggregates and visible instrument/assumed-liability rows are staged. For domestic NG, instrument-detail rows are all zero in 1986 and sum to zero in 1988 while printed subtotals are 13,845 and 25,710; these source differences are preserved. Other years reconcile, except as qualified by the printed note that breakdowns may not sum due to rounding."
debt-o-p002-y1987-r016,O,2,https://github.com/tordecilla/unprogrammed-appropriations/releases/download/pdfs-debt-pages-v1/annex-o-p002.pdf,1987,historical debt service,US Dollar Linked Peso Notes,detail,interestPayments,domestic,I. Interest Payments > Domestic > NG > US Dollar Linked Peso Notes,million pesos,0,0,1000000,,,,,"All printed annual aggregates and visible instrument/assumed-liability rows are staged. For domestic NG, instrument-detail rows are all zero in 1986 and sum to zero in 1988 while printed subtotals are 13,845 and 25,710; these source differences are preserved. Other years reconcile, except as qualified by the printed note that breakdowns may not sum due to rounding."
debt-o-p002-y1988-r016,O,2,https://github.com/tordecilla/unprogrammed-appropriations/releases/download/pdfs-debt-pages-v1/annex-o-p002.pdf,1988,historical debt service,US Dollar Linked Peso Notes,detail,interestPayments,domestic,I. Interest Payments > Domestic > NG > US Dollar Linked Peso Notes,million pesos,0,0,1000000,,,,,"All printed annual aggregates and visible instrument/assumed-liability rows are staged. For domestic NG, instrument-detail rows are all zero in 1986 and sum to zero in 1988 while printed subtotals are 13,845 and 25,710; these source differences are preserved. Other years reconcile, except as qualified by the printed note that breakdowns may not sum due to rounding."
debt-o-p002-y1989-r016,O,2,https://github.com/tordecilla/unprogrammed-appropriations/releases/download/pdfs-debt-pages-v1/annex-o-p002.pdf,1989,historical debt service,US Dollar Linked Peso Notes,detail,interestPayments,domestic,I. Interest Payments > Domestic > NG > US Dollar Linked Peso Notes,million pesos,0,0,1000000,,,,,"All printed annual aggregates and visible instrument/assumed-liability rows are staged. For domestic NG, instrument-detail rows are all zero in 1986 and sum to zero in 1988 while printed subtotals are 13,845 and 25,710; these source differences are preserved. Other years reconcile, except as qualified by the printed note that breakdowns may not sum due to rounding."
debt-o-p002-y1990-r016,O,2,https://github.com/tordecilla/unprogrammed-appropriations/releases/download/pdfs-debt-pages-v1/annex-o-p002.pdf,1990,historical debt service,US Dollar Linked Peso Notes,detail,interestPayments,domestic,I. Interest Payments > Domestic > NG > US Dollar Linked Peso Notes,million pesos,0,0,1000000,,,,,"All printed annual aggregates and visible instrument/assumed-liability rows are staged. For domestic NG, instrument-detail rows are all zero in 1986 and sum to zero in 1988 while printed subtotals are 13,845 and 25,710; these source differences are preserved. Other years reconcile, except as qualified by the printed note that breakdowns may not sum due to rounding."
debt-o-p002-y1991-r016,O,2,https://github.com/tordecilla/unprogrammed-appropriations/releases/download/pdfs-debt-pages-v1/annex-o-p002.pdf,1991,historical debt service,US Dollar Linked Peso Notes,detail,interestPayments,domestic,I. Interest Payments > Domestic > NG > US Dollar Linked Peso Notes,million pesos,0,0,1000000,,,,,"All printed annual aggregates and visible instrument/assumed-liability rows are staged. For domestic NG, instrument-detail rows are all zero in 1986 and sum to zero in 1988 while printed subtotals are 13,845 and 25,710; these source differences are preserved. Other years reconcile, except as qualified by the printed note that breakdowns may not sum due to rounding."
debt-o-p002-y1992-r016,O,2,https://github.com/tordecilla/unprogrammed-appropriations/releases/download/pdfs-debt-pages-v1/annex-o-p002.pdf,1992,historical debt service,US Dollar Linked Peso Notes,detail,interestPayments,domestic,I. Interest Payments > Domestic > NG > US Dollar Linked Peso Notes,million pesos,0,0,1000000,,,,,"All printed annual aggregates and visible instrument/assumed-liability rows are staged. For domestic NG, instrument-detail rows are all zero in 1986 and sum to zero in 1988 while printed subtotals are 13,845 and 25,710; these source differences are preserved. Other years reconcile, except as qualified by the printed note that breakdowns may not sum due to rounding."
debt-o-p002-y1993-r016,O,2,https://github.com/tordecilla/unprogrammed-appropriations/releases/download/pdfs-debt-pages-v1/annex-o-p002.pdf,1993,historical debt service,US Dollar Linked Peso Notes,detail,interestPayments,domestic,I. Interest Payments > Domestic > NG > US Dollar Linked Peso Notes,million pesos,0,0,1000000,,,,,"All printed annual aggregates and visible instrument/assumed-liability rows are staged. For domestic NG, instrument-detail rows are all zero in 1986 and sum to zero in 1988 while printed subtotals are 13,845 and 25,710; these source differences are preserved. Other years reconcile, except as qualified by the printed note that breakdowns may not sum due to rounding."
debt-o-p002-y1994-r016,O,2,https://github.com/tordecilla/unprogrammed-appropriations/releases/download/pdfs-debt-pages-v1/annex-o-p002.pdf,1994,historical debt service,US Dollar Linked Peso Notes,detail,interestPayments,domestic,I. Interest Payments > Domestic > NG > US Dollar Linked Peso Notes,million pesos,0,0,1000000,,,,,"All printed annual aggregates and visible instrument/assumed-liability rows are staged. For domestic NG, instrument-detail rows are all zero in 1986 and sum to zero in 1988 while printed subtotals are 13,845 and 25,710; these source differences are preserved. Other years reconcile, except as qualified by the printed note that breakdowns may not sum due to rounding."
debt-o-p002-y1995-r016,O,2,https://github.com/tordecilla/unprogrammed-appropriations/releases/download/pdfs-debt-pages-v1/annex-o-p002.pdf,1995,historical debt service,US Dollar Linked Peso Notes,detail,interestPayments,domestic,I. Interest Payments > Domestic > NG > US Dollar Linked Peso Notes,million pesos,0,0,1000000,,,,,"All printed annual aggregates and visible instrument/assumed-liability rows are staged. For domestic NG, instrument-detail rows are all zero in 1986 and sum to zero in 1988 while printed subtotals are 13,845 and 25,710; these source differences are preserved. Other years reconcile, except as qualified by the printed note that breakdowns may not sum due to rounding."
debt-o-p002-y1996-r016,O,2,https://github.com/tordecilla/unprogrammed-appropriations/releases/download/pdfs-debt-pages-v1/annex-o-p002.pdf,1996,historical debt service,US Dollar Linked Peso Notes,detail,interestPayments,domestic,I. Interest Payments > Domestic > NG > US Dollar Linked Peso Notes,million pesos,0,0,1000000,,,,,"All printed annual aggregates and visible instrument/assumed-liability rows are staged. For domestic NG, instrument-detail rows are all zero in 1986 and sum to zero in 1988 while printed subtotals are 13,845 and 25,710; these source differences are preserved. Other years reconcile, except as qualified by the printed note that breakdowns may not sum due to rounding."
debt-o-p002-y1997-r016,O,2,https://github.com/tordecilla/unprogrammed-appropriations/releases/download/pdfs-debt-pages-v1/annex-o-p002.pdf,1997,historical debt service,US Dollar Linked Peso Notes,detail,interestPayments,domestic,I. Interest Payments > Domestic > NG > US Dollar Linked Peso Notes,million pesos,0,0,1000000,,,,,"All printed annual aggregates and visible instrument/assumed-liability rows are staged. For domestic NG, instrument-detail rows are all zero in 1986 and sum to zero in 1988 while printed subtotals are 13,845 and 25,710; these source differences are preserved. Other years reconcile, except as qualified by the printed note that breakdowns may not sum due to rounding."
debt-o-p002-y1998-r016,O,2,https://github.com/tordecilla/unprogrammed-appropriations/releases/download/pdfs-debt-pages-v1/annex-o-p002.pdf,1998,historical debt service,US Dollar Linked Peso Notes,detail,interestPayments,domestic,I. Interest Payments > Domestic > NG > US Dollar Linked Peso Notes,million pesos,0,0,1000000,,,,,"All printed annual aggregates and visible instrument/assumed-liability rows are staged. For domestic NG, instrument-detail rows are all zero in 1986 and sum to zero in 1988 while printed subtotals are 13,845 and 25,710; these source differences are preserved. Other years reconcile, except as qualified by the printed note that breakdowns may not sum due to rounding."
debt-o-p002-y1999-r016,O,2,https://github.com/tordecilla/unprogrammed-appropriations/releases/download/pdfs-debt-pages-v1/annex-o-p002.pdf,1999,historical debt service,US Dollar Linked Peso Notes,detail,interestPayments,domestic,I. Interest Payments > Domestic > NG > US Dollar Linked Peso Notes,million pesos,0,0,1000000,,,,,"All printed annual aggregates and visible instrument/assumed-liability rows are staged. For domestic NG, instrument-detail rows are all zero in 1986 and sum to zero in 1988 while printed subtotals are 13,845 and 25,710; these source differences are preserved. Other years reconcile, except as qualified by the printed note that breakdowns may not sum due to rounding."
debt-o-p002-y2000-r016,O,2,https://github.com/tordecilla/unprogrammed-appropriations/releases/download/pdfs-debt-pages-v1/annex-o-p002.pdf,2000,historical debt service,US Dollar Linked Peso Notes,detail,interestPayments,domestic,I. Interest Payments > Domestic > NG > US Dollar Linked Peso Notes,million pesos,0,0,1000000,,,,,"All printed annual aggregates and visible instrument/assumed-liability rows are staged. For domestic NG, instrument-detail rows are all zero in 1986 and sum to zero in 1988 while printed subtotals are 13,845 and 25,710; these source differences are preserved. Other years reconcile, except as qualified by the printed note that breakdowns may not sum due to rounding."
debt-o-p002-y2001-r016,O,2,https://github.com/tordecilla/unprogrammed-appropriations/releases/download/pdfs-debt-pages-v1/annex-o-p002.pdf,2001,historical debt service,US Dollar Linked Peso Notes,detail,interestPayments,domestic,I. Interest Payments > Domestic > NG > US Dollar Linked Peso Notes,million pesos,0,0,1000000,,,,,"All printed annual aggregates and visible instrument/assumed-liability rows are staged. For domestic NG, instrument-detail rows are all zero in 1986 and sum to zero in 1988 while printed subtotals are 13,845 and 25,710; these source differences are preserved. Other years reconcile, except as qualified by the printed note that breakdowns may not sum due to rounding."
debt-o-p002-y2002-r016,O,2,https://github.com/tordecilla/unprogrammed-appropriations/releases/download/pdfs-debt-pages-v1/annex-o-p002.pdf,2002,historical debt service,US Dollar Linked Peso Notes,detail,interestPayments,domestic,I. Interest Payments > Domestic > NG > US Dollar Linked Peso Notes,million pesos,665,665000000,1000000,,,,,"All printed annual aggregates and visible instrument/assumed-liability rows are staged. For domestic NG, instrument-detail rows are all zero in 1986 and sum to zero in 1988 while printed subtotals are 13,845 and 25,710; these source differences are preserved. Other years reconcile, except as qualified by the printed note that breakdowns may not sum due to rounding."
debt-o-p002-y2003-r016,O,2,https://github.com/tordecilla/unprogrammed-appropriations/releases/download/pdfs-debt-pages-v1/annex-o-p002.pdf,2003,historical debt service,US Dollar Linked Peso Notes,detail,interestPayments,domestic,I. Interest Payments > Domestic > NG > US Dollar Linked Peso Notes,million pesos,1679,1679000000,1000000,,,,,"All printed annual aggregates and visible instrument/assumed-liability rows are staged. For domestic NG, instrument-detail rows are all zero in 1986 and sum to zero in 1988 while printed subtotals are 13,845 and 25,710; these source differences are preserved. Other years reconcile, except as qualified by the printed note that breakdowns may not sum due to rounding."
debt-o-p002-y1986-r017,O,2,https://github.com/tordecilla/unprogrammed-appropriations/releases/download/pdfs-debt-pages-v1/annex-o-p002.pdf,1986,historical debt service,US $ Denominated T-Bills,detail,interestPayments,domestic,I. Interest Payments > Domestic > NG > US $ Denominated T-Bills,million pesos,0,0,1000000,,,,,"All printed annual aggregates and visible instrument/assumed-liability rows are staged. For domestic NG, instrument-detail rows are all zero in 1986 and sum to zero in 1988 while printed subtotals are 13,845 and 25,710; these source differences are preserved. Other years reconcile, except as qualified by the printed note that breakdowns may not sum due to rounding."
debt-o-p002-y1987-r017,O,2,https://github.com/tordecilla/unprogrammed-appropriations/releases/download/pdfs-debt-pages-v1/annex-o-p002.pdf,1987,historical debt service,US $ Denominated T-Bills,detail,interestPayments,domestic,I. Interest Payments > Domestic > NG > US $ Denominated T-Bills,million pesos,0,0,1000000,,,,,"All printed annual aggregates and visible instrument/assumed-liability rows are staged. For domestic NG, instrument-detail rows are all zero in 1986 and sum to zero in 1988 while printed subtotals are 13,845 and 25,710; these source differences are preserved. Other years reconcile, except as qualified by the printed note that breakdowns may not sum due to rounding."
debt-o-p002-y1988-r017,O,2,https://github.com/tordecilla/unprogrammed-appropriations/releases/download/pdfs-debt-pages-v1/annex-o-p002.pdf,1988,historical debt service,US $ Denominated T-Bills,detail,interestPayments,domestic,I. Interest Payments > Domestic > NG > US $ Denominated T-Bills,million pesos,0,0,1000000,,,,,"All printed annual aggregates and visible instrument/assumed-liability rows are staged. For domestic NG, instrument-detail rows are all zero in 1986 and sum to zero in 1988 while printed subtotals are 13,845 and 25,710; these source differences are preserved. Other years reconcile, except as qualified by the printed note that breakdowns may not sum due to rounding."
debt-o-p002-y1989-r017,O,2,https://github.com/tordecilla/unprogrammed-appropriations/releases/download/pdfs-debt-pages-v1/annex-o-p002.pdf,1989,historical debt service,US $ Denominated T-Bills,detail,interestPayments,domestic,I. Interest Payments > Domestic > NG > US $ Denominated T-Bills,million pesos,0,0,1000000,,,,,"All printed annual aggregates and visible instrument/assumed-liability rows are staged. For domestic NG, instrument-detail rows are all zero in 1986 and sum to zero in 1988 while printed subtotals are 13,845 and 25,710; these source differences are preserved. Other years reconcile, except as qualified by the printed note that breakdowns may not sum due to rounding."
debt-o-p002-y1990-r017,O,2,https://github.com/tordecilla/unprogrammed-appropriations/releases/download/pdfs-debt-pages-v1/annex-o-p002.pdf,1990,historical debt service,US $ Denominated T-Bills,detail,interestPayments,domestic,I. Interest Payments > Domestic > NG > US $ Denominated T-Bills,million pesos,0,0,1000000,,,,,"All printed annual aggregates and visible instrument/assumed-liability rows are staged. For domestic NG, instrument-detail rows are all zero in 1986 and sum to zero in 1988 while printed subtotals are 13,845 and 25,710; these source differences are preserved. Other years reconcile, except as qualified by the printed note that breakdowns may not sum due to rounding."
debt-o-p002-y1991-r017,O,2,https://github.com/tordecilla/unprogrammed-appropriations/releases/download/pdfs-debt-pages-v1/annex-o-p002.pdf,1991,historical debt service,US $ Denominated T-Bills,detail,interestPayments,domestic,I. Interest Payments > Domestic > NG > US $ Denominated T-Bills,million pesos,188,188000000,1000000,,,,,"All printed annual aggregates and visible instrument/assumed-liability rows are staged. For domestic NG, instrument-detail rows are all zero in 1986 and sum to zero in 1988 while printed subtotals are 13,845 and 25,710; these source differences are preserved. Other years reconcile, except as qualified by the printed note that breakdowns may not sum due to rounding."
debt-o-p002-y1992-r017,O,2,https://github.com/tordecilla/unprogrammed-appropriations/releases/download/pdfs-debt-pages-v1/annex-o-p002.pdf,1992,historical debt service,US $ Denominated T-Bills,detail,interestPayments,domestic,I. Interest Payments > Domestic > NG > US $ Denominated T-Bills,million pesos,156,156000000,1000000,,,,,"All printed annual aggregates and visible instrument/assumed-liability rows are staged. For domestic NG, instrument-detail rows are all zero in 1986 and sum to zero in 1988 while printed subtotals are 13,845 and 25,710; these source differences are preserved. Other years reconcile, except as qualified by the printed note that breakdowns may not sum due to rounding."
debt-o-p002-y1993-r017,O,2,https://github.com/tordecilla/unprogrammed-appropriations/releases/download/pdfs-debt-pages-v1/annex-o-p002.pdf,1993,historical debt service,US $ Denominated T-Bills,detail,interestPayments,domestic,I. Interest Payments > Domestic > NG > US $ Denominated T-Bills,million pesos,74,74000000,1000000,,,,,"All printed annual aggregates and visible instrument/assumed-liability rows are staged. For domestic NG, instrument-detail rows are all zero in 1986 and sum to zero in 1988 while printed subtotals are 13,845 and 25,710; these source differences are preserved. Other years reconcile, except as qualified by the printed note that breakdowns may not sum due to rounding."
debt-o-p002-y1994-r017,O,2,https://github.com/tordecilla/unprogrammed-appropriations/releases/download/pdfs-debt-pages-v1/annex-o-p002.pdf,1994,historical debt service,US $ Denominated T-Bills,detail,interestPayments,domestic,I. Interest Payments > Domestic > NG > US $ Denominated T-Bills,million pesos,0,0,1000000,,,,,"All printed annual aggregates and visible instrument/assumed-liability rows are staged. For domestic NG, instrument-detail rows are all zero in 1986 and sum to zero in 1988 while printed subtotals are 13,845 and 25,710; these source differences are preserved. Other years reconcile, except as qualified by the printed note that breakdowns may not sum due to rounding."
debt-o-p002-y1995-r017,O,2,https://github.com/tordecilla/unprogrammed-appropriations/releases/download/pdfs-debt-pages-v1/annex-o-p002.pdf,1995,historical debt service,US $ Denominated T-Bills,detail,interestPayments,domestic,I. Interest Payments > Domestic > NG > US $ Denominated T-Bills,million pesos,0,0,1000000,,,,,"All printed annual aggregates and visible instrument/assumed-liability rows are staged. For domestic NG, instrument-detail rows are all zero in 1986 and sum to zero in 1988 while printed subtotals are 13,845 and 25,710; these source differences are preserved. Other years reconcile, except as qualified by the printed note that breakdowns may not sum due to rounding."
debt-o-p002-y1996-r017,O,2,https://github.com/tordecilla/unprogrammed-appropriations/releases/download/pdfs-debt-pages-v1/annex-o-p002.pdf,1996,historical debt service,US $ Denominated T-Bills,detail,interestPayments,domestic,I. Interest Payments > Domestic > NG > US $ Denominated T-Bills,million pesos,0,0,1000000,,,,,"All printed annual aggregates and visible instrument/assumed-liability rows are staged. For domestic NG, instrument-detail rows are all zero in 1986 and sum to zero in 1988 while printed subtotals are 13,845 and 25,710; these source differences are preserved. Other years reconcile, except as qualified by the printed note that breakdowns may not sum due to rounding."
debt-o-p002-y1997-r017,O,2,https://github.com/tordecilla/unprogrammed-appropriations/releases/download/pdfs-debt-pages-v1/annex-o-p002.pdf,1997,historical debt service,US $ Denominated T-Bills,detail,interestPayments,domestic,I. Interest Payments > Domestic > NG > US $ Denominated T-Bills,million pesos,0,0,1000000,,,,,"All printed annual aggregates and visible instrument/assumed-liability rows are staged. For domestic NG, instrument-detail rows are all zero in 1986 and sum to zero in 1988 while printed subtotals are 13,845 and 25,710; these source differences are preserved. Other years reconcile, except as qualified by the printed note that breakdowns may not sum due to rounding."
debt-o-p002-y1998-r017,O,2,https://github.com/tordecilla/unprogrammed-appropriations/releases/download/pdfs-debt-pages-v1/annex-o-p002.pdf,1998,historical debt service,US $ Denominated T-Bills,detail,interestPayments,domestic,I. Interest Payments > Domestic > NG > US $ Denominated T-Bills,million pesos,0,0,1000000,,,,,"All printed annual aggregates and visible instrument/assumed-liability rows are staged. For domestic NG, instrument-detail rows are all zero in 1986 and sum to zero in 1988 while printed subtotals are 13,845 and 25,710; these source differences are preserved. Other years reconcile, except as qualified by the printed note that breakdowns may not sum due to rounding."
debt-o-p002-y1999-r017,O,2,https://github.com/tordecilla/unprogrammed-appropriations/releases/download/pdfs-debt-pages-v1/annex-o-p002.pdf,1999,historical debt service,US $ Denominated T-Bills,detail,interestPayments,domestic,I. Interest Payments > Domestic > NG > US $ Denominated T-Bills,million pesos,0,0,1000000,,,,,"All printed annual aggregates and visible instrument/assumed-liability rows are staged. For domestic NG, instrument-detail rows are all zero in 1986 and sum to zero in 1988 while printed subtotals are 13,845 and 25,710; these source differences are preserved. Other years reconcile, except as qualified by the printed note that breakdowns may not sum due to rounding."
debt-o-p002-y2000-r017,O,2,https://github.com/tordecilla/unprogrammed-appropriations/releases/download/pdfs-debt-pages-v1/annex-o-p002.pdf,2000,historical debt service,US $ Denominated T-Bills,detail,interestPayments,domestic,I. Interest Payments > Domestic > NG > US $ Denominated T-Bills,million pesos,0,0,1000000,,,,,"All printed annual aggregates and visible instrument/assumed-liability rows are staged. For domestic NG, instrument-detail rows are all zero in 1986 and sum to zero in 1988 while printed subtotals are 13,845 and 25,710; these source differences are preserved. Other years reconcile, except as qualified by the printed note that breakdowns may not sum due to rounding."
debt-o-p002-y2001-r017,O,2,https://github.com/tordecilla/unprogrammed-appropriations/releases/download/pdfs-debt-pages-v1/annex-o-p002.pdf,2001,historical debt service,US $ Denominated T-Bills,detail,interestPayments,domestic,I. Interest Payments > Domestic > NG > US $ Denominated T-Bills,million pesos,0,0,1000000,,,,,"All printed annual aggregates and visible instrument/assumed-liability rows are staged. For domestic NG, instrument-detail rows are all zero in 1986 and sum to zero in 1988 while printed subtotals are 13,845 and 25,710; these source differences are preserved. Other years reconcile, except as qualified by the printed note that breakdowns may not sum due to rounding."
debt-o-p002-y2002-r017,O,2,https://github.com/tordecilla/unprogrammed-appropriations/releases/download/pdfs-debt-pages-v1/annex-o-p002.pdf,2002,historical debt service,US $ Denominated T-Bills,detail,interestPayments,domestic,I. Interest Payments > Domestic > NG > US $ Denominated T-Bills,million pesos,0,0,1000000,,,,,"All printed annual aggregates and visible instrument/assumed-liability rows are staged. For domestic NG, instrument-detail rows are all zero in 1986 and sum to zero in 1988 while printed subtotals are 13,845 and 25,710; these source differences are preserved. Other years reconcile, except as qualified by the printed note that breakdowns may not sum due to rounding."
debt-o-p002-y2003-r017,O,2,https://github.com/tordecilla/unprogrammed-appropriations/releases/download/pdfs-debt-pages-v1/annex-o-p002.pdf,2003,historical debt service,US $ Denominated T-Bills,detail,interestPayments,domestic,I. Interest Payments > Domestic > NG > US $ Denominated T-Bills,million pesos,0,0,1000000,,,,,"All printed annual aggregates and visible instrument/assumed-liability rows are staged. For domestic NG, instrument-detail rows are all zero in 1986 and sum to zero in 1988 while printed subtotals are 13,845 and 25,710; these source differences are preserved. Other years reconcile, except as qualified by the printed note that breakdowns may not sum due to rounding."
debt-o-p002-y1986-r018,O,2,https://github.com/tordecilla/unprogrammed-appropriations/releases/download/pdfs-debt-pages-v1/annex-o-p002.pdf,1986,historical debt service,Onshore Dollar Bonds,detail,interestPayments,domestic,I. Interest Payments > Domestic > NG > Onshore Dollar Bonds,million pesos,0,0,1000000,,,,,"All printed annual aggregates and visible instrument/assumed-liability rows are staged. For domestic NG, instrument-detail rows are all zero in 1986 and sum to zero in 1988 while printed subtotals are 13,845 and 25,710; these source differences are preserved. Other years reconcile, except as qualified by the printed note that breakdowns may not sum due to rounding."
debt-o-p002-y1987-r018,O,2,https://github.com/tordecilla/unprogrammed-appropriations/releases/download/pdfs-debt-pages-v1/annex-o-p002.pdf,1987,historical debt service,Onshore Dollar Bonds,detail,interestPayments,domestic,I. Interest Payments > Domestic > NG > Onshore Dollar Bonds,million pesos,0,0,1000000,,,,,"All printed annual aggregates and visible instrument/assumed-liability rows are staged. For domestic NG, instrument-detail rows are all zero in 1986 and sum to zero in 1988 while printed subtotals are 13,845 and 25,710; these source differences are preserved. Other years reconcile, except as qualified by the printed note that breakdowns may not sum due to rounding."
debt-o-p002-y1988-r018,O,2,https://github.com/tordecilla/unprogrammed-appropriations/releases/download/pdfs-debt-pages-v1/annex-o-p002.pdf,1988,historical debt service,Onshore Dollar Bonds,detail,interestPayments,domestic,I. Interest Payments > Domestic > NG > Onshore Dollar Bonds,million pesos,0,0,1000000,,,,,"All printed annual aggregates and visible instrument/assumed-liability rows are staged. For domestic NG, instrument-detail rows are all zero in 1986 and sum to zero in 1988 while printed subtotals are 13,845 and 25,710; these source differences are preserved. Other years reconcile, except as qualified by the printed note that breakdowns may not sum due to rounding."
debt-o-p002-y1989-r018,O,2,https://github.com/tordecilla/unprogrammed-appropriations/releases/download/pdfs-debt-pages-v1/annex-o-p002.pdf,1989,historical debt service,Onshore Dollar Bonds,detail,interestPayments,domestic,I. Interest Payments > Domestic > NG > Onshore Dollar Bonds,million pesos,0,0,1000000,,,,,"All printed annual aggregates and visible instrument/assumed-liability rows are staged. For domestic NG, instrument-detail rows are all zero in 1986 and sum to zero in 1988 while printed subtotals are 13,845 and 25,710; these source differences are preserved. Other years reconcile, except as qualified by the printed note that breakdowns may not sum due to rounding."
debt-o-p002-y1990-r018,O,2,https://github.com/tordecilla/unprogrammed-appropriations/releases/download/pdfs-debt-pages-v1/annex-o-p002.pdf,1990,historical debt service,Onshore Dollar Bonds,detail,interestPayments,domestic,I. Interest Payments > Domestic > NG > Onshore Dollar Bonds,million pesos,0,0,1000000,,,,,"All printed annual aggregates and visible instrument/assumed-liability rows are staged. For domestic NG, instrument-detail rows are all zero in 1986 and sum to zero in 1988 while printed subtotals are 13,845 and 25,710; these source differences are preserved. Other years reconcile, except as qualified by the printed note that breakdowns may not sum due to rounding."
debt-o-p002-y1991-r018,O,2,https://github.com/tordecilla/unprogrammed-appropriations/releases/download/pdfs-debt-pages-v1/annex-o-p002.pdf,1991,historical debt service,Onshore Dollar Bonds,detail,interestPayments,domestic,I. Interest Payments > Domestic > NG > Onshore Dollar Bonds,million pesos,0,0,1000000,,,,,"All printed annual aggregates and visible instrument/assumed-liability rows are staged. For domestic NG, instrument-detail rows are all zero in 1986 and sum to zero in 1988 while printed subtotals are 13,845 and 25,710; these source differences are preserved. Other years reconcile, except as qualified by the printed note that breakdowns may not sum due to rounding."
debt-o-p002-y1992-r018,O,2,https://github.com/tordecilla/unprogrammed-appropriations/releases/download/pdfs-debt-pages-v1/annex-o-p002.pdf,1992,historical debt service,Onshore Dollar Bonds,detail,interestPayments,domestic,I. Interest Payments > Domestic > NG > Onshore Dollar Bonds,million pesos,0,0,1000000,,,,,"All printed annual aggregates and visible instrument/assumed-liability rows are staged. For domestic NG, instrument-detail rows are all zero in 1986 and sum to zero in 1988 while printed subtotals are 13,845 and 25,710; these source differences are preserved. Other years reconcile, except as qualified by the printed note that breakdowns may not sum due to rounding."
debt-o-p002-y1993-r018,O,2,https://github.com/tordecilla/unprogrammed-appropriations/releases/download/pdfs-debt-pages-v1/annex-o-p002.pdf,1993,historical debt service,Onshore Dollar Bonds,detail,interestPayments,domestic,I. Interest Payments > Domestic > NG > Onshore Dollar Bonds,million pesos,0,0,1000000,,,,,"All printed annual aggregates and visible instrument/assumed-liability rows are staged. For domestic NG, instrument-detail rows are all zero in 1986 and sum to zero in 1988 while printed subtotals are 13,845 and 25,710; these source differences are preserved. Other years reconcile, except as qualified by the printed note that breakdowns may not sum due to rounding."
debt-o-p002-y1994-r018,O,2,https://github.com/tordecilla/unprogrammed-appropriations/releases/download/pdfs-debt-pages-v1/annex-o-p002.pdf,1994,historical debt service,Onshore Dollar Bonds,detail,interestPayments,domestic,I. Interest Payments > Domestic > NG > Onshore Dollar Bonds,million pesos,0,0,1000000,,,,,"All printed annual aggregates and visible instrument/assumed-liability rows are staged. For domestic NG, instrument-detail rows are all zero in 1986 and sum to zero in 1988 while printed subtotals are 13,845 and 25,710; these source differences are preserved. Other years reconcile, except as qualified by the printed note that breakdowns may not sum due to rounding."
debt-o-p002-y1995-r018,O,2,https://github.com/tordecilla/unprogrammed-appropriations/releases/download/pdfs-debt-pages-v1/annex-o-p002.pdf,1995,historical debt service,Onshore Dollar Bonds,detail,interestPayments,domestic,I. Interest Payments > Domestic > NG > Onshore Dollar Bonds,million pesos,0,0,1000000,,,,,"All printed annual aggregates and visible instrument/assumed-liability rows are staged. For domestic NG, instrument-detail rows are all zero in 1986 and sum to zero in 1988 while printed subtotals are 13,845 and 25,710; these source differences are preserved. Other years reconcile, except as qualified by the printed note that breakdowns may not sum due to rounding."
debt-o-p002-y1996-r018,O,2,https://github.com/tordecilla/unprogrammed-appropriations/releases/download/pdfs-debt-pages-v1/annex-o-p002.pdf,1996,historical debt service,Onshore Dollar Bonds,detail,interestPayments,domestic,I. Interest Payments > Domestic > NG > Onshore Dollar Bonds,million pesos,0,0,1000000,,,,,"All printed annual aggregates and visible instrument/assumed-liability rows are staged. For domestic NG, instrument-detail rows are all zero in 1986 and sum to zero in 1988 while printed subtotals are 13,845 and 25,710; these source differences are preserved. Other years reconcile, except as qualified by the printed note that breakdowns may not sum due to rounding."
debt-o-p002-y1997-r018,O,2,https://github.com/tordecilla/unprogrammed-appropriations/releases/download/pdfs-debt-pages-v1/annex-o-p002.pdf,1997,historical debt service,Onshore Dollar Bonds,detail,interestPayments,domestic,I. Interest Payments > Domestic > NG > Onshore Dollar Bonds,million pesos,0,0,1000000,,,,,"All printed annual aggregates and visible instrument/assumed-liability rows are staged. For domestic NG, instrument-detail rows are all zero in 1986 and sum to zero in 1988 while printed subtotals are 13,845 and 25,710; these source differences are preserved. Other years reconcile, except as qualified by the printed note that breakdowns may not sum due to rounding."
debt-o-p002-y1998-r018,O,2,https://github.com/tordecilla/unprogrammed-appropriations/releases/download/pdfs-debt-pages-v1/annex-o-p002.pdf,1998,historical debt service,Onshore Dollar Bonds,detail,interestPayments,domestic,I. Interest Payments > Domestic > NG > Onshore Dollar Bonds,million pesos,0,0,1000000,,,,,"All printed annual aggregates and visible instrument/assumed-liability rows are staged. For domestic NG, instrument-detail rows are all zero in 1986 and sum to zero in 1988 while printed subtotals are 13,845 and 25,710; these source differences are preserved. Other years reconcile, except as qualified by the printed note that breakdowns may not sum due to rounding."
debt-o-p002-y1999-r018,O,2,https://github.com/tordecilla/unprogrammed-appropriations/releases/download/pdfs-debt-pages-v1/annex-o-p002.pdf,1999,historical debt service,Onshore Dollar Bonds,detail,interestPayments,domestic,I. Interest Payments > Domestic > NG > Onshore Dollar Bonds,million pesos,0,0,1000000,,,,,"All printed annual aggregates and visible instrument/assumed-liability rows are staged. For domestic NG, instrument-detail rows are all zero in 1986 and sum to zero in 1988 while printed subtotals are 13,845 and 25,710; these source differences are preserved. Other years reconcile, except as qualified by the printed note that breakdowns may not sum due to rounding."
debt-o-p002-y2000-r018,O,2,https://github.com/tordecilla/unprogrammed-appropriations/releases/download/pdfs-debt-pages-v1/annex-o-p002.pdf,2000,historical debt service,Onshore Dollar Bonds,detail,interestPayments,domestic,I. Interest Payments > Domestic > NG > Onshore Dollar Bonds,million pesos,0,0,1000000,,,,,"All printed annual aggregates and visible instrument/assumed-liability rows are staged. For domestic NG, instrument-detail rows are all zero in 1986 and sum to zero in 1988 while printed subtotals are 13,845 and 25,710; these source differences are preserved. Other years reconcile, except as qualified by the printed note that breakdowns may not sum due to rounding."
debt-o-p002-y2001-r018,O,2,https://github.com/tordecilla/unprogrammed-appropriations/releases/download/pdfs-debt-pages-v1/annex-o-p002.pdf,2001,historical debt service,Onshore Dollar Bonds,detail,interestPayments,domestic,I. Interest Payments > Domestic > NG > Onshore Dollar Bonds,million pesos,0,0,1000000,,,,,"All printed annual aggregates and visible instrument/assumed-liability rows are staged. For domestic NG, instrument-detail rows are all zero in 1986 and sum to zero in 1988 while printed subtotals are 13,845 and 25,710; these source differences are preserved. Other years reconcile, except as qualified by the printed note that breakdowns may not sum due to rounding."
debt-o-p002-y2002-r018,O,2,https://github.com/tordecilla/unprogrammed-appropriations/releases/download/pdfs-debt-pages-v1/annex-o-p002.pdf,2002,historical debt service,Onshore Dollar Bonds,detail,interestPayments,domestic,I. Interest Payments > Domestic > NG > Onshore Dollar Bonds,million pesos,0,0,1000000,,,,,"All printed annual aggregates and visible instrument/assumed-liability rows are staged. For domestic NG, instrument-detail rows are all zero in 1986 and sum to zero in 1988 while printed subtotals are 13,845 and 25,710; these source differences are preserved. Other years reconcile, except as qualified by the printed note that breakdowns may not sum due to rounding."
debt-o-p002-y2003-r018,O,2,https://github.com/tordecilla/unprogrammed-appropriations/releases/download/pdfs-debt-pages-v1/annex-o-p002.pdf,2003,historical debt service,Onshore Dollar Bonds,detail,interestPayments,domestic,I. Interest Payments > Domestic > NG > Onshore Dollar Bonds,million pesos,0,0,1000000,,,,,"All printed annual aggregates and visible instrument/assumed-liability rows are staged. For domestic NG, instrument-detail rows are all zero in 1986 and sum to zero in 1988 while printed subtotals are 13,845 and 25,710; these source differences are preserved. Other years reconcile, except as qualified by the printed note that breakdowns may not sum due to rounding."
debt-o-p002-y1986-r019,O,2,https://github.com/tordecilla/unprogrammed-appropriations/releases/download/pdfs-debt-pages-v1/annex-o-p002.pdf,1986,historical debt service,Peso Denominated T-Bonds,detail,interestPayments,domestic,I. Interest Payments > Domestic > NG > Peso Denominated T-Bonds,million pesos,0,0,1000000,,,,,"All printed annual aggregates and visible instrument/assumed-liability rows are staged. For domestic NG, instrument-detail rows are all zero in 1986 and sum to zero in 1988 while printed subtotals are 13,845 and 25,710; these source differences are preserved. Other years reconcile, except as qualified by the printed note that breakdowns may not sum due to rounding."
debt-o-p002-y1987-r019,O,2,https://github.com/tordecilla/unprogrammed-appropriations/releases/download/pdfs-debt-pages-v1/annex-o-p002.pdf,1987,historical debt service,Peso Denominated T-Bonds,detail,interestPayments,domestic,I. Interest Payments > Domestic > NG > Peso Denominated T-Bonds,million pesos,0,0,1000000,,,,,"All printed annual aggregates and visible instrument/assumed-liability rows are staged. For domestic NG, instrument-detail rows are all zero in 1986 and sum to zero in 1988 while printed subtotals are 13,845 and 25,710; these source differences are preserved. Other years reconcile, except as qualified by the printed note that breakdowns may not sum due to rounding."
debt-o-p002-y1988-r019,O,2,https://github.com/tordecilla/unprogrammed-appropriations/releases/download/pdfs-debt-pages-v1/annex-o-p002.pdf,1988,historical debt service,Peso Denominated T-Bonds,detail,interestPayments,domestic,I. Interest Payments > Domestic > NG > Peso Denominated T-Bonds,million pesos,0,0,1000000,,,,,"All printed annual aggregates and visible instrument/assumed-liability rows are staged. For domestic NG, instrument-detail rows are all zero in 1986 and sum to zero in 1988 while printed subtotals are 13,845 and 25,710; these source differences are preserved. Other years reconcile, except as qualified by the printed note that breakdowns may not sum due to rounding."
debt-o-p002-y1989-r019,O,2,https://github.com/tordecilla/unprogrammed-appropriations/releases/download/pdfs-debt-pages-v1/annex-o-p002.pdf,1989,historical debt service,Peso Denominated T-Bonds,detail,interestPayments,domestic,I. Interest Payments > Domestic > NG > Peso Denominated T-Bonds,million pesos,0,0,1000000,,,,,"All printed annual aggregates and visible instrument/assumed-liability rows are staged. For domestic NG, instrument-detail rows are all zero in 1986 and sum to zero in 1988 while printed subtotals are 13,845 and 25,710; these source differences are preserved. Other years reconcile, except as qualified by the printed note that breakdowns may not sum due to rounding."
debt-o-p002-y1990-r019,O,2,https://github.com/tordecilla/unprogrammed-appropriations/releases/download/pdfs-debt-pages-v1/annex-o-p002.pdf,1990,historical debt service,Peso Denominated T-Bonds,detail,interestPayments,domestic,I. Interest Payments > Domestic > NG > Peso Denominated T-Bonds,million pesos,0,0,1000000,,,,,"All printed annual aggregates and visible instrument/assumed-liability rows are staged. For domestic NG, instrument-detail rows are all zero in 1986 and sum to zero in 1988 while printed subtotals are 13,845 and 25,710; these source differences are preserved. Other years reconcile, except as qualified by the printed note that breakdowns may not sum due to rounding."
debt-o-p002-y1991-r019,O,2,https://github.com/tordecilla/unprogrammed-appropriations/releases/download/pdfs-debt-pages-v1/annex-o-p002.pdf,1991,historical debt service,Peso Denominated T-Bonds,detail,interestPayments,domestic,I. Interest Payments > Domestic > NG > Peso Denominated T-Bonds,million pesos,0,0,1000000,,,,,"All printed annual aggregates and visible instrument/assumed-liability rows are staged. For domestic NG, instrument-detail rows are all zero in 1986 and sum to zero in 1988 while printed subtotals are 13,845 and 25,710; these source differences are preserved. Other years reconcile, except as qualified by the printed note that breakdowns may not sum due to rounding."
debt-o-p002-y1992-r019,O,2,https://github.com/tordecilla/unprogrammed-appropriations/releases/download/pdfs-debt-pages-v1/annex-o-p002.pdf,1992,historical debt service,Peso Denominated T-Bonds,detail,interestPayments,domestic,I. Interest Payments > Domestic > NG > Peso Denominated T-Bonds,million pesos,0,0,1000000,,,,,"All printed annual aggregates and visible instrument/assumed-liability rows are staged. For domestic NG, instrument-detail rows are all zero in 1986 and sum to zero in 1988 while printed subtotals are 13,845 and 25,710; these source differences are preserved. Other years reconcile, except as qualified by the printed note that breakdowns may not sum due to rounding."
debt-o-p002-y1993-r019,O,2,https://github.com/tordecilla/unprogrammed-appropriations/releases/download/pdfs-debt-pages-v1/annex-o-p002.pdf,1993,historical debt service,Peso Denominated T-Bonds,detail,interestPayments,domestic,I. Interest Payments > Domestic > NG > Peso Denominated T-Bonds,million pesos,0,0,1000000,,,,,"All printed annual aggregates and visible instrument/assumed-liability rows are staged. For domestic NG, instrument-detail rows are all zero in 1986 and sum to zero in 1988 while printed subtotals are 13,845 and 25,710; these source differences are preserved. Other years reconcile, except as qualified by the printed note that breakdowns may not sum due to rounding."
debt-o-p002-y1994-r019,O,2,https://github.com/tordecilla/unprogrammed-appropriations/releases/download/pdfs-debt-pages-v1/annex-o-p002.pdf,1994,historical debt service,Peso Denominated T-Bonds,detail,interestPayments,domestic,I. Interest Payments > Domestic > NG > Peso Denominated T-Bonds,million pesos,0,0,1000000,,,,,"All printed annual aggregates and visible instrument/assumed-liability rows are staged. For domestic NG, instrument-detail rows are all zero in 1986 and sum to zero in 1988 while printed subtotals are 13,845 and 25,710; these source differences are preserved. Other years reconcile, except as qualified by the printed note that breakdowns may not sum due to rounding."
debt-o-p002-y1995-r019,O,2,https://github.com/tordecilla/unprogrammed-appropriations/releases/download/pdfs-debt-pages-v1/annex-o-p002.pdf,1995,historical debt service,Peso Denominated T-Bonds,detail,interestPayments,domestic,I. Interest Payments > Domestic > NG > Peso Denominated T-Bonds,million pesos,0,0,1000000,,,,,"All printed annual aggregates and visible instrument/assumed-liability rows are staged. For domestic NG, instrument-detail rows are all zero in 1986 and sum to zero in 1988 while printed subtotals are 13,845 and 25,710; these source differences are preserved. Other years reconcile, except as qualified by the printed note that breakdowns may not sum due to rounding."
debt-o-p002-y1996-r019,O,2,https://github.com/tordecilla/unprogrammed-appropriations/releases/download/pdfs-debt-pages-v1/annex-o-p002.pdf,1996,historical debt service,Peso Denominated T-Bonds,detail,interestPayments,domestic,I. Interest Payments > Domestic > NG > Peso Denominated T-Bonds,million pesos,0,0,1000000,,,,,"All printed annual aggregates and visible instrument/assumed-liability rows are staged. For domestic NG, instrument-detail rows are all zero in 1986 and sum to zero in 1988 while printed subtotals are 13,845 and 25,710; these source differences are preserved. Other years reconcile, except as qualified by the printed note that breakdowns may not sum due to rounding."
debt-o-p002-y1997-r019,O,2,https://github.com/tordecilla/unprogrammed-appropriations/releases/download/pdfs-debt-pages-v1/annex-o-p002.pdf,1997,historical debt service,Peso Denominated T-Bonds,detail,interestPayments,domestic,I. Interest Payments > Domestic > NG > Peso Denominated T-Bonds,million pesos,0,0,1000000,,,,,"All printed annual aggregates and visible instrument/assumed-liability rows are staged. For domestic NG, instrument-detail rows are all zero in 1986 and sum to zero in 1988 while printed subtotals are 13,845 and 25,710; these source differences are preserved. Other years reconcile, except as qualified by the printed note that breakdowns may not sum due to rounding."
debt-o-p002-y1998-r019,O,2,https://github.com/tordecilla/unprogrammed-appropriations/releases/download/pdfs-debt-pages-v1/annex-o-p002.pdf,1998,historical debt service,Peso Denominated T-Bonds,detail,interestPayments,domestic,I. Interest Payments > Domestic > NG > Peso Denominated T-Bonds,million pesos,0,0,1000000,,,,,"All printed annual aggregates and visible instrument/assumed-liability rows are staged. For domestic NG, instrument-detail rows are all zero in 1986 and sum to zero in 1988 while printed subtotals are 13,845 and 25,710; these source differences are preserved. Other years reconcile, except as qualified by the printed note that breakdowns may not sum due to rounding."
debt-o-p002-y1999-r019,O,2,https://github.com/tordecilla/unprogrammed-appropriations/releases/download/pdfs-debt-pages-v1/annex-o-p002.pdf,1999,historical debt service,Peso Denominated T-Bonds,detail,interestPayments,domestic,I. Interest Payments > Domestic > NG > Peso Denominated T-Bonds,million pesos,0,0,1000000,,,,,"All printed annual aggregates and visible instrument/assumed-liability rows are staged. For domestic NG, instrument-detail rows are all zero in 1986 and sum to zero in 1988 while printed subtotals are 13,845 and 25,710; these source differences are preserved. Other years reconcile, except as qualified by the printed note that breakdowns may not sum due to rounding."
debt-o-p002-y2000-r019,O,2,https://github.com/tordecilla/unprogrammed-appropriations/releases/download/pdfs-debt-pages-v1/annex-o-p002.pdf,2000,historical debt service,Peso Denominated T-Bonds,detail,interestPayments,domestic,I. Interest Payments > Domestic > NG > Peso Denominated T-Bonds,million pesos,0,0,1000000,,,,,"All printed annual aggregates and visible instrument/assumed-liability rows are staged. For domestic NG, instrument-detail rows are all zero in 1986 and sum to zero in 1988 while printed subtotals are 13,845 and 25,710; these source differences are preserved. Other years reconcile, except as qualified by the printed note that breakdowns may not sum due to rounding."
debt-o-p002-y2001-r019,O,2,https://github.com/tordecilla/unprogrammed-appropriations/releases/download/pdfs-debt-pages-v1/annex-o-p002.pdf,2001,historical debt service,Peso Denominated T-Bonds,detail,interestPayments,domestic,I. Interest Payments > Domestic > NG > Peso Denominated T-Bonds,million pesos,0,0,1000000,,,,,"All printed annual aggregates and visible instrument/assumed-liability rows are staged. For domestic NG, instrument-detail rows are all zero in 1986 and sum to zero in 1988 while printed subtotals are 13,845 and 25,710; these source differences are preserved. Other years reconcile, except as qualified by the printed note that breakdowns may not sum due to rounding."
debt-o-p002-y2002-r019,O,2,https://github.com/tordecilla/unprogrammed-appropriations/releases/download/pdfs-debt-pages-v1/annex-o-p002.pdf,2002,historical debt service,Peso Denominated T-Bonds,detail,interestPayments,domestic,I. Interest Payments > Domestic > NG > Peso Denominated T-Bonds,million pesos,0,0,1000000,,,,,"All printed annual aggregates and visible instrument/assumed-liability rows are staged. For domestic NG, instrument-detail rows are all zero in 1986 and sum to zero in 1988 while printed subtotals are 13,845 and 25,710; these source differences are preserved. Other years reconcile, except as qualified by the printed note that breakdowns may not sum due to rounding."
debt-o-p002-y2003-r019,O,2,https://github.com/tordecilla/unprogrammed-appropriations/releases/download/pdfs-debt-pages-v1/annex-o-p002.pdf,2003,historical debt service,Peso Denominated T-Bonds,detail,interestPayments,domestic,I. Interest Payments > Domestic > NG > Peso Denominated T-Bonds,million pesos,0,0,1000000,,,,,"All printed annual aggregates and visible instrument/assumed-liability rows are staged. For domestic NG, instrument-detail rows are all zero in 1986 and sum to zero in 1988 while printed subtotals are 13,845 and 25,710; these source differences are preserved. Other years reconcile, except as qualified by the printed note that breakdowns may not sum due to rounding."
debt-o-p002-y1986-r020,O,2,https://github.com/tordecilla/unprogrammed-appropriations/releases/download/pdfs-debt-pages-v1/annex-o-p002.pdf,1986,historical debt service,Benchmark Bonds,detail,interestPayments,domestic,I. Interest Payments > Domestic > NG > Benchmark Bonds,million pesos,0,0,1000000,,,,,"All printed annual aggregates and visible instrument/assumed-liability rows are staged. For domestic NG, instrument-detail rows are all zero in 1986 and sum to zero in 1988 while printed subtotals are 13,845 and 25,710; these source differences are preserved. Other years reconcile, except as qualified by the printed note that breakdowns may not sum due to rounding."
debt-o-p002-y1987-r020,O,2,https://github.com/tordecilla/unprogrammed-appropriations/releases/download/pdfs-debt-pages-v1/annex-o-p002.pdf,1987,historical debt service,Benchmark Bonds,detail,interestPayments,domestic,I. Interest Payments > Domestic > NG > Benchmark Bonds,million pesos,0,0,1000000,,,,,"All printed annual aggregates and visible instrument/assumed-liability rows are staged. For domestic NG, instrument-detail rows are all zero in 1986 and sum to zero in 1988 while printed subtotals are 13,845 and 25,710; these source differences are preserved. Other years reconcile, except as qualified by the printed note that breakdowns may not sum due to rounding."
debt-o-p002-y1988-r020,O,2,https://github.com/tordecilla/unprogrammed-appropriations/releases/download/pdfs-debt-pages-v1/annex-o-p002.pdf,1988,historical debt service,Benchmark Bonds,detail,interestPayments,domestic,I. Interest Payments > Domestic > NG > Benchmark Bonds,million pesos,0,0,1000000,,,,,"All printed annual aggregates and visible instrument/assumed-liability rows are staged. For domestic NG, instrument-detail rows are all zero in 1986 and sum to zero in 1988 while printed subtotals are 13,845 and 25,710; these source differences are preserved. Other years reconcile, except as qualified by the printed note that breakdowns may not sum due to rounding."
debt-o-p002-y1989-r020,O,2,https://github.com/tordecilla/unprogrammed-appropriations/releases/download/pdfs-debt-pages-v1/annex-o-p002.pdf,1989,historical debt service,Benchmark Bonds,detail,interestPayments,domestic,I. Interest Payments > Domestic > NG > Benchmark Bonds,million pesos,0,0,1000000,,,,,"All printed annual aggregates and visible instrument/assumed-liability rows are staged. For domestic NG, instrument-detail rows are all zero in 1986 and sum to zero in 1988 while printed subtotals are 13,845 and 25,710; these source differences are preserved. Other years reconcile, except as qualified by the printed note that breakdowns may not sum due to rounding."
debt-o-p002-y1990-r020,O,2,https://github.com/tordecilla/unprogrammed-appropriations/releases/download/pdfs-debt-pages-v1/annex-o-p002.pdf,1990,historical debt service,Benchmark Bonds,detail,interestPayments,domestic,I. Interest Payments > Domestic > NG > Benchmark Bonds,million pesos,0,0,1000000,,,,,"All printed annual aggregates and visible instrument/assumed-liability rows are staged. For domestic NG, instrument-detail rows are all zero in 1986 and sum to zero in 1988 while printed subtotals are 13,845 and 25,710; these source differences are preserved. Other years reconcile, except as qualified by the printed note that breakdowns may not sum due to rounding."
debt-o-p002-y1991-r020,O,2,https://github.com/tordecilla/unprogrammed-appropriations/releases/download/pdfs-debt-pages-v1/annex-o-p002.pdf,1991,historical debt service,Benchmark Bonds,detail,interestPayments,domestic,I. Interest Payments > Domestic > NG > Benchmark Bonds,million pesos,0,0,1000000,,,,,"All printed annual aggregates and visible instrument/assumed-liability rows are staged. For domestic NG, instrument-detail rows are all zero in 1986 and sum to zero in 1988 while printed subtotals are 13,845 and 25,710; these source differences are preserved. Other years reconcile, except as qualified by the printed note that breakdowns may not sum due to rounding."
debt-o-p002-y1992-r020,O,2,https://github.com/tordecilla/unprogrammed-appropriations/releases/download/pdfs-debt-pages-v1/annex-o-p002.pdf,1992,historical debt service,Benchmark Bonds,detail,interestPayments,domestic,I. Interest Payments > Domestic > NG > Benchmark Bonds,million pesos,0,0,1000000,,,,,"All printed annual aggregates and visible instrument/assumed-liability rows are staged. For domestic NG, instrument-detail rows are all zero in 1986 and sum to zero in 1988 while printed subtotals are 13,845 and 25,710; these source differences are preserved. Other years reconcile, except as qualified by the printed note that breakdowns may not sum due to rounding."
debt-o-p002-y1993-r020,O,2,https://github.com/tordecilla/unprogrammed-appropriations/releases/download/pdfs-debt-pages-v1/annex-o-p002.pdf,1993,historical debt service,Benchmark Bonds,detail,interestPayments,domestic,I. Interest Payments > Domestic > NG > Benchmark Bonds,million pesos,0,0,1000000,,,,,"All printed annual aggregates and visible instrument/assumed-liability rows are staged. For domestic NG, instrument-detail rows are all zero in 1986 and sum to zero in 1988 while printed subtotals are 13,845 and 25,710; these source differences are preserved. Other years reconcile, except as qualified by the printed note that breakdowns may not sum due to rounding."
debt-o-p002-y1994-r020,O,2,https://github.com/tordecilla/unprogrammed-appropriations/releases/download/pdfs-debt-pages-v1/annex-o-p002.pdf,1994,historical debt service,Benchmark Bonds,detail,interestPayments,domestic,I. Interest Payments > Domestic > NG > Benchmark Bonds,million pesos,0,0,1000000,,,,,"All printed annual aggregates and visible instrument/assumed-liability rows are staged. For domestic NG, instrument-detail rows are all zero in 1986 and sum to zero in 1988 while printed subtotals are 13,845 and 25,710; these source differences are preserved. Other years reconcile, except as qualified by the printed note that breakdowns may not sum due to rounding."
debt-o-p002-y1995-r020,O,2,https://github.com/tordecilla/unprogrammed-appropriations/releases/download/pdfs-debt-pages-v1/annex-o-p002.pdf,1995,historical debt service,Benchmark Bonds,detail,interestPayments,domestic,I. Interest Payments > Domestic > NG > Benchmark Bonds,million pesos,0,0,1000000,,,,,"All printed annual aggregates and visible instrument/assumed-liability rows are staged. For domestic NG, instrument-detail rows are all zero in 1986 and sum to zero in 1988 while printed subtotals are 13,845 and 25,710; these source differences are preserved. Other years reconcile, except as qualified by the printed note that breakdowns may not sum due to rounding."
debt-o-p002-y1996-r020,O,2,https://github.com/tordecilla/unprogrammed-appropriations/releases/download/pdfs-debt-pages-v1/annex-o-p002.pdf,1996,historical debt service,Benchmark Bonds,detail,interestPayments,domestic,I. Interest Payments > Domestic > NG > Benchmark Bonds,million pesos,0,0,1000000,,,,,"All printed annual aggregates and visible instrument/assumed-liability rows are staged. For domestic NG, instrument-detail rows are all zero in 1986 and sum to zero in 1988 while printed subtotals are 13,845 and 25,710; these source differences are preserved. Other years reconcile, except as qualified by the printed note that breakdowns may not sum due to rounding."
debt-o-p002-y1997-r020,O,2,https://github.com/tordecilla/unprogrammed-appropriations/releases/download/pdfs-debt-pages-v1/annex-o-p002.pdf,1997,historical debt service,Benchmark Bonds,detail,interestPayments,domestic,I. Interest Payments > Domestic > NG > Benchmark Bonds,million pesos,0,0,1000000,,,,,"All printed annual aggregates and visible instrument/assumed-liability rows are staged. For domestic NG, instrument-detail rows are all zero in 1986 and sum to zero in 1988 while printed subtotals are 13,845 and 25,710; these source differences are preserved. Other years reconcile, except as qualified by the printed note that breakdowns may not sum due to rounding."
debt-o-p002-y1998-r020,O,2,https://github.com/tordecilla/unprogrammed-appropriations/releases/download/pdfs-debt-pages-v1/annex-o-p002.pdf,1998,historical debt service,Benchmark Bonds,detail,interestPayments,domestic,I. Interest Payments > Domestic > NG > Benchmark Bonds,million pesos,0,0,1000000,,,,,"All printed annual aggregates and visible instrument/assumed-liability rows are staged. For domestic NG, instrument-detail rows are all zero in 1986 and sum to zero in 1988 while printed subtotals are 13,845 and 25,710; these source differences are preserved. Other years reconcile, except as qualified by the printed note that breakdowns may not sum due to rounding."
debt-o-p002-y1999-r020,O,2,https://github.com/tordecilla/unprogrammed-appropriations/releases/download/pdfs-debt-pages-v1/annex-o-p002.pdf,1999,historical debt service,Benchmark Bonds,detail,interestPayments,domestic,I. Interest Payments > Domestic > NG > Benchmark Bonds,million pesos,0,0,1000000,,,,,"All printed annual aggregates and visible instrument/assumed-liability rows are staged. For domestic NG, instrument-detail rows are all zero in 1986 and sum to zero in 1988 while printed subtotals are 13,845 and 25,710; these source differences are preserved. Other years reconcile, except as qualified by the printed note that breakdowns may not sum due to rounding."
debt-o-p002-y2000-r020,O,2,https://github.com/tordecilla/unprogrammed-appropriations/releases/download/pdfs-debt-pages-v1/annex-o-p002.pdf,2000,historical debt service,Benchmark Bonds,detail,interestPayments,domestic,I. Interest Payments > Domestic > NG > Benchmark Bonds,million pesos,0,0,1000000,,,,,"All printed annual aggregates and visible instrument/assumed-liability rows are staged. For domestic NG, instrument-detail rows are all zero in 1986 and sum to zero in 1988 while printed subtotals are 13,845 and 25,710; these source differences are preserved. Other years reconcile, except as qualified by the printed note that breakdowns may not sum due to rounding."
debt-o-p002-y2001-r020,O,2,https://github.com/tordecilla/unprogrammed-appropriations/releases/download/pdfs-debt-pages-v1/annex-o-p002.pdf,2001,historical debt service,Benchmark Bonds,detail,interestPayments,domestic,I. Interest Payments > Domestic > NG > Benchmark Bonds,million pesos,0,0,1000000,,,,,"All printed annual aggregates and visible instrument/assumed-liability rows are staged. For domestic NG, instrument-detail rows are all zero in 1986 and sum to zero in 1988 while printed subtotals are 13,845 and 25,710; these source differences are preserved. Other years reconcile, except as qualified by the printed note that breakdowns may not sum due to rounding."
debt-o-p002-y2002-r020,O,2,https://github.com/tordecilla/unprogrammed-appropriations/releases/download/pdfs-debt-pages-v1/annex-o-p002.pdf,2002,historical debt service,Benchmark Bonds,detail,interestPayments,domestic,I. Interest Payments > Domestic > NG > Benchmark Bonds,million pesos,0,0,1000000,,,,,"All printed annual aggregates and visible instrument/assumed-liability rows are staged. For domestic NG, instrument-detail rows are all zero in 1986 and sum to zero in 1988 while printed subtotals are 13,845 and 25,710; these source differences are preserved. Other years reconcile, except as qualified by the printed note that breakdowns may not sum due to rounding."
debt-o-p002-y2003-r020,O,2,https://github.com/tordecilla/unprogrammed-appropriations/releases/download/pdfs-debt-pages-v1/annex-o-p002.pdf,2003,historical debt service,Benchmark Bonds,detail,interestPayments,domestic,I. Interest Payments > Domestic > NG > Benchmark Bonds,million pesos,0,0,1000000,,,,,"All printed annual aggregates and visible instrument/assumed-liability rows are staged. For domestic NG, instrument-detail rows are all zero in 1986 and sum to zero in 1988 while printed subtotals are 13,845 and 25,710; these source differences are preserved. Other years reconcile, except as qualified by the printed note that breakdowns may not sum due to rounding."
debt-o-p002-y1986-r021,O,2,https://github.com/tordecilla/unprogrammed-appropriations/releases/download/pdfs-debt-pages-v1/annex-o-p002.pdf,1986,historical debt service,Zero Coupon Bonds,detail,interestPayments,domestic,I. Interest Payments > Domestic > NG > Zero Coupon Bonds,million pesos,0,0,1000000,,,,,"All printed annual aggregates and visible instrument/assumed-liability rows are staged. For domestic NG, instrument-detail rows are all zero in 1986 and sum to zero in 1988 while printed subtotals are 13,845 and 25,710; these source differences are preserved. Other years reconcile, except as qualified by the printed note that breakdowns may not sum due to rounding."
debt-o-p002-y1987-r021,O,2,https://github.com/tordecilla/unprogrammed-appropriations/releases/download/pdfs-debt-pages-v1/annex-o-p002.pdf,1987,historical debt service,Zero Coupon Bonds,detail,interestPayments,domestic,I. Interest Payments > Domestic > NG > Zero Coupon Bonds,million pesos,0,0,1000000,,,,,"All printed annual aggregates and visible instrument/assumed-liability rows are staged. For domestic NG, instrument-detail rows are all zero in 1986 and sum to zero in 1988 while printed subtotals are 13,845 and 25,710; these source differences are preserved. Other years reconcile, except as qualified by the printed note that breakdowns may not sum due to rounding."
debt-o-p002-y1988-r021,O,2,https://github.com/tordecilla/unprogrammed-appropriations/releases/download/pdfs-debt-pages-v1/annex-o-p002.pdf,1988,historical debt service,Zero Coupon Bonds,detail,interestPayments,domestic,I. Interest Payments > Domestic > NG > Zero Coupon Bonds,million pesos,0,0,1000000,,,,,"All printed annual aggregates and visible instrument/assumed-liability rows are staged. For domestic NG, instrument-detail rows are all zero in 1986 and sum to zero in 1988 while printed subtotals are 13,845 and 25,710; these source differences are preserved. Other years reconcile, except as qualified by the printed note that breakdowns may not sum due to rounding."
debt-o-p002-y1989-r021,O,2,https://github.com/tordecilla/unprogrammed-appropriations/releases/download/pdfs-debt-pages-v1/annex-o-p002.pdf,1989,historical debt service,Zero Coupon Bonds,detail,interestPayments,domestic,I. Interest Payments > Domestic > NG > Zero Coupon Bonds,million pesos,0,0,1000000,,,,,"All printed annual aggregates and visible instrument/assumed-liability rows are staged. For domestic NG, instrument-detail rows are all zero in 1986 and sum to zero in 1988 while printed subtotals are 13,845 and 25,710; these source differences are preserved. Other years reconcile, except as qualified by the printed note that breakdowns may not sum due to rounding."
debt-o-p002-y1990-r021,O,2,https://github.com/tordecilla/unprogrammed-appropriations/releases/download/pdfs-debt-pages-v1/annex-o-p002.pdf,1990,historical debt service,Zero Coupon Bonds,detail,interestPayments,domestic,I. Interest Payments > Domestic > NG > Zero Coupon Bonds,million pesos,0,0,1000000,,,,,"All printed annual aggregates and visible instrument/assumed-liability rows are staged. For domestic NG, instrument-detail rows are all zero in 1986 and sum to zero in 1988 while printed subtotals are 13,845 and 25,710; these source differences are preserved. Other years reconcile, except as qualified by the printed note that breakdowns may not sum due to rounding."
debt-o-p002-y1991-r021,O,2,https://github.com/tordecilla/unprogrammed-appropriations/releases/download/pdfs-debt-pages-v1/annex-o-p002.pdf,1991,historical debt service,Zero Coupon Bonds,detail,interestPayments,domestic,I. Interest Payments > Domestic > NG > Zero Coupon Bonds,million pesos,0,0,1000000,,,,,"All printed annual aggregates and visible instrument/assumed-liability rows are staged. For domestic NG, instrument-detail rows are all zero in 1986 and sum to zero in 1988 while printed subtotals are 13,845 and 25,710; these source differences are preserved. Other years reconcile, except as qualified by the printed note that breakdowns may not sum due to rounding."
debt-o-p002-y1992-r021,O,2,https://github.com/tordecilla/unprogrammed-appropriations/releases/download/pdfs-debt-pages-v1/annex-o-p002.pdf,1992,historical debt service,Zero Coupon Bonds,detail,interestPayments,domestic,I. Interest Payments > Domestic > NG > Zero Coupon Bonds,million pesos,0,0,1000000,,,,,"All printed annual aggregates and visible instrument/assumed-liability rows are staged. For domestic NG, instrument-detail rows are all zero in 1986 and sum to zero in 1988 while printed subtotals are 13,845 and 25,710; these source differences are preserved. Other years reconcile, except as qualified by the printed note that breakdowns may not sum due to rounding."
debt-o-p002-y1993-r021,O,2,https://github.com/tordecilla/unprogrammed-appropriations/releases/download/pdfs-debt-pages-v1/annex-o-p002.pdf,1993,historical debt service,Zero Coupon Bonds,detail,interestPayments,domestic,I. Interest Payments > Domestic > NG > Zero Coupon Bonds,million pesos,0,0,1000000,,,,,"All printed annual aggregates and visible instrument/assumed-liability rows are staged. For domestic NG, instrument-detail rows are all zero in 1986 and sum to zero in 1988 while printed subtotals are 13,845 and 25,710; these source differences are preserved. Other years reconcile, except as qualified by the printed note that breakdowns may not sum due to rounding."
debt-o-p002-y1994-r021,O,2,https://github.com/tordecilla/unprogrammed-appropriations/releases/download/pdfs-debt-pages-v1/annex-o-p002.pdf,1994,historical debt service,Zero Coupon Bonds,detail,interestPayments,domestic,I. Interest Payments > Domestic > NG > Zero Coupon Bonds,million pesos,0,0,1000000,,,,,"All printed annual aggregates and visible instrument/assumed-liability rows are staged. For domestic NG, instrument-detail rows are all zero in 1986 and sum to zero in 1988 while printed subtotals are 13,845 and 25,710; these source differences are preserved. Other years reconcile, except as qualified by the printed note that breakdowns may not sum due to rounding."
debt-o-p002-y1995-r021,O,2,https://github.com/tordecilla/unprogrammed-appropriations/releases/download/pdfs-debt-pages-v1/annex-o-p002.pdf,1995,historical debt service,Zero Coupon Bonds,detail,interestPayments,domestic,I. Interest Payments > Domestic > NG > Zero Coupon Bonds,million pesos,0,0,1000000,,,,,"All printed annual aggregates and visible instrument/assumed-liability rows are staged. For domestic NG, instrument-detail rows are all zero in 1986 and sum to zero in 1988 while printed subtotals are 13,845 and 25,710; these source differences are preserved. Other years reconcile, except as qualified by the printed note that breakdowns may not sum due to rounding."
debt-o-p002-y1996-r021,O,2,https://github.com/tordecilla/unprogrammed-appropriations/releases/download/pdfs-debt-pages-v1/annex-o-p002.pdf,1996,historical debt service,Zero Coupon Bonds,detail,interestPayments,domestic,I. Interest Payments > Domestic > NG > Zero Coupon Bonds,million pesos,0,0,1000000,,,,,"All printed annual aggregates and visible instrument/assumed-liability rows are staged. For domestic NG, instrument-detail rows are all zero in 1986 and sum to zero in 1988 while printed subtotals are 13,845 and 25,710; these source differences are preserved. Other years reconcile, except as qualified by the printed note that breakdowns may not sum due to rounding."
debt-o-p002-y1997-r021,O,2,https://github.com/tordecilla/unprogrammed-appropriations/releases/download/pdfs-debt-pages-v1/annex-o-p002.pdf,1997,historical debt service,Zero Coupon Bonds,detail,interestPayments,domestic,I. Interest Payments > Domestic > NG > Zero Coupon Bonds,million pesos,0,0,1000000,,,,,"All printed annual aggregates and visible instrument/assumed-liability rows are staged. For domestic NG, instrument-detail rows are all zero in 1986 and sum to zero in 1988 while printed subtotals are 13,845 and 25,710; these source differences are preserved. Other years reconcile, except as qualified by the printed note that breakdowns may not sum due to rounding."
debt-o-p002-y1998-r021,O,2,https://github.com/tordecilla/unprogrammed-appropriations/releases/download/pdfs-debt-pages-v1/annex-o-p002.pdf,1998,historical debt service,Zero Coupon Bonds,detail,interestPayments,domestic,I. Interest Payments > Domestic > NG > Zero Coupon Bonds,million pesos,0,0,1000000,,,,,"All printed annual aggregates and visible instrument/assumed-liability rows are staged. For domestic NG, instrument-detail rows are all zero in 1986 and sum to zero in 1988 while printed subtotals are 13,845 and 25,710; these source differences are preserved. Other years reconcile, except as qualified by the printed note that breakdowns may not sum due to rounding."
debt-o-p002-y1999-r021,O,2,https://github.com/tordecilla/unprogrammed-appropriations/releases/download/pdfs-debt-pages-v1/annex-o-p002.pdf,1999,historical debt service,Zero Coupon Bonds,detail,interestPayments,domestic,I. Interest Payments > Domestic > NG > Zero Coupon Bonds,million pesos,0,0,1000000,,,,,"All printed annual aggregates and visible instrument/assumed-liability rows are staged. For domestic NG, instrument-detail rows are all zero in 1986 and sum to zero in 1988 while printed subtotals are 13,845 and 25,710; these source differences are preserved. Other years reconcile, except as qualified by the printed note that breakdowns may not sum due to rounding."
debt-o-p002-y2000-r021,O,2,https://github.com/tordecilla/unprogrammed-appropriations/releases/download/pdfs-debt-pages-v1/annex-o-p002.pdf,2000,historical debt service,Zero Coupon Bonds,detail,interestPayments,domestic,I. Interest Payments > Domestic > NG > Zero Coupon Bonds,million pesos,0,0,1000000,,,,,"All printed annual aggregates and visible instrument/assumed-liability rows are staged. For domestic NG, instrument-detail rows are all zero in 1986 and sum to zero in 1988 while printed subtotals are 13,845 and 25,710; these source differences are preserved. Other years reconcile, except as qualified by the printed note that breakdowns may not sum due to rounding."
debt-o-p002-y2001-r021,O,2,https://github.com/tordecilla/unprogrammed-appropriations/releases/download/pdfs-debt-pages-v1/annex-o-p002.pdf,2001,historical debt service,Zero Coupon Bonds,detail,interestPayments,domestic,I. Interest Payments > Domestic > NG > Zero Coupon Bonds,million pesos,0,0,1000000,,,,,"All printed annual aggregates and visible instrument/assumed-liability rows are staged. For domestic NG, instrument-detail rows are all zero in 1986 and sum to zero in 1988 while printed subtotals are 13,845 and 25,710; these source differences are preserved. Other years reconcile, except as qualified by the printed note that breakdowns may not sum due to rounding."
debt-o-p002-y2002-r021,O,2,https://github.com/tordecilla/unprogrammed-appropriations/releases/download/pdfs-debt-pages-v1/annex-o-p002.pdf,2002,historical debt service,Zero Coupon Bonds,detail,interestPayments,domestic,I. Interest Payments > Domestic > NG > Zero Coupon Bonds,million pesos,0,0,1000000,,,,,"All printed annual aggregates and visible instrument/assumed-liability rows are staged. For domestic NG, instrument-detail rows are all zero in 1986 and sum to zero in 1988 while printed subtotals are 13,845 and 25,710; these source differences are preserved. Other years reconcile, except as qualified by the printed note that breakdowns may not sum due to rounding."
debt-o-p002-y2003-r021,O,2,https://github.com/tordecilla/unprogrammed-appropriations/releases/download/pdfs-debt-pages-v1/annex-o-p002.pdf,2003,historical debt service,Zero Coupon Bonds,detail,interestPayments,domestic,I. Interest Payments > Domestic > NG > Zero Coupon Bonds,million pesos,0,0,1000000,,,,,"All printed annual aggregates and visible instrument/assumed-liability rows are staged. For domestic NG, instrument-detail rows are all zero in 1986 and sum to zero in 1988 while printed subtotals are 13,845 and 25,710; these source differences are preserved. Other years reconcile, except as qualified by the printed note that breakdowns may not sum due to rounding."
debt-o-p002-y1986-r022,O,2,https://github.com/tordecilla/unprogrammed-appropriations/releases/download/pdfs-debt-pages-v1/annex-o-p002.pdf,1986,historical debt service,Provisional Advances,detail,interestPayments,domestic,I. Interest Payments > Domestic > NG > Provisional Advances,million pesos,0,0,1000000,,,,,"All printed annual aggregates and visible instrument/assumed-liability rows are staged. For domestic NG, instrument-detail rows are all zero in 1986 and sum to zero in 1988 while printed subtotals are 13,845 and 25,710; these source differences are preserved. Other years reconcile, except as qualified by the printed note that breakdowns may not sum due to rounding."
debt-o-p002-y1987-r022,O,2,https://github.com/tordecilla/unprogrammed-appropriations/releases/download/pdfs-debt-pages-v1/annex-o-p002.pdf,1987,historical debt service,Provisional Advances,detail,interestPayments,domestic,I. Interest Payments > Domestic > NG > Provisional Advances,million pesos,1058,1058000000,1000000,,,,,"All printed annual aggregates and visible instrument/assumed-liability rows are staged. For domestic NG, instrument-detail rows are all zero in 1986 and sum to zero in 1988 while printed subtotals are 13,845 and 25,710; these source differences are preserved. Other years reconcile, except as qualified by the printed note that breakdowns may not sum due to rounding."
debt-o-p002-y1988-r022,O,2,https://github.com/tordecilla/unprogrammed-appropriations/releases/download/pdfs-debt-pages-v1/annex-o-p002.pdf,1988,historical debt service,Provisional Advances,detail,interestPayments,domestic,I. Interest Payments > Domestic > NG > Provisional Advances,million pesos,0,0,1000000,,,,,"All printed annual aggregates and visible instrument/assumed-liability rows are staged. For domestic NG, instrument-detail rows are all zero in 1986 and sum to zero in 1988 while printed subtotals are 13,845 and 25,710; these source differences are preserved. Other years reconcile, except as qualified by the printed note that breakdowns may not sum due to rounding."
debt-o-p002-y1989-r022,O,2,https://github.com/tordecilla/unprogrammed-appropriations/releases/download/pdfs-debt-pages-v1/annex-o-p002.pdf,1989,historical debt service,Provisional Advances,detail,interestPayments,domestic,I. Interest Payments > Domestic > NG > Provisional Advances,million pesos,0,0,1000000,,,,,"All printed annual aggregates and visible instrument/assumed-liability rows are staged. For domestic NG, instrument-detail rows are all zero in 1986 and sum to zero in 1988 while printed subtotals are 13,845 and 25,710; these source differences are preserved. Other years reconcile, except as qualified by the printed note that breakdowns may not sum due to rounding."
debt-o-p002-y1990-r022,O,2,https://github.com/tordecilla/unprogrammed-appropriations/releases/download/pdfs-debt-pages-v1/annex-o-p002.pdf,1990,historical debt service,Provisional Advances,detail,interestPayments,domestic,I. Interest Payments > Domestic > NG > Provisional Advances,million pesos,0,0,1000000,,,,,"All printed annual aggregates and visible instrument/assumed-liability rows are staged. For domestic NG, instrument-detail rows are all zero in 1986 and sum to zero in 1988 while printed subtotals are 13,845 and 25,710; these source differences are preserved. Other years reconcile, except as qualified by the printed note that breakdowns may not sum due to rounding."
debt-o-p002-y1991-r022,O,2,https://github.com/tordecilla/unprogrammed-appropriations/releases/download/pdfs-debt-pages-v1/annex-o-p002.pdf,1991,historical debt service,Provisional Advances,detail,interestPayments,domestic,I. Interest Payments > Domestic > NG > Provisional Advances,million pesos,1024,1024000000,1000000,,,,,"All printed annual aggregates and visible instrument/assumed-liability rows are staged. For domestic NG, instrument-detail rows are all zero in 1986 and sum to zero in 1988 while printed subtotals are 13,845 and 25,710; these source differences are preserved. Other years reconcile, except as qualified by the printed note that breakdowns may not sum due to rounding."
debt-o-p002-y1992-r022,O,2,https://github.com/tordecilla/unprogrammed-appropriations/releases/download/pdfs-debt-pages-v1/annex-o-p002.pdf,1992,historical debt service,Provisional Advances,detail,interestPayments,domestic,I. Interest Payments > Domestic > NG > Provisional Advances,million pesos,0,0,1000000,,,,,"All printed annual aggregates and visible instrument/assumed-liability rows are staged. For domestic NG, instrument-detail rows are all zero in 1986 and sum to zero in 1988 while printed subtotals are 13,845 and 25,710; these source differences are preserved. Other years reconcile, except as qualified by the printed note that breakdowns may not sum due to rounding."
debt-o-p002-y1993-r022,O,2,https://github.com/tordecilla/unprogrammed-appropriations/releases/download/pdfs-debt-pages-v1/annex-o-p002.pdf,1993,historical debt service,Provisional Advances,detail,interestPayments,domestic,I. Interest Payments > Domestic > NG > Provisional Advances,million pesos,0,0,1000000,,,,,"All printed annual aggregates and visible instrument/assumed-liability rows are staged. For domestic NG, instrument-detail rows are all zero in 1986 and sum to zero in 1988 while printed subtotals are 13,845 and 25,710; these source differences are preserved. Other years reconcile, except as qualified by the printed note that breakdowns may not sum due to rounding."
debt-o-p002-y1994-r022,O,2,https://github.com/tordecilla/unprogrammed-appropriations/releases/download/pdfs-debt-pages-v1/annex-o-p002.pdf,1994,historical debt service,Provisional Advances,detail,interestPayments,domestic,I. Interest Payments > Domestic > NG > Provisional Advances,million pesos,0,0,1000000,,,,,"All printed annual aggregates and visible instrument/assumed-liability rows are staged. For domestic NG, instrument-detail rows are all zero in 1986 and sum to zero in 1988 while printed subtotals are 13,845 and 25,710; these source differences are preserved. Other years reconcile, except as qualified by the printed note that breakdowns may not sum due to rounding."
debt-o-p002-y1995-r022,O,2,https://github.com/tordecilla/unprogrammed-appropriations/releases/download/pdfs-debt-pages-v1/annex-o-p002.pdf,1995,historical debt service,Provisional Advances,detail,interestPayments,domestic,I. Interest Payments > Domestic > NG > Provisional Advances,million pesos,0,0,1000000,,,,,"All printed annual aggregates and visible instrument/assumed-liability rows are staged. For domestic NG, instrument-detail rows are all zero in 1986 and sum to zero in 1988 while printed subtotals are 13,845 and 25,710; these source differences are preserved. Other years reconcile, except as qualified by the printed note that breakdowns may not sum due to rounding."
debt-o-p002-y1996-r022,O,2,https://github.com/tordecilla/unprogrammed-appropriations/releases/download/pdfs-debt-pages-v1/annex-o-p002.pdf,1996,historical debt service,Provisional Advances,detail,interestPayments,domestic,I. Interest Payments > Domestic > NG > Provisional Advances,million pesos,0,0,1000000,,,,,"All printed annual aggregates and visible instrument/assumed-liability rows are staged. For domestic NG, instrument-detail rows are all zero in 1986 and sum to zero in 1988 while printed subtotals are 13,845 and 25,710; these source differences are preserved. Other years reconcile, except as qualified by the printed note that breakdowns may not sum due to rounding."
debt-o-p002-y1997-r022,O,2,https://github.com/tordecilla/unprogrammed-appropriations/releases/download/pdfs-debt-pages-v1/annex-o-p002.pdf,1997,historical debt service,Provisional Advances,detail,interestPayments,domestic,I. Interest Payments > Domestic > NG > Provisional Advances,million pesos,0,0,1000000,,,,,"All printed annual aggregates and visible instrument/assumed-liability rows are staged. For domestic NG, instrument-detail rows are all zero in 1986 and sum to zero in 1988 while printed subtotals are 13,845 and 25,710; these source differences are preserved. Other years reconcile, except as qualified by the printed note that breakdowns may not sum due to rounding."
debt-o-p002-y1998-r022,O,2,https://github.com/tordecilla/unprogrammed-appropriations/releases/download/pdfs-debt-pages-v1/annex-o-p002.pdf,1998,historical debt service,Provisional Advances,detail,interestPayments,domestic,I. Interest Payments > Domestic > NG > Provisional Advances,million pesos,0,0,1000000,,,,,"All printed annual aggregates and visible instrument/assumed-liability rows are staged. For domestic NG, instrument-detail rows are all zero in 1986 and sum to zero in 1988 while printed subtotals are 13,845 and 25,710; these source differences are preserved. Other years reconcile, except as qualified by the printed note that breakdowns may not sum due to rounding."
debt-o-p002-y1999-r022,O,2,https://github.com/tordecilla/unprogrammed-appropriations/releases/download/pdfs-debt-pages-v1/annex-o-p002.pdf,1999,historical debt service,Provisional Advances,detail,interestPayments,domestic,I. Interest Payments > Domestic > NG > Provisional Advances,million pesos,0,0,1000000,,,,,"All printed annual aggregates and visible instrument/assumed-liability rows are staged. For domestic NG, instrument-detail rows are all zero in 1986 and sum to zero in 1988 while printed subtotals are 13,845 and 25,710; these source differences are preserved. Other years reconcile, except as qualified by the printed note that breakdowns may not sum due to rounding."
debt-o-p002-y2000-r022,O,2,https://github.com/tordecilla/unprogrammed-appropriations/releases/download/pdfs-debt-pages-v1/annex-o-p002.pdf,2000,historical debt service,Provisional Advances,detail,interestPayments,domestic,I. Interest Payments > Domestic > NG > Provisional Advances,million pesos,0,0,1000000,,,,,"All printed annual aggregates and visible instrument/assumed-liability rows are staged. For domestic NG, instrument-detail rows are all zero in 1986 and sum to zero in 1988 while printed subtotals are 13,845 and 25,710; these source differences are preserved. Other years reconcile, except as qualified by the printed note that breakdowns may not sum due to rounding."
debt-o-p002-y2001-r022,O,2,https://github.com/tordecilla/unprogrammed-appropriations/releases/download/pdfs-debt-pages-v1/annex-o-p002.pdf,2001,historical debt service,Provisional Advances,detail,interestPayments,domestic,I. Interest Payments > Domestic > NG > Provisional Advances,million pesos,0,0,1000000,,,,,"All printed annual aggregates and visible instrument/assumed-liability rows are staged. For domestic NG, instrument-detail rows are all zero in 1986 and sum to zero in 1988 while printed subtotals are 13,845 and 25,710; these source differences are preserved. Other years reconcile, except as qualified by the printed note that breakdowns may not sum due to rounding."
debt-o-p002-y2002-r022,O,2,https://github.com/tordecilla/unprogrammed-appropriations/releases/download/pdfs-debt-pages-v1/annex-o-p002.pdf,2002,historical debt service,Provisional Advances,detail,interestPayments,domestic,I. Interest Payments > Domestic > NG > Provisional Advances,million pesos,0,0,1000000,,,,,"All printed annual aggregates and visible instrument/assumed-liability rows are staged. For domestic NG, instrument-detail rows are all zero in 1986 and sum to zero in 1988 while printed subtotals are 13,845 and 25,710; these source differences are preserved. Other years reconcile, except as qualified by the printed note that breakdowns may not sum due to rounding."
debt-o-p002-y2003-r022,O,2,https://github.com/tordecilla/unprogrammed-appropriations/releases/download/pdfs-debt-pages-v1/annex-o-p002.pdf,2003,historical debt service,Provisional Advances,detail,interestPayments,domestic,I. Interest Payments > Domestic > NG > Provisional Advances,million pesos,0,0,1000000,,,,,"All printed annual aggregates and visible instrument/assumed-liability rows are staged. For domestic NG, instrument-detail rows are all zero in 1986 and sum to zero in 1988 while printed subtotals are 13,845 and 25,710; these source differences are preserved. Other years reconcile, except as qualified by the printed note that breakdowns may not sum due to rounding."
debt-o-p002-y1986-r023,O,2,https://github.com/tordecilla/unprogrammed-appropriations/releases/download/pdfs-debt-pages-v1/annex-o-p002.pdf,1986,historical debt service,Others,detail,interestPayments,domestic,I. Interest Payments > Domestic > NG > Others,million pesos,0,0,1000000,,,,,"All printed annual aggregates and visible instrument/assumed-liability rows are staged. For domestic NG, instrument-detail rows are all zero in 1986 and sum to zero in 1988 while printed subtotals are 13,845 and 25,710; these source differences are preserved. Other years reconcile, except as qualified by the printed note that breakdowns may not sum due to rounding."
debt-o-p002-y1987-r023,O,2,https://github.com/tordecilla/unprogrammed-appropriations/releases/download/pdfs-debt-pages-v1/annex-o-p002.pdf,1987,historical debt service,Others,detail,interestPayments,domestic,I. Interest Payments > Domestic > NG > Others,million pesos,3196,3196000000,1000000,,,,,"All printed annual aggregates and visible instrument/assumed-liability rows are staged. For domestic NG, instrument-detail rows are all zero in 1986 and sum to zero in 1988 while printed subtotals are 13,845 and 25,710; these source differences are preserved. Other years reconcile, except as qualified by the printed note that breakdowns may not sum due to rounding."
debt-o-p002-y1988-r023,O,2,https://github.com/tordecilla/unprogrammed-appropriations/releases/download/pdfs-debt-pages-v1/annex-o-p002.pdf,1988,historical debt service,Others,detail,interestPayments,domestic,I. Interest Payments > Domestic > NG > Others,million pesos,0,0,1000000,,,,,"All printed annual aggregates and visible instrument/assumed-liability rows are staged. For domestic NG, instrument-detail rows are all zero in 1986 and sum to zero in 1988 while printed subtotals are 13,845 and 25,710; these source differences are preserved. Other years reconcile, except as qualified by the printed note that breakdowns may not sum due to rounding."
debt-o-p002-y1989-r023,O,2,https://github.com/tordecilla/unprogrammed-appropriations/releases/download/pdfs-debt-pages-v1/annex-o-p002.pdf,1989,historical debt service,Others,detail,interestPayments,domestic,I. Interest Payments > Domestic > NG > Others,million pesos,341,341000000,1000000,,,,,"All printed annual aggregates and visible instrument/assumed-liability rows are staged. For domestic NG, instrument-detail rows are all zero in 1986 and sum to zero in 1988 while printed subtotals are 13,845 and 25,710; these source differences are preserved. Other years reconcile, except as qualified by the printed note that breakdowns may not sum due to rounding."
debt-o-p002-y1990-r023,O,2,https://github.com/tordecilla/unprogrammed-appropriations/releases/download/pdfs-debt-pages-v1/annex-o-p002.pdf,1990,historical debt service,Others,detail,interestPayments,domestic,I. Interest Payments > Domestic > NG > Others,million pesos,330,330000000,1000000,,,,,"All printed annual aggregates and visible instrument/assumed-liability rows are staged. For domestic NG, instrument-detail rows are all zero in 1986 and sum to zero in 1988 while printed subtotals are 13,845 and 25,710; these source differences are preserved. Other years reconcile, except as qualified by the printed note that breakdowns may not sum due to rounding."
debt-o-p002-y1991-r023,O,2,https://github.com/tordecilla/unprogrammed-appropriations/releases/download/pdfs-debt-pages-v1/annex-o-p002.pdf,1991,historical debt service,Others,detail,interestPayments,domestic,I. Interest Payments > Domestic > NG > Others,million pesos,509,509000000,1000000,,,,,"All printed annual aggregates and visible instrument/assumed-liability rows are staged. For domestic NG, instrument-detail rows are all zero in 1986 and sum to zero in 1988 while printed subtotals are 13,845 and 25,710; these source differences are preserved. Other years reconcile, except as qualified by the printed note that breakdowns may not sum due to rounding."
debt-o-p002-y1992-r023,O,2,https://github.com/tordecilla/unprogrammed-appropriations/releases/download/pdfs-debt-pages-v1/annex-o-p002.pdf,1992,historical debt service,Others,detail,interestPayments,domestic,I. Interest Payments > Domestic > NG > Others,million pesos,445,445000000,1000000,,,,,"All printed annual aggregates and visible instrument/assumed-liability rows are staged. For domestic NG, instrument-detail rows are all zero in 1986 and sum to zero in 1988 while printed subtotals are 13,845 and 25,710; these source differences are preserved. Other years reconcile, except as qualified by the printed note that breakdowns may not sum due to rounding."
debt-o-p002-y1993-r023,O,2,https://github.com/tordecilla/unprogrammed-appropriations/releases/download/pdfs-debt-pages-v1/annex-o-p002.pdf,1993,historical debt service,Others,detail,interestPayments,domestic,I. Interest Payments > Domestic > NG > Others,million pesos,400,400000000,1000000,,,,,"All printed annual aggregates and visible instrument/assumed-liability rows are staged. For domestic NG, instrument-detail rows are all zero in 1986 and sum to zero in 1988 while printed subtotals are 13,845 and 25,710; these source differences are preserved. Other years reconcile, except as qualified by the printed note that breakdowns may not sum due to rounding."
debt-o-p002-y1994-r023,O,2,https://github.com/tordecilla/unprogrammed-appropriations/releases/download/pdfs-debt-pages-v1/annex-o-p002.pdf,1994,historical debt service,Others,detail,interestPayments,domestic,I. Interest Payments > Domestic > NG > Others,million pesos,88,88000000,1000000,,,,,"All printed annual aggregates and visible instrument/assumed-liability rows are staged. For domestic NG, instrument-detail rows are all zero in 1986 and sum to zero in 1988 while printed subtotals are 13,845 and 25,710; these source differences are preserved. Other years reconcile, except as qualified by the printed note that breakdowns may not sum due to rounding."
debt-o-p002-y1995-r023,O,2,https://github.com/tordecilla/unprogrammed-appropriations/releases/download/pdfs-debt-pages-v1/annex-o-p002.pdf,1995,historical debt service,Others,detail,interestPayments,domestic,I. Interest Payments > Domestic > NG > Others,million pesos,74,74000000,1000000,,,,,"All printed annual aggregates and visible instrument/assumed-liability rows are staged. For domestic NG, instrument-detail rows are all zero in 1986 and sum to zero in 1988 while printed subtotals are 13,845 and 25,710; these source differences are preserved. Other years reconcile, except as qualified by the printed note that breakdowns may not sum due to rounding."
debt-o-p002-y1996-r023,O,2,https://github.com/tordecilla/unprogrammed-appropriations/releases/download/pdfs-debt-pages-v1/annex-o-p002.pdf,1996,historical debt service,Others,detail,interestPayments,domestic,I. Interest Payments > Domestic > NG > Others,million pesos,2604,2604000000,1000000,,,,,"All printed annual aggregates and visible instrument/assumed-liability rows are staged. For domestic NG, instrument-detail rows are all zero in 1986 and sum to zero in 1988 while printed subtotals are 13,845 and 25,710; these source differences are preserved. Other years reconcile, except as qualified by the printed note that breakdowns may not sum due to rounding."
debt-o-p002-y1997-r023,O,2,https://github.com/tordecilla/unprogrammed-appropriations/releases/download/pdfs-debt-pages-v1/annex-o-p002.pdf,1997,historical debt service,Others,detail,interestPayments,domestic,I. Interest Payments > Domestic > NG > Others,million pesos,3128,3128000000,1000000,,,,,"All printed annual aggregates and visible instrument/assumed-liability rows are staged. For domestic NG, instrument-detail rows are all zero in 1986 and sum to zero in 1988 while printed subtotals are 13,845 and 25,710; these source differences are preserved. Other years reconcile, except as qualified by the printed note that breakdowns may not sum due to rounding."
debt-o-p002-y1998-r023,O,2,https://github.com/tordecilla/unprogrammed-appropriations/releases/download/pdfs-debt-pages-v1/annex-o-p002.pdf,1998,historical debt service,Others,detail,interestPayments,domestic,I. Interest Payments > Domestic > NG > Others,million pesos,3281,3281000000,1000000,,,,,"All printed annual aggregates and visible instrument/assumed-liability rows are staged. For domestic NG, instrument-detail rows are all zero in 1986 and sum to zero in 1988 while printed subtotals are 13,845 and 25,710; these source differences are preserved. Other years reconcile, except as qualified by the printed note that breakdowns may not sum due to rounding."
debt-o-p002-y1999-r023,O,2,https://github.com/tordecilla/unprogrammed-appropriations/releases/download/pdfs-debt-pages-v1/annex-o-p002.pdf,1999,historical debt service,Others,detail,interestPayments,domestic,I. Interest Payments > Domestic > NG > Others,million pesos,3358,3358000000,1000000,,,,,"All printed annual aggregates and visible instrument/assumed-liability rows are staged. For domestic NG, instrument-detail rows are all zero in 1986 and sum to zero in 1988 while printed subtotals are 13,845 and 25,710; these source differences are preserved. Other years reconcile, except as qualified by the printed note that breakdowns may not sum due to rounding."
debt-o-p002-y2000-r023,O,2,https://github.com/tordecilla/unprogrammed-appropriations/releases/download/pdfs-debt-pages-v1/annex-o-p002.pdf,2000,historical debt service,Others,detail,interestPayments,domestic,I. Interest Payments > Domestic > NG > Others,million pesos,2437,2437000000,1000000,,,,,"All printed annual aggregates and visible instrument/assumed-liability rows are staged. For domestic NG, instrument-detail rows are all zero in 1986 and sum to zero in 1988 while printed subtotals are 13,845 and 25,710; these source differences are preserved. Other years reconcile, except as qualified by the printed note that breakdowns may not sum due to rounding."
debt-o-p002-y2001-r023,O,2,https://github.com/tordecilla/unprogrammed-appropriations/releases/download/pdfs-debt-pages-v1/annex-o-p002.pdf,2001,historical debt service,Others,detail,interestPayments,domestic,I. Interest Payments > Domestic > NG > Others,million pesos,2527,2527000000,1000000,,,,,"All printed annual aggregates and visible instrument/assumed-liability rows are staged. For domestic NG, instrument-detail rows are all zero in 1986 and sum to zero in 1988 while printed subtotals are 13,845 and 25,710; these source differences are preserved. Other years reconcile, except as qualified by the printed note that breakdowns may not sum due to rounding."
debt-o-p002-y2002-r023,O,2,https://github.com/tordecilla/unprogrammed-appropriations/releases/download/pdfs-debt-pages-v1/annex-o-p002.pdf,2002,historical debt service,Others,detail,interestPayments,domestic,I. Interest Payments > Domestic > NG > Others,million pesos,1832,1832000000,1000000,,,,,"All printed annual aggregates and visible instrument/assumed-liability rows are staged. For domestic NG, instrument-detail rows are all zero in 1986 and sum to zero in 1988 while printed subtotals are 13,845 and 25,710; these source differences are preserved. Other years reconcile, except as qualified by the printed note that breakdowns may not sum due to rounding."
debt-o-p002-y2003-r023,O,2,https://github.com/tordecilla/unprogrammed-appropriations/releases/download/pdfs-debt-pages-v1/annex-o-p002.pdf,2003,historical debt service,Others,detail,interestPayments,domestic,I. Interest Payments > Domestic > NG > Others,million pesos,2265,2265000000,1000000,,,,,"All printed annual aggregates and visible instrument/assumed-liability rows are staged. For domestic NG, instrument-detail rows are all zero in 1986 and sum to zero in 1988 while printed subtotals are 13,845 and 25,710; these source differences are preserved. Other years reconcile, except as qualified by the printed note that breakdowns may not sum due to rounding."
debt-o-p002-y1986-r024,O,2,https://github.com/tordecilla/unprogrammed-appropriations/releases/download/pdfs-debt-pages-v1/annex-o-p002.pdf,1986,historical debt service,Assumed Liabilities,subtotal,interestPayments,domestic,I. Interest Payments > Domestic > Assumed Liabilities,million pesos,1177,1177000000,1000000,,,,,"All printed annual aggregates and visible instrument/assumed-liability rows are staged. For domestic NG, instrument-detail rows are all zero in 1986 and sum to zero in 1988 while printed subtotals are 13,845 and 25,710; these source differences are preserved. Other years reconcile, except as qualified by the printed note that breakdowns may not sum due to rounding."
debt-o-p002-y1987-r024,O,2,https://github.com/tordecilla/unprogrammed-appropriations/releases/download/pdfs-debt-pages-v1/annex-o-p002.pdf,1987,historical debt service,Assumed Liabilities,subtotal,interestPayments,domestic,I. Interest Payments > Domestic > Assumed Liabilities,million pesos,5546,5546000000,1000000,,,,,"All printed annual aggregates and visible instrument/assumed-liability rows are staged. For domestic NG, instrument-detail rows are all zero in 1986 and sum to zero in 1988 while printed subtotals are 13,845 and 25,710; these source differences are preserved. Other years reconcile, except as qualified by the printed note that breakdowns may not sum due to rounding."
debt-o-p002-y1988-r024,O,2,https://github.com/tordecilla/unprogrammed-appropriations/releases/download/pdfs-debt-pages-v1/annex-o-p002.pdf,1988,historical debt service,Assumed Liabilities,subtotal,interestPayments,domestic,I. Interest Payments > Domestic > Assumed Liabilities,million pesos,6473,6473000000,1000000,,,,,"All printed annual aggregates and visible instrument/assumed-liability rows are staged. For domestic NG, instrument-detail rows are all zero in 1986 and sum to zero in 1988 while printed subtotals are 13,845 and 25,710; these source differences are preserved. Other years reconcile, except as qualified by the printed note that breakdowns may not sum due to rounding."
debt-o-p002-y1989-r024,O,2,https://github.com/tordecilla/unprogrammed-appropriations/releases/download/pdfs-debt-pages-v1/annex-o-p002.pdf,1989,historical debt service,Assumed Liabilities,subtotal,interestPayments,domestic,I. Interest Payments > Domestic > Assumed Liabilities,million pesos,6219,6219000000,1000000,,,,,"All printed annual aggregates and visible instrument/assumed-liability rows are staged. For domestic NG, instrument-detail rows are all zero in 1986 and sum to zero in 1988 while printed subtotals are 13,845 and 25,710; these source differences are preserved. Other years reconcile, except as qualified by the printed note that breakdowns may not sum due to rounding."
debt-o-p002-y1990-r024,O,2,https://github.com/tordecilla/unprogrammed-appropriations/releases/download/pdfs-debt-pages-v1/annex-o-p002.pdf,1990,historical debt service,Assumed Liabilities,subtotal,interestPayments,domestic,I. Interest Payments > Domestic > Assumed Liabilities,million pesos,6553,6553000000,1000000,,,,,"All printed annual aggregates and visible instrument/assumed-liability rows are staged. For domestic NG, instrument-detail rows are all zero in 1986 and sum to zero in 1988 while printed subtotals are 13,845 and 25,710; these source differences are preserved. Other years reconcile, except as qualified by the printed note that breakdowns may not sum due to rounding."
debt-o-p002-y1991-r024,O,2,https://github.com/tordecilla/unprogrammed-appropriations/releases/download/pdfs-debt-pages-v1/annex-o-p002.pdf,1991,historical debt service,Assumed Liabilities,subtotal,interestPayments,domestic,I. Interest Payments > Domestic > Assumed Liabilities,million pesos,3693,3693000000,1000000,,,,,"All printed annual aggregates and visible instrument/assumed-liability rows are staged. For domestic NG, instrument-detail rows are all zero in 1986 and sum to zero in 1988 while printed subtotals are 13,845 and 25,710; these source differences are preserved. Other years reconcile, except as qualified by the printed note that breakdowns may not sum due to rounding."
debt-o-p002-y1992-r024,O,2,https://github.com/tordecilla/unprogrammed-appropriations/releases/download/pdfs-debt-pages-v1/annex-o-p002.pdf,1992,historical debt service,Assumed Liabilities,subtotal,interestPayments,domestic,I. Interest Payments > Domestic > Assumed Liabilities,million pesos,2951,2951000000,1000000,,,,,"All printed annual aggregates and visible instrument/assumed-liability rows are staged. For domestic NG, instrument-detail rows are all zero in 1986 and sum to zero in 1988 while printed subtotals are 13,845 and 25,710; these source differences are preserved. Other years reconcile, except as qualified by the printed note that breakdowns may not sum due to rounding."
debt-o-p002-y1993-r024,O,2,https://github.com/tordecilla/unprogrammed-appropriations/releases/download/pdfs-debt-pages-v1/annex-o-p002.pdf,1993,historical debt service,Assumed Liabilities,subtotal,interestPayments,domestic,I. Interest Payments > Domestic > Assumed Liabilities,million pesos,2073,2073000000,1000000,,,,,"All printed annual aggregates and visible instrument/assumed-liability rows are staged. For domestic NG, instrument-detail rows are all zero in 1986 and sum to zero in 1988 while printed subtotals are 13,845 and 25,710; these source differences are preserved. Other years reconcile, except as qualified by the printed note that breakdowns may not sum due to rounding."
debt-o-p002-y1994-r024,O,2,https://github.com/tordecilla/unprogrammed-appropriations/releases/download/pdfs-debt-pages-v1/annex-o-p002.pdf,1994,historical debt service,Assumed Liabilities,subtotal,interestPayments,domestic,I. Interest Payments > Domestic > Assumed Liabilities,million pesos,1907,1907000000,1000000,,,,,"All printed annual aggregates and visible instrument/assumed-liability rows are staged. For domestic NG, instrument-detail rows are all zero in 1986 and sum to zero in 1988 while printed subtotals are 13,845 and 25,710; these source differences are preserved. Other years reconcile, except as qualified by the printed note that breakdowns may not sum due to rounding."
debt-o-p002-y1995-r024,O,2,https://github.com/tordecilla/unprogrammed-appropriations/releases/download/pdfs-debt-pages-v1/annex-o-p002.pdf,1995,historical debt service,Assumed Liabilities,subtotal,interestPayments,domestic,I. Interest Payments > Domestic > Assumed Liabilities,million pesos,1040,1040000000,1000000,,,,,"All printed annual aggregates and visible instrument/assumed-liability rows are staged. For domestic NG, instrument-detail rows are all zero in 1986 and sum to zero in 1988 while printed subtotals are 13,845 and 25,710; these source differences are preserved. Other years reconcile, except as qualified by the printed note that breakdowns may not sum due to rounding."
debt-o-p002-y1996-r024,O,2,https://github.com/tordecilla/unprogrammed-appropriations/releases/download/pdfs-debt-pages-v1/annex-o-p002.pdf,1996,historical debt service,Assumed Liabilities,subtotal,interestPayments,domestic,I. Interest Payments > Domestic > Assumed Liabilities,million pesos,2590,2590000000,1000000,,,,,"All printed annual aggregates and visible instrument/assumed-liability rows are staged. For domestic NG, instrument-detail rows are all zero in 1986 and sum to zero in 1988 while printed subtotals are 13,845 and 25,710; these source differences are preserved. Other years reconcile, except as qualified by the printed note that breakdowns may not sum due to rounding."
debt-o-p002-y1997-r024,O,2,https://github.com/tordecilla/unprogrammed-appropriations/releases/download/pdfs-debt-pages-v1/annex-o-p002.pdf,1997,historical debt service,Assumed Liabilities,subtotal,interestPayments,domestic,I. Interest Payments > Domestic > Assumed Liabilities,million pesos,1661,1661000000,1000000,,,,,"All printed annual aggregates and visible instrument/assumed-liability rows are staged. For domestic NG, instrument-detail rows are all zero in 1986 and sum to zero in 1988 while printed subtotals are 13,845 and 25,710; these source differences are preserved. Other years reconcile, except as qualified by the printed note that breakdowns may not sum due to rounding."
debt-o-p002-y1998-r024,O,2,https://github.com/tordecilla/unprogrammed-appropriations/releases/download/pdfs-debt-pages-v1/annex-o-p002.pdf,1998,historical debt service,Assumed Liabilities,subtotal,interestPayments,domestic,I. Interest Payments > Domestic > Assumed Liabilities,million pesos,1855,1855000000,1000000,,,,,"All printed annual aggregates and visible instrument/assumed-liability rows are staged. For domestic NG, instrument-detail rows are all zero in 1986 and sum to zero in 1988 while printed subtotals are 13,845 and 25,710; these source differences are preserved. Other years reconcile, except as qualified by the printed note that breakdowns may not sum due to rounding."
debt-o-p002-y1999-r024,O,2,https://github.com/tordecilla/unprogrammed-appropriations/releases/download/pdfs-debt-pages-v1/annex-o-p002.pdf,1999,historical debt service,Assumed Liabilities,subtotal,interestPayments,domestic,I. Interest Payments > Domestic > Assumed Liabilities,million pesos,1341,1341000000,1000000,,,,,"All printed annual aggregates and visible instrument/assumed-liability rows are staged. For domestic NG, instrument-detail rows are all zero in 1986 and sum to zero in 1988 while printed subtotals are 13,845 and 25,710; these source differences are preserved. Other years reconcile, except as qualified by the printed note that breakdowns may not sum due to rounding."
debt-o-p002-y2000-r024,O,2,https://github.com/tordecilla/unprogrammed-appropriations/releases/download/pdfs-debt-pages-v1/annex-o-p002.pdf,2000,historical debt service,Assumed Liabilities,subtotal,interestPayments,domestic,I. Interest Payments > Domestic > Assumed Liabilities,million pesos,1471,1471000000,1000000,,,,,"All printed annual aggregates and visible instrument/assumed-liability rows are staged. For domestic NG, instrument-detail rows are all zero in 1986 and sum to zero in 1988 while printed subtotals are 13,845 and 25,710; these source differences are preserved. Other years reconcile, except as qualified by the printed note that breakdowns may not sum due to rounding."
debt-o-p002-y2001-r024,O,2,https://github.com/tordecilla/unprogrammed-appropriations/releases/download/pdfs-debt-pages-v1/annex-o-p002.pdf,2001,historical debt service,Assumed Liabilities,subtotal,interestPayments,domestic,I. Interest Payments > Domestic > Assumed Liabilities,million pesos,1141,1141000000,1000000,,,,,"All printed annual aggregates and visible instrument/assumed-liability rows are staged. For domestic NG, instrument-detail rows are all zero in 1986 and sum to zero in 1988 while printed subtotals are 13,845 and 25,710; these source differences are preserved. Other years reconcile, except as qualified by the printed note that breakdowns may not sum due to rounding."
debt-o-p002-y2002-r024,O,2,https://github.com/tordecilla/unprogrammed-appropriations/releases/download/pdfs-debt-pages-v1/annex-o-p002.pdf,2002,historical debt service,Assumed Liabilities,subtotal,interestPayments,domestic,I. Interest Payments > Domestic > Assumed Liabilities,million pesos,364,364000000,1000000,,,,,"All printed annual aggregates and visible instrument/assumed-liability rows are staged. For domestic NG, instrument-detail rows are all zero in 1986 and sum to zero in 1988 while printed subtotals are 13,845 and 25,710; these source differences are preserved. Other years reconcile, except as qualified by the printed note that breakdowns may not sum due to rounding."
debt-o-p002-y2003-r024,O,2,https://github.com/tordecilla/unprogrammed-appropriations/releases/download/pdfs-debt-pages-v1/annex-o-p002.pdf,2003,historical debt service,Assumed Liabilities,subtotal,interestPayments,domestic,I. Interest Payments > Domestic > Assumed Liabilities,million pesos,146,146000000,1000000,,,,,"All printed annual aggregates and visible instrument/assumed-liability rows are staged. For domestic NG, instrument-detail rows are all zero in 1986 and sum to zero in 1988 while printed subtotals are 13,845 and 25,710; these source differences are preserved. Other years reconcile, except as qualified by the printed note that breakdowns may not sum due to rounding."
debt-o-p002-y1986-r025,O,2,https://github.com/tordecilla/unprogrammed-appropriations/releases/download/pdfs-debt-pages-v1/annex-o-p002.pdf,1986,historical debt service,DBP,detail,interestPayments,domestic,I. Interest Payments > Domestic > Assumed Liabilities > DBP,million pesos,0,0,1000000,,,,,"All printed annual aggregates and visible instrument/assumed-liability rows are staged. For domestic NG, instrument-detail rows are all zero in 1986 and sum to zero in 1988 while printed subtotals are 13,845 and 25,710; these source differences are preserved. Other years reconcile, except as qualified by the printed note that breakdowns may not sum due to rounding."
debt-o-p002-y1987-r025,O,2,https://github.com/tordecilla/unprogrammed-appropriations/releases/download/pdfs-debt-pages-v1/annex-o-p002.pdf,1987,historical debt service,DBP,detail,interestPayments,domestic,I. Interest Payments > Domestic > Assumed Liabilities > DBP,million pesos,2577,2577000000,1000000,,,,,"All printed annual aggregates and visible instrument/assumed-liability rows are staged. For domestic NG, instrument-detail rows are all zero in 1986 and sum to zero in 1988 while printed subtotals are 13,845 and 25,710; these source differences are preserved. Other years reconcile, except as qualified by the printed note that breakdowns may not sum due to rounding."
debt-o-p002-y1988-r025,O,2,https://github.com/tordecilla/unprogrammed-appropriations/releases/download/pdfs-debt-pages-v1/annex-o-p002.pdf,1988,historical debt service,DBP,detail,interestPayments,domestic,I. Interest Payments > Domestic > Assumed Liabilities > DBP,million pesos,3776,3776000000,1000000,,,,,"All printed annual aggregates and visible instrument/assumed-liability rows are staged. For domestic NG, instrument-detail rows are all zero in 1986 and sum to zero in 1988 while printed subtotals are 13,845 and 25,710; these source differences are preserved. Other years reconcile, except as qualified by the printed note that breakdowns may not sum due to rounding."
debt-o-p002-y1989-r025,O,2,https://github.com/tordecilla/unprogrammed-appropriations/releases/download/pdfs-debt-pages-v1/annex-o-p002.pdf,1989,historical debt service,DBP,detail,interestPayments,domestic,I. Interest Payments > Domestic > Assumed Liabilities > DBP,million pesos,3203,3203000000,1000000,,,,,"All printed annual aggregates and visible instrument/assumed-liability rows are staged. For domestic NG, instrument-detail rows are all zero in 1986 and sum to zero in 1988 while printed subtotals are 13,845 and 25,710; these source differences are preserved. Other years reconcile, except as qualified by the printed note that breakdowns may not sum due to rounding."
debt-o-p002-y1990-r025,O,2,https://github.com/tordecilla/unprogrammed-appropriations/releases/download/pdfs-debt-pages-v1/annex-o-p002.pdf,1990,historical debt service,DBP,detail,interestPayments,domestic,I. Interest Payments > Domestic > Assumed Liabilities > DBP,million pesos,3081,3081000000,1000000,,,,,"All printed annual aggregates and visible instrument/assumed-liability rows are staged. For domestic NG, instrument-detail rows are all zero in 1986 and sum to zero in 1988 while printed subtotals are 13,845 and 25,710; these source differences are preserved. Other years reconcile, except as qualified by the printed note that breakdowns may not sum due to rounding."
debt-o-p002-y1991-r025,O,2,https://github.com/tordecilla/unprogrammed-appropriations/releases/download/pdfs-debt-pages-v1/annex-o-p002.pdf,1991,historical debt service,DBP,detail,interestPayments,domestic,I. Interest Payments > Domestic > Assumed Liabilities > DBP,million pesos,2023,2023000000,1000000,,,,,"All printed annual aggregates and visible instrument/assumed-liability rows are staged. For domestic NG, instrument-detail rows are all zero in 1986 and sum to zero in 1988 while printed subtotals are 13,845 and 25,710; these source differences are preserved. Other years reconcile, except as qualified by the printed note that breakdowns may not sum due to rounding."
debt-o-p002-y1992-r025,O,2,https://github.com/tordecilla/unprogrammed-appropriations/releases/download/pdfs-debt-pages-v1/annex-o-p002.pdf,1992,historical debt service,DBP,detail,interestPayments,domestic,I. Interest Payments > Domestic > Assumed Liabilities > DBP,million pesos,1247,1247000000,1000000,,,,,"All printed annual aggregates and visible instrument/assumed-liability rows are staged. For domestic NG, instrument-detail rows are all zero in 1986 and sum to zero in 1988 while printed subtotals are 13,845 and 25,710; these source differences are preserved. Other years reconcile, except as qualified by the printed note that breakdowns may not sum due to rounding."
debt-o-p002-y1993-r025,O,2,https://github.com/tordecilla/unprogrammed-appropriations/releases/download/pdfs-debt-pages-v1/annex-o-p002.pdf,1993,historical debt service,DBP,detail,interestPayments,domestic,I. Interest Payments > Domestic > Assumed Liabilities > DBP,million pesos,668,668000000,1000000,,,,,"All printed annual aggregates and visible instrument/assumed-liability rows are staged. For domestic NG, instrument-detail rows are all zero in 1986 and sum to zero in 1988 while printed subtotals are 13,845 and 25,710; these source differences are preserved. Other years reconcile, except as qualified by the printed note that breakdowns may not sum due to rounding."
debt-o-p002-y1994-r025,O,2,https://github.com/tordecilla/unprogrammed-appropriations/releases/download/pdfs-debt-pages-v1/annex-o-p002.pdf,1994,historical debt service,DBP,detail,interestPayments,domestic,I. Interest Payments > Domestic > Assumed Liabilities > DBP,million pesos,1262,1262000000,1000000,,,,,"All printed annual aggregates and visible instrument/assumed-liability rows are staged. For domestic NG, instrument-detail rows are all zero in 1986 and sum to zero in 1988 while printed subtotals are 13,845 and 25,710; these source differences are preserved. Other years reconcile, except as qualified by the printed note that breakdowns may not sum due to rounding."
debt-o-p002-y1995-r025,O,2,https://github.com/tordecilla/unprogrammed-appropriations/releases/download/pdfs-debt-pages-v1/annex-o-p002.pdf,1995,historical debt service,DBP,detail,interestPayments,domestic,I. Interest Payments > Domestic > Assumed Liabilities > DBP,million pesos,684,684000000,1000000,,,,,"All printed annual aggregates and visible instrument/assumed-liability rows are staged. For domestic NG, instrument-detail rows are all zero in 1986 and sum to zero in 1988 while printed subtotals are 13,845 and 25,710; these source differences are preserved. Other years reconcile, except as qualified by the printed note that breakdowns may not sum due to rounding."
debt-o-p002-y1996-r025,O,2,https://github.com/tordecilla/unprogrammed-appropriations/releases/download/pdfs-debt-pages-v1/annex-o-p002.pdf,1996,historical debt service,DBP,detail,interestPayments,domestic,I. Interest Payments > Domestic > Assumed Liabilities > DBP,million pesos,1687,1687000000,1000000,,,,,"All printed annual aggregates and visible instrument/assumed-liability rows are staged. For domestic NG, instrument-detail rows are all zero in 1986 and sum to zero in 1988 while printed subtotals are 13,845 and 25,710; these source differences are preserved. Other years reconcile, except as qualified by the printed note that breakdowns may not sum due to rounding."
debt-o-p002-y1997-r025,O,2,https://github.com/tordecilla/unprogrammed-appropriations/releases/download/pdfs-debt-pages-v1/annex-o-p002.pdf,1997,historical debt service,DBP,detail,interestPayments,domestic,I. Interest Payments > Domestic > Assumed Liabilities > DBP,million pesos,785,785000000,1000000,,,,,"All printed annual aggregates and visible instrument/assumed-liability rows are staged. For domestic NG, instrument-detail rows are all zero in 1986 and sum to zero in 1988 while printed subtotals are 13,845 and 25,710; these source differences are preserved. Other years reconcile, except as qualified by the printed note that breakdowns may not sum due to rounding."
debt-o-p002-y1998-r025,O,2,https://github.com/tordecilla/unprogrammed-appropriations/releases/download/pdfs-debt-pages-v1/annex-o-p002.pdf,1998,historical debt service,DBP,detail,interestPayments,domestic,I. Interest Payments > Domestic > Assumed Liabilities > DBP,million pesos,1198,1198000000,1000000,,,,,"All printed annual aggregates and visible instrument/assumed-liability rows are staged. For domestic NG, instrument-detail rows are all zero in 1986 and sum to zero in 1988 while printed subtotals are 13,845 and 25,710; these source differences are preserved. Other years reconcile, except as qualified by the printed note that breakdowns may not sum due to rounding."
debt-o-p002-y1999-r025,O,2,https://github.com/tordecilla/unprogrammed-appropriations/releases/download/pdfs-debt-pages-v1/annex-o-p002.pdf,1999,historical debt service,DBP,detail,interestPayments,domestic,I. Interest Payments > Domestic > Assumed Liabilities > DBP,million pesos,870,870000000,1000000,,,,,"All printed annual aggregates and visible instrument/assumed-liability rows are staged. For domestic NG, instrument-detail rows are all zero in 1986 and sum to zero in 1988 while printed subtotals are 13,845 and 25,710; these source differences are preserved. Other years reconcile, except as qualified by the printed note that breakdowns may not sum due to rounding."
debt-o-p002-y2000-r025,O,2,https://github.com/tordecilla/unprogrammed-appropriations/releases/download/pdfs-debt-pages-v1/annex-o-p002.pdf,2000,historical debt service,DBP,detail,interestPayments,domestic,I. Interest Payments > Domestic > Assumed Liabilities > DBP,million pesos,950,950000000,1000000,,,,,"All printed annual aggregates and visible instrument/assumed-liability rows are staged. For domestic NG, instrument-detail rows are all zero in 1986 and sum to zero in 1988 while printed subtotals are 13,845 and 25,710; these source differences are preserved. Other years reconcile, except as qualified by the printed note that breakdowns may not sum due to rounding."
debt-o-p002-y2001-r025,O,2,https://github.com/tordecilla/unprogrammed-appropriations/releases/download/pdfs-debt-pages-v1/annex-o-p002.pdf,2001,historical debt service,DBP,detail,interestPayments,domestic,I. Interest Payments > Domestic > Assumed Liabilities > DBP,million pesos,738,738000000,1000000,,,,,"All printed annual aggregates and visible instrument/assumed-liability rows are staged. For domestic NG, instrument-detail rows are all zero in 1986 and sum to zero in 1988 while printed subtotals are 13,845 and 25,710; these source differences are preserved. Other years reconcile, except as qualified by the printed note that breakdowns may not sum due to rounding."
debt-o-p002-y2002-r025,O,2,https://github.com/tordecilla/unprogrammed-appropriations/releases/download/pdfs-debt-pages-v1/annex-o-p002.pdf,2002,historical debt service,DBP,detail,interestPayments,domestic,I. Interest Payments > Domestic > Assumed Liabilities > DBP,million pesos,237,237000000,1000000,,,,,"All printed annual aggregates and visible instrument/assumed-liability rows are staged. For domestic NG, instrument-detail rows are all zero in 1986 and sum to zero in 1988 while printed subtotals are 13,845 and 25,710; these source differences are preserved. Other years reconcile, except as qualified by the printed note that breakdowns may not sum due to rounding."
debt-o-p002-y2003-r025,O,2,https://github.com/tordecilla/unprogrammed-appropriations/releases/download/pdfs-debt-pages-v1/annex-o-p002.pdf,2003,historical debt service,DBP,detail,interestPayments,domestic,I. Interest Payments > Domestic > Assumed Liabilities > DBP,million pesos,95,95000000,1000000,,,,,"All printed annual aggregates and visible instrument/assumed-liability rows are staged. For domestic NG, instrument-detail rows are all zero in 1986 and sum to zero in 1988 while printed subtotals are 13,845 and 25,710; these source differences are preserved. Other years reconcile, except as qualified by the printed note that breakdowns may not sum due to rounding."
debt-o-p002-y1986-r026,O,2,https://github.com/tordecilla/unprogrammed-appropriations/releases/download/pdfs-debt-pages-v1/annex-o-p002.pdf,1986,historical debt service,PNB,detail,interestPayments,domestic,I. Interest Payments > Domestic > Assumed Liabilities > PNB,million pesos,0,0,1000000,,,,,"All printed annual aggregates and visible instrument/assumed-liability rows are staged. For domestic NG, instrument-detail rows are all zero in 1986 and sum to zero in 1988 while printed subtotals are 13,845 and 25,710; these source differences are preserved. Other years reconcile, except as qualified by the printed note that breakdowns may not sum due to rounding."
debt-o-p002-y1987-r026,O,2,https://github.com/tordecilla/unprogrammed-appropriations/releases/download/pdfs-debt-pages-v1/annex-o-p002.pdf,1987,historical debt service,PNB,detail,interestPayments,domestic,I. Interest Payments > Domestic > Assumed Liabilities > PNB,million pesos,2372,2372000000,1000000,,,,,"All printed annual aggregates and visible instrument/assumed-liability rows are staged. For domestic NG, instrument-detail rows are all zero in 1986 and sum to zero in 1988 while printed subtotals are 13,845 and 25,710; these source differences are preserved. Other years reconcile, except as qualified by the printed note that breakdowns may not sum due to rounding."
debt-o-p002-y1988-r026,O,2,https://github.com/tordecilla/unprogrammed-appropriations/releases/download/pdfs-debt-pages-v1/annex-o-p002.pdf,1988,historical debt service,PNB,detail,interestPayments,domestic,I. Interest Payments > Domestic > Assumed Liabilities > PNB,million pesos,2326,2326000000,1000000,,,,,"All printed annual aggregates and visible instrument/assumed-liability rows are staged. For domestic NG, instrument-detail rows are all zero in 1986 and sum to zero in 1988 while printed subtotals are 13,845 and 25,710; these source differences are preserved. Other years reconcile, except as qualified by the printed note that breakdowns may not sum due to rounding."
debt-o-p002-y1989-r026,O,2,https://github.com/tordecilla/unprogrammed-appropriations/releases/download/pdfs-debt-pages-v1/annex-o-p002.pdf,1989,historical debt service,PNB,detail,interestPayments,domestic,I. Interest Payments > Domestic > Assumed Liabilities > PNB,million pesos,2726,2726000000,1000000,,,,,"All printed annual aggregates and visible instrument/assumed-liability rows are staged. For domestic NG, instrument-detail rows are all zero in 1986 and sum to zero in 1988 while printed subtotals are 13,845 and 25,710; these source differences are preserved. Other years reconcile, except as qualified by the printed note that breakdowns may not sum due to rounding."
debt-o-p002-y1990-r026,O,2,https://github.com/tordecilla/unprogrammed-appropriations/releases/download/pdfs-debt-pages-v1/annex-o-p002.pdf,1990,historical debt service,PNB,detail,interestPayments,domestic,I. Interest Payments > Domestic > Assumed Liabilities > PNB,million pesos,3308,3308000000,1000000,,,,,"All printed annual aggregates and visible instrument/assumed-liability rows are staged. For domestic NG, instrument-detail rows are all zero in 1986 and sum to zero in 1988 while printed subtotals are 13,845 and 25,710; these source differences are preserved. Other years reconcile, except as qualified by the printed note that breakdowns may not sum due to rounding."
debt-o-p002-y1991-r026,O,2,https://github.com/tordecilla/unprogrammed-appropriations/releases/download/pdfs-debt-pages-v1/annex-o-p002.pdf,1991,historical debt service,PNB,detail,interestPayments,domestic,I. Interest Payments > Domestic > Assumed Liabilities > PNB,million pesos,1555,1555000000,1000000,,,,,"All printed annual aggregates and visible instrument/assumed-liability rows are staged. For domestic NG, instrument-detail rows are all zero in 1986 and sum to zero in 1988 while printed subtotals are 13,845 and 25,710; these source differences are preserved. Other years reconcile, except as qualified by the printed note that breakdowns may not sum due to rounding."
debt-o-p002-y1992-r026,O,2,https://github.com/tordecilla/unprogrammed-appropriations/releases/download/pdfs-debt-pages-v1/annex-o-p002.pdf,1992,historical debt service,PNB,detail,interestPayments,domestic,I. Interest Payments > Domestic > Assumed Liabilities > PNB,million pesos,1631,1631000000,1000000,,,,,"All printed annual aggregates and visible instrument/assumed-liability rows are staged. For domestic NG, instrument-detail rows are all zero in 1986 and sum to zero in 1988 while printed subtotals are 13,845 and 25,710; these source differences are preserved. Other years reconcile, except as qualified by the printed note that breakdowns may not sum due to rounding."
debt-o-p002-y1993-r026,O,2,https://github.com/tordecilla/unprogrammed-appropriations/releases/download/pdfs-debt-pages-v1/annex-o-p002.pdf,1993,historical debt service,PNB,detail,interestPayments,domestic,I. Interest Payments > Domestic > Assumed Liabilities > PNB,million pesos,1327,1327000000,1000000,,,,,"All printed annual aggregates and visible instrument/assumed-liability rows are staged. For domestic NG, instrument-detail rows are all zero in 1986 and sum to zero in 1988 while printed subtotals are 13,845 and 25,710; these source differences are preserved. Other years reconcile, except as qualified by the printed note that breakdowns may not sum due to rounding."
debt-o-p002-y1994-r026,O,2,https://github.com/tordecilla/unprogrammed-appropriations/releases/download/pdfs-debt-pages-v1/annex-o-p002.pdf,1994,historical debt service,PNB,detail,interestPayments,domestic,I. Interest Payments > Domestic > Assumed Liabilities > PNB,million pesos,602,602000000,1000000,,,,,"All printed annual aggregates and visible instrument/assumed-liability rows are staged. For domestic NG, instrument-detail rows are all zero in 1986 and sum to zero in 1988 while printed subtotals are 13,845 and 25,710; these source differences are preserved. Other years reconcile, except as qualified by the printed note that breakdowns may not sum due to rounding."
debt-o-p002-y1995-r026,O,2,https://github.com/tordecilla/unprogrammed-appropriations/releases/download/pdfs-debt-pages-v1/annex-o-p002.pdf,1995,historical debt service,PNB,detail,interestPayments,domestic,I. Interest Payments > Domestic > Assumed Liabilities > PNB,million pesos,334,334000000,1000000,,,,,"All printed annual aggregates and visible instrument/assumed-liability rows are staged. For domestic NG, instrument-detail rows are all zero in 1986 and sum to zero in 1988 while printed subtotals are 13,845 and 25,710; these source differences are preserved. Other years reconcile, except as qualified by the printed note that breakdowns may not sum due to rounding."
debt-o-p002-y1996-r026,O,2,https://github.com/tordecilla/unprogrammed-appropriations/releases/download/pdfs-debt-pages-v1/annex-o-p002.pdf,1996,historical debt service,PNB,detail,interestPayments,domestic,I. Interest Payments > Domestic > Assumed Liabilities > PNB,million pesos,867,867000000,1000000,,,,,"All printed annual aggregates and visible instrument/assumed-liability rows are staged. For domestic NG, instrument-detail rows are all zero in 1986 and sum to zero in 1988 while printed subtotals are 13,845 and 25,710; these source differences are preserved. Other years reconcile, except as qualified by the printed note that breakdowns may not sum due to rounding."
debt-o-p002-y1997-r026,O,2,https://github.com/tordecilla/unprogrammed-appropriations/releases/download/pdfs-debt-pages-v1/annex-o-p002.pdf,1997,historical debt service,PNB,detail,interestPayments,domestic,I. Interest Payments > Domestic > Assumed Liabilities > PNB,million pesos,820,820000000,1000000,,,,,"All printed annual aggregates and visible instrument/assumed-liability rows are staged. For domestic NG, instrument-detail rows are all zero in 1986 and sum to zero in 1988 while printed subtotals are 13,845 and 25,710; these source differences are preserved. Other years reconcile, except as qualified by the printed note that breakdowns may not sum due to rounding."
debt-o-p002-y1998-r026,O,2,https://github.com/tordecilla/unprogrammed-appropriations/releases/download/pdfs-debt-pages-v1/annex-o-p002.pdf,1998,historical debt service,PNB,detail,interestPayments,domestic,I. Interest Payments > Domestic > Assumed Liabilities > PNB,million pesos,617,617000000,1000000,,,,,"All printed annual aggregates and visible instrument/assumed-liability rows are staged. For domestic NG, instrument-detail rows are all zero in 1986 and sum to zero in 1988 while printed subtotals are 13,845 and 25,710; these source differences are preserved. Other years reconcile, except as qualified by the printed note that breakdowns may not sum due to rounding."
debt-o-p002-y1999-r026,O,2,https://github.com/tordecilla/unprogrammed-appropriations/releases/download/pdfs-debt-pages-v1/annex-o-p002.pdf,1999,historical debt service,PNB,detail,interestPayments,domestic,I. Interest Payments > Domestic > Assumed Liabilities > PNB,million pesos,441,441000000,1000000,,,,,"All printed annual aggregates and visible instrument/assumed-liability rows are staged. For domestic NG, instrument-detail rows are all zero in 1986 and sum to zero in 1988 while printed subtotals are 13,845 and 25,710; these source differences are preserved. Other years reconcile, except as qualified by the printed note that breakdowns may not sum due to rounding."
debt-o-p002-y2000-r026,O,2,https://github.com/tordecilla/unprogrammed-appropriations/releases/download/pdfs-debt-pages-v1/annex-o-p002.pdf,2000,historical debt service,PNB,detail,interestPayments,domestic,I. Interest Payments > Domestic > Assumed Liabilities > PNB,million pesos,489,489000000,1000000,,,,,"All printed annual aggregates and visible instrument/assumed-liability rows are staged. For domestic NG, instrument-detail rows are all zero in 1986 and sum to zero in 1988 while printed subtotals are 13,845 and 25,710; these source differences are preserved. Other years reconcile, except as qualified by the printed note that breakdowns may not sum due to rounding."
debt-o-p002-y2001-r026,O,2,https://github.com/tordecilla/unprogrammed-appropriations/releases/download/pdfs-debt-pages-v1/annex-o-p002.pdf,2001,historical debt service,PNB,detail,interestPayments,domestic,I. Interest Payments > Domestic > Assumed Liabilities > PNB,million pesos,379,379000000,1000000,,,,,"All printed annual aggregates and visible instrument/assumed-liability rows are staged. For domestic NG, instrument-detail rows are all zero in 1986 and sum to zero in 1988 while printed subtotals are 13,845 and 25,710; these source differences are preserved. Other years reconcile, except as qualified by the printed note that breakdowns may not sum due to rounding."
debt-o-p002-y2002-r026,O,2,https://github.com/tordecilla/unprogrammed-appropriations/releases/download/pdfs-debt-pages-v1/annex-o-p002.pdf,2002,historical debt service,PNB,detail,interestPayments,domestic,I. Interest Payments > Domestic > Assumed Liabilities > PNB,million pesos,120,120000000,1000000,,,,,"All printed annual aggregates and visible instrument/assumed-liability rows are staged. For domestic NG, instrument-detail rows are all zero in 1986 and sum to zero in 1988 while printed subtotals are 13,845 and 25,710; these source differences are preserved. Other years reconcile, except as qualified by the printed note that breakdowns may not sum due to rounding."
debt-o-p002-y2003-r026,O,2,https://github.com/tordecilla/unprogrammed-appropriations/releases/download/pdfs-debt-pages-v1/annex-o-p002.pdf,2003,historical debt service,PNB,detail,interestPayments,domestic,I. Interest Payments > Domestic > Assumed Liabilities > PNB,million pesos,48,48000000,1000000,,,,,"All printed annual aggregates and visible instrument/assumed-liability rows are staged. For domestic NG, instrument-detail rows are all zero in 1986 and sum to zero in 1988 while printed subtotals are 13,845 and 25,710; these source differences are preserved. Other years reconcile, except as qualified by the printed note that breakdowns may not sum due to rounding."
debt-o-p002-y1986-r027,O,2,https://github.com/tordecilla/unprogrammed-appropriations/releases/download/pdfs-debt-pages-v1/annex-o-p002.pdf,1986,historical debt service,NDC,detail,interestPayments,domestic,I. Interest Payments > Domestic > Assumed Liabilities > NDC,million pesos,0,0,1000000,,,,,"All printed annual aggregates and visible instrument/assumed-liability rows are staged. For domestic NG, instrument-detail rows are all zero in 1986 and sum to zero in 1988 while printed subtotals are 13,845 and 25,710; these source differences are preserved. Other years reconcile, except as qualified by the printed note that breakdowns may not sum due to rounding."
debt-o-p002-y1987-r027,O,2,https://github.com/tordecilla/unprogrammed-appropriations/releases/download/pdfs-debt-pages-v1/annex-o-p002.pdf,1987,historical debt service,NDC,detail,interestPayments,domestic,I. Interest Payments > Domestic > Assumed Liabilities > NDC,million pesos,0,0,1000000,,,,,"All printed annual aggregates and visible instrument/assumed-liability rows are staged. For domestic NG, instrument-detail rows are all zero in 1986 and sum to zero in 1988 while printed subtotals are 13,845 and 25,710; these source differences are preserved. Other years reconcile, except as qualified by the printed note that breakdowns may not sum due to rounding."
debt-o-p002-y1988-r027,O,2,https://github.com/tordecilla/unprogrammed-appropriations/releases/download/pdfs-debt-pages-v1/annex-o-p002.pdf,1988,historical debt service,NDC,detail,interestPayments,domestic,I. Interest Payments > Domestic > Assumed Liabilities > NDC,million pesos,9,9000000,1000000,,,,,"All printed annual aggregates and visible instrument/assumed-liability rows are staged. For domestic NG, instrument-detail rows are all zero in 1986 and sum to zero in 1988 while printed subtotals are 13,845 and 25,710; these source differences are preserved. Other years reconcile, except as qualified by the printed note that breakdowns may not sum due to rounding."
debt-o-p002-y1989-r027,O,2,https://github.com/tordecilla/unprogrammed-appropriations/releases/download/pdfs-debt-pages-v1/annex-o-p002.pdf,1989,historical debt service,NDC,detail,interestPayments,domestic,I. Interest Payments > Domestic > Assumed Liabilities > NDC,million pesos,44,44000000,1000000,,,,,"All printed annual aggregates and visible instrument/assumed-liability rows are staged. For domestic NG, instrument-detail rows are all zero in 1986 and sum to zero in 1988 while printed subtotals are 13,845 and 25,710; these source differences are preserved. Other years reconcile, except as qualified by the printed note that breakdowns may not sum due to rounding."
debt-o-p002-y1990-r027,O,2,https://github.com/tordecilla/unprogrammed-appropriations/releases/download/pdfs-debt-pages-v1/annex-o-p002.pdf,1990,historical debt service,NDC,detail,interestPayments,domestic,I. Interest Payments > Domestic > Assumed Liabilities > NDC,million pesos,43,43000000,1000000,,,,,"All printed annual aggregates and visible instrument/assumed-liability rows are staged. For domestic NG, instrument-detail rows are all zero in 1986 and sum to zero in 1988 while printed subtotals are 13,845 and 25,710; these source differences are preserved. Other years reconcile, except as qualified by the printed note that breakdowns may not sum due to rounding."
debt-o-p002-y1991-r027,O,2,https://github.com/tordecilla/unprogrammed-appropriations/releases/download/pdfs-debt-pages-v1/annex-o-p002.pdf,1991,historical debt service,NDC,detail,interestPayments,domestic,I. Interest Payments > Domestic > Assumed Liabilities > NDC,million pesos,34,34000000,1000000,,,,,"All printed annual aggregates and visible instrument/assumed-liability rows are staged. For domestic NG, instrument-detail rows are all zero in 1986 and sum to zero in 1988 while printed subtotals are 13,845 and 25,710; these source differences are preserved. Other years reconcile, except as qualified by the printed note that breakdowns may not sum due to rounding."
debt-o-p002-y1992-r027,O,2,https://github.com/tordecilla/unprogrammed-appropriations/releases/download/pdfs-debt-pages-v1/annex-o-p002.pdf,1992,historical debt service,NDC,detail,interestPayments,domestic,I. Interest Payments > Domestic > Assumed Liabilities > NDC,million pesos,15,15000000,1000000,,,,,"All printed annual aggregates and visible instrument/assumed-liability rows are staged. For domestic NG, instrument-detail rows are all zero in 1986 and sum to zero in 1988 while printed subtotals are 13,845 and 25,710; these source differences are preserved. Other years reconcile, except as qualified by the printed note that breakdowns may not sum due to rounding."
debt-o-p002-y1993-r027,O,2,https://github.com/tordecilla/unprogrammed-appropriations/releases/download/pdfs-debt-pages-v1/annex-o-p002.pdf,1993,historical debt service,NDC,detail,interestPayments,domestic,I. Interest Payments > Domestic > Assumed Liabilities > NDC,million pesos,5,5000000,1000000,,,,,"All printed annual aggregates and visible instrument/assumed-liability rows are staged. For domestic NG, instrument-detail rows are all zero in 1986 and sum to zero in 1988 while printed subtotals are 13,845 and 25,710; these source differences are preserved. Other years reconcile, except as qualified by the printed note that breakdowns may not sum due to rounding."
debt-o-p002-y1994-r027,O,2,https://github.com/tordecilla/unprogrammed-appropriations/releases/download/pdfs-debt-pages-v1/annex-o-p002.pdf,1994,historical debt service,NDC,detail,interestPayments,domestic,I. Interest Payments > Domestic > Assumed Liabilities > NDC,million pesos,4,4000000,1000000,,,,,"All printed annual aggregates and visible instrument/assumed-liability rows are staged. For domestic NG, instrument-detail rows are all zero in 1986 and sum to zero in 1988 while printed subtotals are 13,845 and 25,710; these source differences are preserved. Other years reconcile, except as qualified by the printed note that breakdowns may not sum due to rounding."
debt-o-p002-y1995-r027,O,2,https://github.com/tordecilla/unprogrammed-appropriations/releases/download/pdfs-debt-pages-v1/annex-o-p002.pdf,1995,historical debt service,NDC,detail,interestPayments,domestic,I. Interest Payments > Domestic > Assumed Liabilities > NDC,million pesos,0,0,1000000,,,,,"All printed annual aggregates and visible instrument/assumed-liability rows are staged. For domestic NG, instrument-detail rows are all zero in 1986 and sum to zero in 1988 while printed subtotals are 13,845 and 25,710; these source differences are preserved. Other years reconcile, except as qualified by the printed note that breakdowns may not sum due to rounding."
debt-o-p002-y1996-r027,O,2,https://github.com/tordecilla/unprogrammed-appropriations/releases/download/pdfs-debt-pages-v1/annex-o-p002.pdf,1996,historical debt service,NDC,detail,interestPayments,domestic,I. Interest Payments > Domestic > Assumed Liabilities > NDC,million pesos,0,0,1000000,,,,,"All printed annual aggregates and visible instrument/assumed-liability rows are staged. For domestic NG, instrument-detail rows are all zero in 1986 and sum to zero in 1988 while printed subtotals are 13,845 and 25,710; these source differences are preserved. Other years reconcile, except as qualified by the printed note that breakdowns may not sum due to rounding."
debt-o-p002-y1997-r027,O,2,https://github.com/tordecilla/unprogrammed-appropriations/releases/download/pdfs-debt-pages-v1/annex-o-p002.pdf,1997,historical debt service,NDC,detail,interestPayments,domestic,I. Interest Payments > Domestic > Assumed Liabilities > NDC,million pesos,0,0,1000000,,,,,"All printed annual aggregates and visible instrument/assumed-liability rows are staged. For domestic NG, instrument-detail rows are all zero in 1986 and sum to zero in 1988 while printed subtotals are 13,845 and 25,710; these source differences are preserved. Other years reconcile, except as qualified by the printed note that breakdowns may not sum due to rounding."
debt-o-p002-y1998-r027,O,2,https://github.com/tordecilla/unprogrammed-appropriations/releases/download/pdfs-debt-pages-v1/annex-o-p002.pdf,1998,historical debt service,NDC,detail,interestPayments,domestic,I. Interest Payments > Domestic > Assumed Liabilities > NDC,million pesos,0,0,1000000,,,,,"All printed annual aggregates and visible instrument/assumed-liability rows are staged. For domestic NG, instrument-detail rows are all zero in 1986 and sum to zero in 1988 while printed subtotals are 13,845 and 25,710; these source differences are preserved. Other years reconcile, except as qualified by the printed note that breakdowns may not sum due to rounding."
debt-o-p002-y1999-r027,O,2,https://github.com/tordecilla/unprogrammed-appropriations/releases/download/pdfs-debt-pages-v1/annex-o-p002.pdf,1999,historical debt service,NDC,detail,interestPayments,domestic,I. Interest Payments > Domestic > Assumed Liabilities > NDC,million pesos,0,0,1000000,,,,,"All printed annual aggregates and visible instrument/assumed-liability rows are staged. For domestic NG, instrument-detail rows are all zero in 1986 and sum to zero in 1988 while printed subtotals are 13,845 and 25,710; these source differences are preserved. Other years reconcile, except as qualified by the printed note that breakdowns may not sum due to rounding."
debt-o-p002-y2000-r027,O,2,https://github.com/tordecilla/unprogrammed-appropriations/releases/download/pdfs-debt-pages-v1/annex-o-p002.pdf,2000,historical debt service,NDC,detail,interestPayments,domestic,I. Interest Payments > Domestic > Assumed Liabilities > NDC,million pesos,0,0,1000000,,,,,"All printed annual aggregates and visible instrument/assumed-liability rows are staged. For domestic NG, instrument-detail rows are all zero in 1986 and sum to zero in 1988 while printed subtotals are 13,845 and 25,710; these source differences are preserved. Other years reconcile, except as qualified by the printed note that breakdowns may not sum due to rounding."
debt-o-p002-y2001-r027,O,2,https://github.com/tordecilla/unprogrammed-appropriations/releases/download/pdfs-debt-pages-v1/annex-o-p002.pdf,2001,historical debt service,NDC,detail,interestPayments,domestic,I. Interest Payments > Domestic > Assumed Liabilities > NDC,million pesos,0,0,1000000,,,,,"All printed annual aggregates and visible instrument/assumed-liability rows are staged. For domestic NG, instrument-detail rows are all zero in 1986 and sum to zero in 1988 while printed subtotals are 13,845 and 25,710; these source differences are preserved. Other years reconcile, except as qualified by the printed note that breakdowns may not sum due to rounding."
debt-o-p002-y2002-r027,O,2,https://github.com/tordecilla/unprogrammed-appropriations/releases/download/pdfs-debt-pages-v1/annex-o-p002.pdf,2002,historical debt service,NDC,detail,interestPayments,domestic,I. Interest Payments > Domestic > Assumed Liabilities > NDC,million pesos,0,0,1000000,,,,,"All printed annual aggregates and visible instrument/assumed-liability rows are staged. For domestic NG, instrument-detail rows are all zero in 1986 and sum to zero in 1988 while printed subtotals are 13,845 and 25,710; these source differences are preserved. Other years reconcile, except as qualified by the printed note that breakdowns may not sum due to rounding."
debt-o-p002-y2003-r027,O,2,https://github.com/tordecilla/unprogrammed-appropriations/releases/download/pdfs-debt-pages-v1/annex-o-p002.pdf,2003,historical debt service,NDC,detail,interestPayments,domestic,I. Interest Payments > Domestic > Assumed Liabilities > NDC,million pesos,0,0,1000000,,,,,"All printed annual aggregates and visible instrument/assumed-liability rows are staged. For domestic NG, instrument-detail rows are all zero in 1986 and sum to zero in 1988 while printed subtotals are 13,845 and 25,710; these source differences are preserved. Other years reconcile, except as qualified by the printed note that breakdowns may not sum due to rounding."
debt-o-p002-y1986-r028,O,2,https://github.com/tordecilla/unprogrammed-appropriations/releases/download/pdfs-debt-pages-v1/annex-o-p002.pdf,1986,historical debt service,Philguarantee,detail,interestPayments,domestic,I. Interest Payments > Domestic > Assumed Liabilities > Philguarantee,million pesos,0,0,1000000,,,,,"All printed annual aggregates and visible instrument/assumed-liability rows are staged. For domestic NG, instrument-detail rows are all zero in 1986 and sum to zero in 1988 while printed subtotals are 13,845 and 25,710; these source differences are preserved. Other years reconcile, except as qualified by the printed note that breakdowns may not sum due to rounding."
debt-o-p002-y1987-r028,O,2,https://github.com/tordecilla/unprogrammed-appropriations/releases/download/pdfs-debt-pages-v1/annex-o-p002.pdf,1987,historical debt service,Philguarantee,detail,interestPayments,domestic,I. Interest Payments > Domestic > Assumed Liabilities > Philguarantee,million pesos,0,0,1000000,,,,,"All printed annual aggregates and visible instrument/assumed-liability rows are staged. For domestic NG, instrument-detail rows are all zero in 1986 and sum to zero in 1988 while printed subtotals are 13,845 and 25,710; these source differences are preserved. Other years reconcile, except as qualified by the printed note that breakdowns may not sum due to rounding."
debt-o-p002-y1988-r028,O,2,https://github.com/tordecilla/unprogrammed-appropriations/releases/download/pdfs-debt-pages-v1/annex-o-p002.pdf,1988,historical debt service,Philguarantee,detail,interestPayments,domestic,I. Interest Payments > Domestic > Assumed Liabilities > Philguarantee,million pesos,25,25000000,1000000,,,,,"All printed annual aggregates and visible instrument/assumed-liability rows are staged. For domestic NG, instrument-detail rows are all zero in 1986 and sum to zero in 1988 while printed subtotals are 13,845 and 25,710; these source differences are preserved. Other years reconcile, except as qualified by the printed note that breakdowns may not sum due to rounding."
debt-o-p002-y1989-r028,O,2,https://github.com/tordecilla/unprogrammed-appropriations/releases/download/pdfs-debt-pages-v1/annex-o-p002.pdf,1989,historical debt service,Philguarantee,detail,interestPayments,domestic,I. Interest Payments > Domestic > Assumed Liabilities > Philguarantee,million pesos,81,81000000,1000000,,,,,"All printed annual aggregates and visible instrument/assumed-liability rows are staged. For domestic NG, instrument-detail rows are all zero in 1986 and sum to zero in 1988 while printed subtotals are 13,845 and 25,710; these source differences are preserved. Other years reconcile, except as qualified by the printed note that breakdowns may not sum due to rounding."
debt-o-p002-y1990-r028,O,2,https://github.com/tordecilla/unprogrammed-appropriations/releases/download/pdfs-debt-pages-v1/annex-o-p002.pdf,1990,historical debt service,Philguarantee,detail,interestPayments,domestic,I. Interest Payments > Domestic > Assumed Liabilities > Philguarantee,million pesos,41,41000000,1000000,,,,,"All printed annual aggregates and visible instrument/assumed-liability rows are staged. For domestic NG, instrument-detail rows are all zero in 1986 and sum to zero in 1988 while printed subtotals are 13,845 and 25,710; these source differences are preserved. Other years reconcile, except as qualified by the printed note that breakdowns may not sum due to rounding."
debt-o-p002-y1991-r028,O,2,https://github.com/tordecilla/unprogrammed-appropriations/releases/download/pdfs-debt-pages-v1/annex-o-p002.pdf,1991,historical debt service,Philguarantee,detail,interestPayments,domestic,I. Interest Payments > Domestic > Assumed Liabilities > Philguarantee,million pesos,24,24000000,1000000,,,,,"All printed annual aggregates and visible instrument/assumed-liability rows are staged. For domestic NG, instrument-detail rows are all zero in 1986 and sum to zero in 1988 while printed subtotals are 13,845 and 25,710; these source differences are preserved. Other years reconcile, except as qualified by the printed note that breakdowns may not sum due to rounding."
debt-o-p002-y1992-r028,O,2,https://github.com/tordecilla/unprogrammed-appropriations/releases/download/pdfs-debt-pages-v1/annex-o-p002.pdf,1992,historical debt service,Philguarantee,detail,interestPayments,domestic,I. Interest Payments > Domestic > Assumed Liabilities > Philguarantee,million pesos,8,8000000,1000000,,,,,"All printed annual aggregates and visible instrument/assumed-liability rows are staged. For domestic NG, instrument-detail rows are all zero in 1986 and sum to zero in 1988 while printed subtotals are 13,845 and 25,710; these source differences are preserved. Other years reconcile, except as qualified by the printed note that breakdowns may not sum due to rounding."
debt-o-p002-y1993-r028,O,2,https://github.com/tordecilla/unprogrammed-appropriations/releases/download/pdfs-debt-pages-v1/annex-o-p002.pdf,1993,historical debt service,Philguarantee,detail,interestPayments,domestic,I. Interest Payments > Domestic > Assumed Liabilities > Philguarantee,million pesos,0,0,1000000,,,,,"All printed annual aggregates and visible instrument/assumed-liability rows are staged. For domestic NG, instrument-detail rows are all zero in 1986 and sum to zero in 1988 while printed subtotals are 13,845 and 25,710; these source differences are preserved. Other years reconcile, except as qualified by the printed note that breakdowns may not sum due to rounding."
debt-o-p002-y1994-r028,O,2,https://github.com/tordecilla/unprogrammed-appropriations/releases/download/pdfs-debt-pages-v1/annex-o-p002.pdf,1994,historical debt service,Philguarantee,detail,interestPayments,domestic,I. Interest Payments > Domestic > Assumed Liabilities > Philguarantee,million pesos,0,0,1000000,,,,,"All printed annual aggregates and visible instrument/assumed-liability rows are staged. For domestic NG, instrument-detail rows are all zero in 1986 and sum to zero in 1988 while printed subtotals are 13,845 and 25,710; these source differences are preserved. Other years reconcile, except as qualified by the printed note that breakdowns may not sum due to rounding."
debt-o-p002-y1995-r028,O,2,https://github.com/tordecilla/unprogrammed-appropriations/releases/download/pdfs-debt-pages-v1/annex-o-p002.pdf,1995,historical debt service,Philguarantee,detail,interestPayments,domestic,I. Interest Payments > Domestic > Assumed Liabilities > Philguarantee,million pesos,0,0,1000000,,,,,"All printed annual aggregates and visible instrument/assumed-liability rows are staged. For domestic NG, instrument-detail rows are all zero in 1986 and sum to zero in 1988 while printed subtotals are 13,845 and 25,710; these source differences are preserved. Other years reconcile, except as qualified by the printed note that breakdowns may not sum due to rounding."
debt-o-p002-y1996-r028,O,2,https://github.com/tordecilla/unprogrammed-appropriations/releases/download/pdfs-debt-pages-v1/annex-o-p002.pdf,1996,historical debt service,Philguarantee,detail,interestPayments,domestic,I. Interest Payments > Domestic > Assumed Liabilities > Philguarantee,million pesos,0,0,1000000,,,,,"All printed annual aggregates and visible instrument/assumed-liability rows are staged. For domestic NG, instrument-detail rows are all zero in 1986 and sum to zero in 1988 while printed subtotals are 13,845 and 25,710; these source differences are preserved. Other years reconcile, except as qualified by the printed note that breakdowns may not sum due to rounding."
debt-o-p002-y1997-r028,O,2,https://github.com/tordecilla/unprogrammed-appropriations/releases/download/pdfs-debt-pages-v1/annex-o-p002.pdf,1997,historical debt service,Philguarantee,detail,interestPayments,domestic,I. Interest Payments > Domestic > Assumed Liabilities > Philguarantee,million pesos,0,0,1000000,,,,,"All printed annual aggregates and visible instrument/assumed-liability rows are staged. For domestic NG, instrument-detail rows are all zero in 1986 and sum to zero in 1988 while printed subtotals are 13,845 and 25,710; these source differences are preserved. Other years reconcile, except as qualified by the printed note that breakdowns may not sum due to rounding."
debt-o-p002-y1998-r028,O,2,https://github.com/tordecilla/unprogrammed-appropriations/releases/download/pdfs-debt-pages-v1/annex-o-p002.pdf,1998,historical debt service,Philguarantee,detail,interestPayments,domestic,I. Interest Payments > Domestic > Assumed Liabilities > Philguarantee,million pesos,0,0,1000000,,,,,"All printed annual aggregates and visible instrument/assumed-liability rows are staged. For domestic NG, instrument-detail rows are all zero in 1986 and sum to zero in 1988 while printed subtotals are 13,845 and 25,710; these source differences are preserved. Other years reconcile, except as qualified by the printed note that breakdowns may not sum due to rounding."
debt-o-p002-y1999-r028,O,2,https://github.com/tordecilla/unprogrammed-appropriations/releases/download/pdfs-debt-pages-v1/annex-o-p002.pdf,1999,historical debt service,Philguarantee,detail,interestPayments,domestic,I. Interest Payments > Domestic > Assumed Liabilities > Philguarantee,million pesos,0,0,1000000,,,,,"All printed annual aggregates and visible instrument/assumed-liability rows are staged. For domestic NG, instrument-detail rows are all zero in 1986 and sum to zero in 1988 while printed subtotals are 13,845 and 25,710; these source differences are preserved. Other years reconcile, except as qualified by the printed note that breakdowns may not sum due to rounding."
debt-o-p002-y2000-r028,O,2,https://github.com/tordecilla/unprogrammed-appropriations/releases/download/pdfs-debt-pages-v1/annex-o-p002.pdf,2000,historical debt service,Philguarantee,detail,interestPayments,domestic,I. Interest Payments > Domestic > Assumed Liabilities > Philguarantee,million pesos,0,0,1000000,,,,,"All printed annual aggregates and visible instrument/assumed-liability rows are staged. For domestic NG, instrument-detail rows are all zero in 1986 and sum to zero in 1988 while printed subtotals are 13,845 and 25,710; these source differences are preserved. Other years reconcile, except as qualified by the printed note that breakdowns may not sum due to rounding."
debt-o-p002-y2001-r028,O,2,https://github.com/tordecilla/unprogrammed-appropriations/releases/download/pdfs-debt-pages-v1/annex-o-p002.pdf,2001,historical debt service,Philguarantee,detail,interestPayments,domestic,I. Interest Payments > Domestic > Assumed Liabilities > Philguarantee,million pesos,0,0,1000000,,,,,"All printed annual aggregates and visible instrument/assumed-liability rows are staged. For domestic NG, instrument-detail rows are all zero in 1986 and sum to zero in 1988 while printed subtotals are 13,845 and 25,710; these source differences are preserved. Other years reconcile, except as qualified by the printed note that breakdowns may not sum due to rounding."
debt-o-p002-y2002-r028,O,2,https://github.com/tordecilla/unprogrammed-appropriations/releases/download/pdfs-debt-pages-v1/annex-o-p002.pdf,2002,historical debt service,Philguarantee,detail,interestPayments,domestic,I. Interest Payments > Domestic > Assumed Liabilities > Philguarantee,million pesos,0,0,1000000,,,,,"All printed annual aggregates and visible instrument/assumed-liability rows are staged. For domestic NG, instrument-detail rows are all zero in 1986 and sum to zero in 1988 while printed subtotals are 13,845 and 25,710; these source differences are preserved. Other years reconcile, except as qualified by the printed note that breakdowns may not sum due to rounding."
debt-o-p002-y2003-r028,O,2,https://github.com/tordecilla/unprogrammed-appropriations/releases/download/pdfs-debt-pages-v1/annex-o-p002.pdf,2003,historical debt service,Philguarantee,detail,interestPayments,domestic,I. Interest Payments > Domestic > Assumed Liabilities > Philguarantee,million pesos,0,0,1000000,,,,,"All printed annual aggregates and visible instrument/assumed-liability rows are staged. For domestic NG, instrument-detail rows are all zero in 1986 and sum to zero in 1988 while printed subtotals are 13,845 and 25,710; these source differences are preserved. Other years reconcile, except as qualified by the printed note that breakdowns may not sum due to rounding."
debt-o-p002-y1986-r029,O,2,https://github.com/tordecilla/unprogrammed-appropriations/releases/download/pdfs-debt-pages-v1/annex-o-p002.pdf,1986,historical debt service,PAL,detail,interestPayments,domestic,I. Interest Payments > Domestic > Assumed Liabilities > PAL,million pesos,0,0,1000000,,,,,"All printed annual aggregates and visible instrument/assumed-liability rows are staged. For domestic NG, instrument-detail rows are all zero in 1986 and sum to zero in 1988 while printed subtotals are 13,845 and 25,710; these source differences are preserved. Other years reconcile, except as qualified by the printed note that breakdowns may not sum due to rounding."
debt-o-p002-y1987-r029,O,2,https://github.com/tordecilla/unprogrammed-appropriations/releases/download/pdfs-debt-pages-v1/annex-o-p002.pdf,1987,historical debt service,PAL,detail,interestPayments,domestic,I. Interest Payments > Domestic > Assumed Liabilities > PAL,million pesos,0,0,1000000,,,,,"All printed annual aggregates and visible instrument/assumed-liability rows are staged. For domestic NG, instrument-detail rows are all zero in 1986 and sum to zero in 1988 while printed subtotals are 13,845 and 25,710; these source differences are preserved. Other years reconcile, except as qualified by the printed note that breakdowns may not sum due to rounding."
debt-o-p002-y1988-r029,O,2,https://github.com/tordecilla/unprogrammed-appropriations/releases/download/pdfs-debt-pages-v1/annex-o-p002.pdf,1988,historical debt service,PAL,detail,interestPayments,domestic,I. Interest Payments > Domestic > Assumed Liabilities > PAL,million pesos,0,0,1000000,,,,,"All printed annual aggregates and visible instrument/assumed-liability rows are staged. For domestic NG, instrument-detail rows are all zero in 1986 and sum to zero in 1988 while printed subtotals are 13,845 and 25,710; these source differences are preserved. Other years reconcile, except as qualified by the printed note that breakdowns may not sum due to rounding."
debt-o-p002-y1989-r029,O,2,https://github.com/tordecilla/unprogrammed-appropriations/releases/download/pdfs-debt-pages-v1/annex-o-p002.pdf,1989,historical debt service,PAL,detail,interestPayments,domestic,I. Interest Payments > Domestic > Assumed Liabilities > PAL,million pesos,0,0,1000000,,,,,"All printed annual aggregates and visible instrument/assumed-liability rows are staged. For domestic NG, instrument-detail rows are all zero in 1986 and sum to zero in 1988 while printed subtotals are 13,845 and 25,710; these source differences are preserved. Other years reconcile, except as qualified by the printed note that breakdowns may not sum due to rounding."
debt-o-p002-y1990-r029,O,2,https://github.com/tordecilla/unprogrammed-appropriations/releases/download/pdfs-debt-pages-v1/annex-o-p002.pdf,1990,historical debt service,PAL,detail,interestPayments,domestic,I. Interest Payments > Domestic > Assumed Liabilities > PAL,million pesos,0,0,1000000,,,,,"All printed annual aggregates and visible instrument/assumed-liability rows are staged. For domestic NG, instrument-detail rows are all zero in 1986 and sum to zero in 1988 while printed subtotals are 13,845 and 25,710; these source differences are preserved. Other years reconcile, except as qualified by the printed note that breakdowns may not sum due to rounding."
debt-o-p002-y1991-r029,O,2,https://github.com/tordecilla/unprogrammed-appropriations/releases/download/pdfs-debt-pages-v1/annex-o-p002.pdf,1991,historical debt service,PAL,detail,interestPayments,domestic,I. Interest Payments > Domestic > Assumed Liabilities > PAL,million pesos,0,0,1000000,,,,,"All printed annual aggregates and visible instrument/assumed-liability rows are staged. For domestic NG, instrument-detail rows are all zero in 1986 and sum to zero in 1988 while printed subtotals are 13,845 and 25,710; these source differences are preserved. Other years reconcile, except as qualified by the printed note that breakdowns may not sum due to rounding."
debt-o-p002-y1992-r029,O,2,https://github.com/tordecilla/unprogrammed-appropriations/releases/download/pdfs-debt-pages-v1/annex-o-p002.pdf,1992,historical debt service,PAL,detail,interestPayments,domestic,I. Interest Payments > Domestic > Assumed Liabilities > PAL,million pesos,13,13000000,1000000,,,,,"All printed annual aggregates and visible instrument/assumed-liability rows are staged. For domestic NG, instrument-detail rows are all zero in 1986 and sum to zero in 1988 while printed subtotals are 13,845 and 25,710; these source differences are preserved. Other years reconcile, except as qualified by the printed note that breakdowns may not sum due to rounding."
debt-o-p002-y1993-r029,O,2,https://github.com/tordecilla/unprogrammed-appropriations/releases/download/pdfs-debt-pages-v1/annex-o-p002.pdf,1993,historical debt service,PAL,detail,interestPayments,domestic,I. Interest Payments > Domestic > Assumed Liabilities > PAL,million pesos,53,53000000,1000000,,,,,"All printed annual aggregates and visible instrument/assumed-liability rows are staged. For domestic NG, instrument-detail rows are all zero in 1986 and sum to zero in 1988 while printed subtotals are 13,845 and 25,710; these source differences are preserved. Other years reconcile, except as qualified by the printed note that breakdowns may not sum due to rounding."
debt-o-p002-y1994-r029,O,2,https://github.com/tordecilla/unprogrammed-appropriations/releases/download/pdfs-debt-pages-v1/annex-o-p002.pdf,1994,historical debt service,PAL,detail,interestPayments,domestic,I. Interest Payments > Domestic > Assumed Liabilities > PAL,million pesos,0,0,1000000,,,,,"All printed annual aggregates and visible instrument/assumed-liability rows are staged. For domestic NG, instrument-detail rows are all zero in 1986 and sum to zero in 1988 while printed subtotals are 13,845 and 25,710; these source differences are preserved. Other years reconcile, except as qualified by the printed note that breakdowns may not sum due to rounding."
debt-o-p002-y1995-r029,O,2,https://github.com/tordecilla/unprogrammed-appropriations/releases/download/pdfs-debt-pages-v1/annex-o-p002.pdf,1995,historical debt service,PAL,detail,interestPayments,domestic,I. Interest Payments > Domestic > Assumed Liabilities > PAL,million pesos,0,0,1000000,,,,,"All printed annual aggregates and visible instrument/assumed-liability rows are staged. For domestic NG, instrument-detail rows are all zero in 1986 and sum to zero in 1988 while printed subtotals are 13,845 and 25,710; these source differences are preserved. Other years reconcile, except as qualified by the printed note that breakdowns may not sum due to rounding."
debt-o-p002-y1996-r029,O,2,https://github.com/tordecilla/unprogrammed-appropriations/releases/download/pdfs-debt-pages-v1/annex-o-p002.pdf,1996,historical debt service,PAL,detail,interestPayments,domestic,I. Interest Payments > Domestic > Assumed Liabilities > PAL,million pesos,0,0,1000000,,,,,"All printed annual aggregates and visible instrument/assumed-liability rows are staged. For domestic NG, instrument-detail rows are all zero in 1986 and sum to zero in 1988 while printed subtotals are 13,845 and 25,710; these source differences are preserved. Other years reconcile, except as qualified by the printed note that breakdowns may not sum due to rounding."
debt-o-p002-y1997-r029,O,2,https://github.com/tordecilla/unprogrammed-appropriations/releases/download/pdfs-debt-pages-v1/annex-o-p002.pdf,1997,historical debt service,PAL,detail,interestPayments,domestic,I. Interest Payments > Domestic > Assumed Liabilities > PAL,million pesos,0,0,1000000,,,,,"All printed annual aggregates and visible instrument/assumed-liability rows are staged. For domestic NG, instrument-detail rows are all zero in 1986 and sum to zero in 1988 while printed subtotals are 13,845 and 25,710; these source differences are preserved. Other years reconcile, except as qualified by the printed note that breakdowns may not sum due to rounding."
debt-o-p002-y1998-r029,O,2,https://github.com/tordecilla/unprogrammed-appropriations/releases/download/pdfs-debt-pages-v1/annex-o-p002.pdf,1998,historical debt service,PAL,detail,interestPayments,domestic,I. Interest Payments > Domestic > Assumed Liabilities > PAL,million pesos,0,0,1000000,,,,,"All printed annual aggregates and visible instrument/assumed-liability rows are staged. For domestic NG, instrument-detail rows are all zero in 1986 and sum to zero in 1988 while printed subtotals are 13,845 and 25,710; these source differences are preserved. Other years reconcile, except as qualified by the printed note that breakdowns may not sum due to rounding."
debt-o-p002-y1999-r029,O,2,https://github.com/tordecilla/unprogrammed-appropriations/releases/download/pdfs-debt-pages-v1/annex-o-p002.pdf,1999,historical debt service,PAL,detail,interestPayments,domestic,I. Interest Payments > Domestic > Assumed Liabilities > PAL,million pesos,0,0,1000000,,,,,"All printed annual aggregates and visible instrument/assumed-liability rows are staged. For domestic NG, instrument-detail rows are all zero in 1986 and sum to zero in 1988 while printed subtotals are 13,845 and 25,710; these source differences are preserved. Other years reconcile, except as qualified by the printed note that breakdowns may not sum due to rounding."
debt-o-p002-y2000-r029,O,2,https://github.com/tordecilla/unprogrammed-appropriations/releases/download/pdfs-debt-pages-v1/annex-o-p002.pdf,2000,historical debt service,PAL,detail,interestPayments,domestic,I. Interest Payments > Domestic > Assumed Liabilities > PAL,million pesos,0,0,1000000,,,,,"All printed annual aggregates and visible instrument/assumed-liability rows are staged. For domestic NG, instrument-detail rows are all zero in 1986 and sum to zero in 1988 while printed subtotals are 13,845 and 25,710; these source differences are preserved. Other years reconcile, except as qualified by the printed note that breakdowns may not sum due to rounding."
debt-o-p002-y2001-r029,O,2,https://github.com/tordecilla/unprogrammed-appropriations/releases/download/pdfs-debt-pages-v1/annex-o-p002.pdf,2001,historical debt service,PAL,detail,interestPayments,domestic,I. Interest Payments > Domestic > Assumed Liabilities > PAL,million pesos,0,0,1000000,,,,,"All printed annual aggregates and visible instrument/assumed-liability rows are staged. For domestic NG, instrument-detail rows are all zero in 1986 and sum to zero in 1988 while printed subtotals are 13,845 and 25,710; these source differences are preserved. Other years reconcile, except as qualified by the printed note that breakdowns may not sum due to rounding."
debt-o-p002-y2002-r029,O,2,https://github.com/tordecilla/unprogrammed-appropriations/releases/download/pdfs-debt-pages-v1/annex-o-p002.pdf,2002,historical debt service,PAL,detail,interestPayments,domestic,I. Interest Payments > Domestic > Assumed Liabilities > PAL,million pesos,0,0,1000000,,,,,"All printed annual aggregates and visible instrument/assumed-liability rows are staged. For domestic NG, instrument-detail rows are all zero in 1986 and sum to zero in 1988 while printed subtotals are 13,845 and 25,710; these source differences are preserved. Other years reconcile, except as qualified by the printed note that breakdowns may not sum due to rounding."
debt-o-p002-y2003-r029,O,2,https://github.com/tordecilla/unprogrammed-appropriations/releases/download/pdfs-debt-pages-v1/annex-o-p002.pdf,2003,historical debt service,PAL,detail,interestPayments,domestic,I. Interest Payments > Domestic > Assumed Liabilities > PAL,million pesos,0,0,1000000,,,,,"All printed annual aggregates and visible instrument/assumed-liability rows are staged. For domestic NG, instrument-detail rows are all zero in 1986 and sum to zero in 1988 while printed subtotals are 13,845 and 25,710; these source differences are preserved. Other years reconcile, except as qualified by the printed note that breakdowns may not sum due to rounding."
debt-o-p002-y1986-r030,O,2,https://github.com/tordecilla/unprogrammed-appropriations/releases/download/pdfs-debt-pages-v1/annex-o-p002.pdf,1986,historical debt service,Foreign,subtotal,debtServiceTotal,foreign,I. Interest Payments > Foreign,million pesos,6590,6590000000,1000000,,,,,"All printed annual aggregates and visible instrument/assumed-liability rows are staged. For domestic NG, instrument-detail rows are all zero in 1986 and sum to zero in 1988 while printed subtotals are 13,845 and 25,710; these source differences are preserved. Other years reconcile, except as qualified by the printed note that breakdowns may not sum due to rounding."
debt-o-p002-y1987-r030,O,2,https://github.com/tordecilla/unprogrammed-appropriations/releases/download/pdfs-debt-pages-v1/annex-o-p002.pdf,1987,historical debt service,Foreign,subtotal,debtServiceTotal,foreign,I. Interest Payments > Foreign,million pesos,12681,12681000000,1000000,,,,,"All printed annual aggregates and visible instrument/assumed-liability rows are staged. For domestic NG, instrument-detail rows are all zero in 1986 and sum to zero in 1988 while printed subtotals are 13,845 and 25,710; these source differences are preserved. Other years reconcile, except as qualified by the printed note that breakdowns may not sum due to rounding."
debt-o-p002-y1988-r030,O,2,https://github.com/tordecilla/unprogrammed-appropriations/releases/download/pdfs-debt-pages-v1/annex-o-p002.pdf,1988,historical debt service,Foreign,subtotal,debtServiceTotal,foreign,I. Interest Payments > Foreign,million pesos,13682,13682000000,1000000,,,,,"All printed annual aggregates and visible instrument/assumed-liability rows are staged. For domestic NG, instrument-detail rows are all zero in 1986 and sum to zero in 1988 while printed subtotals are 13,845 and 25,710; these source differences are preserved. Other years reconcile, except as qualified by the printed note that breakdowns may not sum due to rounding."
debt-o-p002-y1989-r030,O,2,https://github.com/tordecilla/unprogrammed-appropriations/releases/download/pdfs-debt-pages-v1/annex-o-p002.pdf,1989,historical debt service,Foreign,subtotal,debtServiceTotal,foreign,I. Interest Payments > Foreign,million pesos,13682,13682000000,1000000,,,,,"All printed annual aggregates and visible instrument/assumed-liability rows are staged. For domestic NG, instrument-detail rows are all zero in 1986 and sum to zero in 1988 while printed subtotals are 13,845 and 25,710; these source differences are preserved. Other years reconcile, except as qualified by the printed note that breakdowns may not sum due to rounding."
debt-o-p002-y1990-r030,O,2,https://github.com/tordecilla/unprogrammed-appropriations/releases/download/pdfs-debt-pages-v1/annex-o-p002.pdf,1990,historical debt service,Foreign,subtotal,debtServiceTotal,foreign,I. Interest Payments > Foreign,million pesos,17791,17791000000,1000000,,,,,"All printed annual aggregates and visible instrument/assumed-liability rows are staged. For domestic NG, instrument-detail rows are all zero in 1986 and sum to zero in 1988 while printed subtotals are 13,845 and 25,710; these source differences are preserved. Other years reconcile, except as qualified by the printed note that breakdowns may not sum due to rounding."
debt-o-p002-y1991-r030,O,2,https://github.com/tordecilla/unprogrammed-appropriations/releases/download/pdfs-debt-pages-v1/annex-o-p002.pdf,1991,historical debt service,Foreign,subtotal,debtServiceTotal,foreign,I. Interest Payments > Foreign,million pesos,18575,18575000000,1000000,,,,,"All printed annual aggregates and visible instrument/assumed-liability rows are staged. For domestic NG, instrument-detail rows are all zero in 1986 and sum to zero in 1988 while printed subtotals are 13,845 and 25,710; these source differences are preserved. Other years reconcile, except as qualified by the printed note that breakdowns may not sum due to rounding."
debt-o-p002-y1992-r030,O,2,https://github.com/tordecilla/unprogrammed-appropriations/releases/download/pdfs-debt-pages-v1/annex-o-p002.pdf,1992,historical debt service,Foreign,subtotal,debtServiceTotal,foreign,I. Interest Payments > Foreign,million pesos,16458,16458000000,1000000,,,,,"All printed annual aggregates and visible instrument/assumed-liability rows are staged. For domestic NG, instrument-detail rows are all zero in 1986 and sum to zero in 1988 while printed subtotals are 13,845 and 25,710; these source differences are preserved. Other years reconcile, except as qualified by the printed note that breakdowns may not sum due to rounding."
debt-o-p002-y1993-r030,O,2,https://github.com/tordecilla/unprogrammed-appropriations/releases/download/pdfs-debt-pages-v1/annex-o-p002.pdf,1993,historical debt service,Foreign,subtotal,debtServiceTotal,foreign,I. Interest Payments > Foreign,million pesos,20308,20308000000,1000000,,,,,"All printed annual aggregates and visible instrument/assumed-liability rows are staged. For domestic NG, instrument-detail rows are all zero in 1986 and sum to zero in 1988 while printed subtotals are 13,845 and 25,710; these source differences are preserved. Other years reconcile, except as qualified by the printed note that breakdowns may not sum due to rounding."
debt-o-p002-y1994-r030,O,2,https://github.com/tordecilla/unprogrammed-appropriations/releases/download/pdfs-debt-pages-v1/annex-o-p002.pdf,1994,historical debt service,Foreign,subtotal,debtServiceTotal,foreign,I. Interest Payments > Foreign,million pesos,19317,19317000000,1000000,,,,,"All printed annual aggregates and visible instrument/assumed-liability rows are staged. For domestic NG, instrument-detail rows are all zero in 1986 and sum to zero in 1988 while printed subtotals are 13,845 and 25,710; these source differences are preserved. Other years reconcile, except as qualified by the printed note that breakdowns may not sum due to rounding."
debt-o-p002-y1995-r030,O,2,https://github.com/tordecilla/unprogrammed-appropriations/releases/download/pdfs-debt-pages-v1/annex-o-p002.pdf,1995,historical debt service,Foreign,subtotal,debtServiceTotal,foreign,I. Interest Payments > Foreign,million pesos,21853,21853000000,1000000,,,,,"All printed annual aggregates and visible instrument/assumed-liability rows are staged. For domestic NG, instrument-detail rows are all zero in 1986 and sum to zero in 1988 while printed subtotals are 13,845 and 25,710; these source differences are preserved. Other years reconcile, except as qualified by the printed note that breakdowns may not sum due to rounding."
debt-o-p002-y1996-r030,O,2,https://github.com/tordecilla/unprogrammed-appropriations/releases/download/pdfs-debt-pages-v1/annex-o-p002.pdf,1996,historical debt service,Foreign,subtotal,debtServiceTotal,foreign,I. Interest Payments > Foreign,million pesos,17520,17520000000,1000000,,,,,"All printed annual aggregates and visible instrument/assumed-liability rows are staged. For domestic NG, instrument-detail rows are all zero in 1986 and sum to zero in 1988 while printed subtotals are 13,845 and 25,710; these source differences are preserved. Other years reconcile, except as qualified by the printed note that breakdowns may not sum due to rounding."
debt-o-p002-y1997-r030,O,2,https://github.com/tordecilla/unprogrammed-appropriations/releases/download/pdfs-debt-pages-v1/annex-o-p002.pdf,1997,historical debt service,Foreign,subtotal,debtServiceTotal,foreign,I. Interest Payments > Foreign,million pesos,19621,19621000000,1000000,,,,,"All printed annual aggregates and visible instrument/assumed-liability rows are staged. For domestic NG, instrument-detail rows are all zero in 1986 and sum to zero in 1988 while printed subtotals are 13,845 and 25,710; these source differences are preserved. Other years reconcile, except as qualified by the printed note that breakdowns may not sum due to rounding."
debt-o-p002-y1998-r030,O,2,https://github.com/tordecilla/unprogrammed-appropriations/releases/download/pdfs-debt-pages-v1/annex-o-p002.pdf,1998,historical debt service,Foreign,subtotal,debtServiceTotal,foreign,I. Interest Payments > Foreign,million pesos,26267,26267000000,1000000,,,,,"All printed annual aggregates and visible instrument/assumed-liability rows are staged. For domestic NG, instrument-detail rows are all zero in 1986 and sum to zero in 1988 while printed subtotals are 13,845 and 25,710; these source differences are preserved. Other years reconcile, except as qualified by the printed note that breakdowns may not sum due to rounding."
debt-o-p002-y1999-r030,O,2,https://github.com/tordecilla/unprogrammed-appropriations/releases/download/pdfs-debt-pages-v1/annex-o-p002.pdf,1999,historical debt service,Foreign,subtotal,debtServiceTotal,foreign,I. Interest Payments > Foreign,million pesos,31310,31310000000,1000000,,,,,"All printed annual aggregates and visible instrument/assumed-liability rows are staged. For domestic NG, instrument-detail rows are all zero in 1986 and sum to zero in 1988 while printed subtotals are 13,845 and 25,710; these source differences are preserved. Other years reconcile, except as qualified by the printed note that breakdowns may not sum due to rounding."
debt-o-p002-y2000-r030,O,2,https://github.com/tordecilla/unprogrammed-appropriations/releases/download/pdfs-debt-pages-v1/annex-o-p002.pdf,2000,historical debt service,Foreign,subtotal,debtServiceTotal,foreign,I. Interest Payments > Foreign,million pesos,47319,47319000000,1000000,,,,,"All printed annual aggregates and visible instrument/assumed-liability rows are staged. For domestic NG, instrument-detail rows are all zero in 1986 and sum to zero in 1988 while printed subtotals are 13,845 and 25,710; these source differences are preserved. Other years reconcile, except as qualified by the printed note that breakdowns may not sum due to rounding."
debt-o-p002-y2001-r030,O,2,https://github.com/tordecilla/unprogrammed-appropriations/releases/download/pdfs-debt-pages-v1/annex-o-p002.pdf,2001,historical debt service,Foreign,subtotal,debtServiceTotal,foreign,I. Interest Payments > Foreign,million pesos,62242,62242000000,1000000,,,,,"All printed annual aggregates and visible instrument/assumed-liability rows are staged. For domestic NG, instrument-detail rows are all zero in 1986 and sum to zero in 1988 while printed subtotals are 13,845 and 25,710; these source differences are preserved. Other years reconcile, except as qualified by the printed note that breakdowns may not sum due to rounding."
debt-o-p002-y2002-r030,O,2,https://github.com/tordecilla/unprogrammed-appropriations/releases/download/pdfs-debt-pages-v1/annex-o-p002.pdf,2002,historical debt service,Foreign,subtotal,debtServiceTotal,foreign,I. Interest Payments > Foreign,million pesos,65876,65876000000,1000000,,,,,"All printed annual aggregates and visible instrument/assumed-liability rows are staged. For domestic NG, instrument-detail rows are all zero in 1986 and sum to zero in 1988 while printed subtotals are 13,845 and 25,710; these source differences are preserved. Other years reconcile, except as qualified by the printed note that breakdowns may not sum due to rounding."
debt-o-p002-y2003-r030,O,2,https://github.com/tordecilla/unprogrammed-appropriations/releases/download/pdfs-debt-pages-v1/annex-o-p002.pdf,2003,historical debt service,Foreign,subtotal,debtServiceTotal,foreign,I. Interest Payments > Foreign,million pesos,78843,78843000000,1000000,,,,,"All printed annual aggregates and visible instrument/assumed-liability rows are staged. For domestic NG, instrument-detail rows are all zero in 1986 and sum to zero in 1988 while printed subtotals are 13,845 and 25,710; these source differences are preserved. Other years reconcile, except as qualified by the printed note that breakdowns may not sum due to rounding."
debt-o-p002-y1986-r031,O,2,https://github.com/tordecilla/unprogrammed-appropriations/releases/download/pdfs-debt-pages-v1/annex-o-p002.pdf,1986,historical debt service,NPC-PNPP,detail,interestPayments,domestic,I. Interest Payments > Domestic > Assumed Liabilities > NPC-PNPP,million pesos,1177,1177000000,1000000,,,,,"All printed annual aggregates and visible instrument/assumed-liability rows are staged. For domestic NG, instrument-detail rows are all zero in 1986 and sum to zero in 1988 while printed subtotals are 13,845 and 25,710; these source differences are preserved. Other years reconcile, except as qualified by the printed note that breakdowns may not sum due to rounding."
debt-o-p002-y1987-r031,O,2,https://github.com/tordecilla/unprogrammed-appropriations/releases/download/pdfs-debt-pages-v1/annex-o-p002.pdf,1987,historical debt service,NPC-PNPP,detail,interestPayments,domestic,I. Interest Payments > Domestic > Assumed Liabilities > NPC-PNPP,million pesos,597,597000000,1000000,,,,,"All printed annual aggregates and visible instrument/assumed-liability rows are staged. For domestic NG, instrument-detail rows are all zero in 1986 and sum to zero in 1988 while printed subtotals are 13,845 and 25,710; these source differences are preserved. Other years reconcile, except as qualified by the printed note that breakdowns may not sum due to rounding."
debt-o-p002-y1988-r031,O,2,https://github.com/tordecilla/unprogrammed-appropriations/releases/download/pdfs-debt-pages-v1/annex-o-p002.pdf,1988,historical debt service,NPC-PNPP,detail,interestPayments,domestic,I. Interest Payments > Domestic > Assumed Liabilities > NPC-PNPP,million pesos,337,337000000,1000000,,,,,"All printed annual aggregates and visible instrument/assumed-liability rows are staged. For domestic NG, instrument-detail rows are all zero in 1986 and sum to zero in 1988 while printed subtotals are 13,845 and 25,710; these source differences are preserved. Other years reconcile, except as qualified by the printed note that breakdowns may not sum due to rounding."
debt-o-p002-y1989-r031,O,2,https://github.com/tordecilla/unprogrammed-appropriations/releases/download/pdfs-debt-pages-v1/annex-o-p002.pdf,1989,historical debt service,NPC-PNPP,detail,interestPayments,domestic,I. Interest Payments > Domestic > Assumed Liabilities > NPC-PNPP,million pesos,165,165000000,1000000,,,,,"All printed annual aggregates and visible instrument/assumed-liability rows are staged. For domestic NG, instrument-detail rows are all zero in 1986 and sum to zero in 1988 while printed subtotals are 13,845 and 25,710; these source differences are preserved. Other years reconcile, except as qualified by the printed note that breakdowns may not sum due to rounding."
debt-o-p002-y1990-r031,O,2,https://github.com/tordecilla/unprogrammed-appropriations/releases/download/pdfs-debt-pages-v1/annex-o-p002.pdf,1990,historical debt service,NPC-PNPP,detail,interestPayments,domestic,I. Interest Payments > Domestic > Assumed Liabilities > NPC-PNPP,million pesos,80,80000000,1000000,,,,,"All printed annual aggregates and visible instrument/assumed-liability rows are staged. For domestic NG, instrument-detail rows are all zero in 1986 and sum to zero in 1988 while printed subtotals are 13,845 and 25,710; these source differences are preserved. Other years reconcile, except as qualified by the printed note that breakdowns may not sum due to rounding."
debt-o-p002-y1991-r031,O,2,https://github.com/tordecilla/unprogrammed-appropriations/releases/download/pdfs-debt-pages-v1/annex-o-p002.pdf,1991,historical debt service,NPC-PNPP,detail,interestPayments,domestic,I. Interest Payments > Domestic > Assumed Liabilities > NPC-PNPP,million pesos,57,57000000,1000000,,,,,"All printed annual aggregates and visible instrument/assumed-liability rows are staged. For domestic NG, instrument-detail rows are all zero in 1986 and sum to zero in 1988 while printed subtotals are 13,845 and 25,710; these source differences are preserved. Other years reconcile, except as qualified by the printed note that breakdowns may not sum due to rounding."
debt-o-p002-y1992-r031,O,2,https://github.com/tordecilla/unprogrammed-appropriations/releases/download/pdfs-debt-pages-v1/annex-o-p002.pdf,1992,historical debt service,NPC-PNPP,detail,interestPayments,domestic,I. Interest Payments > Domestic > Assumed Liabilities > NPC-PNPP,million pesos,37,37000000,1000000,,,,,"All printed annual aggregates and visible instrument/assumed-liability rows are staged. For domestic NG, instrument-detail rows are all zero in 1986 and sum to zero in 1988 while printed subtotals are 13,845 and 25,710; these source differences are preserved. Other years reconcile, except as qualified by the printed note that breakdowns may not sum due to rounding."
debt-o-p002-y1993-r031,O,2,https://github.com/tordecilla/unprogrammed-appropriations/releases/download/pdfs-debt-pages-v1/annex-o-p002.pdf,1993,historical debt service,NPC-PNPP,detail,interestPayments,domestic,I. Interest Payments > Domestic > Assumed Liabilities > NPC-PNPP,million pesos,20,20000000,1000000,,,,,"All printed annual aggregates and visible instrument/assumed-liability rows are staged. For domestic NG, instrument-detail rows are all zero in 1986 and sum to zero in 1988 while printed subtotals are 13,845 and 25,710; these source differences are preserved. Other years reconcile, except as qualified by the printed note that breakdowns may not sum due to rounding."
debt-o-p002-y1994-r031,O,2,https://github.com/tordecilla/unprogrammed-appropriations/releases/download/pdfs-debt-pages-v1/annex-o-p002.pdf,1994,historical debt service,NPC-PNPP,detail,interestPayments,domestic,I. Interest Payments > Domestic > Assumed Liabilities > NPC-PNPP,million pesos,39,39000000,1000000,,,,,"All printed annual aggregates and visible instrument/assumed-liability rows are staged. For domestic NG, instrument-detail rows are all zero in 1986 and sum to zero in 1988 while printed subtotals are 13,845 and 25,710; these source differences are preserved. Other years reconcile, except as qualified by the printed note that breakdowns may not sum due to rounding."
debt-o-p002-y1995-r031,O,2,https://github.com/tordecilla/unprogrammed-appropriations/releases/download/pdfs-debt-pages-v1/annex-o-p002.pdf,1995,historical debt service,NPC-PNPP,detail,interestPayments,domestic,I. Interest Payments > Domestic > Assumed Liabilities > NPC-PNPP,million pesos,22,22000000,1000000,,,,,"All printed annual aggregates and visible instrument/assumed-liability rows are staged. For domestic NG, instrument-detail rows are all zero in 1986 and sum to zero in 1988 while printed subtotals are 13,845 and 25,710; these source differences are preserved. Other years reconcile, except as qualified by the printed note that breakdowns may not sum due to rounding."
debt-o-p002-y1996-r031,O,2,https://github.com/tordecilla/unprogrammed-appropriations/releases/download/pdfs-debt-pages-v1/annex-o-p002.pdf,1996,historical debt service,NPC-PNPP,detail,interestPayments,domestic,I. Interest Payments > Domestic > Assumed Liabilities > NPC-PNPP,million pesos,36,36000000,1000000,,,,,"All printed annual aggregates and visible instrument/assumed-liability rows are staged. For domestic NG, instrument-detail rows are all zero in 1986 and sum to zero in 1988 while printed subtotals are 13,845 and 25,710; these source differences are preserved. Other years reconcile, except as qualified by the printed note that breakdowns may not sum due to rounding."
debt-o-p002-y1997-r031,O,2,https://github.com/tordecilla/unprogrammed-appropriations/releases/download/pdfs-debt-pages-v1/annex-o-p002.pdf,1997,historical debt service,NPC-PNPP,detail,interestPayments,domestic,I. Interest Payments > Domestic > Assumed Liabilities > NPC-PNPP,million pesos,56,56000000,1000000,,,,,"All printed annual aggregates and visible instrument/assumed-liability rows are staged. For domestic NG, instrument-detail rows are all zero in 1986 and sum to zero in 1988 while printed subtotals are 13,845 and 25,710; these source differences are preserved. Other years reconcile, except as qualified by the printed note that breakdowns may not sum due to rounding."
debt-o-p002-y1998-r031,O,2,https://github.com/tordecilla/unprogrammed-appropriations/releases/download/pdfs-debt-pages-v1/annex-o-p002.pdf,1998,historical debt service,NPC-PNPP,detail,interestPayments,domestic,I. Interest Payments > Domestic > Assumed Liabilities > NPC-PNPP,million pesos,40,40000000,1000000,,,,,"All printed annual aggregates and visible instrument/assumed-liability rows are staged. For domestic NG, instrument-detail rows are all zero in 1986 and sum to zero in 1988 while printed subtotals are 13,845 and 25,710; these source differences are preserved. Other years reconcile, except as qualified by the printed note that breakdowns may not sum due to rounding."
debt-o-p002-y1999-r031,O,2,https://github.com/tordecilla/unprogrammed-appropriations/releases/download/pdfs-debt-pages-v1/annex-o-p002.pdf,1999,historical debt service,NPC-PNPP,detail,interestPayments,domestic,I. Interest Payments > Domestic > Assumed Liabilities > NPC-PNPP,million pesos,30,30000000,1000000,,,,,"All printed annual aggregates and visible instrument/assumed-liability rows are staged. For domestic NG, instrument-detail rows are all zero in 1986 and sum to zero in 1988 while printed subtotals are 13,845 and 25,710; these source differences are preserved. Other years reconcile, except as qualified by the printed note that breakdowns may not sum due to rounding."
debt-o-p002-y2000-r031,O,2,https://github.com/tordecilla/unprogrammed-appropriations/releases/download/pdfs-debt-pages-v1/annex-o-p002.pdf,2000,historical debt service,NPC-PNPP,detail,interestPayments,domestic,I. Interest Payments > Domestic > Assumed Liabilities > NPC-PNPP,million pesos,32,32000000,1000000,,,,,"All printed annual aggregates and visible instrument/assumed-liability rows are staged. For domestic NG, instrument-detail rows are all zero in 1986 and sum to zero in 1988 while printed subtotals are 13,845 and 25,710; these source differences are preserved. Other years reconcile, except as qualified by the printed note that breakdowns may not sum due to rounding."
debt-o-p002-y2001-r031,O,2,https://github.com/tordecilla/unprogrammed-appropriations/releases/download/pdfs-debt-pages-v1/annex-o-p002.pdf,2001,historical debt service,NPC-PNPP,detail,interestPayments,domestic,I. Interest Payments > Domestic > Assumed Liabilities > NPC-PNPP,million pesos,24,24000000,1000000,,,,,"All printed annual aggregates and visible instrument/assumed-liability rows are staged. For domestic NG, instrument-detail rows are all zero in 1986 and sum to zero in 1988 while printed subtotals are 13,845 and 25,710; these source differences are preserved. Other years reconcile, except as qualified by the printed note that breakdowns may not sum due to rounding."
debt-o-p002-y2002-r031,O,2,https://github.com/tordecilla/unprogrammed-appropriations/releases/download/pdfs-debt-pages-v1/annex-o-p002.pdf,2002,historical debt service,NPC-PNPP,detail,interestPayments,domestic,I. Interest Payments > Domestic > Assumed Liabilities > NPC-PNPP,million pesos,7,7000000,1000000,,,,,"All printed annual aggregates and visible instrument/assumed-liability rows are staged. For domestic NG, instrument-detail rows are all zero in 1986 and sum to zero in 1988 while printed subtotals are 13,845 and 25,710; these source differences are preserved. Other years reconcile, except as qualified by the printed note that breakdowns may not sum due to rounding."
debt-o-p002-y2003-r031,O,2,https://github.com/tordecilla/unprogrammed-appropriations/releases/download/pdfs-debt-pages-v1/annex-o-p002.pdf,2003,historical debt service,NPC-PNPP,detail,interestPayments,domestic,I. Interest Payments > Domestic > Assumed Liabilities > NPC-PNPP,million pesos,3,3000000,1000000,,,,,"All printed annual aggregates and visible instrument/assumed-liability rows are staged. For domestic NG, instrument-detail rows are all zero in 1986 and sum to zero in 1988 while printed subtotals are 13,845 and 25,710; these source differences are preserved. Other years reconcile, except as qualified by the printed note that breakdowns may not sum due to rounding."
debt-o-p002-y1986-r032,O,2,https://github.com/tordecilla/unprogrammed-appropriations/releases/download/pdfs-debt-pages-v1/annex-o-p002.pdf,1986,historical debt service,NG,subtotal,interestPayments,foreign,I. Interest Payments > Foreign > NG,million pesos,6590,6590000000,1000000,,,,,"All printed annual aggregates and visible instrument/assumed-liability rows are staged. For domestic NG, instrument-detail rows are all zero in 1986 and sum to zero in 1988 while printed subtotals are 13,845 and 25,710; these source differences are preserved. Other years reconcile, except as qualified by the printed note that breakdowns may not sum due to rounding."
debt-o-p002-y1987-r032,O,2,https://github.com/tordecilla/unprogrammed-appropriations/releases/download/pdfs-debt-pages-v1/annex-o-p002.pdf,1987,historical debt service,NG,subtotal,interestPayments,foreign,I. Interest Payments > Foreign > NG,million pesos,6055,6055000000,1000000,,,,,"All printed annual aggregates and visible instrument/assumed-liability rows are staged. For domestic NG, instrument-detail rows are all zero in 1986 and sum to zero in 1988 while printed subtotals are 13,845 and 25,710; these source differences are preserved. Other years reconcile, except as qualified by the printed note that breakdowns may not sum due to rounding."
debt-o-p002-y1988-r032,O,2,https://github.com/tordecilla/unprogrammed-appropriations/releases/download/pdfs-debt-pages-v1/annex-o-p002.pdf,1988,historical debt service,NG,subtotal,interestPayments,foreign,I. Interest Payments > Foreign > NG,million pesos,6991,6991000000,1000000,,,,,"All printed annual aggregates and visible instrument/assumed-liability rows are staged. For domestic NG, instrument-detail rows are all zero in 1986 and sum to zero in 1988 while printed subtotals are 13,845 and 25,710; these source differences are preserved. Other years reconcile, except as qualified by the printed note that breakdowns may not sum due to rounding."
debt-o-p002-y1989-r032,O,2,https://github.com/tordecilla/unprogrammed-appropriations/releases/download/pdfs-debt-pages-v1/annex-o-p002.pdf,1989,historical debt service,NG,subtotal,interestPayments,foreign,I. Interest Payments > Foreign > NG,million pesos,6550,6550000000,1000000,,,,,"All printed annual aggregates and visible instrument/assumed-liability rows are staged. For domestic NG, instrument-detail rows are all zero in 1986 and sum to zero in 1988 while printed subtotals are 13,845 and 25,710; these source differences are preserved. Other years reconcile, except as qualified by the printed note that breakdowns may not sum due to rounding."
debt-o-p002-y1990-r032,O,2,https://github.com/tordecilla/unprogrammed-appropriations/releases/download/pdfs-debt-pages-v1/annex-o-p002.pdf,1990,historical debt service,NG,subtotal,interestPayments,foreign,I. Interest Payments > Foreign > NG,million pesos,10355,10355000000,1000000,,,,,"All printed annual aggregates and visible instrument/assumed-liability rows are staged. For domestic NG, instrument-detail rows are all zero in 1986 and sum to zero in 1988 while printed subtotals are 13,845 and 25,710; these source differences are preserved. Other years reconcile, except as qualified by the printed note that breakdowns may not sum due to rounding."
debt-o-p002-y1991-r032,O,2,https://github.com/tordecilla/unprogrammed-appropriations/releases/download/pdfs-debt-pages-v1/annex-o-p002.pdf,1991,historical debt service,NG,subtotal,interestPayments,foreign,I. Interest Payments > Foreign > NG,million pesos,11653,11653000000,1000000,,,,,"All printed annual aggregates and visible instrument/assumed-liability rows are staged. For domestic NG, instrument-detail rows are all zero in 1986 and sum to zero in 1988 while printed subtotals are 13,845 and 25,710; these source differences are preserved. Other years reconcile, except as qualified by the printed note that breakdowns may not sum due to rounding."
debt-o-p002-y1992-r032,O,2,https://github.com/tordecilla/unprogrammed-appropriations/releases/download/pdfs-debt-pages-v1/annex-o-p002.pdf,1992,historical debt service,NG,subtotal,interestPayments,foreign,I. Interest Payments > Foreign > NG,million pesos,12066,12066000000,1000000,,,,,"All printed annual aggregates and visible instrument/assumed-liability rows are staged. For domestic NG, instrument-detail rows are all zero in 1986 and sum to zero in 1988 while printed subtotals are 13,845 and 25,710; these source differences are preserved. Other years reconcile, except as qualified by the printed note that breakdowns may not sum due to rounding."
debt-o-p002-y1993-r032,O,2,https://github.com/tordecilla/unprogrammed-appropriations/releases/download/pdfs-debt-pages-v1/annex-o-p002.pdf,1993,historical debt service,NG,subtotal,interestPayments,foreign,I. Interest Payments > Foreign > NG,million pesos,14269,14269000000,1000000,,,,,"All printed annual aggregates and visible instrument/assumed-liability rows are staged. For domestic NG, instrument-detail rows are all zero in 1986 and sum to zero in 1988 while printed subtotals are 13,845 and 25,710; these source differences are preserved. Other years reconcile, except as qualified by the printed note that breakdowns may not sum due to rounding."
debt-o-p002-y1994-r032,O,2,https://github.com/tordecilla/unprogrammed-appropriations/releases/download/pdfs-debt-pages-v1/annex-o-p002.pdf,1994,historical debt service,NG,subtotal,interestPayments,foreign,I. Interest Payments > Foreign > NG,million pesos,15425,15425000000,1000000,,,,,"All printed annual aggregates and visible instrument/assumed-liability rows are staged. For domestic NG, instrument-detail rows are all zero in 1986 and sum to zero in 1988 while printed subtotals are 13,845 and 25,710; these source differences are preserved. Other years reconcile, except as qualified by the printed note that breakdowns may not sum due to rounding."
debt-o-p002-y1995-r032,O,2,https://github.com/tordecilla/unprogrammed-appropriations/releases/download/pdfs-debt-pages-v1/annex-o-p002.pdf,1995,historical debt service,NG,subtotal,interestPayments,foreign,I. Interest Payments > Foreign > NG,million pesos,16590,16590000000,1000000,,,,,"All printed annual aggregates and visible instrument/assumed-liability rows are staged. For domestic NG, instrument-detail rows are all zero in 1986 and sum to zero in 1988 while printed subtotals are 13,845 and 25,710; these source differences are preserved. Other years reconcile, except as qualified by the printed note that breakdowns may not sum due to rounding."
debt-o-p002-y1996-r032,O,2,https://github.com/tordecilla/unprogrammed-appropriations/releases/download/pdfs-debt-pages-v1/annex-o-p002.pdf,1996,historical debt service,NG,subtotal,interestPayments,foreign,I. Interest Payments > Foreign > NG,million pesos,13947,13947000000,1000000,,,,,"All printed annual aggregates and visible instrument/assumed-liability rows are staged. For domestic NG, instrument-detail rows are all zero in 1986 and sum to zero in 1988 while printed subtotals are 13,845 and 25,710; these source differences are preserved. Other years reconcile, except as qualified by the printed note that breakdowns may not sum due to rounding."
debt-o-p002-y1997-r032,O,2,https://github.com/tordecilla/unprogrammed-appropriations/releases/download/pdfs-debt-pages-v1/annex-o-p002.pdf,1997,historical debt service,NG,subtotal,interestPayments,foreign,I. Interest Payments > Foreign > NG,million pesos,17314,17314000000,1000000,,,,,"All printed annual aggregates and visible instrument/assumed-liability rows are staged. For domestic NG, instrument-detail rows are all zero in 1986 and sum to zero in 1988 while printed subtotals are 13,845 and 25,710; these source differences are preserved. Other years reconcile, except as qualified by the printed note that breakdowns may not sum due to rounding."
debt-o-p002-y1998-r032,O,2,https://github.com/tordecilla/unprogrammed-appropriations/releases/download/pdfs-debt-pages-v1/annex-o-p002.pdf,1998,historical debt service,NG,subtotal,interestPayments,foreign,I. Interest Payments > Foreign > NG,million pesos,24493,24493000000,1000000,,,,,"All printed annual aggregates and visible instrument/assumed-liability rows are staged. For domestic NG, instrument-detail rows are all zero in 1986 and sum to zero in 1988 while printed subtotals are 13,845 and 25,710; these source differences are preserved. Other years reconcile, except as qualified by the printed note that breakdowns may not sum due to rounding."
debt-o-p002-y1999-r032,O,2,https://github.com/tordecilla/unprogrammed-appropriations/releases/download/pdfs-debt-pages-v1/annex-o-p002.pdf,1999,historical debt service,NG,subtotal,interestPayments,foreign,I. Interest Payments > Foreign > NG,million pesos,29836,29836000000,1000000,,,,,"All printed annual aggregates and visible instrument/assumed-liability rows are staged. For domestic NG, instrument-detail rows are all zero in 1986 and sum to zero in 1988 while printed subtotals are 13,845 and 25,710; these source differences are preserved. Other years reconcile, except as qualified by the printed note that breakdowns may not sum due to rounding."
debt-o-p002-y2000-r032,O,2,https://github.com/tordecilla/unprogrammed-appropriations/releases/download/pdfs-debt-pages-v1/annex-o-p002.pdf,2000,historical debt service,NG,subtotal,interestPayments,foreign,I. Interest Payments > Foreign > NG,million pesos,45998,45998000000,1000000,,,,,"All printed annual aggregates and visible instrument/assumed-liability rows are staged. For domestic NG, instrument-detail rows are all zero in 1986 and sum to zero in 1988 while printed subtotals are 13,845 and 25,710; these source differences are preserved. Other years reconcile, except as qualified by the printed note that breakdowns may not sum due to rounding."
debt-o-p002-y2001-r032,O,2,https://github.com/tordecilla/unprogrammed-appropriations/releases/download/pdfs-debt-pages-v1/annex-o-p002.pdf,2001,historical debt service,NG,subtotal,interestPayments,foreign,I. Interest Payments > Foreign > NG,million pesos,60898,60898000000,1000000,,,,,"All printed annual aggregates and visible instrument/assumed-liability rows are staged. For domestic NG, instrument-detail rows are all zero in 1986 and sum to zero in 1988 while printed subtotals are 13,845 and 25,710; these source differences are preserved. Other years reconcile, except as qualified by the printed note that breakdowns may not sum due to rounding."
debt-o-p002-y2002-r032,O,2,https://github.com/tordecilla/unprogrammed-appropriations/releases/download/pdfs-debt-pages-v1/annex-o-p002.pdf,2002,historical debt service,NG,subtotal,interestPayments,foreign,I. Interest Payments > Foreign > NG,million pesos,64861,64861000000,1000000,,,,,"All printed annual aggregates and visible instrument/assumed-liability rows are staged. For domestic NG, instrument-detail rows are all zero in 1986 and sum to zero in 1988 while printed subtotals are 13,845 and 25,710; these source differences are preserved. Other years reconcile, except as qualified by the printed note that breakdowns may not sum due to rounding."
debt-o-p002-y2003-r032,O,2,https://github.com/tordecilla/unprogrammed-appropriations/releases/download/pdfs-debt-pages-v1/annex-o-p002.pdf,2003,historical debt service,NG,subtotal,interestPayments,foreign,I. Interest Payments > Foreign > NG,million pesos,78027,78027000000,1000000,,,,,"All printed annual aggregates and visible instrument/assumed-liability rows are staged. For domestic NG, instrument-detail rows are all zero in 1986 and sum to zero in 1988 while printed subtotals are 13,845 and 25,710; these source differences are preserved. Other years reconcile, except as qualified by the printed note that breakdowns may not sum due to rounding."
debt-o-p002-y1986-r033,O,2,https://github.com/tordecilla/unprogrammed-appropriations/releases/download/pdfs-debt-pages-v1/annex-o-p002.pdf,1986,historical debt service,Assumed Liabilities,subtotal,interestPayments,foreign,I. Interest Payments > Foreign > Assumed Liabilities,million pesos,0,0,1000000,,,,,"All printed annual aggregates and visible instrument/assumed-liability rows are staged. For domestic NG, instrument-detail rows are all zero in 1986 and sum to zero in 1988 while printed subtotals are 13,845 and 25,710; these source differences are preserved. Other years reconcile, except as qualified by the printed note that breakdowns may not sum due to rounding."
debt-o-p002-y1987-r033,O,2,https://github.com/tordecilla/unprogrammed-appropriations/releases/download/pdfs-debt-pages-v1/annex-o-p002.pdf,1987,historical debt service,Assumed Liabilities,subtotal,interestPayments,foreign,I. Interest Payments > Foreign > Assumed Liabilities,million pesos,6626,6626000000,1000000,,,,,"All printed annual aggregates and visible instrument/assumed-liability rows are staged. For domestic NG, instrument-detail rows are all zero in 1986 and sum to zero in 1988 while printed subtotals are 13,845 and 25,710; these source differences are preserved. Other years reconcile, except as qualified by the printed note that breakdowns may not sum due to rounding."
debt-o-p002-y1988-r033,O,2,https://github.com/tordecilla/unprogrammed-appropriations/releases/download/pdfs-debt-pages-v1/annex-o-p002.pdf,1988,historical debt service,Assumed Liabilities,subtotal,interestPayments,foreign,I. Interest Payments > Foreign > Assumed Liabilities,million pesos,6691,6691000000,1000000,,,,,"All printed annual aggregates and visible instrument/assumed-liability rows are staged. For domestic NG, instrument-detail rows are all zero in 1986 and sum to zero in 1988 while printed subtotals are 13,845 and 25,710; these source differences are preserved. Other years reconcile, except as qualified by the printed note that breakdowns may not sum due to rounding."
debt-o-p002-y1989-r033,O,2,https://github.com/tordecilla/unprogrammed-appropriations/releases/download/pdfs-debt-pages-v1/annex-o-p002.pdf,1989,historical debt service,Assumed Liabilities,subtotal,interestPayments,foreign,I. Interest Payments > Foreign > Assumed Liabilities,million pesos,7132,7132000000,1000000,,,,,"All printed annual aggregates and visible instrument/assumed-liability rows are staged. For domestic NG, instrument-detail rows are all zero in 1986 and sum to zero in 1988 while printed subtotals are 13,845 and 25,710; these source differences are preserved. Other years reconcile, except as qualified by the printed note that breakdowns may not sum due to rounding."
debt-o-p002-y1990-r033,O,2,https://github.com/tordecilla/unprogrammed-appropriations/releases/download/pdfs-debt-pages-v1/annex-o-p002.pdf,1990,historical debt service,Assumed Liabilities,subtotal,interestPayments,foreign,I. Interest Payments > Foreign > Assumed Liabilities,million pesos,7436,7436000000,1000000,,,,,"All printed annual aggregates and visible instrument/assumed-liability rows are staged. For domestic NG, instrument-detail rows are all zero in 1986 and sum to zero in 1988 while printed subtotals are 13,845 and 25,710; these source differences are preserved. Other years reconcile, except as qualified by the printed note that breakdowns may not sum due to rounding."
debt-o-p002-y1991-r033,O,2,https://github.com/tordecilla/unprogrammed-appropriations/releases/download/pdfs-debt-pages-v1/annex-o-p002.pdf,1991,historical debt service,Assumed Liabilities,subtotal,interestPayments,foreign,I. Interest Payments > Foreign > Assumed Liabilities,million pesos,6922,6922000000,1000000,,,,,"All printed annual aggregates and visible instrument/assumed-liability rows are staged. For domestic NG, instrument-detail rows are all zero in 1986 and sum to zero in 1988 while printed subtotals are 13,845 and 25,710; these source differences are preserved. Other years reconcile, except as qualified by the printed note that breakdowns may not sum due to rounding."
debt-o-p002-y1992-r033,O,2,https://github.com/tordecilla/unprogrammed-appropriations/releases/download/pdfs-debt-pages-v1/annex-o-p002.pdf,1992,historical debt service,Assumed Liabilities,subtotal,interestPayments,foreign,I. Interest Payments > Foreign > Assumed Liabilities,million pesos,4392,4392000000,1000000,,,,,"All printed annual aggregates and visible instrument/assumed-liability rows are staged. For domestic NG, instrument-detail rows are all zero in 1986 and sum to zero in 1988 while printed subtotals are 13,845 and 25,710; these source differences are preserved. Other years reconcile, except as qualified by the printed note that breakdowns may not sum due to rounding."
debt-o-p002-y1993-r033,O,2,https://github.com/tordecilla/unprogrammed-appropriations/releases/download/pdfs-debt-pages-v1/annex-o-p002.pdf,1993,historical debt service,Assumed Liabilities,subtotal,interestPayments,foreign,I. Interest Payments > Foreign > Assumed Liabilities,million pesos,6039,6039000000,1000000,,,,,"All printed annual aggregates and visible instrument/assumed-liability rows are staged. For domestic NG, instrument-detail rows are all zero in 1986 and sum to zero in 1988 while printed subtotals are 13,845 and 25,710; these source differences are preserved. Other years reconcile, except as qualified by the printed note that breakdowns may not sum due to rounding."
debt-o-p002-y1994-r033,O,2,https://github.com/tordecilla/unprogrammed-appropriations/releases/download/pdfs-debt-pages-v1/annex-o-p002.pdf,1994,historical debt service,Assumed Liabilities,subtotal,interestPayments,foreign,I. Interest Payments > Foreign > Assumed Liabilities,million pesos,3892,3892000000,1000000,,,,,"All printed annual aggregates and visible instrument/assumed-liability rows are staged. For domestic NG, instrument-detail rows are all zero in 1986 and sum to zero in 1988 while printed subtotals are 13,845 and 25,710; these source differences are preserved. Other years reconcile, except as qualified by the printed note that breakdowns may not sum due to rounding."
debt-o-p002-y1995-r033,O,2,https://github.com/tordecilla/unprogrammed-appropriations/releases/download/pdfs-debt-pages-v1/annex-o-p002.pdf,1995,historical debt service,Assumed Liabilities,subtotal,interestPayments,foreign,I. Interest Payments > Foreign > Assumed Liabilities,million pesos,5263,5263000000,1000000,,,,,"All printed annual aggregates and visible instrument/assumed-liability rows are staged. For domestic NG, instrument-detail rows are all zero in 1986 and sum to zero in 1988 while printed subtotals are 13,845 and 25,710; these source differences are preserved. Other years reconcile, except as qualified by the printed note that breakdowns may not sum due to rounding."
debt-o-p002-y1996-r033,O,2,https://github.com/tordecilla/unprogrammed-appropriations/releases/download/pdfs-debt-pages-v1/annex-o-p002.pdf,1996,historical debt service,Assumed Liabilities,subtotal,interestPayments,foreign,I. Interest Payments > Foreign > Assumed Liabilities,million pesos,3573,3573000000,1000000,,,,,"All printed annual aggregates and visible instrument/assumed-liability rows are staged. For domestic NG, instrument-detail rows are all zero in 1986 and sum to zero in 1988 while printed subtotals are 13,845 and 25,710; these source differences are preserved. Other years reconcile, except as qualified by the printed note that breakdowns may not sum due to rounding."
debt-o-p002-y1997-r033,O,2,https://github.com/tordecilla/unprogrammed-appropriations/releases/download/pdfs-debt-pages-v1/annex-o-p002.pdf,1997,historical debt service,Assumed Liabilities,subtotal,interestPayments,foreign,I. Interest Payments > Foreign > Assumed Liabilities,million pesos,2307,2307000000,1000000,,,,,"All printed annual aggregates and visible instrument/assumed-liability rows are staged. For domestic NG, instrument-detail rows are all zero in 1986 and sum to zero in 1988 while printed subtotals are 13,845 and 25,710; these source differences are preserved. Other years reconcile, except as qualified by the printed note that breakdowns may not sum due to rounding."
debt-o-p002-y1998-r033,O,2,https://github.com/tordecilla/unprogrammed-appropriations/releases/download/pdfs-debt-pages-v1/annex-o-p002.pdf,1998,historical debt service,Assumed Liabilities,subtotal,interestPayments,foreign,I. Interest Payments > Foreign > Assumed Liabilities,million pesos,1774,1774000000,1000000,,,,,"All printed annual aggregates and visible instrument/assumed-liability rows are staged. For domestic NG, instrument-detail rows are all zero in 1986 and sum to zero in 1988 while printed subtotals are 13,845 and 25,710; these source differences are preserved. Other years reconcile, except as qualified by the printed note that breakdowns may not sum due to rounding."
debt-o-p002-y1999-r033,O,2,https://github.com/tordecilla/unprogrammed-appropriations/releases/download/pdfs-debt-pages-v1/annex-o-p002.pdf,1999,historical debt service,Assumed Liabilities,subtotal,interestPayments,foreign,I. Interest Payments > Foreign > Assumed Liabilities,million pesos,1474,1474000000,1000000,,,,,"All printed annual aggregates and visible instrument/assumed-liability rows are staged. For domestic NG, instrument-detail rows are all zero in 1986 and sum to zero in 1988 while printed subtotals are 13,845 and 25,710; these source differences are preserved. Other years reconcile, except as qualified by the printed note that breakdowns may not sum due to rounding."
debt-o-p002-y2000-r033,O,2,https://github.com/tordecilla/unprogrammed-appropriations/releases/download/pdfs-debt-pages-v1/annex-o-p002.pdf,2000,historical debt service,Assumed Liabilities,subtotal,interestPayments,foreign,I. Interest Payments > Foreign > Assumed Liabilities,million pesos,1321,1321000000,1000000,,,,,"All printed annual aggregates and visible instrument/assumed-liability rows are staged. For domestic NG, instrument-detail rows are all zero in 1986 and sum to zero in 1988 while printed subtotals are 13,845 and 25,710; these source differences are preserved. Other years reconcile, except as qualified by the printed note that breakdowns may not sum due to rounding."
debt-o-p002-y2001-r033,O,2,https://github.com/tordecilla/unprogrammed-appropriations/releases/download/pdfs-debt-pages-v1/annex-o-p002.pdf,2001,historical debt service,Assumed Liabilities,subtotal,interestPayments,foreign,I. Interest Payments > Foreign > Assumed Liabilities,million pesos,1344,1344000000,1000000,,,,,"All printed annual aggregates and visible instrument/assumed-liability rows are staged. For domestic NG, instrument-detail rows are all zero in 1986 and sum to zero in 1988 while printed subtotals are 13,845 and 25,710; these source differences are preserved. Other years reconcile, except as qualified by the printed note that breakdowns may not sum due to rounding."
debt-o-p002-y2002-r033,O,2,https://github.com/tordecilla/unprogrammed-appropriations/releases/download/pdfs-debt-pages-v1/annex-o-p002.pdf,2002,historical debt service,Assumed Liabilities,subtotal,interestPayments,foreign,I. Interest Payments > Foreign > Assumed Liabilities,million pesos,1015,1015000000,1000000,,,,,"All printed annual aggregates and visible instrument/assumed-liability rows are staged. For domestic NG, instrument-detail rows are all zero in 1986 and sum to zero in 1988 while printed subtotals are 13,845 and 25,710; these source differences are preserved. Other years reconcile, except as qualified by the printed note that breakdowns may not sum due to rounding."
debt-o-p002-y2003-r033,O,2,https://github.com/tordecilla/unprogrammed-appropriations/releases/download/pdfs-debt-pages-v1/annex-o-p002.pdf,2003,historical debt service,Assumed Liabilities,subtotal,interestPayments,foreign,I. Interest Payments > Foreign > Assumed Liabilities,million pesos,816,816000000,1000000,,,,,"All printed annual aggregates and visible instrument/assumed-liability rows are staged. For domestic NG, instrument-detail rows are all zero in 1986 and sum to zero in 1988 while printed subtotals are 13,845 and 25,710; these source differences are preserved. Other years reconcile, except as qualified by the printed note that breakdowns may not sum due to rounding."
debt-o-p002-y1986-r034,O,2,https://github.com/tordecilla/unprogrammed-appropriations/releases/download/pdfs-debt-pages-v1/annex-o-p002.pdf,1986,historical debt service,DBP,detail,interestPayments,foreign,I. Interest Payments > Foreign > Assumed Liabilities > DBP,million pesos,0,0,1000000,,,,,"All printed annual aggregates and visible instrument/assumed-liability rows are staged. For domestic NG, instrument-detail rows are all zero in 1986 and sum to zero in 1988 while printed subtotals are 13,845 and 25,710; these source differences are preserved. Other years reconcile, except as qualified by the printed note that breakdowns may not sum due to rounding."
debt-o-p002-y1987-r034,O,2,https://github.com/tordecilla/unprogrammed-appropriations/releases/download/pdfs-debt-pages-v1/annex-o-p002.pdf,1987,historical debt service,DBP,detail,interestPayments,foreign,I. Interest Payments > Foreign > Assumed Liabilities > DBP,million pesos,2922,2922000000,1000000,,,,,"All printed annual aggregates and visible instrument/assumed-liability rows are staged. For domestic NG, instrument-detail rows are all zero in 1986 and sum to zero in 1988 while printed subtotals are 13,845 and 25,710; these source differences are preserved. Other years reconcile, except as qualified by the printed note that breakdowns may not sum due to rounding."
debt-o-p002-y1988-r034,O,2,https://github.com/tordecilla/unprogrammed-appropriations/releases/download/pdfs-debt-pages-v1/annex-o-p002.pdf,1988,historical debt service,DBP,detail,interestPayments,foreign,I. Interest Payments > Foreign > Assumed Liabilities > DBP,million pesos,2565,2565000000,1000000,,,,,"All printed annual aggregates and visible instrument/assumed-liability rows are staged. For domestic NG, instrument-detail rows are all zero in 1986 and sum to zero in 1988 while printed subtotals are 13,845 and 25,710; these source differences are preserved. Other years reconcile, except as qualified by the printed note that breakdowns may not sum due to rounding."
debt-o-p002-y1989-r034,O,2,https://github.com/tordecilla/unprogrammed-appropriations/releases/download/pdfs-debt-pages-v1/annex-o-p002.pdf,1989,historical debt service,DBP,detail,interestPayments,foreign,I. Interest Payments > Foreign > Assumed Liabilities > DBP,million pesos,3040,3040000000,1000000,,,,,"All printed annual aggregates and visible instrument/assumed-liability rows are staged. For domestic NG, instrument-detail rows are all zero in 1986 and sum to zero in 1988 while printed subtotals are 13,845 and 25,710; these source differences are preserved. Other years reconcile, except as qualified by the printed note that breakdowns may not sum due to rounding."
debt-o-p002-y1990-r034,O,2,https://github.com/tordecilla/unprogrammed-appropriations/releases/download/pdfs-debt-pages-v1/annex-o-p002.pdf,1990,historical debt service,DBP,detail,interestPayments,foreign,I. Interest Payments > Foreign > Assumed Liabilities > DBP,million pesos,2994,2994000000,1000000,,,,,"All printed annual aggregates and visible instrument/assumed-liability rows are staged. For domestic NG, instrument-detail rows are all zero in 1986 and sum to zero in 1988 while printed subtotals are 13,845 and 25,710; these source differences are preserved. Other years reconcile, except as qualified by the printed note that breakdowns may not sum due to rounding."
debt-o-p002-y1991-r034,O,2,https://github.com/tordecilla/unprogrammed-appropriations/releases/download/pdfs-debt-pages-v1/annex-o-p002.pdf,1991,historical debt service,DBP,detail,interestPayments,foreign,I. Interest Payments > Foreign > Assumed Liabilities > DBP,million pesos,3074,3074000000,1000000,,,,,"All printed annual aggregates and visible instrument/assumed-liability rows are staged. For domestic NG, instrument-detail rows are all zero in 1986 and sum to zero in 1988 while printed subtotals are 13,845 and 25,710; these source differences are preserved. Other years reconcile, except as qualified by the printed note that breakdowns may not sum due to rounding."
debt-o-p002-y1992-r034,O,2,https://github.com/tordecilla/unprogrammed-appropriations/releases/download/pdfs-debt-pages-v1/annex-o-p002.pdf,1992,historical debt service,DBP,detail,interestPayments,foreign,I. Interest Payments > Foreign > Assumed Liabilities > DBP,million pesos,1751,1751000000,1000000,,,,,"All printed annual aggregates and visible instrument/assumed-liability rows are staged. For domestic NG, instrument-detail rows are all zero in 1986 and sum to zero in 1988 while printed subtotals are 13,845 and 25,710; these source differences are preserved. Other years reconcile, except as qualified by the printed note that breakdowns may not sum due to rounding."
debt-o-p002-y1993-r034,O,2,https://github.com/tordecilla/unprogrammed-appropriations/releases/download/pdfs-debt-pages-v1/annex-o-p002.pdf,1993,historical debt service,DBP,detail,interestPayments,foreign,I. Interest Payments > Foreign > Assumed Liabilities > DBP,million pesos,3087,3087000000,1000000,,,,,"All printed annual aggregates and visible instrument/assumed-liability rows are staged. For domestic NG, instrument-detail rows are all zero in 1986 and sum to zero in 1988 while printed subtotals are 13,845 and 25,710; these source differences are preserved. Other years reconcile, except as qualified by the printed note that breakdowns may not sum due to rounding."
debt-o-p002-y1994-r034,O,2,https://github.com/tordecilla/unprogrammed-appropriations/releases/download/pdfs-debt-pages-v1/annex-o-p002.pdf,1994,historical debt service,DBP,detail,interestPayments,foreign,I. Interest Payments > Foreign > Assumed Liabilities > DBP,million pesos,2101,2101000000,1000000,,,,,"All printed annual aggregates and visible instrument/assumed-liability rows are staged. For domestic NG, instrument-detail rows are all zero in 1986 and sum to zero in 1988 while printed subtotals are 13,845 and 25,710; these source differences are preserved. Other years reconcile, except as qualified by the printed note that breakdowns may not sum due to rounding."
debt-o-p002-y1995-r034,O,2,https://github.com/tordecilla/unprogrammed-appropriations/releases/download/pdfs-debt-pages-v1/annex-o-p002.pdf,1995,historical debt service,DBP,detail,interestPayments,foreign,I. Interest Payments > Foreign > Assumed Liabilities > DBP,million pesos,2794,2794000000,1000000,,,,,"All printed annual aggregates and visible instrument/assumed-liability rows are staged. For domestic NG, instrument-detail rows are all zero in 1986 and sum to zero in 1988 while printed subtotals are 13,845 and 25,710; these source differences are preserved. Other years reconcile, except as qualified by the printed note that breakdowns may not sum due to rounding."
debt-o-p002-y1996-r034,O,2,https://github.com/tordecilla/unprogrammed-appropriations/releases/download/pdfs-debt-pages-v1/annex-o-p002.pdf,1996,historical debt service,DBP,detail,interestPayments,foreign,I. Interest Payments > Foreign > Assumed Liabilities > DBP,million pesos,1595,1595000000,1000000,,,,,"All printed annual aggregates and visible instrument/assumed-liability rows are staged. For domestic NG, instrument-detail rows are all zero in 1986 and sum to zero in 1988 while printed subtotals are 13,845 and 25,710; these source differences are preserved. Other years reconcile, except as qualified by the printed note that breakdowns may not sum due to rounding."
debt-o-p002-y1997-r034,O,2,https://github.com/tordecilla/unprogrammed-appropriations/releases/download/pdfs-debt-pages-v1/annex-o-p002.pdf,1997,historical debt service,DBP,detail,interestPayments,foreign,I. Interest Payments > Foreign > Assumed Liabilities > DBP,million pesos,1035,1035000000,1000000,,,,,"All printed annual aggregates and visible instrument/assumed-liability rows are staged. For domestic NG, instrument-detail rows are all zero in 1986 and sum to zero in 1988 while printed subtotals are 13,845 and 25,710; these source differences are preserved. Other years reconcile, except as qualified by the printed note that breakdowns may not sum due to rounding."
debt-o-p002-y1998-r034,O,2,https://github.com/tordecilla/unprogrammed-appropriations/releases/download/pdfs-debt-pages-v1/annex-o-p002.pdf,1998,historical debt service,DBP,detail,interestPayments,foreign,I. Interest Payments > Foreign > Assumed Liabilities > DBP,million pesos,825,825000000,1000000,,,,,"All printed annual aggregates and visible instrument/assumed-liability rows are staged. For domestic NG, instrument-detail rows are all zero in 1986 and sum to zero in 1988 while printed subtotals are 13,845 and 25,710; these source differences are preserved. Other years reconcile, except as qualified by the printed note that breakdowns may not sum due to rounding."
debt-o-p002-y1999-r034,O,2,https://github.com/tordecilla/unprogrammed-appropriations/releases/download/pdfs-debt-pages-v1/annex-o-p002.pdf,1999,historical debt service,DBP,detail,interestPayments,foreign,I. Interest Payments > Foreign > Assumed Liabilities > DBP,million pesos,673,673000000,1000000,,,,,"All printed annual aggregates and visible instrument/assumed-liability rows are staged. For domestic NG, instrument-detail rows are all zero in 1986 and sum to zero in 1988 while printed subtotals are 13,845 and 25,710; these source differences are preserved. Other years reconcile, except as qualified by the printed note that breakdowns may not sum due to rounding."
debt-o-p002-y2000-r034,O,2,https://github.com/tordecilla/unprogrammed-appropriations/releases/download/pdfs-debt-pages-v1/annex-o-p002.pdf,2000,historical debt service,DBP,detail,interestPayments,foreign,I. Interest Payments > Foreign > Assumed Liabilities > DBP,million pesos,627,627000000,1000000,,,,,"All printed annual aggregates and visible instrument/assumed-liability rows are staged. For domestic NG, instrument-detail rows are all zero in 1986 and sum to zero in 1988 while printed subtotals are 13,845 and 25,710; these source differences are preserved. Other years reconcile, except as qualified by the printed note that breakdowns may not sum due to rounding."
debt-o-p002-y2001-r034,O,2,https://github.com/tordecilla/unprogrammed-appropriations/releases/download/pdfs-debt-pages-v1/annex-o-p002.pdf,2001,historical debt service,DBP,detail,interestPayments,foreign,I. Interest Payments > Foreign > Assumed Liabilities > DBP,million pesos,611,611000000,1000000,,,,,"All printed annual aggregates and visible instrument/assumed-liability rows are staged. For domestic NG, instrument-detail rows are all zero in 1986 and sum to zero in 1988 while printed subtotals are 13,845 and 25,710; these source differences are preserved. Other years reconcile, except as qualified by the printed note that breakdowns may not sum due to rounding."
debt-o-p002-y2002-r034,O,2,https://github.com/tordecilla/unprogrammed-appropriations/releases/download/pdfs-debt-pages-v1/annex-o-p002.pdf,2002,historical debt service,DBP,detail,interestPayments,foreign,I. Interest Payments > Foreign > Assumed Liabilities > DBP,million pesos,428,428000000,1000000,,,,,"All printed annual aggregates and visible instrument/assumed-liability rows are staged. For domestic NG, instrument-detail rows are all zero in 1986 and sum to zero in 1988 while printed subtotals are 13,845 and 25,710; these source differences are preserved. Other years reconcile, except as qualified by the printed note that breakdowns may not sum due to rounding."
debt-o-p002-y2003-r034,O,2,https://github.com/tordecilla/unprogrammed-appropriations/releases/download/pdfs-debt-pages-v1/annex-o-p002.pdf,2003,historical debt service,DBP,detail,interestPayments,foreign,I. Interest Payments > Foreign > Assumed Liabilities > DBP,million pesos,394,394000000,1000000,,,,,"All printed annual aggregates and visible instrument/assumed-liability rows are staged. For domestic NG, instrument-detail rows are all zero in 1986 and sum to zero in 1988 while printed subtotals are 13,845 and 25,710; these source differences are preserved. Other years reconcile, except as qualified by the printed note that breakdowns may not sum due to rounding."
debt-o-p002-y1986-r035,O,2,https://github.com/tordecilla/unprogrammed-appropriations/releases/download/pdfs-debt-pages-v1/annex-o-p002.pdf,1986,historical debt service,PNB,detail,interestPayments,foreign,I. Interest Payments > Foreign > Assumed Liabilities > PNB,million pesos,0,0,1000000,,,,,"All printed annual aggregates and visible instrument/assumed-liability rows are staged. For domestic NG, instrument-detail rows are all zero in 1986 and sum to zero in 1988 while printed subtotals are 13,845 and 25,710; these source differences are preserved. Other years reconcile, except as qualified by the printed note that breakdowns may not sum due to rounding."
debt-o-p002-y1987-r035,O,2,https://github.com/tordecilla/unprogrammed-appropriations/releases/download/pdfs-debt-pages-v1/annex-o-p002.pdf,1987,historical debt service,PNB,detail,interestPayments,foreign,I. Interest Payments > Foreign > Assumed Liabilities > PNB,million pesos,1998,1998000000,1000000,,,,,"All printed annual aggregates and visible instrument/assumed-liability rows are staged. For domestic NG, instrument-detail rows are all zero in 1986 and sum to zero in 1988 while printed subtotals are 13,845 and 25,710; these source differences are preserved. Other years reconcile, except as qualified by the printed note that breakdowns may not sum due to rounding."
debt-o-p002-y1988-r035,O,2,https://github.com/tordecilla/unprogrammed-appropriations/releases/download/pdfs-debt-pages-v1/annex-o-p002.pdf,1988,historical debt service,PNB,detail,interestPayments,foreign,I. Interest Payments > Foreign > Assumed Liabilities > PNB,million pesos,2146,2146000000,1000000,,,,,"All printed annual aggregates and visible instrument/assumed-liability rows are staged. For domestic NG, instrument-detail rows are all zero in 1986 and sum to zero in 1988 while printed subtotals are 13,845 and 25,710; these source differences are preserved. Other years reconcile, except as qualified by the printed note that breakdowns may not sum due to rounding."
debt-o-p002-y1989-r035,O,2,https://github.com/tordecilla/unprogrammed-appropriations/releases/download/pdfs-debt-pages-v1/annex-o-p002.pdf,1989,historical debt service,PNB,detail,interestPayments,foreign,I. Interest Payments > Foreign > Assumed Liabilities > PNB,million pesos,2300,2300000000,1000000,,,,,"All printed annual aggregates and visible instrument/assumed-liability rows are staged. For domestic NG, instrument-detail rows are all zero in 1986 and sum to zero in 1988 while printed subtotals are 13,845 and 25,710; these source differences are preserved. Other years reconcile, except as qualified by the printed note that breakdowns may not sum due to rounding."
debt-o-p002-y1990-r035,O,2,https://github.com/tordecilla/unprogrammed-appropriations/releases/download/pdfs-debt-pages-v1/annex-o-p002.pdf,1990,historical debt service,PNB,detail,interestPayments,foreign,I. Interest Payments > Foreign > Assumed Liabilities > PNB,million pesos,2109,2109000000,1000000,,,,,"All printed annual aggregates and visible instrument/assumed-liability rows are staged. For domestic NG, instrument-detail rows are all zero in 1986 and sum to zero in 1988 while printed subtotals are 13,845 and 25,710; these source differences are preserved. Other years reconcile, except as qualified by the printed note that breakdowns may not sum due to rounding."
debt-o-p002-y1991-r035,O,2,https://github.com/tordecilla/unprogrammed-appropriations/releases/download/pdfs-debt-pages-v1/annex-o-p002.pdf,1991,historical debt service,PNB,detail,interestPayments,foreign,I. Interest Payments > Foreign > Assumed Liabilities > PNB,million pesos,1602,1602000000,1000000,,,,,"All printed annual aggregates and visible instrument/assumed-liability rows are staged. For domestic NG, instrument-detail rows are all zero in 1986 and sum to zero in 1988 while printed subtotals are 13,845 and 25,710; these source differences are preserved. Other years reconcile, except as qualified by the printed note that breakdowns may not sum due to rounding."
debt-o-p002-y1992-r035,O,2,https://github.com/tordecilla/unprogrammed-appropriations/releases/download/pdfs-debt-pages-v1/annex-o-p002.pdf,1992,historical debt service,PNB,detail,interestPayments,foreign,I. Interest Payments > Foreign > Assumed Liabilities > PNB,million pesos,947,947000000,1000000,,,,,"All printed annual aggregates and visible instrument/assumed-liability rows are staged. For domestic NG, instrument-detail rows are all zero in 1986 and sum to zero in 1988 while printed subtotals are 13,845 and 25,710; these source differences are preserved. Other years reconcile, except as qualified by the printed note that breakdowns may not sum due to rounding."
debt-o-p002-y1993-r035,O,2,https://github.com/tordecilla/unprogrammed-appropriations/releases/download/pdfs-debt-pages-v1/annex-o-p002.pdf,1993,historical debt service,PNB,detail,interestPayments,foreign,I. Interest Payments > Foreign > Assumed Liabilities > PNB,million pesos,955,955000000,1000000,,,,,"All printed annual aggregates and visible instrument/assumed-liability rows are staged. For domestic NG, instrument-detail rows are all zero in 1986 and sum to zero in 1988 while printed subtotals are 13,845 and 25,710; these source differences are preserved. Other years reconcile, except as qualified by the printed note that breakdowns may not sum due to rounding."
debt-o-p002-y1994-r035,O,2,https://github.com/tordecilla/unprogrammed-appropriations/releases/download/pdfs-debt-pages-v1/annex-o-p002.pdf,1994,historical debt service,PNB,detail,interestPayments,foreign,I. Interest Payments > Foreign > Assumed Liabilities > PNB,million pesos,609,609000000,1000000,,,,,"All printed annual aggregates and visible instrument/assumed-liability rows are staged. For domestic NG, instrument-detail rows are all zero in 1986 and sum to zero in 1988 while printed subtotals are 13,845 and 25,710; these source differences are preserved. Other years reconcile, except as qualified by the printed note that breakdowns may not sum due to rounding."
debt-o-p002-y1995-r035,O,2,https://github.com/tordecilla/unprogrammed-appropriations/releases/download/pdfs-debt-pages-v1/annex-o-p002.pdf,1995,historical debt service,PNB,detail,interestPayments,foreign,I. Interest Payments > Foreign > Assumed Liabilities > PNB,million pesos,873,873000000,1000000,,,,,"All printed annual aggregates and visible instrument/assumed-liability rows are staged. For domestic NG, instrument-detail rows are all zero in 1986 and sum to zero in 1988 while printed subtotals are 13,845 and 25,710; these source differences are preserved. Other years reconcile, except as qualified by the printed note that breakdowns may not sum due to rounding."
debt-o-p002-y1996-r035,O,2,https://github.com/tordecilla/unprogrammed-appropriations/releases/download/pdfs-debt-pages-v1/annex-o-p002.pdf,1996,historical debt service,PNB,detail,interestPayments,foreign,I. Interest Payments > Foreign > Assumed Liabilities > PNB,million pesos,468,468000000,1000000,,,,,"All printed annual aggregates and visible instrument/assumed-liability rows are staged. For domestic NG, instrument-detail rows are all zero in 1986 and sum to zero in 1988 while printed subtotals are 13,845 and 25,710; these source differences are preserved. Other years reconcile, except as qualified by the printed note that breakdowns may not sum due to rounding."
debt-o-p002-y1997-r035,O,2,https://github.com/tordecilla/unprogrammed-appropriations/releases/download/pdfs-debt-pages-v1/annex-o-p002.pdf,1997,historical debt service,PNB,detail,interestPayments,foreign,I. Interest Payments > Foreign > Assumed Liabilities > PNB,million pesos,241,241000000,1000000,,,,,"All printed annual aggregates and visible instrument/assumed-liability rows are staged. For domestic NG, instrument-detail rows are all zero in 1986 and sum to zero in 1988 while printed subtotals are 13,845 and 25,710; these source differences are preserved. Other years reconcile, except as qualified by the printed note that breakdowns may not sum due to rounding."
debt-o-p002-y1998-r035,O,2,https://github.com/tordecilla/unprogrammed-appropriations/releases/download/pdfs-debt-pages-v1/annex-o-p002.pdf,1998,historical debt service,PNB,detail,interestPayments,foreign,I. Interest Payments > Foreign > Assumed Liabilities > PNB,million pesos,160,160000000,1000000,,,,,"All printed annual aggregates and visible instrument/assumed-liability rows are staged. For domestic NG, instrument-detail rows are all zero in 1986 and sum to zero in 1988 while printed subtotals are 13,845 and 25,710; these source differences are preserved. Other years reconcile, except as qualified by the printed note that breakdowns may not sum due to rounding."
debt-o-p002-y1999-r035,O,2,https://github.com/tordecilla/unprogrammed-appropriations/releases/download/pdfs-debt-pages-v1/annex-o-p002.pdf,1999,historical debt service,PNB,detail,interestPayments,foreign,I. Interest Payments > Foreign > Assumed Liabilities > PNB,million pesos,95,95000000,1000000,,,,,"All printed annual aggregates and visible instrument/assumed-liability rows are staged. For domestic NG, instrument-detail rows are all zero in 1986 and sum to zero in 1988 while printed subtotals are 13,845 and 25,710; these source differences are preserved. Other years reconcile, except as qualified by the printed note that breakdowns may not sum due to rounding."
debt-o-p002-y2000-r035,O,2,https://github.com/tordecilla/unprogrammed-appropriations/releases/download/pdfs-debt-pages-v1/annex-o-p002.pdf,2000,historical debt service,PNB,detail,interestPayments,foreign,I. Interest Payments > Foreign > Assumed Liabilities > PNB,million pesos,100,100000000,1000000,,,,,"All printed annual aggregates and visible instrument/assumed-liability rows are staged. For domestic NG, instrument-detail rows are all zero in 1986 and sum to zero in 1988 while printed subtotals are 13,845 and 25,710; these source differences are preserved. Other years reconcile, except as qualified by the printed note that breakdowns may not sum due to rounding."
debt-o-p002-y2001-r035,O,2,https://github.com/tordecilla/unprogrammed-appropriations/releases/download/pdfs-debt-pages-v1/annex-o-p002.pdf,2001,historical debt service,PNB,detail,interestPayments,foreign,I. Interest Payments > Foreign > Assumed Liabilities > PNB,million pesos,91,91000000,1000000,,,,,"All printed annual aggregates and visible instrument/assumed-liability rows are staged. For domestic NG, instrument-detail rows are all zero in 1986 and sum to zero in 1988 while printed subtotals are 13,845 and 25,710; these source differences are preserved. Other years reconcile, except as qualified by the printed note that breakdowns may not sum due to rounding."
debt-o-p002-y2002-r035,O,2,https://github.com/tordecilla/unprogrammed-appropriations/releases/download/pdfs-debt-pages-v1/annex-o-p002.pdf,2002,historical debt service,PNB,detail,interestPayments,foreign,I. Interest Payments > Foreign > Assumed Liabilities > PNB,million pesos,49,49000000,1000000,,,,,"All printed annual aggregates and visible instrument/assumed-liability rows are staged. For domestic NG, instrument-detail rows are all zero in 1986 and sum to zero in 1988 while printed subtotals are 13,845 and 25,710; these source differences are preserved. Other years reconcile, except as qualified by the printed note that breakdowns may not sum due to rounding."
debt-o-p002-y2003-r035,O,2,https://github.com/tordecilla/unprogrammed-appropriations/releases/download/pdfs-debt-pages-v1/annex-o-p002.pdf,2003,historical debt service,PNB,detail,interestPayments,foreign,I. Interest Payments > Foreign > Assumed Liabilities > PNB,million pesos,48,48000000,1000000,,,,,"All printed annual aggregates and visible instrument/assumed-liability rows are staged. For domestic NG, instrument-detail rows are all zero in 1986 and sum to zero in 1988 while printed subtotals are 13,845 and 25,710; these source differences are preserved. Other years reconcile, except as qualified by the printed note that breakdowns may not sum due to rounding."
debt-o-p002-y1986-r036,O,2,https://github.com/tordecilla/unprogrammed-appropriations/releases/download/pdfs-debt-pages-v1/annex-o-p002.pdf,1986,historical debt service,PNR,detail,interestPayments,foreign,I. Interest Payments > Foreign > Assumed Liabilities > PNR,million pesos,0,0,1000000,,,,,"All printed annual aggregates and visible instrument/assumed-liability rows are staged. For domestic NG, instrument-detail rows are all zero in 1986 and sum to zero in 1988 while printed subtotals are 13,845 and 25,710; these source differences are preserved. Other years reconcile, except as qualified by the printed note that breakdowns may not sum due to rounding."
debt-o-p002-y1987-r036,O,2,https://github.com/tordecilla/unprogrammed-appropriations/releases/download/pdfs-debt-pages-v1/annex-o-p002.pdf,1987,historical debt service,PNR,detail,interestPayments,foreign,I. Interest Payments > Foreign > Assumed Liabilities > PNR,million pesos,0,0,1000000,,,,,"All printed annual aggregates and visible instrument/assumed-liability rows are staged. For domestic NG, instrument-detail rows are all zero in 1986 and sum to zero in 1988 while printed subtotals are 13,845 and 25,710; these source differences are preserved. Other years reconcile, except as qualified by the printed note that breakdowns may not sum due to rounding."
debt-o-p002-y1988-r036,O,2,https://github.com/tordecilla/unprogrammed-appropriations/releases/download/pdfs-debt-pages-v1/annex-o-p002.pdf,1988,historical debt service,PNR,detail,interestPayments,foreign,I. Interest Payments > Foreign > Assumed Liabilities > PNR,million pesos,0,0,1000000,,,,,"All printed annual aggregates and visible instrument/assumed-liability rows are staged. For domestic NG, instrument-detail rows are all zero in 1986 and sum to zero in 1988 while printed subtotals are 13,845 and 25,710; these source differences are preserved. Other years reconcile, except as qualified by the printed note that breakdowns may not sum due to rounding."
debt-o-p002-y1989-r036,O,2,https://github.com/tordecilla/unprogrammed-appropriations/releases/download/pdfs-debt-pages-v1/annex-o-p002.pdf,1989,historical debt service,PNR,detail,interestPayments,foreign,I. Interest Payments > Foreign > Assumed Liabilities > PNR,million pesos,0,0,1000000,,,,,"All printed annual aggregates and visible instrument/assumed-liability rows are staged. For domestic NG, instrument-detail rows are all zero in 1986 and sum to zero in 1988 while printed subtotals are 13,845 and 25,710; these source differences are preserved. Other years reconcile, except as qualified by the printed note that breakdowns may not sum due to rounding."
debt-o-p002-y1990-r036,O,2,https://github.com/tordecilla/unprogrammed-appropriations/releases/download/pdfs-debt-pages-v1/annex-o-p002.pdf,1990,historical debt service,PNR,detail,interestPayments,foreign,I. Interest Payments > Foreign > Assumed Liabilities > PNR,million pesos,0,0,1000000,,,,,"All printed annual aggregates and visible instrument/assumed-liability rows are staged. For domestic NG, instrument-detail rows are all zero in 1986 and sum to zero in 1988 while printed subtotals are 13,845 and 25,710; these source differences are preserved. Other years reconcile, except as qualified by the printed note that breakdowns may not sum due to rounding."
debt-o-p002-y1991-r036,O,2,https://github.com/tordecilla/unprogrammed-appropriations/releases/download/pdfs-debt-pages-v1/annex-o-p002.pdf,1991,historical debt service,PNR,detail,interestPayments,foreign,I. Interest Payments > Foreign > Assumed Liabilities > PNR,million pesos,0,0,1000000,,,,,"All printed annual aggregates and visible instrument/assumed-liability rows are staged. For domestic NG, instrument-detail rows are all zero in 1986 and sum to zero in 1988 while printed subtotals are 13,845 and 25,710; these source differences are preserved. Other years reconcile, except as qualified by the printed note that breakdowns may not sum due to rounding."
debt-o-p002-y1992-r036,O,2,https://github.com/tordecilla/unprogrammed-appropriations/releases/download/pdfs-debt-pages-v1/annex-o-p002.pdf,1992,historical debt service,PNR,detail,interestPayments,foreign,I. Interest Payments > Foreign > Assumed Liabilities > PNR,million pesos,0,0,1000000,,,,,"All printed annual aggregates and visible instrument/assumed-liability rows are staged. For domestic NG, instrument-detail rows are all zero in 1986 and sum to zero in 1988 while printed subtotals are 13,845 and 25,710; these source differences are preserved. Other years reconcile, except as qualified by the printed note that breakdowns may not sum due to rounding."
debt-o-p002-y1993-r036,O,2,https://github.com/tordecilla/unprogrammed-appropriations/releases/download/pdfs-debt-pages-v1/annex-o-p002.pdf,1993,historical debt service,PNR,detail,interestPayments,foreign,I. Interest Payments > Foreign > Assumed Liabilities > PNR,million pesos,0,0,1000000,,,,,"All printed annual aggregates and visible instrument/assumed-liability rows are staged. For domestic NG, instrument-detail rows are all zero in 1986 and sum to zero in 1988 while printed subtotals are 13,845 and 25,710; these source differences are preserved. Other years reconcile, except as qualified by the printed note that breakdowns may not sum due to rounding."
debt-o-p002-y1994-r036,O,2,https://github.com/tordecilla/unprogrammed-appropriations/releases/download/pdfs-debt-pages-v1/annex-o-p002.pdf,1994,historical debt service,PNR,detail,interestPayments,foreign,I. Interest Payments > Foreign > Assumed Liabilities > PNR,million pesos,0,0,1000000,,,,,"All printed annual aggregates and visible instrument/assumed-liability rows are staged. For domestic NG, instrument-detail rows are all zero in 1986 and sum to zero in 1988 while printed subtotals are 13,845 and 25,710; these source differences are preserved. Other years reconcile, except as qualified by the printed note that breakdowns may not sum due to rounding."
debt-o-p002-y1995-r036,O,2,https://github.com/tordecilla/unprogrammed-appropriations/releases/download/pdfs-debt-pages-v1/annex-o-p002.pdf,1995,historical debt service,PNR,detail,interestPayments,foreign,I. Interest Payments > Foreign > Assumed Liabilities > PNR,million pesos,0,0,1000000,,,,,"All printed annual aggregates and visible instrument/assumed-liability rows are staged. For domestic NG, instrument-detail rows are all zero in 1986 and sum to zero in 1988 while printed subtotals are 13,845 and 25,710; these source differences are preserved. Other years reconcile, except as qualified by the printed note that breakdowns may not sum due to rounding."
debt-o-p002-y1996-r036,O,2,https://github.com/tordecilla/unprogrammed-appropriations/releases/download/pdfs-debt-pages-v1/annex-o-p002.pdf,1996,historical debt service,PNR,detail,interestPayments,foreign,I. Interest Payments > Foreign > Assumed Liabilities > PNR,million pesos,0,0,1000000,,,,,"All printed annual aggregates and visible instrument/assumed-liability rows are staged. For domestic NG, instrument-detail rows are all zero in 1986 and sum to zero in 1988 while printed subtotals are 13,845 and 25,710; these source differences are preserved. Other years reconcile, except as qualified by the printed note that breakdowns may not sum due to rounding."
debt-o-p002-y1997-r036,O,2,https://github.com/tordecilla/unprogrammed-appropriations/releases/download/pdfs-debt-pages-v1/annex-o-p002.pdf,1997,historical debt service,PNR,detail,interestPayments,foreign,I. Interest Payments > Foreign > Assumed Liabilities > PNR,million pesos,0,0,1000000,,,,,"All printed annual aggregates and visible instrument/assumed-liability rows are staged. For domestic NG, instrument-detail rows are all zero in 1986 and sum to zero in 1988 while printed subtotals are 13,845 and 25,710; these source differences are preserved. Other years reconcile, except as qualified by the printed note that breakdowns may not sum due to rounding."
debt-o-p002-y1998-r036,O,2,https://github.com/tordecilla/unprogrammed-appropriations/releases/download/pdfs-debt-pages-v1/annex-o-p002.pdf,1998,historical debt service,PNR,detail,interestPayments,foreign,I. Interest Payments > Foreign > Assumed Liabilities > PNR,million pesos,0,0,1000000,,,,,"All printed annual aggregates and visible instrument/assumed-liability rows are staged. For domestic NG, instrument-detail rows are all zero in 1986 and sum to zero in 1988 while printed subtotals are 13,845 and 25,710; these source differences are preserved. Other years reconcile, except as qualified by the printed note that breakdowns may not sum due to rounding."
debt-o-p002-y1999-r036,O,2,https://github.com/tordecilla/unprogrammed-appropriations/releases/download/pdfs-debt-pages-v1/annex-o-p002.pdf,1999,historical debt service,PNR,detail,interestPayments,foreign,I. Interest Payments > Foreign > Assumed Liabilities > PNR,million pesos,0,0,1000000,,,,,"All printed annual aggregates and visible instrument/assumed-liability rows are staged. For domestic NG, instrument-detail rows are all zero in 1986 and sum to zero in 1988 while printed subtotals are 13,845 and 25,710; these source differences are preserved. Other years reconcile, except as qualified by the printed note that breakdowns may not sum due to rounding."
debt-o-p002-y2000-r036,O,2,https://github.com/tordecilla/unprogrammed-appropriations/releases/download/pdfs-debt-pages-v1/annex-o-p002.pdf,2000,historical debt service,PNR,detail,interestPayments,foreign,I. Interest Payments > Foreign > Assumed Liabilities > PNR,million pesos,0,0,1000000,,,,,"All printed annual aggregates and visible instrument/assumed-liability rows are staged. For domestic NG, instrument-detail rows are all zero in 1986 and sum to zero in 1988 while printed subtotals are 13,845 and 25,710; these source differences are preserved. Other years reconcile, except as qualified by the printed note that breakdowns may not sum due to rounding."
debt-o-p002-y2001-r036,O,2,https://github.com/tordecilla/unprogrammed-appropriations/releases/download/pdfs-debt-pages-v1/annex-o-p002.pdf,2001,historical debt service,PNR,detail,interestPayments,foreign,I. Interest Payments > Foreign > Assumed Liabilities > PNR,million pesos,0,0,1000000,,,,,"All printed annual aggregates and visible instrument/assumed-liability rows are staged. For domestic NG, instrument-detail rows are all zero in 1986 and sum to zero in 1988 while printed subtotals are 13,845 and 25,710; these source differences are preserved. Other years reconcile, except as qualified by the printed note that breakdowns may not sum due to rounding."
debt-o-p002-y2002-r036,O,2,https://github.com/tordecilla/unprogrammed-appropriations/releases/download/pdfs-debt-pages-v1/annex-o-p002.pdf,2002,historical debt service,PNR,detail,interestPayments,foreign,I. Interest Payments > Foreign > Assumed Liabilities > PNR,million pesos,0,0,1000000,,,,,"All printed annual aggregates and visible instrument/assumed-liability rows are staged. For domestic NG, instrument-detail rows are all zero in 1986 and sum to zero in 1988 while printed subtotals are 13,845 and 25,710; these source differences are preserved. Other years reconcile, except as qualified by the printed note that breakdowns may not sum due to rounding."
debt-o-p002-y2003-r036,O,2,https://github.com/tordecilla/unprogrammed-appropriations/releases/download/pdfs-debt-pages-v1/annex-o-p002.pdf,2003,historical debt service,PNR,detail,interestPayments,foreign,I. Interest Payments > Foreign > Assumed Liabilities > PNR,million pesos,0,0,1000000,,,,,"All printed annual aggregates and visible instrument/assumed-liability rows are staged. For domestic NG, instrument-detail rows are all zero in 1986 and sum to zero in 1988 while printed subtotals are 13,845 and 25,710; these source differences are preserved. Other years reconcile, except as qualified by the printed note that breakdowns may not sum due to rounding."
debt-o-p002-y1986-r037,O,2,https://github.com/tordecilla/unprogrammed-appropriations/releases/download/pdfs-debt-pages-v1/annex-o-p002.pdf,1986,historical debt service,NPC-PNPP,detail,interestPayments,foreign,I. Interest Payments > Foreign > Assumed Liabilities > NPC-PNPP,million pesos,0,0,1000000,,,,,"All printed annual aggregates and visible instrument/assumed-liability rows are staged. For domestic NG, instrument-detail rows are all zero in 1986 and sum to zero in 1988 while printed subtotals are 13,845 and 25,710; these source differences are preserved. Other years reconcile, except as qualified by the printed note that breakdowns may not sum due to rounding."
debt-o-p002-y1987-r037,O,2,https://github.com/tordecilla/unprogrammed-appropriations/releases/download/pdfs-debt-pages-v1/annex-o-p002.pdf,1987,historical debt service,NPC-PNPP,detail,interestPayments,foreign,I. Interest Payments > Foreign > Assumed Liabilities > NPC-PNPP,million pesos,1706,1706000000,1000000,,,,,"All printed annual aggregates and visible instrument/assumed-liability rows are staged. For domestic NG, instrument-detail rows are all zero in 1986 and sum to zero in 1988 while printed subtotals are 13,845 and 25,710; these source differences are preserved. Other years reconcile, except as qualified by the printed note that breakdowns may not sum due to rounding."
debt-o-p002-y1988-r037,O,2,https://github.com/tordecilla/unprogrammed-appropriations/releases/download/pdfs-debt-pages-v1/annex-o-p002.pdf,1988,historical debt service,NPC-PNPP,detail,interestPayments,foreign,I. Interest Payments > Foreign > Assumed Liabilities > NPC-PNPP,million pesos,1700,1700000000,1000000,,,,,"All printed annual aggregates and visible instrument/assumed-liability rows are staged. For domestic NG, instrument-detail rows are all zero in 1986 and sum to zero in 1988 while printed subtotals are 13,845 and 25,710; these source differences are preserved. Other years reconcile, except as qualified by the printed note that breakdowns may not sum due to rounding."
debt-o-p002-y1989-r037,O,2,https://github.com/tordecilla/unprogrammed-appropriations/releases/download/pdfs-debt-pages-v1/annex-o-p002.pdf,1989,historical debt service,NPC-PNPP,detail,interestPayments,foreign,I. Interest Payments > Foreign > Assumed Liabilities > NPC-PNPP,million pesos,1507,1507000000,1000000,,,,,"All printed annual aggregates and visible instrument/assumed-liability rows are staged. For domestic NG, instrument-detail rows are all zero in 1986 and sum to zero in 1988 while printed subtotals are 13,845 and 25,710; these source differences are preserved. Other years reconcile, except as qualified by the printed note that breakdowns may not sum due to rounding."
debt-o-p002-y1990-r037,O,2,https://github.com/tordecilla/unprogrammed-appropriations/releases/download/pdfs-debt-pages-v1/annex-o-p002.pdf,1990,historical debt service,NPC-PNPP,detail,interestPayments,foreign,I. Interest Payments > Foreign > Assumed Liabilities > NPC-PNPP,million pesos,1915,1915000000,1000000,,,,,"All printed annual aggregates and visible instrument/assumed-liability rows are staged. For domestic NG, instrument-detail rows are all zero in 1986 and sum to zero in 1988 while printed subtotals are 13,845 and 25,710; these source differences are preserved. Other years reconcile, except as qualified by the printed note that breakdowns may not sum due to rounding."
debt-o-p002-y1991-r037,O,2,https://github.com/tordecilla/unprogrammed-appropriations/releases/download/pdfs-debt-pages-v1/annex-o-p002.pdf,1991,historical debt service,NPC-PNPP,detail,interestPayments,foreign,I. Interest Payments > Foreign > Assumed Liabilities > NPC-PNPP,million pesos,1682,1682000000,1000000,,,,,"All printed annual aggregates and visible instrument/assumed-liability rows are staged. For domestic NG, instrument-detail rows are all zero in 1986 and sum to zero in 1988 while printed subtotals are 13,845 and 25,710; these source differences are preserved. Other years reconcile, except as qualified by the printed note that breakdowns may not sum due to rounding."
debt-o-p002-y1992-r037,O,2,https://github.com/tordecilla/unprogrammed-appropriations/releases/download/pdfs-debt-pages-v1/annex-o-p002.pdf,1992,historical debt service,NPC-PNPP,detail,interestPayments,foreign,I. Interest Payments > Foreign > Assumed Liabilities > NPC-PNPP,million pesos,1096,1096000000,1000000,,,,,"All printed annual aggregates and visible instrument/assumed-liability rows are staged. For domestic NG, instrument-detail rows are all zero in 1986 and sum to zero in 1988 while printed subtotals are 13,845 and 25,710; these source differences are preserved. Other years reconcile, except as qualified by the printed note that breakdowns may not sum due to rounding."
debt-o-p002-y1993-r037,O,2,https://github.com/tordecilla/unprogrammed-appropriations/releases/download/pdfs-debt-pages-v1/annex-o-p002.pdf,1993,historical debt service,NPC-PNPP,detail,interestPayments,foreign,I. Interest Payments > Foreign > Assumed Liabilities > NPC-PNPP,million pesos,1386,1386000000,1000000,,,,,"All printed annual aggregates and visible instrument/assumed-liability rows are staged. For domestic NG, instrument-detail rows are all zero in 1986 and sum to zero in 1988 while printed subtotals are 13,845 and 25,710; these source differences are preserved. Other years reconcile, except as qualified by the printed note that breakdowns may not sum due to rounding."
debt-o-p002-y1994-r037,O,2,https://github.com/tordecilla/unprogrammed-appropriations/releases/download/pdfs-debt-pages-v1/annex-o-p002.pdf,1994,historical debt service,NPC-PNPP,detail,interestPayments,foreign,I. Interest Payments > Foreign > Assumed Liabilities > NPC-PNPP,million pesos,842,842000000,1000000,,,,,"All printed annual aggregates and visible instrument/assumed-liability rows are staged. For domestic NG, instrument-detail rows are all zero in 1986 and sum to zero in 1988 while printed subtotals are 13,845 and 25,710; these source differences are preserved. Other years reconcile, except as qualified by the printed note that breakdowns may not sum due to rounding."
debt-o-p002-y1995-r037,O,2,https://github.com/tordecilla/unprogrammed-appropriations/releases/download/pdfs-debt-pages-v1/annex-o-p002.pdf,1995,historical debt service,NPC-PNPP,detail,interestPayments,foreign,I. Interest Payments > Foreign > Assumed Liabilities > NPC-PNPP,million pesos,1113,1113000000,1000000,,,,,"All printed annual aggregates and visible instrument/assumed-liability rows are staged. For domestic NG, instrument-detail rows are all zero in 1986 and sum to zero in 1988 while printed subtotals are 13,845 and 25,710; these source differences are preserved. Other years reconcile, except as qualified by the printed note that breakdowns may not sum due to rounding."
debt-o-p002-y1996-r037,O,2,https://github.com/tordecilla/unprogrammed-appropriations/releases/download/pdfs-debt-pages-v1/annex-o-p002.pdf,1996,historical debt service,NPC-PNPP,detail,interestPayments,foreign,I. Interest Payments > Foreign > Assumed Liabilities > NPC-PNPP,million pesos,1107,1107000000,1000000,,,,,"All printed annual aggregates and visible instrument/assumed-liability rows are staged. For domestic NG, instrument-detail rows are all zero in 1986 and sum to zero in 1988 while printed subtotals are 13,845 and 25,710; these source differences are preserved. Other years reconcile, except as qualified by the printed note that breakdowns may not sum due to rounding."
debt-o-p002-y1997-r037,O,2,https://github.com/tordecilla/unprogrammed-appropriations/releases/download/pdfs-debt-pages-v1/annex-o-p002.pdf,1997,historical debt service,NPC-PNPP,detail,interestPayments,foreign,I. Interest Payments > Foreign > Assumed Liabilities > NPC-PNPP,million pesos,792,792000000,1000000,,,,,"All printed annual aggregates and visible instrument/assumed-liability rows are staged. For domestic NG, instrument-detail rows are all zero in 1986 and sum to zero in 1988 while printed subtotals are 13,845 and 25,710; these source differences are preserved. Other years reconcile, except as qualified by the printed note that breakdowns may not sum due to rounding."
debt-o-p002-y1998-r037,O,2,https://github.com/tordecilla/unprogrammed-appropriations/releases/download/pdfs-debt-pages-v1/annex-o-p002.pdf,1998,historical debt service,NPC-PNPP,detail,interestPayments,foreign,I. Interest Payments > Foreign > Assumed Liabilities > NPC-PNPP,million pesos,667,667000000,1000000,,,,,"All printed annual aggregates and visible instrument/assumed-liability rows are staged. For domestic NG, instrument-detail rows are all zero in 1986 and sum to zero in 1988 while printed subtotals are 13,845 and 25,710; these source differences are preserved. Other years reconcile, except as qualified by the printed note that breakdowns may not sum due to rounding."
debt-o-p002-y1999-r037,O,2,https://github.com/tordecilla/unprogrammed-appropriations/releases/download/pdfs-debt-pages-v1/annex-o-p002.pdf,1999,historical debt service,NPC-PNPP,detail,interestPayments,foreign,I. Interest Payments > Foreign > Assumed Liabilities > NPC-PNPP,million pesos,608,608000000,1000000,,,,,"All printed annual aggregates and visible instrument/assumed-liability rows are staged. For domestic NG, instrument-detail rows are all zero in 1986 and sum to zero in 1988 while printed subtotals are 13,845 and 25,710; these source differences are preserved. Other years reconcile, except as qualified by the printed note that breakdowns may not sum due to rounding."
debt-o-p002-y2000-r037,O,2,https://github.com/tordecilla/unprogrammed-appropriations/releases/download/pdfs-debt-pages-v1/annex-o-p002.pdf,2000,historical debt service,NPC-PNPP,detail,interestPayments,foreign,I. Interest Payments > Foreign > Assumed Liabilities > NPC-PNPP,million pesos,536,536000000,1000000,,,,,"All printed annual aggregates and visible instrument/assumed-liability rows are staged. For domestic NG, instrument-detail rows are all zero in 1986 and sum to zero in 1988 while printed subtotals are 13,845 and 25,710; these source differences are preserved. Other years reconcile, except as qualified by the printed note that breakdowns may not sum due to rounding."
debt-o-p002-y2001-r037,O,2,https://github.com/tordecilla/unprogrammed-appropriations/releases/download/pdfs-debt-pages-v1/annex-o-p002.pdf,2001,historical debt service,NPC-PNPP,detail,interestPayments,foreign,I. Interest Payments > Foreign > Assumed Liabilities > NPC-PNPP,million pesos,592,592000000,1000000,,,,,"All printed annual aggregates and visible instrument/assumed-liability rows are staged. For domestic NG, instrument-detail rows are all zero in 1986 and sum to zero in 1988 while printed subtotals are 13,845 and 25,710; these source differences are preserved. Other years reconcile, except as qualified by the printed note that breakdowns may not sum due to rounding."
debt-o-p002-y2002-r037,O,2,https://github.com/tordecilla/unprogrammed-appropriations/releases/download/pdfs-debt-pages-v1/annex-o-p002.pdf,2002,historical debt service,NPC-PNPP,detail,interestPayments,foreign,I. Interest Payments > Foreign > Assumed Liabilities > NPC-PNPP,million pesos,499,499000000,1000000,,,,,"All printed annual aggregates and visible instrument/assumed-liability rows are staged. For domestic NG, instrument-detail rows are all zero in 1986 and sum to zero in 1988 while printed subtotals are 13,845 and 25,710; these source differences are preserved. Other years reconcile, except as qualified by the printed note that breakdowns may not sum due to rounding."
debt-o-p002-y2003-r037,O,2,https://github.com/tordecilla/unprogrammed-appropriations/releases/download/pdfs-debt-pages-v1/annex-o-p002.pdf,2003,historical debt service,NPC-PNPP,detail,interestPayments,foreign,I. Interest Payments > Foreign > Assumed Liabilities > NPC-PNPP,million pesos,294,294000000,1000000,,,,,"All printed annual aggregates and visible instrument/assumed-liability rows are staged. For domestic NG, instrument-detail rows are all zero in 1986 and sum to zero in 1988 while printed subtotals are 13,845 and 25,710; these source differences are preserved. Other years reconcile, except as qualified by the printed note that breakdowns may not sum due to rounding."
debt-o-p002-y1986-r038,O,2,https://github.com/tordecilla/unprogrammed-appropriations/releases/download/pdfs-debt-pages-v1/annex-o-p002.pdf,1986,historical debt service,NDC,detail,interestPayments,foreign,I. Interest Payments > Foreign > Assumed Liabilities > NDC,million pesos,0,0,1000000,,,,,"All printed annual aggregates and visible instrument/assumed-liability rows are staged. For domestic NG, instrument-detail rows are all zero in 1986 and sum to zero in 1988 while printed subtotals are 13,845 and 25,710; these source differences are preserved. Other years reconcile, except as qualified by the printed note that breakdowns may not sum due to rounding."
debt-o-p002-y1987-r038,O,2,https://github.com/tordecilla/unprogrammed-appropriations/releases/download/pdfs-debt-pages-v1/annex-o-p002.pdf,1987,historical debt service,NDC,detail,interestPayments,foreign,I. Interest Payments > Foreign > Assumed Liabilities > NDC,million pesos,0,0,1000000,,,,,"All printed annual aggregates and visible instrument/assumed-liability rows are staged. For domestic NG, instrument-detail rows are all zero in 1986 and sum to zero in 1988 while printed subtotals are 13,845 and 25,710; these source differences are preserved. Other years reconcile, except as qualified by the printed note that breakdowns may not sum due to rounding."
debt-o-p002-y1988-r038,O,2,https://github.com/tordecilla/unprogrammed-appropriations/releases/download/pdfs-debt-pages-v1/annex-o-p002.pdf,1988,historical debt service,NDC,detail,interestPayments,foreign,I. Interest Payments > Foreign > Assumed Liabilities > NDC,million pesos,20,20000000,1000000,,,,,"All printed annual aggregates and visible instrument/assumed-liability rows are staged. For domestic NG, instrument-detail rows are all zero in 1986 and sum to zero in 1988 while printed subtotals are 13,845 and 25,710; these source differences are preserved. Other years reconcile, except as qualified by the printed note that breakdowns may not sum due to rounding."
debt-o-p002-y1989-r038,O,2,https://github.com/tordecilla/unprogrammed-appropriations/releases/download/pdfs-debt-pages-v1/annex-o-p002.pdf,1989,historical debt service,NDC,detail,interestPayments,foreign,I. Interest Payments > Foreign > Assumed Liabilities > NDC,million pesos,10,10000000,1000000,,,,,"All printed annual aggregates and visible instrument/assumed-liability rows are staged. For domestic NG, instrument-detail rows are all zero in 1986 and sum to zero in 1988 while printed subtotals are 13,845 and 25,710; these source differences are preserved. Other years reconcile, except as qualified by the printed note that breakdowns may not sum due to rounding."
debt-o-p002-y1990-r038,O,2,https://github.com/tordecilla/unprogrammed-appropriations/releases/download/pdfs-debt-pages-v1/annex-o-p002.pdf,1990,historical debt service,NDC,detail,interestPayments,foreign,I. Interest Payments > Foreign > Assumed Liabilities > NDC,million pesos,6,6000000,1000000,,,,,"All printed annual aggregates and visible instrument/assumed-liability rows are staged. For domestic NG, instrument-detail rows are all zero in 1986 and sum to zero in 1988 while printed subtotals are 13,845 and 25,710; these source differences are preserved. Other years reconcile, except as qualified by the printed note that breakdowns may not sum due to rounding."
debt-o-p002-y1991-r038,O,2,https://github.com/tordecilla/unprogrammed-appropriations/releases/download/pdfs-debt-pages-v1/annex-o-p002.pdf,1991,historical debt service,NDC,detail,interestPayments,foreign,I. Interest Payments > Foreign > Assumed Liabilities > NDC,million pesos,81,81000000,1000000,,,,,"All printed annual aggregates and visible instrument/assumed-liability rows are staged. For domestic NG, instrument-detail rows are all zero in 1986 and sum to zero in 1988 while printed subtotals are 13,845 and 25,710; these source differences are preserved. Other years reconcile, except as qualified by the printed note that breakdowns may not sum due to rounding."
debt-o-p002-y1992-r038,O,2,https://github.com/tordecilla/unprogrammed-appropriations/releases/download/pdfs-debt-pages-v1/annex-o-p002.pdf,1992,historical debt service,NDC,detail,interestPayments,foreign,I. Interest Payments > Foreign > Assumed Liabilities > NDC,million pesos,23,23000000,1000000,,,,,"All printed annual aggregates and visible instrument/assumed-liability rows are staged. For domestic NG, instrument-detail rows are all zero in 1986 and sum to zero in 1988 while printed subtotals are 13,845 and 25,710; these source differences are preserved. Other years reconcile, except as qualified by the printed note that breakdowns may not sum due to rounding."
debt-o-p002-y1993-r038,O,2,https://github.com/tordecilla/unprogrammed-appropriations/releases/download/pdfs-debt-pages-v1/annex-o-p002.pdf,1993,historical debt service,NDC,detail,interestPayments,foreign,I. Interest Payments > Foreign > Assumed Liabilities > NDC,million pesos,107,107000000,1000000,,,,,"All printed annual aggregates and visible instrument/assumed-liability rows are staged. For domestic NG, instrument-detail rows are all zero in 1986 and sum to zero in 1988 while printed subtotals are 13,845 and 25,710; these source differences are preserved. Other years reconcile, except as qualified by the printed note that breakdowns may not sum due to rounding."
debt-o-p002-y1994-r038,O,2,https://github.com/tordecilla/unprogrammed-appropriations/releases/download/pdfs-debt-pages-v1/annex-o-p002.pdf,1994,historical debt service,NDC,detail,interestPayments,foreign,I. Interest Payments > Foreign > Assumed Liabilities > NDC,million pesos,85,85000000,1000000,,,,,"All printed annual aggregates and visible instrument/assumed-liability rows are staged. For domestic NG, instrument-detail rows are all zero in 1986 and sum to zero in 1988 while printed subtotals are 13,845 and 25,710; these source differences are preserved. Other years reconcile, except as qualified by the printed note that breakdowns may not sum due to rounding."
debt-o-p002-y1995-r038,O,2,https://github.com/tordecilla/unprogrammed-appropriations/releases/download/pdfs-debt-pages-v1/annex-o-p002.pdf,1995,historical debt service,NDC,detail,interestPayments,foreign,I. Interest Payments > Foreign > Assumed Liabilities > NDC,million pesos,98,98000000,1000000,,,,,"All printed annual aggregates and visible instrument/assumed-liability rows are staged. For domestic NG, instrument-detail rows are all zero in 1986 and sum to zero in 1988 while printed subtotals are 13,845 and 25,710; these source differences are preserved. Other years reconcile, except as qualified by the printed note that breakdowns may not sum due to rounding."
debt-o-p002-y1996-r038,O,2,https://github.com/tordecilla/unprogrammed-appropriations/releases/download/pdfs-debt-pages-v1/annex-o-p002.pdf,1996,historical debt service,NDC,detail,interestPayments,foreign,I. Interest Payments > Foreign > Assumed Liabilities > NDC,million pesos,69,69000000,1000000,,,,,"All printed annual aggregates and visible instrument/assumed-liability rows are staged. For domestic NG, instrument-detail rows are all zero in 1986 and sum to zero in 1988 while printed subtotals are 13,845 and 25,710; these source differences are preserved. Other years reconcile, except as qualified by the printed note that breakdowns may not sum due to rounding."
debt-o-p002-y1997-r038,O,2,https://github.com/tordecilla/unprogrammed-appropriations/releases/download/pdfs-debt-pages-v1/annex-o-p002.pdf,1997,historical debt service,NDC,detail,interestPayments,foreign,I. Interest Payments > Foreign > Assumed Liabilities > NDC,million pesos,57,57000000,1000000,,,,,"All printed annual aggregates and visible instrument/assumed-liability rows are staged. For domestic NG, instrument-detail rows are all zero in 1986 and sum to zero in 1988 while printed subtotals are 13,845 and 25,710; these source differences are preserved. Other years reconcile, except as qualified by the printed note that breakdowns may not sum due to rounding."
debt-o-p002-y1998-r038,O,2,https://github.com/tordecilla/unprogrammed-appropriations/releases/download/pdfs-debt-pages-v1/annex-o-p002.pdf,1998,historical debt service,NDC,detail,interestPayments,foreign,I. Interest Payments > Foreign > Assumed Liabilities > NDC,million pesos,39,39000000,1000000,,,,,"All printed annual aggregates and visible instrument/assumed-liability rows are staged. For domestic NG, instrument-detail rows are all zero in 1986 and sum to zero in 1988 while printed subtotals are 13,845 and 25,710; these source differences are preserved. Other years reconcile, except as qualified by the printed note that breakdowns may not sum due to rounding."
debt-o-p002-y1999-r038,O,2,https://github.com/tordecilla/unprogrammed-appropriations/releases/download/pdfs-debt-pages-v1/annex-o-p002.pdf,1999,historical debt service,NDC,detail,interestPayments,foreign,I. Interest Payments > Foreign > Assumed Liabilities > NDC,million pesos,41,41000000,1000000,,,,,"All printed annual aggregates and visible instrument/assumed-liability rows are staged. For domestic NG, instrument-detail rows are all zero in 1986 and sum to zero in 1988 while printed subtotals are 13,845 and 25,710; these source differences are preserved. Other years reconcile, except as qualified by the printed note that breakdowns may not sum due to rounding."
debt-o-p002-y2000-r038,O,2,https://github.com/tordecilla/unprogrammed-appropriations/releases/download/pdfs-debt-pages-v1/annex-o-p002.pdf,2000,historical debt service,NDC,detail,interestPayments,foreign,I. Interest Payments > Foreign > Assumed Liabilities > NDC,million pesos,29,29000000,1000000,,,,,"All printed annual aggregates and visible instrument/assumed-liability rows are staged. For domestic NG, instrument-detail rows are all zero in 1986 and sum to zero in 1988 while printed subtotals are 13,845 and 25,710; these source differences are preserved. Other years reconcile, except as qualified by the printed note that breakdowns may not sum due to rounding."
debt-o-p002-y2001-r038,O,2,https://github.com/tordecilla/unprogrammed-appropriations/releases/download/pdfs-debt-pages-v1/annex-o-p002.pdf,2001,historical debt service,NDC,detail,interestPayments,foreign,I. Interest Payments > Foreign > Assumed Liabilities > NDC,million pesos,31,31000000,1000000,,,,,"All printed annual aggregates and visible instrument/assumed-liability rows are staged. For domestic NG, instrument-detail rows are all zero in 1986 and sum to zero in 1988 while printed subtotals are 13,845 and 25,710; these source differences are preserved. Other years reconcile, except as qualified by the printed note that breakdowns may not sum due to rounding."
debt-o-p002-y2002-r038,O,2,https://github.com/tordecilla/unprogrammed-appropriations/releases/download/pdfs-debt-pages-v1/annex-o-p002.pdf,2002,historical debt service,NDC,detail,interestPayments,foreign,I. Interest Payments > Foreign > Assumed Liabilities > NDC,million pesos,23,23000000,1000000,,,,,"All printed annual aggregates and visible instrument/assumed-liability rows are staged. For domestic NG, instrument-detail rows are all zero in 1986 and sum to zero in 1988 while printed subtotals are 13,845 and 25,710; these source differences are preserved. Other years reconcile, except as qualified by the printed note that breakdowns may not sum due to rounding."
debt-o-p002-y2003-r038,O,2,https://github.com/tordecilla/unprogrammed-appropriations/releases/download/pdfs-debt-pages-v1/annex-o-p002.pdf,2003,historical debt service,NDC,detail,interestPayments,foreign,I. Interest Payments > Foreign > Assumed Liabilities > NDC,million pesos,71,71000000,1000000,,,,,"All printed annual aggregates and visible instrument/assumed-liability rows are staged. For domestic NG, instrument-detail rows are all zero in 1986 and sum to zero in 1988 while printed subtotals are 13,845 and 25,710; these source differences are preserved. Other years reconcile, except as qualified by the printed note that breakdowns may not sum due to rounding."
debt-o-p002-y1986-r039,O,2,https://github.com/tordecilla/unprogrammed-appropriations/releases/download/pdfs-debt-pages-v1/annex-o-p002.pdf,1986,historical debt service,NIDC,detail,interestPayments,foreign,I. Interest Payments > Foreign > Assumed Liabilities > NIDC,million pesos,0,0,1000000,,,,,"All printed annual aggregates and visible instrument/assumed-liability rows are staged. For domestic NG, instrument-detail rows are all zero in 1986 and sum to zero in 1988 while printed subtotals are 13,845 and 25,710; these source differences are preserved. Other years reconcile, except as qualified by the printed note that breakdowns may not sum due to rounding."
debt-o-p002-y1987-r039,O,2,https://github.com/tordecilla/unprogrammed-appropriations/releases/download/pdfs-debt-pages-v1/annex-o-p002.pdf,1987,historical debt service,NIDC,detail,interestPayments,foreign,I. Interest Payments > Foreign > Assumed Liabilities > NIDC,million pesos,0,0,1000000,,,,,"All printed annual aggregates and visible instrument/assumed-liability rows are staged. For domestic NG, instrument-detail rows are all zero in 1986 and sum to zero in 1988 while printed subtotals are 13,845 and 25,710; these source differences are preserved. Other years reconcile, except as qualified by the printed note that breakdowns may not sum due to rounding."
debt-o-p002-y1988-r039,O,2,https://github.com/tordecilla/unprogrammed-appropriations/releases/download/pdfs-debt-pages-v1/annex-o-p002.pdf,1988,historical debt service,NIDC,detail,interestPayments,foreign,I. Interest Payments > Foreign > Assumed Liabilities > NIDC,million pesos,0,0,1000000,,,,,"All printed annual aggregates and visible instrument/assumed-liability rows are staged. For domestic NG, instrument-detail rows are all zero in 1986 and sum to zero in 1988 while printed subtotals are 13,845 and 25,710; these source differences are preserved. Other years reconcile, except as qualified by the printed note that breakdowns may not sum due to rounding."
debt-o-p002-y1989-r039,O,2,https://github.com/tordecilla/unprogrammed-appropriations/releases/download/pdfs-debt-pages-v1/annex-o-p002.pdf,1989,historical debt service,NIDC,detail,interestPayments,foreign,I. Interest Payments > Foreign > Assumed Liabilities > NIDC,million pesos,0,0,1000000,,,,,"All printed annual aggregates and visible instrument/assumed-liability rows are staged. For domestic NG, instrument-detail rows are all zero in 1986 and sum to zero in 1988 while printed subtotals are 13,845 and 25,710; these source differences are preserved. Other years reconcile, except as qualified by the printed note that breakdowns may not sum due to rounding."
debt-o-p002-y1990-r039,O,2,https://github.com/tordecilla/unprogrammed-appropriations/releases/download/pdfs-debt-pages-v1/annex-o-p002.pdf,1990,historical debt service,NIDC,detail,interestPayments,foreign,I. Interest Payments > Foreign > Assumed Liabilities > NIDC,million pesos,5,5000000,1000000,,,,,"All printed annual aggregates and visible instrument/assumed-liability rows are staged. For domestic NG, instrument-detail rows are all zero in 1986 and sum to zero in 1988 while printed subtotals are 13,845 and 25,710; these source differences are preserved. Other years reconcile, except as qualified by the printed note that breakdowns may not sum due to rounding."
debt-o-p002-y1991-r039,O,2,https://github.com/tordecilla/unprogrammed-appropriations/releases/download/pdfs-debt-pages-v1/annex-o-p002.pdf,1991,historical debt service,NIDC,detail,interestPayments,foreign,I. Interest Payments > Foreign > Assumed Liabilities > NIDC,million pesos,0,0,1000000,,,,,"All printed annual aggregates and visible instrument/assumed-liability rows are staged. For domestic NG, instrument-detail rows are all zero in 1986 and sum to zero in 1988 while printed subtotals are 13,845 and 25,710; these source differences are preserved. Other years reconcile, except as qualified by the printed note that breakdowns may not sum due to rounding."
debt-o-p002-y1992-r039,O,2,https://github.com/tordecilla/unprogrammed-appropriations/releases/download/pdfs-debt-pages-v1/annex-o-p002.pdf,1992,historical debt service,NIDC,detail,interestPayments,foreign,I. Interest Payments > Foreign > Assumed Liabilities > NIDC,million pesos,0,0,1000000,,,,,"All printed annual aggregates and visible instrument/assumed-liability rows are staged. For domestic NG, instrument-detail rows are all zero in 1986 and sum to zero in 1988 while printed subtotals are 13,845 and 25,710; these source differences are preserved. Other years reconcile, except as qualified by the printed note that breakdowns may not sum due to rounding."
debt-o-p002-y1993-r039,O,2,https://github.com/tordecilla/unprogrammed-appropriations/releases/download/pdfs-debt-pages-v1/annex-o-p002.pdf,1993,historical debt service,NIDC,detail,interestPayments,foreign,I. Interest Payments > Foreign > Assumed Liabilities > NIDC,million pesos,0,0,1000000,,,,,"All printed annual aggregates and visible instrument/assumed-liability rows are staged. For domestic NG, instrument-detail rows are all zero in 1986 and sum to zero in 1988 while printed subtotals are 13,845 and 25,710; these source differences are preserved. Other years reconcile, except as qualified by the printed note that breakdowns may not sum due to rounding."
debt-o-p002-y1994-r039,O,2,https://github.com/tordecilla/unprogrammed-appropriations/releases/download/pdfs-debt-pages-v1/annex-o-p002.pdf,1994,historical debt service,NIDC,detail,interestPayments,foreign,I. Interest Payments > Foreign > Assumed Liabilities > NIDC,million pesos,0,0,1000000,,,,,"All printed annual aggregates and visible instrument/assumed-liability rows are staged. For domestic NG, instrument-detail rows are all zero in 1986 and sum to zero in 1988 while printed subtotals are 13,845 and 25,710; these source differences are preserved. Other years reconcile, except as qualified by the printed note that breakdowns may not sum due to rounding."
debt-o-p002-y1995-r039,O,2,https://github.com/tordecilla/unprogrammed-appropriations/releases/download/pdfs-debt-pages-v1/annex-o-p002.pdf,1995,historical debt service,NIDC,detail,interestPayments,foreign,I. Interest Payments > Foreign > Assumed Liabilities > NIDC,million pesos,0,0,1000000,,,,,"All printed annual aggregates and visible instrument/assumed-liability rows are staged. For domestic NG, instrument-detail rows are all zero in 1986 and sum to zero in 1988 while printed subtotals are 13,845 and 25,710; these source differences are preserved. Other years reconcile, except as qualified by the printed note that breakdowns may not sum due to rounding."
debt-o-p002-y1996-r039,O,2,https://github.com/tordecilla/unprogrammed-appropriations/releases/download/pdfs-debt-pages-v1/annex-o-p002.pdf,1996,historical debt service,NIDC,detail,interestPayments,foreign,I. Interest Payments > Foreign > Assumed Liabilities > NIDC,million pesos,0,0,1000000,,,,,"All printed annual aggregates and visible instrument/assumed-liability rows are staged. For domestic NG, instrument-detail rows are all zero in 1986 and sum to zero in 1988 while printed subtotals are 13,845 and 25,710; these source differences are preserved. Other years reconcile, except as qualified by the printed note that breakdowns may not sum due to rounding."
debt-o-p002-y1997-r039,O,2,https://github.com/tordecilla/unprogrammed-appropriations/releases/download/pdfs-debt-pages-v1/annex-o-p002.pdf,1997,historical debt service,NIDC,detail,interestPayments,foreign,I. Interest Payments > Foreign > Assumed Liabilities > NIDC,million pesos,0,0,1000000,,,,,"All printed annual aggregates and visible instrument/assumed-liability rows are staged. For domestic NG, instrument-detail rows are all zero in 1986 and sum to zero in 1988 while printed subtotals are 13,845 and 25,710; these source differences are preserved. Other years reconcile, except as qualified by the printed note that breakdowns may not sum due to rounding."
debt-o-p002-y1998-r039,O,2,https://github.com/tordecilla/unprogrammed-appropriations/releases/download/pdfs-debt-pages-v1/annex-o-p002.pdf,1998,historical debt service,NIDC,detail,interestPayments,foreign,I. Interest Payments > Foreign > Assumed Liabilities > NIDC,million pesos,0,0,1000000,,,,,"All printed annual aggregates and visible instrument/assumed-liability rows are staged. For domestic NG, instrument-detail rows are all zero in 1986 and sum to zero in 1988 while printed subtotals are 13,845 and 25,710; these source differences are preserved. Other years reconcile, except as qualified by the printed note that breakdowns may not sum due to rounding."
debt-o-p002-y1999-r039,O,2,https://github.com/tordecilla/unprogrammed-appropriations/releases/download/pdfs-debt-pages-v1/annex-o-p002.pdf,1999,historical debt service,NIDC,detail,interestPayments,foreign,I. Interest Payments > Foreign > Assumed Liabilities > NIDC,million pesos,0,0,1000000,,,,,"All printed annual aggregates and visible instrument/assumed-liability rows are staged. For domestic NG, instrument-detail rows are all zero in 1986 and sum to zero in 1988 while printed subtotals are 13,845 and 25,710; these source differences are preserved. Other years reconcile, except as qualified by the printed note that breakdowns may not sum due to rounding."
debt-o-p002-y2000-r039,O,2,https://github.com/tordecilla/unprogrammed-appropriations/releases/download/pdfs-debt-pages-v1/annex-o-p002.pdf,2000,historical debt service,NIDC,detail,interestPayments,foreign,I. Interest Payments > Foreign > Assumed Liabilities > NIDC,million pesos,0,0,1000000,,,,,"All printed annual aggregates and visible instrument/assumed-liability rows are staged. For domestic NG, instrument-detail rows are all zero in 1986 and sum to zero in 1988 while printed subtotals are 13,845 and 25,710; these source differences are preserved. Other years reconcile, except as qualified by the printed note that breakdowns may not sum due to rounding."
debt-o-p002-y2001-r039,O,2,https://github.com/tordecilla/unprogrammed-appropriations/releases/download/pdfs-debt-pages-v1/annex-o-p002.pdf,2001,historical debt service,NIDC,detail,interestPayments,foreign,I. Interest Payments > Foreign > Assumed Liabilities > NIDC,million pesos,0,0,1000000,,,,,"All printed annual aggregates and visible instrument/assumed-liability rows are staged. For domestic NG, instrument-detail rows are all zero in 1986 and sum to zero in 1988 while printed subtotals are 13,845 and 25,710; these source differences are preserved. Other years reconcile, except as qualified by the printed note that breakdowns may not sum due to rounding."
debt-o-p002-y2002-r039,O,2,https://github.com/tordecilla/unprogrammed-appropriations/releases/download/pdfs-debt-pages-v1/annex-o-p002.pdf,2002,historical debt service,NIDC,detail,interestPayments,foreign,I. Interest Payments > Foreign > Assumed Liabilities > NIDC,million pesos,0,0,1000000,,,,,"All printed annual aggregates and visible instrument/assumed-liability rows are staged. For domestic NG, instrument-detail rows are all zero in 1986 and sum to zero in 1988 while printed subtotals are 13,845 and 25,710; these source differences are preserved. Other years reconcile, except as qualified by the printed note that breakdowns may not sum due to rounding."
debt-o-p002-y2003-r039,O,2,https://github.com/tordecilla/unprogrammed-appropriations/releases/download/pdfs-debt-pages-v1/annex-o-p002.pdf,2003,historical debt service,NIDC,detail,interestPayments,foreign,I. Interest Payments > Foreign > Assumed Liabilities > NIDC,million pesos,0,0,1000000,,,,,"All printed annual aggregates and visible instrument/assumed-liability rows are staged. For domestic NG, instrument-detail rows are all zero in 1986 and sum to zero in 1988 while printed subtotals are 13,845 and 25,710; these source differences are preserved. Other years reconcile, except as qualified by the printed note that breakdowns may not sum due to rounding."
debt-o-p002-y1986-r040,O,2,https://github.com/tordecilla/unprogrammed-appropriations/releases/download/pdfs-debt-pages-v1/annex-o-p002.pdf,1986,historical debt service,PAL,detail,interestPayments,foreign,I. Interest Payments > Foreign > Assumed Liabilities > PAL,million pesos,0,0,1000000,,,,,"All printed annual aggregates and visible instrument/assumed-liability rows are staged. For domestic NG, instrument-detail rows are all zero in 1986 and sum to zero in 1988 while printed subtotals are 13,845 and 25,710; these source differences are preserved. Other years reconcile, except as qualified by the printed note that breakdowns may not sum due to rounding."
debt-o-p002-y1987-r040,O,2,https://github.com/tordecilla/unprogrammed-appropriations/releases/download/pdfs-debt-pages-v1/annex-o-p002.pdf,1987,historical debt service,PAL,detail,interestPayments,foreign,I. Interest Payments > Foreign > Assumed Liabilities > PAL,million pesos,0,0,1000000,,,,,"All printed annual aggregates and visible instrument/assumed-liability rows are staged. For domestic NG, instrument-detail rows are all zero in 1986 and sum to zero in 1988 while printed subtotals are 13,845 and 25,710; these source differences are preserved. Other years reconcile, except as qualified by the printed note that breakdowns may not sum due to rounding."
debt-o-p002-y1988-r040,O,2,https://github.com/tordecilla/unprogrammed-appropriations/releases/download/pdfs-debt-pages-v1/annex-o-p002.pdf,1988,historical debt service,PAL,detail,interestPayments,foreign,I. Interest Payments > Foreign > Assumed Liabilities > PAL,million pesos,0,0,1000000,,,,,"All printed annual aggregates and visible instrument/assumed-liability rows are staged. For domestic NG, instrument-detail rows are all zero in 1986 and sum to zero in 1988 while printed subtotals are 13,845 and 25,710; these source differences are preserved. Other years reconcile, except as qualified by the printed note that breakdowns may not sum due to rounding."
debt-o-p002-y1989-r040,O,2,https://github.com/tordecilla/unprogrammed-appropriations/releases/download/pdfs-debt-pages-v1/annex-o-p002.pdf,1989,historical debt service,PAL,detail,interestPayments,foreign,I. Interest Payments > Foreign > Assumed Liabilities > PAL,million pesos,0,0,1000000,,,,,"All printed annual aggregates and visible instrument/assumed-liability rows are staged. For domestic NG, instrument-detail rows are all zero in 1986 and sum to zero in 1988 while printed subtotals are 13,845 and 25,710; these source differences are preserved. Other years reconcile, except as qualified by the printed note that breakdowns may not sum due to rounding."
debt-o-p002-y1990-r040,O,2,https://github.com/tordecilla/unprogrammed-appropriations/releases/download/pdfs-debt-pages-v1/annex-o-p002.pdf,1990,historical debt service,PAL,detail,interestPayments,foreign,I. Interest Payments > Foreign > Assumed Liabilities > PAL,million pesos,0,0,1000000,,,,,"All printed annual aggregates and visible instrument/assumed-liability rows are staged. For domestic NG, instrument-detail rows are all zero in 1986 and sum to zero in 1988 while printed subtotals are 13,845 and 25,710; these source differences are preserved. Other years reconcile, except as qualified by the printed note that breakdowns may not sum due to rounding."
debt-o-p002-y1991-r040,O,2,https://github.com/tordecilla/unprogrammed-appropriations/releases/download/pdfs-debt-pages-v1/annex-o-p002.pdf,1991,historical debt service,PAL,detail,interestPayments,foreign,I. Interest Payments > Foreign > Assumed Liabilities > PAL,million pesos,282,282000000,1000000,,,,,"All printed annual aggregates and visible instrument/assumed-liability rows are staged. For domestic NG, instrument-detail rows are all zero in 1986 and sum to zero in 1988 while printed subtotals are 13,845 and 25,710; these source differences are preserved. Other years reconcile, except as qualified by the printed note that breakdowns may not sum due to rounding."
debt-o-p002-y1992-r040,O,2,https://github.com/tordecilla/unprogrammed-appropriations/releases/download/pdfs-debt-pages-v1/annex-o-p002.pdf,1992,historical debt service,PAL,detail,interestPayments,foreign,I. Interest Payments > Foreign > Assumed Liabilities > PAL,million pesos,459,459000000,1000000,,,,,"All printed annual aggregates and visible instrument/assumed-liability rows are staged. For domestic NG, instrument-detail rows are all zero in 1986 and sum to zero in 1988 while printed subtotals are 13,845 and 25,710; these source differences are preserved. Other years reconcile, except as qualified by the printed note that breakdowns may not sum due to rounding."
debt-o-p002-y1993-r040,O,2,https://github.com/tordecilla/unprogrammed-appropriations/releases/download/pdfs-debt-pages-v1/annex-o-p002.pdf,1993,historical debt service,PAL,detail,interestPayments,foreign,I. Interest Payments > Foreign > Assumed Liabilities > PAL,million pesos,415,415000000,1000000,,,,,"All printed annual aggregates and visible instrument/assumed-liability rows are staged. For domestic NG, instrument-detail rows are all zero in 1986 and sum to zero in 1988 while printed subtotals are 13,845 and 25,710; these source differences are preserved. Other years reconcile, except as qualified by the printed note that breakdowns may not sum due to rounding."
debt-o-p002-y1994-r040,O,2,https://github.com/tordecilla/unprogrammed-appropriations/releases/download/pdfs-debt-pages-v1/annex-o-p002.pdf,1994,historical debt service,PAL,detail,interestPayments,foreign,I. Interest Payments > Foreign > Assumed Liabilities > PAL,million pesos,193,193000000,1000000,,,,,"All printed annual aggregates and visible instrument/assumed-liability rows are staged. For domestic NG, instrument-detail rows are all zero in 1986 and sum to zero in 1988 while printed subtotals are 13,845 and 25,710; these source differences are preserved. Other years reconcile, except as qualified by the printed note that breakdowns may not sum due to rounding."
debt-o-p002-y1995-r040,O,2,https://github.com/tordecilla/unprogrammed-appropriations/releases/download/pdfs-debt-pages-v1/annex-o-p002.pdf,1995,historical debt service,PAL,detail,interestPayments,foreign,I. Interest Payments > Foreign > Assumed Liabilities > PAL,million pesos,306,306000000,1000000,,,,,"All printed annual aggregates and visible instrument/assumed-liability rows are staged. For domestic NG, instrument-detail rows are all zero in 1986 and sum to zero in 1988 while printed subtotals are 13,845 and 25,710; these source differences are preserved. Other years reconcile, except as qualified by the printed note that breakdowns may not sum due to rounding."
debt-o-p002-y1996-r040,O,2,https://github.com/tordecilla/unprogrammed-appropriations/releases/download/pdfs-debt-pages-v1/annex-o-p002.pdf,1996,historical debt service,PAL,detail,interestPayments,foreign,I. Interest Payments > Foreign > Assumed Liabilities > PAL,million pesos,258,258000000,1000000,,,,,"All printed annual aggregates and visible instrument/assumed-liability rows are staged. For domestic NG, instrument-detail rows are all zero in 1986 and sum to zero in 1988 while printed subtotals are 13,845 and 25,710; these source differences are preserved. Other years reconcile, except as qualified by the printed note that breakdowns may not sum due to rounding."
debt-o-p002-y1997-r040,O,2,https://github.com/tordecilla/unprogrammed-appropriations/releases/download/pdfs-debt-pages-v1/annex-o-p002.pdf,1997,historical debt service,PAL,detail,interestPayments,foreign,I. Interest Payments > Foreign > Assumed Liabilities > PAL,million pesos,138,138000000,1000000,,,,,"All printed annual aggregates and visible instrument/assumed-liability rows are staged. For domestic NG, instrument-detail rows are all zero in 1986 and sum to zero in 1988 while printed subtotals are 13,845 and 25,710; these source differences are preserved. Other years reconcile, except as qualified by the printed note that breakdowns may not sum due to rounding."
debt-o-p002-y1998-r040,O,2,https://github.com/tordecilla/unprogrammed-appropriations/releases/download/pdfs-debt-pages-v1/annex-o-p002.pdf,1998,historical debt service,PAL,detail,interestPayments,foreign,I. Interest Payments > Foreign > Assumed Liabilities > PAL,million pesos,67,67000000,1000000,,,,,"All printed annual aggregates and visible instrument/assumed-liability rows are staged. For domestic NG, instrument-detail rows are all zero in 1986 and sum to zero in 1988 while printed subtotals are 13,845 and 25,710; these source differences are preserved. Other years reconcile, except as qualified by the printed note that breakdowns may not sum due to rounding."
debt-o-p002-y1999-r040,O,2,https://github.com/tordecilla/unprogrammed-appropriations/releases/download/pdfs-debt-pages-v1/annex-o-p002.pdf,1999,historical debt service,PAL,detail,interestPayments,foreign,I. Interest Payments > Foreign > Assumed Liabilities > PAL,million pesos,41,41000000,1000000,,,,,"All printed annual aggregates and visible instrument/assumed-liability rows are staged. For domestic NG, instrument-detail rows are all zero in 1986 and sum to zero in 1988 while printed subtotals are 13,845 and 25,710; these source differences are preserved. Other years reconcile, except as qualified by the printed note that breakdowns may not sum due to rounding."
debt-o-p002-y2000-r040,O,2,https://github.com/tordecilla/unprogrammed-appropriations/releases/download/pdfs-debt-pages-v1/annex-o-p002.pdf,2000,historical debt service,PAL,detail,interestPayments,foreign,I. Interest Payments > Foreign > Assumed Liabilities > PAL,million pesos,12,12000000,1000000,,,,,"All printed annual aggregates and visible instrument/assumed-liability rows are staged. For domestic NG, instrument-detail rows are all zero in 1986 and sum to zero in 1988 while printed subtotals are 13,845 and 25,710; these source differences are preserved. Other years reconcile, except as qualified by the printed note that breakdowns may not sum due to rounding."
debt-o-p002-y2001-r040,O,2,https://github.com/tordecilla/unprogrammed-appropriations/releases/download/pdfs-debt-pages-v1/annex-o-p002.pdf,2001,historical debt service,PAL,detail,interestPayments,foreign,I. Interest Payments > Foreign > Assumed Liabilities > PAL,million pesos,4,4000000,1000000,,,,,"All printed annual aggregates and visible instrument/assumed-liability rows are staged. For domestic NG, instrument-detail rows are all zero in 1986 and sum to zero in 1988 while printed subtotals are 13,845 and 25,710; these source differences are preserved. Other years reconcile, except as qualified by the printed note that breakdowns may not sum due to rounding."
debt-o-p002-y2002-r040,O,2,https://github.com/tordecilla/unprogrammed-appropriations/releases/download/pdfs-debt-pages-v1/annex-o-p002.pdf,2002,historical debt service,PAL,detail,interestPayments,foreign,I. Interest Payments > Foreign > Assumed Liabilities > PAL,million pesos,4,4000000,1000000,,,,,"All printed annual aggregates and visible instrument/assumed-liability rows are staged. For domestic NG, instrument-detail rows are all zero in 1986 and sum to zero in 1988 while printed subtotals are 13,845 and 25,710; these source differences are preserved. Other years reconcile, except as qualified by the printed note that breakdowns may not sum due to rounding."
debt-o-p002-y2003-r040,O,2,https://github.com/tordecilla/unprogrammed-appropriations/releases/download/pdfs-debt-pages-v1/annex-o-p002.pdf,2003,historical debt service,PAL,detail,interestPayments,foreign,I. Interest Payments > Foreign > Assumed Liabilities > PAL,million pesos,0,0,1000000,,,,,"All printed annual aggregates and visible instrument/assumed-liability rows are staged. For domestic NG, instrument-detail rows are all zero in 1986 and sum to zero in 1988 while printed subtotals are 13,845 and 25,710; these source differences are preserved. Other years reconcile, except as qualified by the printed note that breakdowns may not sum due to rounding."
debt-o-p002-y1986-r041,O,2,https://github.com/tordecilla/unprogrammed-appropriations/releases/download/pdfs-debt-pages-v1/annex-o-p002.pdf,1986,historical debt service,PGC/TIDCORP,detail,interestPayments,foreign,I. Interest Payments > Foreign > Assumed Liabilities > PGC/TIDCORP,million pesos,0,0,1000000,,,,,"All printed annual aggregates and visible instrument/assumed-liability rows are staged. For domestic NG, instrument-detail rows are all zero in 1986 and sum to zero in 1988 while printed subtotals are 13,845 and 25,710; these source differences are preserved. Other years reconcile, except as qualified by the printed note that breakdowns may not sum due to rounding."
debt-o-p002-y1987-r041,O,2,https://github.com/tordecilla/unprogrammed-appropriations/releases/download/pdfs-debt-pages-v1/annex-o-p002.pdf,1987,historical debt service,PGC/TIDCORP,detail,interestPayments,foreign,I. Interest Payments > Foreign > Assumed Liabilities > PGC/TIDCORP,million pesos,0,0,1000000,,,,,"All printed annual aggregates and visible instrument/assumed-liability rows are staged. For domestic NG, instrument-detail rows are all zero in 1986 and sum to zero in 1988 while printed subtotals are 13,845 and 25,710; these source differences are preserved. Other years reconcile, except as qualified by the printed note that breakdowns may not sum due to rounding."
debt-o-p002-y1988-r041,O,2,https://github.com/tordecilla/unprogrammed-appropriations/releases/download/pdfs-debt-pages-v1/annex-o-p002.pdf,1988,historical debt service,PGC/TIDCORP,detail,interestPayments,foreign,I. Interest Payments > Foreign > Assumed Liabilities > PGC/TIDCORP,million pesos,260,260000000,1000000,,,,,"All printed annual aggregates and visible instrument/assumed-liability rows are staged. For domestic NG, instrument-detail rows are all zero in 1986 and sum to zero in 1988 while printed subtotals are 13,845 and 25,710; these source differences are preserved. Other years reconcile, except as qualified by the printed note that breakdowns may not sum due to rounding."
debt-o-p002-y1989-r041,O,2,https://github.com/tordecilla/unprogrammed-appropriations/releases/download/pdfs-debt-pages-v1/annex-o-p002.pdf,1989,historical debt service,PGC/TIDCORP,detail,interestPayments,foreign,I. Interest Payments > Foreign > Assumed Liabilities > PGC/TIDCORP,million pesos,275,275000000,1000000,,,,,"All printed annual aggregates and visible instrument/assumed-liability rows are staged. For domestic NG, instrument-detail rows are all zero in 1986 and sum to zero in 1988 while printed subtotals are 13,845 and 25,710; these source differences are preserved. Other years reconcile, except as qualified by the printed note that breakdowns may not sum due to rounding."
debt-o-p002-y1990-r041,O,2,https://github.com/tordecilla/unprogrammed-appropriations/releases/download/pdfs-debt-pages-v1/annex-o-p002.pdf,1990,historical debt service,PGC/TIDCORP,detail,interestPayments,foreign,I. Interest Payments > Foreign > Assumed Liabilities > PGC/TIDCORP,million pesos,407,407000000,1000000,,,,,"All printed annual aggregates and visible instrument/assumed-liability rows are staged. For domestic NG, instrument-detail rows are all zero in 1986 and sum to zero in 1988 while printed subtotals are 13,845 and 25,710; these source differences are preserved. Other years reconcile, except as qualified by the printed note that breakdowns may not sum due to rounding."
debt-o-p002-y1991-r041,O,2,https://github.com/tordecilla/unprogrammed-appropriations/releases/download/pdfs-debt-pages-v1/annex-o-p002.pdf,1991,historical debt service,PGC/TIDCORP,detail,interestPayments,foreign,I. Interest Payments > Foreign > Assumed Liabilities > PGC/TIDCORP,million pesos,201,201000000,1000000,,,,,"All printed annual aggregates and visible instrument/assumed-liability rows are staged. For domestic NG, instrument-detail rows are all zero in 1986 and sum to zero in 1988 while printed subtotals are 13,845 and 25,710; these source differences are preserved. Other years reconcile, except as qualified by the printed note that breakdowns may not sum due to rounding."
debt-o-p002-y1992-r041,O,2,https://github.com/tordecilla/unprogrammed-appropriations/releases/download/pdfs-debt-pages-v1/annex-o-p002.pdf,1992,historical debt service,PGC/TIDCORP,detail,interestPayments,foreign,I. Interest Payments > Foreign > Assumed Liabilities > PGC/TIDCORP,million pesos,116,116000000,1000000,,,,,"All printed annual aggregates and visible instrument/assumed-liability rows are staged. For domestic NG, instrument-detail rows are all zero in 1986 and sum to zero in 1988 while printed subtotals are 13,845 and 25,710; these source differences are preserved. Other years reconcile, except as qualified by the printed note that breakdowns may not sum due to rounding."
debt-o-p002-y1993-r041,O,2,https://github.com/tordecilla/unprogrammed-appropriations/releases/download/pdfs-debt-pages-v1/annex-o-p002.pdf,1993,historical debt service,PGC/TIDCORP,detail,interestPayments,foreign,I. Interest Payments > Foreign > Assumed Liabilities > PGC/TIDCORP,million pesos,89,89000000,1000000,,,,,"All printed annual aggregates and visible instrument/assumed-liability rows are staged. For domestic NG, instrument-detail rows are all zero in 1986 and sum to zero in 1988 while printed subtotals are 13,845 and 25,710; these source differences are preserved. Other years reconcile, except as qualified by the printed note that breakdowns may not sum due to rounding."
debt-o-p002-y1994-r041,O,2,https://github.com/tordecilla/unprogrammed-appropriations/releases/download/pdfs-debt-pages-v1/annex-o-p002.pdf,1994,historical debt service,PGC/TIDCORP,detail,interestPayments,foreign,I. Interest Payments > Foreign > Assumed Liabilities > PGC/TIDCORP,million pesos,62,62000000,1000000,,,,,"All printed annual aggregates and visible instrument/assumed-liability rows are staged. For domestic NG, instrument-detail rows are all zero in 1986 and sum to zero in 1988 while printed subtotals are 13,845 and 25,710; these source differences are preserved. Other years reconcile, except as qualified by the printed note that breakdowns may not sum due to rounding."
debt-o-p002-y1995-r041,O,2,https://github.com/tordecilla/unprogrammed-appropriations/releases/download/pdfs-debt-pages-v1/annex-o-p002.pdf,1995,historical debt service,PGC/TIDCORP,detail,interestPayments,foreign,I. Interest Payments > Foreign > Assumed Liabilities > PGC/TIDCORP,million pesos,79,79000000,1000000,,,,,"All printed annual aggregates and visible instrument/assumed-liability rows are staged. For domestic NG, instrument-detail rows are all zero in 1986 and sum to zero in 1988 while printed subtotals are 13,845 and 25,710; these source differences are preserved. Other years reconcile, except as qualified by the printed note that breakdowns may not sum due to rounding."
debt-o-p002-y1996-r041,O,2,https://github.com/tordecilla/unprogrammed-appropriations/releases/download/pdfs-debt-pages-v1/annex-o-p002.pdf,1996,historical debt service,PGC/TIDCORP,detail,interestPayments,foreign,I. Interest Payments > Foreign > Assumed Liabilities > PGC/TIDCORP,million pesos,76,76000000,1000000,,,,,"All printed annual aggregates and visible instrument/assumed-liability rows are staged. For domestic NG, instrument-detail rows are all zero in 1986 and sum to zero in 1988 while printed subtotals are 13,845 and 25,710; these source differences are preserved. Other years reconcile, except as qualified by the printed note that breakdowns may not sum due to rounding."
debt-o-p002-y1997-r041,O,2,https://github.com/tordecilla/unprogrammed-appropriations/releases/download/pdfs-debt-pages-v1/annex-o-p002.pdf,1997,historical debt service,PGC/TIDCORP,detail,interestPayments,foreign,I. Interest Payments > Foreign > Assumed Liabilities > PGC/TIDCORP,million pesos,44,44000000,1000000,,,,,"All printed annual aggregates and visible instrument/assumed-liability rows are staged. For domestic NG, instrument-detail rows are all zero in 1986 and sum to zero in 1988 while printed subtotals are 13,845 and 25,710; these source differences are preserved. Other years reconcile, except as qualified by the printed note that breakdowns may not sum due to rounding."
debt-o-p002-y1998-r041,O,2,https://github.com/tordecilla/unprogrammed-appropriations/releases/download/pdfs-debt-pages-v1/annex-o-p002.pdf,1998,historical debt service,PGC/TIDCORP,detail,interestPayments,foreign,I. Interest Payments > Foreign > Assumed Liabilities > PGC/TIDCORP,million pesos,16,16000000,1000000,,,,,"All printed annual aggregates and visible instrument/assumed-liability rows are staged. For domestic NG, instrument-detail rows are all zero in 1986 and sum to zero in 1988 while printed subtotals are 13,845 and 25,710; these source differences are preserved. Other years reconcile, except as qualified by the printed note that breakdowns may not sum due to rounding."
debt-o-p002-y1999-r041,O,2,https://github.com/tordecilla/unprogrammed-appropriations/releases/download/pdfs-debt-pages-v1/annex-o-p002.pdf,1999,historical debt service,PGC/TIDCORP,detail,interestPayments,foreign,I. Interest Payments > Foreign > Assumed Liabilities > PGC/TIDCORP,million pesos,16,16000000,1000000,,,,,"All printed annual aggregates and visible instrument/assumed-liability rows are staged. For domestic NG, instrument-detail rows are all zero in 1986 and sum to zero in 1988 while printed subtotals are 13,845 and 25,710; these source differences are preserved. Other years reconcile, except as qualified by the printed note that breakdowns may not sum due to rounding."
debt-o-p002-y2000-r041,O,2,https://github.com/tordecilla/unprogrammed-appropriations/releases/download/pdfs-debt-pages-v1/annex-o-p002.pdf,2000,historical debt service,PGC/TIDCORP,detail,interestPayments,foreign,I. Interest Payments > Foreign > Assumed Liabilities > PGC/TIDCORP,million pesos,17,17000000,1000000,,,,,"All printed annual aggregates and visible instrument/assumed-liability rows are staged. For domestic NG, instrument-detail rows are all zero in 1986 and sum to zero in 1988 while printed subtotals are 13,845 and 25,710; these source differences are preserved. Other years reconcile, except as qualified by the printed note that breakdowns may not sum due to rounding."
debt-o-p002-y2001-r041,O,2,https://github.com/tordecilla/unprogrammed-appropriations/releases/download/pdfs-debt-pages-v1/annex-o-p002.pdf,2001,historical debt service,PGC/TIDCORP,detail,interestPayments,foreign,I. Interest Payments > Foreign > Assumed Liabilities > PGC/TIDCORP,million pesos,15,15000000,1000000,,,,,"All printed annual aggregates and visible instrument/assumed-liability rows are staged. For domestic NG, instrument-detail rows are all zero in 1986 and sum to zero in 1988 while printed subtotals are 13,845 and 25,710; these source differences are preserved. Other years reconcile, except as qualified by the printed note that breakdowns may not sum due to rounding."
debt-o-p002-y2002-r041,O,2,https://github.com/tordecilla/unprogrammed-appropriations/releases/download/pdfs-debt-pages-v1/annex-o-p002.pdf,2002,historical debt service,PGC/TIDCORP,detail,interestPayments,foreign,I. Interest Payments > Foreign > Assumed Liabilities > PGC/TIDCORP,million pesos,12,12000000,1000000,,,,,"All printed annual aggregates and visible instrument/assumed-liability rows are staged. For domestic NG, instrument-detail rows are all zero in 1986 and sum to zero in 1988 while printed subtotals are 13,845 and 25,710; these source differences are preserved. Other years reconcile, except as qualified by the printed note that breakdowns may not sum due to rounding."
debt-o-p002-y2003-r041,O,2,https://github.com/tordecilla/unprogrammed-appropriations/releases/download/pdfs-debt-pages-v1/annex-o-p002.pdf,2003,historical debt service,PGC/TIDCORP,detail,interestPayments,foreign,I. Interest Payments > Foreign > Assumed Liabilities > PGC/TIDCORP,million pesos,9,9000000,1000000,,,,,"All printed annual aggregates and visible instrument/assumed-liability rows are staged. For domestic NG, instrument-detail rows are all zero in 1986 and sum to zero in 1988 while printed subtotals are 13,845 and 25,710; these source differences are preserved. Other years reconcile, except as qualified by the printed note that breakdowns may not sum due to rounding."
debt-o-p002-y1986-r042,O,2,https://github.com/tordecilla/unprogrammed-appropriations/releases/download/pdfs-debt-pages-v1/annex-o-p002.pdf,1986,historical debt service,II. Amortization,subtotal,principalAmortization,,II. Amortization,million pesos,13201,13201000000,1000000,,,,,"All printed annual aggregates and visible instrument/assumed-liability rows are staged. For domestic NG, instrument-detail rows are all zero in 1986 and sum to zero in 1988 while printed subtotals are 13,845 and 25,710; these source differences are preserved. Other years reconcile, except as qualified by the printed note that breakdowns may not sum due to rounding."
debt-o-p002-y1987-r042,O,2,https://github.com/tordecilla/unprogrammed-appropriations/releases/download/pdfs-debt-pages-v1/annex-o-p002.pdf,1987,historical debt service,II. Amortization,subtotal,principalAmortization,,II. Amortization,million pesos,32939,32939000000,1000000,,,,,"All printed annual aggregates and visible instrument/assumed-liability rows are staged. For domestic NG, instrument-detail rows are all zero in 1986 and sum to zero in 1988 while printed subtotals are 13,845 and 25,710; these source differences are preserved. Other years reconcile, except as qualified by the printed note that breakdowns may not sum due to rounding."
debt-o-p002-y1988-r042,O,2,https://github.com/tordecilla/unprogrammed-appropriations/releases/download/pdfs-debt-pages-v1/annex-o-p002.pdf,1988,historical debt service,II. Amortization,subtotal,principalAmortization,,II. Amortization,million pesos,25299,25299000000,1000000,,,,,"All printed annual aggregates and visible instrument/assumed-liability rows are staged. For domestic NG, instrument-detail rows are all zero in 1986 and sum to zero in 1988 while printed subtotals are 13,845 and 25,710; these source differences are preserved. Other years reconcile, except as qualified by the printed note that breakdowns may not sum due to rounding."
debt-o-p002-y1989-r042,O,2,https://github.com/tordecilla/unprogrammed-appropriations/releases/download/pdfs-debt-pages-v1/annex-o-p002.pdf,1989,historical debt service,II. Amortization,subtotal,principalAmortization,,II. Amortization,million pesos,28503,28503000000,1000000,,,,,"All printed annual aggregates and visible instrument/assumed-liability rows are staged. For domestic NG, instrument-detail rows are all zero in 1986 and sum to zero in 1988 while printed subtotals are 13,845 and 25,710; these source differences are preserved. Other years reconcile, except as qualified by the printed note that breakdowns may not sum due to rounding."
debt-o-p002-y1990-r042,O,2,https://github.com/tordecilla/unprogrammed-appropriations/releases/download/pdfs-debt-pages-v1/annex-o-p002.pdf,1990,historical debt service,II. Amortization,subtotal,principalAmortization,,II. Amortization,million pesos,35232,35232000000,1000000,,,,,"All printed annual aggregates and visible instrument/assumed-liability rows are staged. For domestic NG, instrument-detail rows are all zero in 1986 and sum to zero in 1988 while printed subtotals are 13,845 and 25,710; these source differences are preserved. Other years reconcile, except as qualified by the printed note that breakdowns may not sum due to rounding."
debt-o-p002-y1991-r042,O,2,https://github.com/tordecilla/unprogrammed-appropriations/releases/download/pdfs-debt-pages-v1/annex-o-p002.pdf,1991,historical debt service,II. Amortization,subtotal,principalAmortization,,II. Amortization,million pesos,46560,46560000000,1000000,,,,,"All printed annual aggregates and visible instrument/assumed-liability rows are staged. For domestic NG, instrument-detail rows are all zero in 1986 and sum to zero in 1988 while printed subtotals are 13,845 and 25,710; these source differences are preserved. Other years reconcile, except as qualified by the printed note that breakdowns may not sum due to rounding."
debt-o-p002-y1992-r042,O,2,https://github.com/tordecilla/unprogrammed-appropriations/releases/download/pdfs-debt-pages-v1/annex-o-p002.pdf,1992,historical debt service,II. Amortization,subtotal,principalAmortization,,II. Amortization,million pesos,29651,29651000000,1000000,,,,,"All printed annual aggregates and visible instrument/assumed-liability rows are staged. For domestic NG, instrument-detail rows are all zero in 1986 and sum to zero in 1988 while printed subtotals are 13,845 and 25,710; these source differences are preserved. Other years reconcile, except as qualified by the printed note that breakdowns may not sum due to rounding."
debt-o-p002-y1993-r042,O,2,https://github.com/tordecilla/unprogrammed-appropriations/releases/download/pdfs-debt-pages-v1/annex-o-p002.pdf,1993,historical debt service,II. Amortization,subtotal,principalAmortization,,II. Amortization,million pesos,36887,36887000000,1000000,,,,,"All printed annual aggregates and visible instrument/assumed-liability rows are staged. For domestic NG, instrument-detail rows are all zero in 1986 and sum to zero in 1988 while printed subtotals are 13,845 and 25,710; these source differences are preserved. Other years reconcile, except as qualified by the printed note that breakdowns may not sum due to rounding."
debt-o-p002-y1994-r042,O,2,https://github.com/tordecilla/unprogrammed-appropriations/releases/download/pdfs-debt-pages-v1/annex-o-p002.pdf,1994,historical debt service,II. Amortization,subtotal,principalAmortization,,II. Amortization,million pesos,38844,38844000000,1000000,,,,,"All printed annual aggregates and visible instrument/assumed-liability rows are staged. For domestic NG, instrument-detail rows are all zero in 1986 and sum to zero in 1988 while printed subtotals are 13,845 and 25,710; these source differences are preserved. Other years reconcile, except as qualified by the printed note that breakdowns may not sum due to rounding."
debt-o-p002-y1995-r042,O,2,https://github.com/tordecilla/unprogrammed-appropriations/releases/download/pdfs-debt-pages-v1/annex-o-p002.pdf,1995,historical debt service,II. Amortization,subtotal,principalAmortization,,II. Amortization,million pesos,64517,64517000000,1000000,,,,,"All printed annual aggregates and visible instrument/assumed-liability rows are staged. For domestic NG, instrument-detail rows are all zero in 1986 and sum to zero in 1988 while printed subtotals are 13,845 and 25,710; these source differences are preserved. Other years reconcile, except as qualified by the printed note that breakdowns may not sum due to rounding."
debt-o-p002-y1996-r042,O,2,https://github.com/tordecilla/unprogrammed-appropriations/releases/download/pdfs-debt-pages-v1/annex-o-p002.pdf,1996,historical debt service,II. Amortization,subtotal,principalAmortization,,II. Amortization,million pesos,41220,41220000000,1000000,,,,,"All printed annual aggregates and visible instrument/assumed-liability rows are staged. For domestic NG, instrument-detail rows are all zero in 1986 and sum to zero in 1988 while printed subtotals are 13,845 and 25,710; these source differences are preserved. Other years reconcile, except as qualified by the printed note that breakdowns may not sum due to rounding."
debt-o-p002-y1997-r042,O,2,https://github.com/tordecilla/unprogrammed-appropriations/releases/download/pdfs-debt-pages-v1/annex-o-p002.pdf,1997,historical debt service,II. Amortization,subtotal,principalAmortization,,II. Amortization,million pesos,47678,47678000000,1000000,,,,,"All printed annual aggregates and visible instrument/assumed-liability rows are staged. For domestic NG, instrument-detail rows are all zero in 1986 and sum to zero in 1988 while printed subtotals are 13,845 and 25,710; these source differences are preserved. Other years reconcile, except as qualified by the printed note that breakdowns may not sum due to rounding."
debt-o-p002-y1998-r042,O,2,https://github.com/tordecilla/unprogrammed-appropriations/releases/download/pdfs-debt-pages-v1/annex-o-p002.pdf,1998,historical debt service,II. Amortization,subtotal,principalAmortization,,II. Amortization,million pesos,64717,64717000000,1000000,,,,,"All printed annual aggregates and visible instrument/assumed-liability rows are staged. For domestic NG, instrument-detail rows are all zero in 1986 and sum to zero in 1988 while printed subtotals are 13,845 and 25,710; these source differences are preserved. Other years reconcile, except as qualified by the printed note that breakdowns may not sum due to rounding."
debt-o-p002-y1999-r042,O,2,https://github.com/tordecilla/unprogrammed-appropriations/releases/download/pdfs-debt-pages-v1/annex-o-p002.pdf,1999,historical debt service,II. Amortization,subtotal,principalAmortization,,II. Amortization,million pesos,99106,99106000000,1000000,,,,,"All printed annual aggregates and visible instrument/assumed-liability rows are staged. For domestic NG, instrument-detail rows are all zero in 1986 and sum to zero in 1988 while printed subtotals are 13,845 and 25,710; these source differences are preserved. Other years reconcile, except as qualified by the printed note that breakdowns may not sum due to rounding."
debt-o-p002-y2000-r042,O,2,https://github.com/tordecilla/unprogrammed-appropriations/releases/download/pdfs-debt-pages-v1/annex-o-p002.pdf,2000,historical debt service,II. Amortization,subtotal,principalAmortization,,II. Amortization,million pesos,86949,86949000000,1000000,,,,,"All printed annual aggregates and visible instrument/assumed-liability rows are staged. For domestic NG, instrument-detail rows are all zero in 1986 and sum to zero in 1988 while printed subtotals are 13,845 and 25,710; these source differences are preserved. Other years reconcile, except as qualified by the printed note that breakdowns may not sum due to rounding."
debt-o-p002-y2001-r042,O,2,https://github.com/tordecilla/unprogrammed-appropriations/releases/download/pdfs-debt-pages-v1/annex-o-p002.pdf,2001,historical debt service,II. Amortization,subtotal,principalAmortization,,II. Amortization,million pesos,99605,99605000000,1000000,,,,,"All printed annual aggregates and visible instrument/assumed-liability rows are staged. For domestic NG, instrument-detail rows are all zero in 1986 and sum to zero in 1988 while printed subtotals are 13,845 and 25,710; these source differences are preserved. Other years reconcile, except as qualified by the printed note that breakdowns may not sum due to rounding."
debt-o-p002-y2002-r042,O,2,https://github.com/tordecilla/unprogrammed-appropriations/releases/download/pdfs-debt-pages-v1/annex-o-p002.pdf,2002,historical debt service,II. Amortization,subtotal,principalAmortization,,II. Amortization,million pesos,172098,172098000000,1000000,,,,,"All printed annual aggregates and visible instrument/assumed-liability rows are staged. For domestic NG, instrument-detail rows are all zero in 1986 and sum to zero in 1988 while printed subtotals are 13,845 and 25,710; these source differences are preserved. Other years reconcile, except as qualified by the printed note that breakdowns may not sum due to rounding."
debt-o-p002-y2003-r042,O,2,https://github.com/tordecilla/unprogrammed-appropriations/releases/download/pdfs-debt-pages-v1/annex-o-p002.pdf,2003,historical debt service,II. Amortization,subtotal,principalAmortization,,II. Amortization,million pesos,243582,243582000000,1000000,,,,,"All printed annual aggregates and visible instrument/assumed-liability rows are staged. For domestic NG, instrument-detail rows are all zero in 1986 and sum to zero in 1988 while printed subtotals are 13,845 and 25,710; these source differences are preserved. Other years reconcile, except as qualified by the printed note that breakdowns may not sum due to rounding."
debt-o-p002-y1986-r043,O,2,https://github.com/tordecilla/unprogrammed-appropriations/releases/download/pdfs-debt-pages-v1/annex-o-p002.pdf,1986,historical debt service,Domestic,subtotal,debtServiceTotal,domestic,II. Amortization > Domestic,million pesos,7012,7012000000,1000000,,,,,"All printed annual aggregates and visible instrument/assumed-liability rows are staged. For domestic NG, instrument-detail rows are all zero in 1986 and sum to zero in 1988 while printed subtotals are 13,845 and 25,710; these source differences are preserved. Other years reconcile, except as qualified by the printed note that breakdowns may not sum due to rounding."
debt-o-p002-y1987-r043,O,2,https://github.com/tordecilla/unprogrammed-appropriations/releases/download/pdfs-debt-pages-v1/annex-o-p002.pdf,1987,historical debt service,Domestic,subtotal,debtServiceTotal,domestic,II. Amortization > Domestic,million pesos,24281,24281000000,1000000,,,,,"All printed annual aggregates and visible instrument/assumed-liability rows are staged. For domestic NG, instrument-detail rows are all zero in 1986 and sum to zero in 1988 while printed subtotals are 13,845 and 25,710; these source differences are preserved. Other years reconcile, except as qualified by the printed note that breakdowns may not sum due to rounding."
debt-o-p002-y1988-r043,O,2,https://github.com/tordecilla/unprogrammed-appropriations/releases/download/pdfs-debt-pages-v1/annex-o-p002.pdf,1988,historical debt service,Domestic,subtotal,debtServiceTotal,domestic,II. Amortization > Domestic,million pesos,12251,12251000000,1000000,,,,,"All printed annual aggregates and visible instrument/assumed-liability rows are staged. For domestic NG, instrument-detail rows are all zero in 1986 and sum to zero in 1988 while printed subtotals are 13,845 and 25,710; these source differences are preserved. Other years reconcile, except as qualified by the printed note that breakdowns may not sum due to rounding."
debt-o-p002-y1989-r043,O,2,https://github.com/tordecilla/unprogrammed-appropriations/releases/download/pdfs-debt-pages-v1/annex-o-p002.pdf,1989,historical debt service,Domestic,subtotal,debtServiceTotal,domestic,II. Amortization > Domestic,million pesos,16760,16760000000,1000000,,,,,"All printed annual aggregates and visible instrument/assumed-liability rows are staged. For domestic NG, instrument-detail rows are all zero in 1986 and sum to zero in 1988 while printed subtotals are 13,845 and 25,710; these source differences are preserved. Other years reconcile, except as qualified by the printed note that breakdowns may not sum due to rounding."
debt-o-p002-y1990-r043,O,2,https://github.com/tordecilla/unprogrammed-appropriations/releases/download/pdfs-debt-pages-v1/annex-o-p002.pdf,1990,historical debt service,Domestic,subtotal,debtServiceTotal,domestic,II. Amortization > Domestic,million pesos,14952,14952000000,1000000,,,,,"All printed annual aggregates and visible instrument/assumed-liability rows are staged. For domestic NG, instrument-detail rows are all zero in 1986 and sum to zero in 1988 while printed subtotals are 13,845 and 25,710; these source differences are preserved. Other years reconcile, except as qualified by the printed note that breakdowns may not sum due to rounding."
debt-o-p002-y1991-r043,O,2,https://github.com/tordecilla/unprogrammed-appropriations/releases/download/pdfs-debt-pages-v1/annex-o-p002.pdf,1991,historical debt service,Domestic,subtotal,debtServiceTotal,domestic,II. Amortization > Domestic,million pesos,30354,30354000000,1000000,,,,,"All printed annual aggregates and visible instrument/assumed-liability rows are staged. For domestic NG, instrument-detail rows are all zero in 1986 and sum to zero in 1988 while printed subtotals are 13,845 and 25,710; these source differences are preserved. Other years reconcile, except as qualified by the printed note that breakdowns may not sum due to rounding."
debt-o-p002-y1992-r043,O,2,https://github.com/tordecilla/unprogrammed-appropriations/releases/download/pdfs-debt-pages-v1/annex-o-p002.pdf,1992,historical debt service,Domestic,subtotal,debtServiceTotal,domestic,II. Amortization > Domestic,million pesos,9898,9898000000,1000000,,,,,"All printed annual aggregates and visible instrument/assumed-liability rows are staged. For domestic NG, instrument-detail rows are all zero in 1986 and sum to zero in 1988 while printed subtotals are 13,845 and 25,710; these source differences are preserved. Other years reconcile, except as qualified by the printed note that breakdowns may not sum due to rounding."
debt-o-p002-y1993-r043,O,2,https://github.com/tordecilla/unprogrammed-appropriations/releases/download/pdfs-debt-pages-v1/annex-o-p002.pdf,1993,historical debt service,Domestic,subtotal,debtServiceTotal,domestic,II. Amortization > Domestic,million pesos,11574,11574000000,1000000,,,,,"All printed annual aggregates and visible instrument/assumed-liability rows are staged. For domestic NG, instrument-detail rows are all zero in 1986 and sum to zero in 1988 while printed subtotals are 13,845 and 25,710; these source differences are preserved. Other years reconcile, except as qualified by the printed note that breakdowns may not sum due to rounding."
debt-o-p002-y1994-r043,O,2,https://github.com/tordecilla/unprogrammed-appropriations/releases/download/pdfs-debt-pages-v1/annex-o-p002.pdf,1994,historical debt service,Domestic,subtotal,debtServiceTotal,domestic,II. Amortization > Domestic,million pesos,14981,14981000000,1000000,,,,,"All printed annual aggregates and visible instrument/assumed-liability rows are staged. For domestic NG, instrument-detail rows are all zero in 1986 and sum to zero in 1988 while printed subtotals are 13,845 and 25,710; these source differences are preserved. Other years reconcile, except as qualified by the printed note that breakdowns may not sum due to rounding."
debt-o-p002-y1995-r043,O,2,https://github.com/tordecilla/unprogrammed-appropriations/releases/download/pdfs-debt-pages-v1/annex-o-p002.pdf,1995,historical debt service,Domestic,subtotal,debtServiceTotal,domestic,II. Amortization > Domestic,million pesos,34338,34338000000,1000000,,,,,"All printed annual aggregates and visible instrument/assumed-liability rows are staged. For domestic NG, instrument-detail rows are all zero in 1986 and sum to zero in 1988 while printed subtotals are 13,845 and 25,710; these source differences are preserved. Other years reconcile, except as qualified by the printed note that breakdowns may not sum due to rounding."
debt-o-p002-y1996-r043,O,2,https://github.com/tordecilla/unprogrammed-appropriations/releases/download/pdfs-debt-pages-v1/annex-o-p002.pdf,1996,historical debt service,Domestic,subtotal,debtServiceTotal,domestic,II. Amortization > Domestic,million pesos,13260,13260000000,1000000,,,,,"All printed annual aggregates and visible instrument/assumed-liability rows are staged. For domestic NG, instrument-detail rows are all zero in 1986 and sum to zero in 1988 while printed subtotals are 13,845 and 25,710; these source differences are preserved. Other years reconcile, except as qualified by the printed note that breakdowns may not sum due to rounding."
debt-o-p002-y1997-r043,O,2,https://github.com/tordecilla/unprogrammed-appropriations/releases/download/pdfs-debt-pages-v1/annex-o-p002.pdf,1997,historical debt service,Domestic,subtotal,debtServiceTotal,domestic,II. Amortization > Domestic,million pesos,17865,17865000000,1000000,,,,,"All printed annual aggregates and visible instrument/assumed-liability rows are staged. For domestic NG, instrument-detail rows are all zero in 1986 and sum to zero in 1988 while printed subtotals are 13,845 and 25,710; these source differences are preserved. Other years reconcile, except as qualified by the printed note that breakdowns may not sum due to rounding."
debt-o-p002-y1998-r043,O,2,https://github.com/tordecilla/unprogrammed-appropriations/releases/download/pdfs-debt-pages-v1/annex-o-p002.pdf,1998,historical debt service,Domestic,subtotal,debtServiceTotal,domestic,II. Amortization > Domestic,million pesos,28761,28761000000,1000000,,,,,"All printed annual aggregates and visible instrument/assumed-liability rows are staged. For domestic NG, instrument-detail rows are all zero in 1986 and sum to zero in 1988 while printed subtotals are 13,845 and 25,710; these source differences are preserved. Other years reconcile, except as qualified by the printed note that breakdowns may not sum due to rounding."
debt-o-p002-y1999-r043,O,2,https://github.com/tordecilla/unprogrammed-appropriations/releases/download/pdfs-debt-pages-v1/annex-o-p002.pdf,1999,historical debt service,Domestic,subtotal,debtServiceTotal,domestic,II. Amortization > Domestic,million pesos,61152,61152000000,1000000,,,,,"All printed annual aggregates and visible instrument/assumed-liability rows are staged. For domestic NG, instrument-detail rows are all zero in 1986 and sum to zero in 1988 while printed subtotals are 13,845 and 25,710; these source differences are preserved. Other years reconcile, except as qualified by the printed note that breakdowns may not sum due to rounding."
debt-o-p002-y2000-r043,O,2,https://github.com/tordecilla/unprogrammed-appropriations/releases/download/pdfs-debt-pages-v1/annex-o-p002.pdf,2000,historical debt service,Domestic,subtotal,debtServiceTotal,domestic,II. Amortization > Domestic,million pesos,45429,45429000000,1000000,,,,,"All printed annual aggregates and visible instrument/assumed-liability rows are staged. For domestic NG, instrument-detail rows are all zero in 1986 and sum to zero in 1988 while printed subtotals are 13,845 and 25,710; these source differences are preserved. Other years reconcile, except as qualified by the printed note that breakdowns may not sum due to rounding."
debt-o-p002-y2001-r043,O,2,https://github.com/tordecilla/unprogrammed-appropriations/releases/download/pdfs-debt-pages-v1/annex-o-p002.pdf,2001,historical debt service,Domestic,subtotal,debtServiceTotal,domestic,II. Amortization > Domestic,million pesos,54038,54038000000,1000000,,,,,"All printed annual aggregates and visible instrument/assumed-liability rows are staged. For domestic NG, instrument-detail rows are all zero in 1986 and sum to zero in 1988 while printed subtotals are 13,845 and 25,710; these source differences are preserved. Other years reconcile, except as qualified by the printed note that breakdowns may not sum due to rounding."
debt-o-p002-y2002-r043,O,2,https://github.com/tordecilla/unprogrammed-appropriations/releases/download/pdfs-debt-pages-v1/annex-o-p002.pdf,2002,historical debt service,Domestic,subtotal,debtServiceTotal,domestic,II. Amortization > Domestic,million pesos,80944,80944000000,1000000,,,,,"All printed annual aggregates and visible instrument/assumed-liability rows are staged. For domestic NG, instrument-detail rows are all zero in 1986 and sum to zero in 1988 while printed subtotals are 13,845 and 25,710; these source differences are preserved. Other years reconcile, except as qualified by the printed note that breakdowns may not sum due to rounding."
debt-o-p002-y2003-r043,O,2,https://github.com/tordecilla/unprogrammed-appropriations/releases/download/pdfs-debt-pages-v1/annex-o-p002.pdf,2003,historical debt service,Domestic,subtotal,debtServiceTotal,domestic,II. Amortization > Domestic,million pesos,147322,147322000000,1000000,,,,,"All printed annual aggregates and visible instrument/assumed-liability rows are staged. For domestic NG, instrument-detail rows are all zero in 1986 and sum to zero in 1988 while printed subtotals are 13,845 and 25,710; these source differences are preserved. Other years reconcile, except as qualified by the printed note that breakdowns may not sum due to rounding."
debt-o-p002-y1986-r044,O,2,https://github.com/tordecilla/unprogrammed-appropriations/releases/download/pdfs-debt-pages-v1/annex-o-p002.pdf,1986,historical debt service,Foreign,subtotal,debtServiceTotal,foreign,II. Amortization > Foreign,million pesos,6189,6189000000,1000000,,,,,"All printed annual aggregates and visible instrument/assumed-liability rows are staged. For domestic NG, instrument-detail rows are all zero in 1986 and sum to zero in 1988 while printed subtotals are 13,845 and 25,710; these source differences are preserved. Other years reconcile, except as qualified by the printed note that breakdowns may not sum due to rounding."
debt-o-p002-y1987-r044,O,2,https://github.com/tordecilla/unprogrammed-appropriations/releases/download/pdfs-debt-pages-v1/annex-o-p002.pdf,1987,historical debt service,Foreign,subtotal,debtServiceTotal,foreign,II. Amortization > Foreign,million pesos,8658,8658000000,1000000,,,,,"All printed annual aggregates and visible instrument/assumed-liability rows are staged. For domestic NG, instrument-detail rows are all zero in 1986 and sum to zero in 1988 while printed subtotals are 13,845 and 25,710; these source differences are preserved. Other years reconcile, except as qualified by the printed note that breakdowns may not sum due to rounding."
debt-o-p002-y1988-r044,O,2,https://github.com/tordecilla/unprogrammed-appropriations/releases/download/pdfs-debt-pages-v1/annex-o-p002.pdf,1988,historical debt service,Foreign,subtotal,debtServiceTotal,foreign,II. Amortization > Foreign,million pesos,13048,13048000000,1000000,,,,,"All printed annual aggregates and visible instrument/assumed-liability rows are staged. For domestic NG, instrument-detail rows are all zero in 1986 and sum to zero in 1988 while printed subtotals are 13,845 and 25,710; these source differences are preserved. Other years reconcile, except as qualified by the printed note that breakdowns may not sum due to rounding."
debt-o-p002-y1989-r044,O,2,https://github.com/tordecilla/unprogrammed-appropriations/releases/download/pdfs-debt-pages-v1/annex-o-p002.pdf,1989,historical debt service,Foreign,subtotal,debtServiceTotal,foreign,II. Amortization > Foreign,million pesos,11743,11743000000,1000000,,,,,"All printed annual aggregates and visible instrument/assumed-liability rows are staged. For domestic NG, instrument-detail rows are all zero in 1986 and sum to zero in 1988 while printed subtotals are 13,845 and 25,710; these source differences are preserved. Other years reconcile, except as qualified by the printed note that breakdowns may not sum due to rounding."
debt-o-p002-y1990-r044,O,2,https://github.com/tordecilla/unprogrammed-appropriations/releases/download/pdfs-debt-pages-v1/annex-o-p002.pdf,1990,historical debt service,Foreign,subtotal,debtServiceTotal,foreign,II. Amortization > Foreign,million pesos,20280,20280000000,1000000,,,,,"All printed annual aggregates and visible instrument/assumed-liability rows are staged. For domestic NG, instrument-detail rows are all zero in 1986 and sum to zero in 1988 while printed subtotals are 13,845 and 25,710; these source differences are preserved. Other years reconcile, except as qualified by the printed note that breakdowns may not sum due to rounding."
debt-o-p002-y1991-r044,O,2,https://github.com/tordecilla/unprogrammed-appropriations/releases/download/pdfs-debt-pages-v1/annex-o-p002.pdf,1991,historical debt service,Foreign,subtotal,debtServiceTotal,foreign,II. Amortization > Foreign,million pesos,16206,16206000000,1000000,,,,,"All printed annual aggregates and visible instrument/assumed-liability rows are staged. For domestic NG, instrument-detail rows are all zero in 1986 and sum to zero in 1988 while printed subtotals are 13,845 and 25,710; these source differences are preserved. Other years reconcile, except as qualified by the printed note that breakdowns may not sum due to rounding."
debt-o-p002-y1992-r044,O,2,https://github.com/tordecilla/unprogrammed-appropriations/releases/download/pdfs-debt-pages-v1/annex-o-p002.pdf,1992,historical debt service,Foreign,subtotal,debtServiceTotal,foreign,II. Amortization > Foreign,million pesos,19753,19753000000,1000000,,,,,"All printed annual aggregates and visible instrument/assumed-liability rows are staged. For domestic NG, instrument-detail rows are all zero in 1986 and sum to zero in 1988 while printed subtotals are 13,845 and 25,710; these source differences are preserved. Other years reconcile, except as qualified by the printed note that breakdowns may not sum due to rounding."
debt-o-p002-y1993-r044,O,2,https://github.com/tordecilla/unprogrammed-appropriations/releases/download/pdfs-debt-pages-v1/annex-o-p002.pdf,1993,historical debt service,Foreign,subtotal,debtServiceTotal,foreign,II. Amortization > Foreign,million pesos,25313,25313000000,1000000,,,,,"All printed annual aggregates and visible instrument/assumed-liability rows are staged. For domestic NG, instrument-detail rows are all zero in 1986 and sum to zero in 1988 while printed subtotals are 13,845 and 25,710; these source differences are preserved. Other years reconcile, except as qualified by the printed note that breakdowns may not sum due to rounding."
debt-o-p002-y1994-r044,O,2,https://github.com/tordecilla/unprogrammed-appropriations/releases/download/pdfs-debt-pages-v1/annex-o-p002.pdf,1994,historical debt service,Foreign,subtotal,debtServiceTotal,foreign,II. Amortization > Foreign,million pesos,23863,23863000000,1000000,,,,,"All printed annual aggregates and visible instrument/assumed-liability rows are staged. For domestic NG, instrument-detail rows are all zero in 1986 and sum to zero in 1988 while printed subtotals are 13,845 and 25,710; these source differences are preserved. Other years reconcile, except as qualified by the printed note that breakdowns may not sum due to rounding."
debt-o-p002-y1995-r044,O,2,https://github.com/tordecilla/unprogrammed-appropriations/releases/download/pdfs-debt-pages-v1/annex-o-p002.pdf,1995,historical debt service,Foreign,subtotal,debtServiceTotal,foreign,II. Amortization > Foreign,million pesos,30179,30179000000,1000000,,,,,"All printed annual aggregates and visible instrument/assumed-liability rows are staged. For domestic NG, instrument-detail rows are all zero in 1986 and sum to zero in 1988 while printed subtotals are 13,845 and 25,710; these source differences are preserved. Other years reconcile, except as qualified by the printed note that breakdowns may not sum due to rounding."
debt-o-p002-y1996-r044,O,2,https://github.com/tordecilla/unprogrammed-appropriations/releases/download/pdfs-debt-pages-v1/annex-o-p002.pdf,1996,historical debt service,Foreign,subtotal,debtServiceTotal,foreign,II. Amortization > Foreign,million pesos,27960,27960000000,1000000,,,,,"All printed annual aggregates and visible instrument/assumed-liability rows are staged. For domestic NG, instrument-detail rows are all zero in 1986 and sum to zero in 1988 while printed subtotals are 13,845 and 25,710; these source differences are preserved. Other years reconcile, except as qualified by the printed note that breakdowns may not sum due to rounding."
debt-o-p002-y1997-r044,O,2,https://github.com/tordecilla/unprogrammed-appropriations/releases/download/pdfs-debt-pages-v1/annex-o-p002.pdf,1997,historical debt service,Foreign,subtotal,debtServiceTotal,foreign,II. Amortization > Foreign,million pesos,29813,29813000000,1000000,,,,,"All printed annual aggregates and visible instrument/assumed-liability rows are staged. For domestic NG, instrument-detail rows are all zero in 1986 and sum to zero in 1988 while printed subtotals are 13,845 and 25,710; these source differences are preserved. Other years reconcile, except as qualified by the printed note that breakdowns may not sum due to rounding."
debt-o-p002-y1998-r044,O,2,https://github.com/tordecilla/unprogrammed-appropriations/releases/download/pdfs-debt-pages-v1/annex-o-p002.pdf,1998,historical debt service,Foreign,subtotal,debtServiceTotal,foreign,II. Amortization > Foreign,million pesos,35956,35956000000,1000000,,,,,"All printed annual aggregates and visible instrument/assumed-liability rows are staged. For domestic NG, instrument-detail rows are all zero in 1986 and sum to zero in 1988 while printed subtotals are 13,845 and 25,710; these source differences are preserved. Other years reconcile, except as qualified by the printed note that breakdowns may not sum due to rounding."
debt-o-p002-y1999-r044,O,2,https://github.com/tordecilla/unprogrammed-appropriations/releases/download/pdfs-debt-pages-v1/annex-o-p002.pdf,1999,historical debt service,Foreign,subtotal,debtServiceTotal,foreign,II. Amortization > Foreign,million pesos,37954,37954000000,1000000,,,,,"All printed annual aggregates and visible instrument/assumed-liability rows are staged. For domestic NG, instrument-detail rows are all zero in 1986 and sum to zero in 1988 while printed subtotals are 13,845 and 25,710; these source differences are preserved. Other years reconcile, except as qualified by the printed note that breakdowns may not sum due to rounding."
debt-o-p002-y2000-r044,O,2,https://github.com/tordecilla/unprogrammed-appropriations/releases/download/pdfs-debt-pages-v1/annex-o-p002.pdf,2000,historical debt service,Foreign,subtotal,debtServiceTotal,foreign,II. Amortization > Foreign,million pesos,41520,41520000000,1000000,,,,,"All printed annual aggregates and visible instrument/assumed-liability rows are staged. For domestic NG, instrument-detail rows are all zero in 1986 and sum to zero in 1988 while printed subtotals are 13,845 and 25,710; these source differences are preserved. Other years reconcile, except as qualified by the printed note that breakdowns may not sum due to rounding."
debt-o-p002-y2001-r044,O,2,https://github.com/tordecilla/unprogrammed-appropriations/releases/download/pdfs-debt-pages-v1/annex-o-p002.pdf,2001,historical debt service,Foreign,subtotal,debtServiceTotal,foreign,II. Amortization > Foreign,million pesos,45567,45567000000,1000000,,,,,"All printed annual aggregates and visible instrument/assumed-liability rows are staged. For domestic NG, instrument-detail rows are all zero in 1986 and sum to zero in 1988 while printed subtotals are 13,845 and 25,710; these source differences are preserved. Other years reconcile, except as qualified by the printed note that breakdowns may not sum due to rounding."
debt-o-p002-y2002-r044,O,2,https://github.com/tordecilla/unprogrammed-appropriations/releases/download/pdfs-debt-pages-v1/annex-o-p002.pdf,2002,historical debt service,Foreign,subtotal,debtServiceTotal,foreign,II. Amortization > Foreign,million pesos,91154,91154000000,1000000,,,,,"All printed annual aggregates and visible instrument/assumed-liability rows are staged. For domestic NG, instrument-detail rows are all zero in 1986 and sum to zero in 1988 while printed subtotals are 13,845 and 25,710; these source differences are preserved. Other years reconcile, except as qualified by the printed note that breakdowns may not sum due to rounding."
debt-o-p002-y2003-r044,O,2,https://github.com/tordecilla/unprogrammed-appropriations/releases/download/pdfs-debt-pages-v1/annex-o-p002.pdf,2003,historical debt service,Foreign,subtotal,debtServiceTotal,foreign,II. Amortization > Foreign,million pesos,96260,96260000000,1000000,,,,,"All printed annual aggregates and visible instrument/assumed-liability rows are staged. For domestic NG, instrument-detail rows are all zero in 1986 and sum to zero in 1988 while printed subtotals are 13,845 and 25,710; these source differences are preserved. Other years reconcile, except as qualified by the printed note that breakdowns may not sum due to rounding."
debt-o-p002-y1986-r045,O,2,https://github.com/tordecilla/unprogrammed-appropriations/releases/download/pdfs-debt-pages-v1/annex-o-p002.pdf,1986,historical debt service,TOTAL,grandTotal,debtServiceTotal,,TOTAL,million pesos,34813,34813000000,1000000,,,,,"All printed annual aggregates and visible instrument/assumed-liability rows are staged. For domestic NG, instrument-detail rows are all zero in 1986 and sum to zero in 1988 while printed subtotals are 13,845 and 25,710; these source differences are preserved. Other years reconcile, except as qualified by the printed note that breakdowns may not sum due to rounding."
debt-o-p002-y1987-r045,O,2,https://github.com/tordecilla/unprogrammed-appropriations/releases/download/pdfs-debt-pages-v1/annex-o-p002.pdf,1987,historical debt service,TOTAL,grandTotal,debtServiceTotal,,TOTAL,million pesos,69844,69844000000,1000000,,,,,"All printed annual aggregates and visible instrument/assumed-liability rows are staged. For domestic NG, instrument-detail rows are all zero in 1986 and sum to zero in 1988 while printed subtotals are 13,845 and 25,710; these source differences are preserved. Other years reconcile, except as qualified by the printed note that breakdowns may not sum due to rounding."
debt-o-p002-y1988-r045,O,2,https://github.com/tordecilla/unprogrammed-appropriations/releases/download/pdfs-debt-pages-v1/annex-o-p002.pdf,1988,historical debt service,TOTAL,grandTotal,debtServiceTotal,,TOTAL,million pesos,71164,71164000000,1000000,,,,,"All printed annual aggregates and visible instrument/assumed-liability rows are staged. For domestic NG, instrument-detail rows are all zero in 1986 and sum to zero in 1988 while printed subtotals are 13,845 and 25,710; these source differences are preserved. Other years reconcile, except as qualified by the printed note that breakdowns may not sum due to rounding."
debt-o-p002-y1989-r045,O,2,https://github.com/tordecilla/unprogrammed-appropriations/releases/download/pdfs-debt-pages-v1/annex-o-p002.pdf,1989,historical debt service,TOTAL,grandTotal,debtServiceTotal,,TOTAL,million pesos,83217,83217000000,1000000,,,,,"All printed annual aggregates and visible instrument/assumed-liability rows are staged. For domestic NG, instrument-detail rows are all zero in 1986 and sum to zero in 1988 while printed subtotals are 13,845 and 25,710; these source differences are preserved. Other years reconcile, except as qualified by the printed note that breakdowns may not sum due to rounding."
debt-o-p002-y1990-r045,O,2,https://github.com/tordecilla/unprogrammed-appropriations/releases/download/pdfs-debt-pages-v1/annex-o-p002.pdf,1990,historical debt service,TOTAL,grandTotal,debtServiceTotal,,TOTAL,million pesos,106346,106346000000,1000000,,,,,"All printed annual aggregates and visible instrument/assumed-liability rows are staged. For domestic NG, instrument-detail rows are all zero in 1986 and sum to zero in 1988 while printed subtotals are 13,845 and 25,710; these source differences are preserved. Other years reconcile, except as qualified by the printed note that breakdowns may not sum due to rounding."
debt-o-p002-y1991-r045,O,2,https://github.com/tordecilla/unprogrammed-appropriations/releases/download/pdfs-debt-pages-v1/annex-o-p002.pdf,1991,historical debt service,TOTAL,grandTotal,debtServiceTotal,,TOTAL,million pesos,121482,121482000000,1000000,,,,,"All printed annual aggregates and visible instrument/assumed-liability rows are staged. For domestic NG, instrument-detail rows are all zero in 1986 and sum to zero in 1988 while printed subtotals are 13,845 and 25,710; these source differences are preserved. Other years reconcile, except as qualified by the printed note that breakdowns may not sum due to rounding."
debt-o-p002-y1992-r045,O,2,https://github.com/tordecilla/unprogrammed-appropriations/releases/download/pdfs-debt-pages-v1/annex-o-p002.pdf,1992,historical debt service,TOTAL,grandTotal,debtServiceTotal,,TOTAL,million pesos,109222,109222000000,1000000,,,,,"All printed annual aggregates and visible instrument/assumed-liability rows are staged. For domestic NG, instrument-detail rows are all zero in 1986 and sum to zero in 1988 while printed subtotals are 13,845 and 25,710; these source differences are preserved. Other years reconcile, except as qualified by the printed note that breakdowns may not sum due to rounding."
debt-o-p002-y1993-r045,O,2,https://github.com/tordecilla/unprogrammed-appropriations/releases/download/pdfs-debt-pages-v1/annex-o-p002.pdf,1993,historical debt service,TOTAL,grandTotal,debtServiceTotal,,TOTAL,million pesos,113378,113378000000,1000000,,,,,"All printed annual aggregates and visible instrument/assumed-liability rows are staged. For domestic NG, instrument-detail rows are all zero in 1986 and sum to zero in 1988 while printed subtotals are 13,845 and 25,710; these source differences are preserved. Other years reconcile, except as qualified by the printed note that breakdowns may not sum due to rounding."
debt-o-p002-y1994-r045,O,2,https://github.com/tordecilla/unprogrammed-appropriations/releases/download/pdfs-debt-pages-v1/annex-o-p002.pdf,1994,historical debt service,TOTAL,grandTotal,debtServiceTotal,,TOTAL,million pesos,117967,117967000000,1000000,,,,,"All printed annual aggregates and visible instrument/assumed-liability rows are staged. For domestic NG, instrument-detail rows are all zero in 1986 and sum to zero in 1988 while printed subtotals are 13,845 and 25,710; these source differences are preserved. Other years reconcile, except as qualified by the printed note that breakdowns may not sum due to rounding."
debt-o-p002-y1995-r045,O,2,https://github.com/tordecilla/unprogrammed-appropriations/releases/download/pdfs-debt-pages-v1/annex-o-p002.pdf,1995,historical debt service,TOTAL,grandTotal,debtServiceTotal,,TOTAL,million pesos,137175,137175000000,1000000,,,,,"All printed annual aggregates and visible instrument/assumed-liability rows are staged. For domestic NG, instrument-detail rows are all zero in 1986 and sum to zero in 1988 while printed subtotals are 13,845 and 25,710; these source differences are preserved. Other years reconcile, except as qualified by the printed note that breakdowns may not sum due to rounding."
debt-o-p002-y1996-r045,O,2,https://github.com/tordecilla/unprogrammed-appropriations/releases/download/pdfs-debt-pages-v1/annex-o-p002.pdf,1996,historical debt service,TOTAL,grandTotal,debtServiceTotal,,TOTAL,million pesos,117742,117742000000,1000000,,,,,"All printed annual aggregates and visible instrument/assumed-liability rows are staged. For domestic NG, instrument-detail rows are all zero in 1986 and sum to zero in 1988 while printed subtotals are 13,845 and 25,710; these source differences are preserved. Other years reconcile, except as qualified by the printed note that breakdowns may not sum due to rounding."
debt-o-p002-y1997-r045,O,2,https://github.com/tordecilla/unprogrammed-appropriations/releases/download/pdfs-debt-pages-v1/annex-o-p002.pdf,1997,historical debt service,TOTAL,grandTotal,debtServiceTotal,,TOTAL,million pesos,125649,125649000000,1000000,,,,,"All printed annual aggregates and visible instrument/assumed-liability rows are staged. For domestic NG, instrument-detail rows are all zero in 1986 and sum to zero in 1988 while printed subtotals are 13,845 and 25,710; these source differences are preserved. Other years reconcile, except as qualified by the printed note that breakdowns may not sum due to rounding."
debt-o-p002-y1998-r045,O,2,https://github.com/tordecilla/unprogrammed-appropriations/releases/download/pdfs-debt-pages-v1/annex-o-p002.pdf,1998,historical debt service,TOTAL,grandTotal,debtServiceTotal,,TOTAL,million pesos,164509,164509000000,1000000,,,,,"All printed annual aggregates and visible instrument/assumed-liability rows are staged. For domestic NG, instrument-detail rows are all zero in 1986 and sum to zero in 1988 while printed subtotals are 13,845 and 25,710; these source differences are preserved. Other years reconcile, except as qualified by the printed note that breakdowns may not sum due to rounding."
debt-o-p002-y1999-r045,O,2,https://github.com/tordecilla/unprogrammed-appropriations/releases/download/pdfs-debt-pages-v1/annex-o-p002.pdf,1999,historical debt service,TOTAL,grandTotal,debtServiceTotal,,TOTAL,million pesos,205396,205396000000,1000000,,,,,"All printed annual aggregates and visible instrument/assumed-liability rows are staged. For domestic NG, instrument-detail rows are all zero in 1986 and sum to zero in 1988 while printed subtotals are 13,845 and 25,710; these source differences are preserved. Other years reconcile, except as qualified by the printed note that breakdowns may not sum due to rounding."
debt-o-p002-y2000-r045,O,2,https://github.com/tordecilla/unprogrammed-appropriations/releases/download/pdfs-debt-pages-v1/annex-o-p002.pdf,2000,historical debt service,TOTAL,grandTotal,debtServiceTotal,,TOTAL,million pesos,227843,227843000000,1000000,,,,,"All printed annual aggregates and visible instrument/assumed-liability rows are staged. For domestic NG, instrument-detail rows are all zero in 1986 and sum to zero in 1988 while printed subtotals are 13,845 and 25,710; these source differences are preserved. Other years reconcile, except as qualified by the printed note that breakdowns may not sum due to rounding."
debt-o-p002-y2001-r045,O,2,https://github.com/tordecilla/unprogrammed-appropriations/releases/download/pdfs-debt-pages-v1/annex-o-p002.pdf,2001,historical debt service,TOTAL,grandTotal,debtServiceTotal,,TOTAL,million pesos,274439,274439000000,1000000,,,,,"All printed annual aggregates and visible instrument/assumed-liability rows are staged. For domestic NG, instrument-detail rows are all zero in 1986 and sum to zero in 1988 while printed subtotals are 13,845 and 25,710; these source differences are preserved. Other years reconcile, except as qualified by the printed note that breakdowns may not sum due to rounding."
debt-o-p002-y2002-r045,O,2,https://github.com/tordecilla/unprogrammed-appropriations/releases/download/pdfs-debt-pages-v1/annex-o-p002.pdf,2002,historical debt service,TOTAL,grandTotal,debtServiceTotal,,TOTAL,million pesos,357959,357959000000,1000000,,,,,"All printed annual aggregates and visible instrument/assumed-liability rows are staged. For domestic NG, instrument-detail rows are all zero in 1986 and sum to zero in 1988 while printed subtotals are 13,845 and 25,710; these source differences are preserved. Other years reconcile, except as qualified by the printed note that breakdowns may not sum due to rounding."
debt-o-p002-y2003-r045,O,2,https://github.com/tordecilla/unprogrammed-appropriations/releases/download/pdfs-debt-pages-v1/annex-o-p002.pdf,2003,historical debt service,TOTAL,grandTotal,debtServiceTotal,,TOTAL,million pesos,469990,469990000000,1000000,,,,,"All printed annual aggregates and visible instrument/assumed-liability rows are staged. For domestic NG, instrument-detail rows are all zero in 1986 and sum to zero in 1988 while printed subtotals are 13,845 and 25,710; these source differences are preserved. Other years reconcile, except as qualified by the printed note that breakdowns may not sum due to rounding."
debt-p-p001-y2024-r001,P,1,https://github.com/tordecilla/unprogrammed-appropriations/releases/download/pdfs-debt-pages-v1/annex-p-p001.pdf,2024,2024-2026 debt service outlook,INTEREST PAYMENTS,subtotal,INTEREST PAYMENTS,,INTEREST PAYMENTS,million pesos,763313,763313000000,1000000,539829,223484,539829000000,223484000000,
debt-p-p001-y2025-r001,P,1,https://github.com/tordecilla/unprogrammed-appropriations/releases/download/pdfs-debt-pages-v1/annex-p-p001.pdf,2025,2024-2026 debt service outlook,INTEREST PAYMENTS,subtotal,INTEREST PAYMENTS,,INTEREST PAYMENTS,million pesos,848031,848031000000,1000000,618250,229781,618250000000,229781000000,
debt-p-p001-y2026-r001,P,1,https://github.com/tordecilla/unprogrammed-appropriations/releases/download/pdfs-debt-pages-v1/annex-p-p001.pdf,2026,2024-2026 debt service outlook,INTEREST PAYMENTS,subtotal,INTEREST PAYMENTS,,INTEREST PAYMENTS,million pesos,950000,950000000000,1000000,707477,242523,707477000000,242523000000,
debt-p-p001-y2024-r002,P,1,https://github.com/tordecilla/unprogrammed-appropriations/releases/download/pdfs-debt-pages-v1/annex-p-p001.pdf,2024,2024-2026 debt service outlook,NG Regular,detail,INTEREST PAYMENTS,,INTEREST PAYMENTS > NG Regular,million pesos,763313,763313000000,1000000,539829,223484,539829000000,223484000000,
debt-p-p001-y2025-r002,P,1,https://github.com/tordecilla/unprogrammed-appropriations/releases/download/pdfs-debt-pages-v1/annex-p-p001.pdf,2025,2024-2026 debt service outlook,NG Regular,detail,INTEREST PAYMENTS,,INTEREST PAYMENTS > NG Regular,million pesos,848031,848031000000,1000000,618250,229781,618250000000,229781000000,
debt-p-p001-y2026-r002,P,1,https://github.com/tordecilla/unprogrammed-appropriations/releases/download/pdfs-debt-pages-v1/annex-p-p001.pdf,2026,2024-2026 debt service outlook,NG Regular,detail,INTEREST PAYMENTS,,INTEREST PAYMENTS > NG Regular,million pesos,950000,950000000000,1000000,707477,242523,707477000000,242523000000,
debt-p-p001-y2024-r003,P,1,https://github.com/tordecilla/unprogrammed-appropriations/releases/download/pdfs-debt-pages-v1/annex-p-p001.pdf,2024,2024-2026 debt service outlook,PRINCIPAL AMORTIZATION,subtotal,PRINCIPAL AMORTIZATION,,PRINCIPAL AMORTIZATION,million pesos,1257329,1257329000000,1000000,1018036,239293,1018036000000,239293000000,
debt-p-p001-y2025-r003,P,1,https://github.com/tordecilla/unprogrammed-appropriations/releases/download/pdfs-debt-pages-v1/annex-p-p001.pdf,2025,2024-2026 debt service outlook,PRINCIPAL AMORTIZATION,subtotal,PRINCIPAL AMORTIZATION,,PRINCIPAL AMORTIZATION,million pesos,1206145,1206145000000,1000000,987050,219094,987050000000,219094000000,Printed domestic plus foreign differs from total by -1 million pesos.
debt-p-p001-y2026-r003,P,1,https://github.com/tordecilla/unprogrammed-appropriations/releases/download/pdfs-debt-pages-v1/annex-p-p001.pdf,2026,2024-2026 debt service outlook,PRINCIPAL AMORTIZATION,subtotal,PRINCIPAL AMORTIZATION,,PRINCIPAL AMORTIZATION,million pesos,1055609,1055609000000,1000000,889338,166271,889338000000,166271000000,
debt-p-p001-y2024-r004,P,1,https://github.com/tordecilla/unprogrammed-appropriations/releases/download/pdfs-debt-pages-v1/annex-p-p001.pdf,2024,2024-2026 debt service outlook,NG Regular,detail,PRINCIPAL AMORTIZATION,,PRINCIPAL AMORTIZATION > NG Regular,million pesos,1257329,1257329000000,1000000,1018036,239293,1018036000000,239293000000,
debt-p-p001-y2025-r004,P,1,https://github.com/tordecilla/unprogrammed-appropriations/releases/download/pdfs-debt-pages-v1/annex-p-p001.pdf,2025,2024-2026 debt service outlook,NG Regular,detail,PRINCIPAL AMORTIZATION,,PRINCIPAL AMORTIZATION > NG Regular,million pesos,1206145,1206145000000,1000000,987050,219094,987050000000,219094000000,Printed domestic plus foreign differs from total by -1 million pesos.
debt-p-p001-y2026-r004,P,1,https://github.com/tordecilla/unprogrammed-appropriations/releases/download/pdfs-debt-pages-v1/annex-p-p001.pdf,2026,2024-2026 debt service outlook,NG Regular,detail,PRINCIPAL AMORTIZATION,,PRINCIPAL AMORTIZATION > NG Regular,million pesos,1055609,1055609000000,1000000,889338,166271,889338000000,166271000000,
debt-p-p001-y2024-r005,P,1,https://github.com/tordecilla/unprogrammed-appropriations/releases/download/pdfs-debt-pages-v1/annex-p-p001.pdf,2024,2024-2026 debt service outlook,GRAND TOTAL,grandTotal,GRAND TOTAL,,GRAND TOTAL,million pesos,2020642,2020642000000,1000000,1557865,462777,1557865000000,462777000000,
debt-p-p001-y2025-r005,P,1,https://github.com/tordecilla/unprogrammed-appropriations/releases/download/pdfs-debt-pages-v1/annex-p-p001.pdf,2025,2024-2026 debt service outlook,GRAND TOTAL,grandTotal,GRAND TOTAL,,GRAND TOTAL,million pesos,2054175,2054175000000,1000000,1605300,448875,1605300000000,448875000000,
debt-p-p001-y2026-r005,P,1,https://github.com/tordecilla/unprogrammed-appropriations/releases/download/pdfs-debt-pages-v1/annex-p-p001.pdf,2026,2024-2026 debt service outlook,GRAND TOTAL,grandTotal,GRAND TOTAL,,GRAND TOTAL,million pesos,2005609,2005609000000,1000000,1596815,408794,1596815000000,408794000000,
