id,fiscalYear,sourceAnnex,sourcePage,printedPage,sourcePdf,scope,category,measure,expenseClass,printedAmount,printedUnit,amountPesos,precisionPesos,reviewNote
f-status-rollup-p001-c001,2025,F,1,1,https://github.com/tordecilla/unprogrammed-appropriations/releases/download/pdfs-status-pages-v1/annex-f-p001.pdf,Status report grand total,ALL UA purposes,Program,PS,15000000,thousand pesos,15000000000,1000,
f-status-rollup-p001-c002,2025,F,1,1,https://github.com/tordecilla/unprogrammed-appropriations/releases/download/pdfs-status-pages-v1/annex-f-p001.pdf,Status report grand total,ALL UA purposes,Program,MOOE,80118302,thousand pesos,80118302000,1000,
f-status-rollup-p001-c003,2025,F,1,1,https://github.com/tordecilla/unprogrammed-appropriations/releases/download/pdfs-status-pages-v1/annex-f-p001.pdf,Status report grand total,ALL UA purposes,Program,CO,268306506,thousand pesos,268306506000,1000,
f-status-rollup-p001-c004,2025,F,1,1,https://github.com/tordecilla/unprogrammed-appropriations/releases/download/pdfs-status-pages-v1/annex-f-p001.pdf,Status report grand total,ALL UA purposes,Program,Total,363424808,thousand pesos,363424808000,1000,
f-status-rollup-p001-c005,2025,F,1,1,https://github.com/tordecilla/unprogrammed-appropriations/releases/download/pdfs-status-pages-v1/annex-f-p001.pdf,Status report grand total,ALL UA purposes,Adjustments,PS,10008800,thousand pesos,10008800000,1000,
f-status-rollup-p001-c006,2025,F,1,1,https://github.com/tordecilla/unprogrammed-appropriations/releases/download/pdfs-status-pages-v1/annex-f-p001.pdf,Status report grand total,ALL UA purposes,Adjustments,MOOE,8755012,thousand pesos,8755012000,1000,
f-status-rollup-p001-c007,2025,F,1,1,https://github.com/tordecilla/unprogrammed-appropriations/releases/download/pdfs-status-pages-v1/annex-f-p001.pdf,Status report grand total,ALL UA purposes,Adjustments,CO,-18763812,thousand pesos,-18763812000,1000,
f-status-rollup-p001-c008,2025,F,1,1,https://github.com/tordecilla/unprogrammed-appropriations/releases/download/pdfs-status-pages-v1/annex-f-p001.pdf,Status report grand total,ALL UA purposes,Adjusted Program,PS,25008800,thousand pesos,25008800000,1000,
f-status-rollup-p001-c009,2025,F,1,1,https://github.com/tordecilla/unprogrammed-appropriations/releases/download/pdfs-status-pages-v1/annex-f-p001.pdf,Status report grand total,ALL UA purposes,Adjusted Program,MOOE,88873314,thousand pesos,88873314000,1000,
f-status-rollup-p001-c010,2025,F,1,1,https://github.com/tordecilla/unprogrammed-appropriations/releases/download/pdfs-status-pages-v1/annex-f-p001.pdf,Status report grand total,ALL UA purposes,Adjusted Program,CO,249542694,thousand pesos,249542694000,1000,
f-status-rollup-p001-c011,2025,F,1,1,https://github.com/tordecilla/unprogrammed-appropriations/releases/download/pdfs-status-pages-v1/annex-f-p001.pdf,Status report grand total,ALL UA purposes,Adjusted Program,Total,363424808,thousand pesos,363424808000,1000,
f-status-rollup-p001-c012,2025,F,1,1,https://github.com/tordecilla/unprogrammed-appropriations/releases/download/pdfs-status-pages-v1/annex-f-p001.pdf,Status report grand total,ALL UA purposes,Allotment Releases,PS,20456221,thousand pesos,20456221000,1000,
f-status-rollup-p001-c013,2025,F,1,1,https://github.com/tordecilla/unprogrammed-appropriations/releases/download/pdfs-status-pages-v1/annex-f-p001.pdf,Status report grand total,ALL UA purposes,Allotment Releases,MOOE,74171669,thousand pesos,74171669000,1000,
f-status-rollup-p001-c014,2025,F,1,1,https://github.com/tordecilla/unprogrammed-appropriations/releases/download/pdfs-status-pages-v1/annex-f-p001.pdf,Status report grand total,ALL UA purposes,Allotment Releases,CO,123566979,thousand pesos,123566979000,1000,
f-status-rollup-p001-c015,2025,F,1,1,https://github.com/tordecilla/unprogrammed-appropriations/releases/download/pdfs-status-pages-v1/annex-f-p001.pdf,Status report grand total,ALL UA purposes,Allotment Releases,Total,218194869,thousand pesos,218194869000,1000,
f-status-rollup-p001-c016,2025,F,1,1,https://github.com/tordecilla/unprogrammed-appropriations/releases/download/pdfs-status-pages-v1/annex-f-p001.pdf,Status report grand total,ALL UA purposes,Balance,PS,4552579,thousand pesos,4552579000,1000,
f-status-rollup-p001-c017,2025,F,1,1,https://github.com/tordecilla/unprogrammed-appropriations/releases/download/pdfs-status-pages-v1/annex-f-p001.pdf,Status report grand total,ALL UA purposes,Balance,MOOE,14701645,thousand pesos,14701645000,1000,
f-status-rollup-p001-c018,2025,F,1,1,https://github.com/tordecilla/unprogrammed-appropriations/releases/download/pdfs-status-pages-v1/annex-f-p001.pdf,Status report grand total,ALL UA purposes,Balance,CO,125975715,thousand pesos,125975715000,1000,
f-status-rollup-p001-c019,2025,F,1,1,https://github.com/tordecilla/unprogrammed-appropriations/releases/download/pdfs-status-pages-v1/annex-f-p001.pdf,Status report grand total,ALL UA purposes,Balance,Total,145229939,thousand pesos,145229939000,1000,
f-status-rollup-p001-c020,2025,F,1,1,https://github.com/tordecilla/unprogrammed-appropriations/releases/download/pdfs-status-pages-v1/annex-f-p001.pdf,Status report category subtotal,Strengthening Assistance for Government Infrastructure and Social Programs,Program,MOOE,63743068,thousand pesos,63743068000,1000,
f-status-rollup-p001-c021,2025,F,1,1,https://github.com/tordecilla/unprogrammed-appropriations/releases/download/pdfs-status-pages-v1/annex-f-p001.pdf,Status report category subtotal,Strengthening Assistance for Government Infrastructure and Social Programs,Program,CO,96379456,thousand pesos,96379456000,1000,
f-status-rollup-p001-c022,2025,F,1,1,https://github.com/tordecilla/unprogrammed-appropriations/releases/download/pdfs-status-pages-v1/annex-f-p001.pdf,Status report category subtotal,Strengthening Assistance for Government Infrastructure and Social Programs,Program,Total,160122524,thousand pesos,160122524000,1000,
f-status-rollup-p001-c023,2025,F,1,1,https://github.com/tordecilla/unprogrammed-appropriations/releases/download/pdfs-status-pages-v1/annex-f-p001.pdf,Status report category subtotal,Strengthening Assistance for Government Infrastructure and Social Programs,Adjustments,CO,-10000000,thousand pesos,-10000000000,1000,
f-status-rollup-p001-c024,2025,F,1,1,https://github.com/tordecilla/unprogrammed-appropriations/releases/download/pdfs-status-pages-v1/annex-f-p001.pdf,Status report category subtotal,Strengthening Assistance for Government Infrastructure and Social Programs,Adjusted Program,MOOE,63743068,thousand pesos,63743068000,1000,
f-status-rollup-p001-c025,2025,F,1,1,https://github.com/tordecilla/unprogrammed-appropriations/releases/download/pdfs-status-pages-v1/annex-f-p001.pdf,Status report category subtotal,Strengthening Assistance for Government Infrastructure and Social Programs,Adjusted Program,CO,86379456,thousand pesos,86379456000,1000,
f-status-rollup-p001-c026,2025,F,1,1,https://github.com/tordecilla/unprogrammed-appropriations/releases/download/pdfs-status-pages-v1/annex-f-p001.pdf,Status report category subtotal,Strengthening Assistance for Government Infrastructure and Social Programs,Adjusted Program,Total,150122524,thousand pesos,150122524000,1000,
f-status-rollup-p001-c027,2025,F,1,1,https://github.com/tordecilla/unprogrammed-appropriations/releases/download/pdfs-status-pages-v1/annex-f-p001.pdf,Status report category subtotal,Strengthening Assistance for Government Infrastructure and Social Programs,Allotment Releases,MOOE,49616101,thousand pesos,49616101000,1000,
f-status-rollup-p001-c028,2025,F,1,1,https://github.com/tordecilla/unprogrammed-appropriations/releases/download/pdfs-status-pages-v1/annex-f-p001.pdf,Status report category subtotal,Strengthening Assistance for Government Infrastructure and Social Programs,Allotment Releases,CO,2353040,thousand pesos,2353040000,1000,
f-status-rollup-p001-c029,2025,F,1,1,https://github.com/tordecilla/unprogrammed-appropriations/releases/download/pdfs-status-pages-v1/annex-f-p001.pdf,Status report category subtotal,Strengthening Assistance for Government Infrastructure and Social Programs,Allotment Releases,Total,51969141,thousand pesos,51969141000,1000,
f-status-rollup-p001-c030,2025,F,1,1,https://github.com/tordecilla/unprogrammed-appropriations/releases/download/pdfs-status-pages-v1/annex-f-p001.pdf,Status report category subtotal,Strengthening Assistance for Government Infrastructure and Social Programs,Balance,MOOE,14126967,thousand pesos,14126967000,1000,
f-status-rollup-p001-c031,2025,F,1,1,https://github.com/tordecilla/unprogrammed-appropriations/releases/download/pdfs-status-pages-v1/annex-f-p001.pdf,Status report category subtotal,Strengthening Assistance for Government Infrastructure and Social Programs,Balance,CO,84026416,thousand pesos,84026416000,1000,
f-status-rollup-p001-c032,2025,F,1,1,https://github.com/tordecilla/unprogrammed-appropriations/releases/download/pdfs-status-pages-v1/annex-f-p001.pdf,Status report category subtotal,Strengthening Assistance for Government Infrastructure and Social Programs,Balance,Total,98153383,thousand pesos,98153383000,1000,
f-status-rollup-p001-c033,2025,F,1,1,https://github.com/tordecilla/unprogrammed-appropriations/releases/download/pdfs-status-pages-v1/annex-f-p001.pdf,Status report category subtotal,Budgetary Support to Government-Owned and/or Controlled Corporations (BSGCs),Program,MOOE,6269000,thousand pesos,6269000000,1000,
f-status-rollup-p001-c034,2025,F,1,1,https://github.com/tordecilla/unprogrammed-appropriations/releases/download/pdfs-status-pages-v1/annex-f-p001.pdf,Status report category subtotal,Budgetary Support to Government-Owned and/or Controlled Corporations (BSGCs),Program,Total,6269000,thousand pesos,6269000000,1000,
f-status-rollup-p001-c035,2025,F,1,1,https://github.com/tordecilla/unprogrammed-appropriations/releases/download/pdfs-status-pages-v1/annex-f-p001.pdf,Status report category subtotal,Budgetary Support to Government-Owned and/or Controlled Corporations (BSGCs),Adjusted Program,MOOE,6269000,thousand pesos,6269000000,1000,
f-status-rollup-p001-c036,2025,F,1,1,https://github.com/tordecilla/unprogrammed-appropriations/releases/download/pdfs-status-pages-v1/annex-f-p001.pdf,Status report category subtotal,Budgetary Support to Government-Owned and/or Controlled Corporations (BSGCs),Adjusted Program,Total,6269000,thousand pesos,6269000000,1000,
f-status-rollup-p001-c037,2025,F,1,1,https://github.com/tordecilla/unprogrammed-appropriations/releases/download/pdfs-status-pages-v1/annex-f-p001.pdf,Status report category subtotal,Budgetary Support to Government-Owned and/or Controlled Corporations (BSGCs),Allotment Releases,MOOE,6269000,thousand pesos,6269000000,1000,
f-status-rollup-p001-c038,2025,F,1,1,https://github.com/tordecilla/unprogrammed-appropriations/releases/download/pdfs-status-pages-v1/annex-f-p001.pdf,Status report category subtotal,Budgetary Support to Government-Owned and/or Controlled Corporations (BSGCs),Allotment Releases,Total,6269000,thousand pesos,6269000000,1000,
f-status-rollup-p001-c039,2025,F,1,1,https://github.com/tordecilla/unprogrammed-appropriations/releases/download/pdfs-status-pages-v1/annex-f-p001.pdf,Status report category subtotal,Support to Foreign-Assisted Projects (FAPs),Program,MOOE,6531556,thousand pesos,6531556000,1000,
f-status-rollup-p001-c040,2025,F,1,1,https://github.com/tordecilla/unprogrammed-appropriations/releases/download/pdfs-status-pages-v1/annex-f-p001.pdf,Status report category subtotal,Support to Foreign-Assisted Projects (FAPs),Program,CO,105627050,thousand pesos,105627050000,1000,
f-status-rollup-p001-c041,2025,F,1,1,https://github.com/tordecilla/unprogrammed-appropriations/releases/download/pdfs-status-pages-v1/annex-f-p001.pdf,Status report category subtotal,Support to Foreign-Assisted Projects (FAPs),Program,Total,112158606,thousand pesos,112158606000,1000,
f-status-rollup-p001-c042,2025,F,1,1,https://github.com/tordecilla/unprogrammed-appropriations/releases/download/pdfs-status-pages-v1/annex-f-p001.pdf,Status report category subtotal,Support to Foreign-Assisted Projects (FAPs),Adjustments,MOOE,8949365,thousand pesos,8949365000,1000,
f-status-rollup-p001-c043,2025,F,1,1,https://github.com/tordecilla/unprogrammed-appropriations/releases/download/pdfs-status-pages-v1/annex-f-p001.pdf,Status report category subtotal,Support to Foreign-Assisted Projects (FAPs),Adjustments,CO,-8949365,thousand pesos,-8949365000,1000,
f-status-rollup-p001-c044,2025,F,1,1,https://github.com/tordecilla/unprogrammed-appropriations/releases/download/pdfs-status-pages-v1/annex-f-p001.pdf,Status report category subtotal,Support to Foreign-Assisted Projects (FAPs),Adjusted Program,MOOE,15480921,thousand pesos,15480921000,1000,
f-status-rollup-p001-c045,2025,F,1,1,https://github.com/tordecilla/unprogrammed-appropriations/releases/download/pdfs-status-pages-v1/annex-f-p001.pdf,Status report category subtotal,Support to Foreign-Assisted Projects (FAPs),Adjusted Program,CO,96677685,thousand pesos,96677685000,1000,
f-status-rollup-p001-c046,2025,F,1,1,https://github.com/tordecilla/unprogrammed-appropriations/releases/download/pdfs-status-pages-v1/annex-f-p001.pdf,Status report category subtotal,Support to Foreign-Assisted Projects (FAPs),Adjusted Program,Total,112158606,thousand pesos,112158606000,1000,
f-status-rollup-p001-c047,2025,F,1,1,https://github.com/tordecilla/unprogrammed-appropriations/releases/download/pdfs-status-pages-v1/annex-f-p001.pdf,Status report category subtotal,Support to Foreign-Assisted Projects (FAPs),Allotment Releases,MOOE,15480921,thousand pesos,15480921000,1000,
f-status-rollup-p001-c048,2025,F,1,1,https://github.com/tordecilla/unprogrammed-appropriations/releases/download/pdfs-status-pages-v1/annex-f-p001.pdf,Status report category subtotal,Support to Foreign-Assisted Projects (FAPs),Allotment Releases,CO,94878574,thousand pesos,94878574000,1000,
f-status-rollup-p001-c049,2025,F,1,1,https://github.com/tordecilla/unprogrammed-appropriations/releases/download/pdfs-status-pages-v1/annex-f-p001.pdf,Status report category subtotal,Support to Foreign-Assisted Projects (FAPs),Allotment Releases,Total,110359495,thousand pesos,110359495000,1000,
f-status-rollup-p001-c050,2025,F,1,1,https://github.com/tordecilla/unprogrammed-appropriations/releases/download/pdfs-status-pages-v1/annex-f-p001.pdf,Status report category subtotal,Support to Foreign-Assisted Projects (FAPs),Balance,CO,1799111,thousand pesos,1799111000,1000,
f-status-rollup-p001-c051,2025,F,1,1,https://github.com/tordecilla/unprogrammed-appropriations/releases/download/pdfs-status-pages-v1/annex-f-p001.pdf,Status report category subtotal,Support to Foreign-Assisted Projects (FAPs),Balance,Total,1799111,thousand pesos,1799111000,1000,
f-status-rollup-p001-c052,2025,F,1,1,https://github.com/tordecilla/unprogrammed-appropriations/releases/download/pdfs-status-pages-v1/annex-f-p001.pdf,Status report category subtotal,Risk Management Program (RMP),Program,MOOE,1000000,thousand pesos,1000000000,1000,
f-status-rollup-p001-c053,2025,F,1,1,https://github.com/tordecilla/unprogrammed-appropriations/releases/download/pdfs-status-pages-v1/annex-f-p001.pdf,Status report category subtotal,Risk Management Program (RMP),Program,Total,1000000,thousand pesos,1000000000,1000,
f-status-rollup-p001-c054,2025,F,1,1,https://github.com/tordecilla/unprogrammed-appropriations/releases/download/pdfs-status-pages-v1/annex-f-p001.pdf,Status report category subtotal,Risk Management Program (RMP),Adjustments,MOOE,-1000000,thousand pesos,-1000000000,1000,
f-status-rollup-p001-c055,2025,F,1,1,https://github.com/tordecilla/unprogrammed-appropriations/releases/download/pdfs-status-pages-v1/annex-f-p001.pdf,Status report category subtotal,Risk Management Program (RMP),Adjustments,CO,1000000,thousand pesos,1000000000,1000,
f-status-rollup-p001-c056,2025,F,1,1,https://github.com/tordecilla/unprogrammed-appropriations/releases/download/pdfs-status-pages-v1/annex-f-p001.pdf,Status report category subtotal,Risk Management Program (RMP),Adjusted Program,CO,1000000,thousand pesos,1000000000,1000,
f-status-rollup-p001-c057,2025,F,1,1,https://github.com/tordecilla/unprogrammed-appropriations/releases/download/pdfs-status-pages-v1/annex-f-p001.pdf,Status report category subtotal,Risk Management Program (RMP),Adjusted Program,Total,1000000,thousand pesos,1000000000,1000,
f-status-rollup-p001-c058,2025,F,1,1,https://github.com/tordecilla/unprogrammed-appropriations/releases/download/pdfs-status-pages-v1/annex-f-p001.pdf,Status report category subtotal,Risk Management Program (RMP),Allotment Releases,CO,1000000,thousand pesos,1000000000,1000,
f-status-rollup-p001-c059,2025,F,1,1,https://github.com/tordecilla/unprogrammed-appropriations/releases/download/pdfs-status-pages-v1/annex-f-p001.pdf,Status report category subtotal,Risk Management Program (RMP),Allotment Releases,Total,1000000,thousand pesos,1000000000,1000,
f-status-rollup-p001-c060,2025,F,1,1,https://github.com/tordecilla/unprogrammed-appropriations/releases/download/pdfs-status-pages-v1/annex-f-p001.pdf,Status report category subtotal,"Refund of the Service Development Fee for the Right to Develop the Nampeidai Property in Tokyo, Japan",Program,MOOE,210579,thousand pesos,210579000,1000,
f-status-rollup-p001-c061,2025,F,1,1,https://github.com/tordecilla/unprogrammed-appropriations/releases/download/pdfs-status-pages-v1/annex-f-p001.pdf,Status report category subtotal,"Refund of the Service Development Fee for the Right to Develop the Nampeidai Property in Tokyo, Japan",Program,Total,210579,thousand pesos,210579000,1000,
f-status-rollup-p001-c062,2025,F,1,1,https://github.com/tordecilla/unprogrammed-appropriations/releases/download/pdfs-status-pages-v1/annex-f-p001.pdf,Status report category subtotal,"Refund of the Service Development Fee for the Right to Develop the Nampeidai Property in Tokyo, Japan",Adjusted Program,MOOE,210579,thousand pesos,210579000,1000,
f-status-rollup-p001-c063,2025,F,1,1,https://github.com/tordecilla/unprogrammed-appropriations/releases/download/pdfs-status-pages-v1/annex-f-p001.pdf,Status report category subtotal,"Refund of the Service Development Fee for the Right to Develop the Nampeidai Property in Tokyo, Japan",Adjusted Program,Total,210579,thousand pesos,210579000,1000,
f-status-rollup-p001-c064,2025,F,1,1,https://github.com/tordecilla/unprogrammed-appropriations/releases/download/pdfs-status-pages-v1/annex-f-p001.pdf,Status report category subtotal,"Refund of the Service Development Fee for the Right to Develop the Nampeidai Property in Tokyo, Japan",Balance,MOOE,210579,thousand pesos,210579000,1000,
f-status-rollup-p001-c065,2025,F,1,1,https://github.com/tordecilla/unprogrammed-appropriations/releases/download/pdfs-status-pages-v1/annex-f-p001.pdf,Status report category subtotal,"Refund of the Service Development Fee for the Right to Develop the Nampeidai Property in Tokyo, Japan",Balance,Total,210579,thousand pesos,210579000,1000,
f-status-rollup-p001-c066,2025,F,1,1,https://github.com/tordecilla/unprogrammed-appropriations/releases/download/pdfs-status-pages-v1/annex-f-p001.pdf,Status report category subtotal,Revised AFP Modernization Program,Program,CO,40000000,thousand pesos,40000000000,1000,
f-status-rollup-p001-c067,2025,F,1,1,https://github.com/tordecilla/unprogrammed-appropriations/releases/download/pdfs-status-pages-v1/annex-f-p001.pdf,Status report category subtotal,Revised AFP Modernization Program,Program,Total,40000000,thousand pesos,40000000000,1000,
f-status-rollup-p001-c068,2025,F,1,1,https://github.com/tordecilla/unprogrammed-appropriations/releases/download/pdfs-status-pages-v1/annex-f-p001.pdf,Status report category subtotal,Revised AFP Modernization Program,Adjusted Program,CO,40000000,thousand pesos,40000000000,1000,
f-status-rollup-p001-c069,2025,F,1,1,https://github.com/tordecilla/unprogrammed-appropriations/releases/download/pdfs-status-pages-v1/annex-f-p001.pdf,Status report category subtotal,Revised AFP Modernization Program,Adjusted Program,Total,40000000,thousand pesos,40000000000,1000,
f-status-rollup-p001-c070,2025,F,1,1,https://github.com/tordecilla/unprogrammed-appropriations/releases/download/pdfs-status-pages-v1/annex-f-p001.pdf,Status report category subtotal,Revised AFP Modernization Program,Allotment Releases,CO,15696254,thousand pesos,15696254000,1000,
f-status-rollup-p001-c071,2025,F,1,1,https://github.com/tordecilla/unprogrammed-appropriations/releases/download/pdfs-status-pages-v1/annex-f-p001.pdf,Status report category subtotal,Revised AFP Modernization Program,Allotment Releases,Total,15696254,thousand pesos,15696254000,1000,
f-status-rollup-p001-c072,2025,F,1,1,https://github.com/tordecilla/unprogrammed-appropriations/releases/download/pdfs-status-pages-v1/annex-f-p001.pdf,Status report category subtotal,Revised AFP Modernization Program,Balance,CO,24303746,thousand pesos,24303746000,1000,
f-status-rollup-p001-c073,2025,F,1,1,https://github.com/tordecilla/unprogrammed-appropriations/releases/download/pdfs-status-pages-v1/annex-f-p001.pdf,Status report category subtotal,Revised AFP Modernization Program,Balance,Total,24303746,thousand pesos,24303746000,1000,
f-status-rollup-p001-c074,2025,F,1,1,https://github.com/tordecilla/unprogrammed-appropriations/releases/download/pdfs-status-pages-v1/annex-f-p001.pdf,Status report category subtotal,Fiscal Support Arrearages for Comprehensive Automotive Resurgence Strategy (CARS) Program,Program,MOOE,364099,thousand pesos,364099000,1000,
f-status-rollup-p001-c075,2025,F,1,1,https://github.com/tordecilla/unprogrammed-appropriations/releases/download/pdfs-status-pages-v1/annex-f-p001.pdf,Status report category subtotal,Fiscal Support Arrearages for Comprehensive Automotive Resurgence Strategy (CARS) Program,Program,Total,364099,thousand pesos,364099000,1000,
f-status-rollup-p001-c076,2025,F,1,1,https://github.com/tordecilla/unprogrammed-appropriations/releases/download/pdfs-status-pages-v1/annex-f-p001.pdf,Status report category subtotal,Fiscal Support Arrearages for Comprehensive Automotive Resurgence Strategy (CARS) Program,Adjusted Program,MOOE,364099,thousand pesos,364099000,1000,
f-status-rollup-p001-c077,2025,F,1,1,https://github.com/tordecilla/unprogrammed-appropriations/releases/download/pdfs-status-pages-v1/annex-f-p001.pdf,Status report category subtotal,Fiscal Support Arrearages for Comprehensive Automotive Resurgence Strategy (CARS) Program,Adjusted Program,Total,364099,thousand pesos,364099000,1000,
f-status-rollup-p001-c078,2025,F,1,1,https://github.com/tordecilla/unprogrammed-appropriations/releases/download/pdfs-status-pages-v1/annex-f-p001.pdf,Status report category subtotal,Fiscal Support Arrearages for Comprehensive Automotive Resurgence Strategy (CARS) Program,Balance,MOOE,364099,thousand pesos,364099000,1000,
f-status-rollup-p001-c079,2025,F,1,1,https://github.com/tordecilla/unprogrammed-appropriations/releases/download/pdfs-status-pages-v1/annex-f-p001.pdf,Status report category subtotal,Fiscal Support Arrearages for Comprehensive Automotive Resurgence Strategy (CARS) Program,Balance,Total,364099,thousand pesos,364099000,1000,
f-status-rollup-p001-c080,2025,F,1,1,https://github.com/tordecilla/unprogrammed-appropriations/releases/download/pdfs-status-pages-v1/annex-f-p001.pdf,Status report category subtotal,Marawi Siege Victims Compensation Program,Program,MOOE,2000000,thousand pesos,2000000000,1000,
f-status-rollup-p001-c081,2025,F,1,1,https://github.com/tordecilla/unprogrammed-appropriations/releases/download/pdfs-status-pages-v1/annex-f-p001.pdf,Status report category subtotal,Marawi Siege Victims Compensation Program,Program,Total,2000000,thousand pesos,2000000000,1000,
f-status-rollup-p001-c082,2025,F,1,1,https://github.com/tordecilla/unprogrammed-appropriations/releases/download/pdfs-status-pages-v1/annex-f-p001.pdf,Status report category subtotal,Marawi Siege Victims Compensation Program,Adjusted Program,MOOE,2000000,thousand pesos,2000000000,1000,
f-status-rollup-p001-c083,2025,F,1,1,https://github.com/tordecilla/unprogrammed-appropriations/releases/download/pdfs-status-pages-v1/annex-f-p001.pdf,Status report category subtotal,Marawi Siege Victims Compensation Program,Adjusted Program,Total,2000000,thousand pesos,2000000000,1000,
f-status-rollup-p001-c084,2025,F,1,1,https://github.com/tordecilla/unprogrammed-appropriations/releases/download/pdfs-status-pages-v1/annex-f-p001.pdf,Status report category subtotal,Marawi Siege Victims Compensation Program,Allotment Releases,MOOE,2000000,thousand pesos,2000000000,1000,
f-status-rollup-p001-c085,2025,F,1,1,https://github.com/tordecilla/unprogrammed-appropriations/releases/download/pdfs-status-pages-v1/annex-f-p001.pdf,Status report category subtotal,Marawi Siege Victims Compensation Program,Allotment Releases,Total,2000000,thousand pesos,2000000000,1000,
f-status-rollup-p001-c086,2025,F,1,1,https://github.com/tordecilla/unprogrammed-appropriations/releases/download/pdfs-status-pages-v1/annex-f-p001.pdf,Status report category subtotal,For Government Counterpart of Foreign Assisted Projects,Program,CO,26300000,thousand pesos,26300000000,1000,
f-status-rollup-p001-c087,2025,F,1,1,https://github.com/tordecilla/unprogrammed-appropriations/releases/download/pdfs-status-pages-v1/annex-f-p001.pdf,Status report category subtotal,For Government Counterpart of Foreign Assisted Projects,Program,Total,26300000,thousand pesos,26300000000,1000,
f-status-rollup-p001-c088,2025,F,1,1,https://github.com/tordecilla/unprogrammed-appropriations/releases/download/pdfs-status-pages-v1/annex-f-p001.pdf,Status report category subtotal,For Government Counterpart of Foreign Assisted Projects,Adjustments,PS,8800,thousand pesos,8800000,1000,
f-status-rollup-p001-c089,2025,F,1,1,https://github.com/tordecilla/unprogrammed-appropriations/releases/download/pdfs-status-pages-v1/annex-f-p001.pdf,Status report category subtotal,For Government Counterpart of Foreign Assisted Projects,Adjustments,MOOE,805647,thousand pesos,805647000,1000,
f-status-rollup-p001-c090,2025,F,1,1,https://github.com/tordecilla/unprogrammed-appropriations/releases/download/pdfs-status-pages-v1/annex-f-p001.pdf,Status report category subtotal,For Government Counterpart of Foreign Assisted Projects,Adjustments,CO,-814447,thousand pesos,-814447000,1000,
f-status-rollup-p001-c091,2025,F,1,1,https://github.com/tordecilla/unprogrammed-appropriations/releases/download/pdfs-status-pages-v1/annex-f-p001.pdf,Status report category subtotal,For Government Counterpart of Foreign Assisted Projects,Adjusted Program,PS,8800,thousand pesos,8800000,1000,
f-status-rollup-p001-c092,2025,F,1,1,https://github.com/tordecilla/unprogrammed-appropriations/releases/download/pdfs-status-pages-v1/annex-f-p001.pdf,Status report category subtotal,For Government Counterpart of Foreign Assisted Projects,Adjusted Program,MOOE,805647,thousand pesos,805647000,1000,
f-status-rollup-p001-c093,2025,F,1,1,https://github.com/tordecilla/unprogrammed-appropriations/releases/download/pdfs-status-pages-v1/annex-f-p001.pdf,Status report category subtotal,For Government Counterpart of Foreign Assisted Projects,Adjusted Program,CO,25485553,thousand pesos,25485553000,1000,
f-status-rollup-p001-c094,2025,F,1,1,https://github.com/tordecilla/unprogrammed-appropriations/releases/download/pdfs-status-pages-v1/annex-f-p001.pdf,Status report category subtotal,For Government Counterpart of Foreign Assisted Projects,Adjusted Program,Total,26300000,thousand pesos,26300000000,1000,
f-status-rollup-p001-c095,2025,F,1,1,https://github.com/tordecilla/unprogrammed-appropriations/releases/download/pdfs-status-pages-v1/annex-f-p001.pdf,Status report category subtotal,For Government Counterpart of Foreign Assisted Projects,Allotment Releases,PS,8800,thousand pesos,8800000,1000,
f-status-rollup-p001-c096,2025,F,1,1,https://github.com/tordecilla/unprogrammed-appropriations/releases/download/pdfs-status-pages-v1/annex-f-p001.pdf,Status report category subtotal,For Government Counterpart of Foreign Assisted Projects,Allotment Releases,MOOE,805647,thousand pesos,805647000,1000,
f-status-rollup-p001-c097,2025,F,1,1,https://github.com/tordecilla/unprogrammed-appropriations/releases/download/pdfs-status-pages-v1/annex-f-p001.pdf,Status report category subtotal,For Government Counterpart of Foreign Assisted Projects,Allotment Releases,CO,9639111,thousand pesos,9639111000,1000,
f-status-rollup-p001-c098,2025,F,1,1,https://github.com/tordecilla/unprogrammed-appropriations/releases/download/pdfs-status-pages-v1/annex-f-p001.pdf,Status report category subtotal,For Government Counterpart of Foreign Assisted Projects,Allotment Releases,Total,10453558,thousand pesos,10453558000,1000,
f-status-rollup-p001-c099,2025,F,1,1,https://github.com/tordecilla/unprogrammed-appropriations/releases/download/pdfs-status-pages-v1/annex-f-p001.pdf,Status report category subtotal,For Government Counterpart of Foreign Assisted Projects,Balance,CO,15846442,thousand pesos,15846442000,1000,
f-status-rollup-p001-c100,2025,F,1,1,https://github.com/tordecilla/unprogrammed-appropriations/releases/download/pdfs-status-pages-v1/annex-f-p001.pdf,Status report category subtotal,For Government Counterpart of Foreign Assisted Projects,Balance,Total,15846442,thousand pesos,15846442000,1000,
f-status-rollup-p001-c101,2025,F,1,1,https://github.com/tordecilla/unprogrammed-appropriations/releases/download/pdfs-status-pages-v1/annex-f-p001.pdf,Status report category subtotal,For Payment of Personnel Services Requirements,Program,PS,15000000,thousand pesos,15000000000,1000,
f-status-rollup-p001-c102,2025,F,1,1,https://github.com/tordecilla/unprogrammed-appropriations/releases/download/pdfs-status-pages-v1/annex-f-p001.pdf,Status report category subtotal,For Payment of Personnel Services Requirements,Program,Total,15000000,thousand pesos,15000000000,1000,
f-status-rollup-p001-c103,2025,F,1,1,https://github.com/tordecilla/unprogrammed-appropriations/releases/download/pdfs-status-pages-v1/annex-f-p001.pdf,Status report category subtotal,For Payment of Personnel Services Requirements,Adjustments,PS,10000000,thousand pesos,10000000000,1000,
f-status-rollup-p001-c104,2025,F,1,1,https://github.com/tordecilla/unprogrammed-appropriations/releases/download/pdfs-status-pages-v1/annex-f-p001.pdf,Status report category subtotal,For Payment of Personnel Services Requirements,Adjustments,Total,10000000,thousand pesos,10000000000,1000,
f-status-rollup-p001-c105,2025,F,1,1,https://github.com/tordecilla/unprogrammed-appropriations/releases/download/pdfs-status-pages-v1/annex-f-p001.pdf,Status report category subtotal,For Payment of Personnel Services Requirements,Adjusted Program,PS,25000000,thousand pesos,25000000000,1000,
f-status-rollup-p001-c106,2025,F,1,1,https://github.com/tordecilla/unprogrammed-appropriations/releases/download/pdfs-status-pages-v1/annex-f-p001.pdf,Status report category subtotal,For Payment of Personnel Services Requirements,Adjusted Program,Total,25000000,thousand pesos,25000000000,1000,
f-status-rollup-p001-c107,2025,F,1,1,https://github.com/tordecilla/unprogrammed-appropriations/releases/download/pdfs-status-pages-v1/annex-f-p001.pdf,Status report category subtotal,For Payment of Personnel Services Requirements,Allotment Releases,PS,20447421,thousand pesos,20447421000,1000,
f-status-rollup-p001-c108,2025,F,1,1,https://github.com/tordecilla/unprogrammed-appropriations/releases/download/pdfs-status-pages-v1/annex-f-p001.pdf,Status report category subtotal,For Payment of Personnel Services Requirements,Allotment Releases,Total,20447421,thousand pesos,20447421000,1000,
f-status-rollup-p001-c109,2025,F,1,1,https://github.com/tordecilla/unprogrammed-appropriations/releases/download/pdfs-status-pages-v1/annex-f-p001.pdf,Status report category subtotal,For Payment of Personnel Services Requirements,Balance,PS,4552579,thousand pesos,4552579000,1000,
f-status-rollup-p001-c110,2025,F,1,1,https://github.com/tordecilla/unprogrammed-appropriations/releases/download/pdfs-status-pages-v1/annex-f-p001.pdf,Status report category subtotal,For Payment of Personnel Services Requirements,Balance,Total,4552579,thousand pesos,4552579000,1000,
f-status-rollup-p003-c001,2025,F,3,3,https://github.com/tordecilla/unprogrammed-appropriations/releases/download/pdfs-status-pages-v1/annex-f-p003.pdf,Status report grand total,Risk Management Program (RMP),Allotment Releases,CO,1000000000,pesos,1000000000,1,
f-status-rollup-p003-c002,2025,F,3,3,https://github.com/tordecilla/unprogrammed-appropriations/releases/download/pdfs-status-pages-v1/annex-f-p003.pdf,Status report grand total,Revised AFP Modernization Program,Allotment Releases,CO,15696253818,pesos,15696253818,1,
f-status-rollup-p003-c003,2025,F,3,3,https://github.com/tordecilla/unprogrammed-appropriations/releases/download/pdfs-status-pages-v1/annex-f-p003.pdf,Status report grand total,Marawi Siege Victims Compensation Program,Allotment Releases,MOOE,2000000000,pesos,2000000000,1,
f-status-rollup-p003-c004,2025,F,3,3,https://github.com/tordecilla/unprogrammed-appropriations/releases/download/pdfs-status-pages-v1/annex-f-p003.pdf,Status report grand total,For Government Counterpart of Foreign-Assisted Projects,Allotment Releases,PS,8800000,pesos,8800000,1,
f-status-rollup-p003-c005,2025,F,3,3,https://github.com/tordecilla/unprogrammed-appropriations/releases/download/pdfs-status-pages-v1/annex-f-p003.pdf,Status report grand total,For Government Counterpart of Foreign-Assisted Projects,Allotment Releases,MOOE,805647304,pesos,805647304,1,
f-status-rollup-p003-c006,2025,F,3,3,https://github.com/tordecilla/unprogrammed-appropriations/releases/download/pdfs-status-pages-v1/annex-f-p003.pdf,Status report grand total,For Government Counterpart of Foreign-Assisted Projects,Allotment Releases,CO,9639110576,pesos,9639110576,1,
f-status-rollup-p003-c007,2025,F,3,3,https://github.com/tordecilla/unprogrammed-appropriations/releases/download/pdfs-status-pages-v1/annex-f-p003.pdf,Status report grand total,For Government Counterpart of Foreign-Assisted Projects,Allotment Releases,Total,10453557880,pesos,10453557880,1,
f-status-rollup-p004-c001,2025,F,4,4,https://github.com/tordecilla/unprogrammed-appropriations/releases/download/pdfs-status-pages-v1/annex-f-p004.pdf,Status report grand total,For payment of Personnel Benefits,Allotment Releases,TL/RG,2988907468,pesos,2988907468,1,
f-status-rollup-p004-c002,2025,F,4,4,https://github.com/tordecilla/unprogrammed-appropriations/releases/download/pdfs-status-pages-v1/annex-f-p004.pdf,Status report grand total,For payment of Personnel Benefits,Allotment Releases,MLC,214642329,pesos,214642329,1,
f-status-rollup-p004-c003,2025,F,4,4,https://github.com/tordecilla/unprogrammed-appropriations/releases/download/pdfs-status-pages-v1/annex-f-p004.pdf,Status report grand total,For payment of Personnel Benefits,Allotment Releases,Pension,421707436,pesos,421707436,1,
f-status-rollup-p004-c004,2025,F,4,4,https://github.com/tordecilla/unprogrammed-appropriations/releases/download/pdfs-status-pages-v1/annex-f-p004.pdf,Status report grand total,For payment of Personnel Benefits,Allotment Releases,FY 2023 PBB,7895762594,pesos,7895762594,1,
f-status-rollup-p004-c005,2025,F,4,4,https://github.com/tordecilla/unprogrammed-appropriations/releases/download/pdfs-status-pages-v1/annex-f-p004.pdf,Status report grand total,For payment of Personnel Benefits,Allotment Releases,Other PS Deficiencies,8926400672,pesos,8926400672,1,
f-status-rollup-p004-c006,2025,F,4,4,https://github.com/tordecilla/unprogrammed-appropriations/releases/download/pdfs-status-pages-v1/annex-f-p004.pdf,Status report grand total,For payment of Personnel Benefits,Allotment Releases,Total,20447420499,pesos,20447420499,1,
f-status-rollup-p004-c007,2025,F,4,4,https://github.com/tordecilla/unprogrammed-appropriations/releases/download/pdfs-status-pages-v1/annex-f-p004.pdf,Status report grand total,ALL UA purposes,Allotment Releases,PS,20456220499,pesos,20456220499,1,
f-status-rollup-p004-c008,2025,F,4,4,https://github.com/tordecilla/unprogrammed-appropriations/releases/download/pdfs-status-pages-v1/annex-f-p004.pdf,Status report grand total,ALL UA purposes,Allotment Releases,MOOE,74171669452,pesos,74171669452,1,
f-status-rollup-p004-c009,2025,F,4,4,https://github.com/tordecilla/unprogrammed-appropriations/releases/download/pdfs-status-pages-v1/annex-f-p004.pdf,Status report grand total,ALL UA purposes,Allotment Releases,CO,123566978534,pesos,123566978534,1,
f-status-rollup-p004-c010,2025,F,4,4,https://github.com/tordecilla/unprogrammed-appropriations/releases/download/pdfs-status-pages-v1/annex-f-p004.pdf,Status report grand total,ALL UA purposes,Allotment Releases,Total,218194868485,pesos,218194868485,1,
f-status-rollup-p004-c011,2025,F,4,4,https://github.com/tordecilla/unprogrammed-appropriations/releases/download/pdfs-status-pages-v1/annex-f-p004.pdf,Status report Departments aggregate,ALL departments,Allotment Releases,PS,20123250379,pesos,20123250379,1,
f-status-rollup-p004-c012,2025,F,4,4,https://github.com/tordecilla/unprogrammed-appropriations/releases/download/pdfs-status-pages-v1/annex-f-p004.pdf,Status report Departments aggregate,ALL departments,Allotment Releases,MOOE,64287669452,pesos,64287669452,1,
f-status-rollup-p004-c013,2025,F,4,4,https://github.com/tordecilla/unprogrammed-appropriations/releases/download/pdfs-status-pages-v1/annex-f-p004.pdf,Status report Departments aggregate,ALL departments,Allotment Releases,CO,122471489087,pesos,122471489087,1,
f-status-rollup-p004-c014,2025,F,4,4,https://github.com/tordecilla/unprogrammed-appropriations/releases/download/pdfs-status-pages-v1/annex-f-p004.pdf,Status report Departments aggregate,ALL departments,Allotment Releases,Total,206882408918,pesos,206882408918,1,
f-status-rollup-p003-c008,2025,F,3,3,https://github.com/tordecilla/unprogrammed-appropriations/releases/download/pdfs-status-pages-v1/annex-f-p003.pdf,Status report grand total,Strengthening Assistance for Government Infrastructure and Social Programs (SAGIP),Allotment Releases,MOOE,49616101532,pesos,49616101532,1,
f-status-rollup-p003-c009,2025,F,3,3,https://github.com/tordecilla/unprogrammed-appropriations/releases/download/pdfs-status-pages-v1/annex-f-p003.pdf,Status report grand total,Strengthening Assistance for Government Infrastructure and Social Programs (SAGIP),Allotment Releases,CO,2353040000,pesos,2353040000,1,
f-status-rollup-p003-c010,2025,F,3,3,https://github.com/tordecilla/unprogrammed-appropriations/releases/download/pdfs-status-pages-v1/annex-f-p003.pdf,Status report grand total,Strengthening Assistance for Government Infrastructure and Social Programs (SAGIP),Allotment Releases,Total,51969141532,pesos,51969141532,1,
f-status-rollup-p003-c011,2025,F,3,3,https://github.com/tordecilla/unprogrammed-appropriations/releases/download/pdfs-status-pages-v1/annex-f-p003.pdf,Status report grand total,Budgetary Support to Government-Owned and/or Controlled Corporations (BSGCs),Allotment Releases,MOOE,6269000000,pesos,6269000000,1,
f-status-rollup-p003-c012,2025,F,3,3,https://github.com/tordecilla/unprogrammed-appropriations/releases/download/pdfs-status-pages-v1/annex-f-p003.pdf,Status report grand total,Budgetary Support to Government-Owned and/or Controlled Corporations (BSGCs),Allotment Releases,Total,6269000000,pesos,6269000000,1,
f-status-rollup-p003-c013,2025,F,3,3,https://github.com/tordecilla/unprogrammed-appropriations/releases/download/pdfs-status-pages-v1/annex-f-p003.pdf,Status report grand total,Support to Foreign-Assisted Projects (FAPs),Allotment Releases,MOOE,15480920616,pesos,15480920616,1,
f-status-rollup-p003-c014,2025,F,3,3,https://github.com/tordecilla/unprogrammed-appropriations/releases/download/pdfs-status-pages-v1/annex-f-p003.pdf,Status report grand total,Support to Foreign-Assisted Projects (FAPs),Allotment Releases,CO,94878574140,pesos,94878574140,1,
f-status-rollup-p003-c015,2025,F,3,3,https://github.com/tordecilla/unprogrammed-appropriations/releases/download/pdfs-status-pages-v1/annex-f-p003.pdf,Status report grand total,Support to Foreign-Assisted Projects (FAPs),Allotment Releases,Total,110359494756,pesos,110359494756,1,
f-status-rollup-p003-c016,2025,F,3,3,https://github.com/tordecilla/unprogrammed-appropriations/releases/download/pdfs-status-pages-v1/annex-f-p003.pdf,Departments aggregate,Strengthening Assistance for Government Infrastructure and Social Programs (SAGIP),Allotment Releases,MOOE,46001101532,pesos,46001101532,1,
f-status-rollup-p003-c017,2025,F,3,3,https://github.com/tordecilla/unprogrammed-appropriations/releases/download/pdfs-status-pages-v1/annex-f-p003.pdf,Departments aggregate,Strengthening Assistance for Government Infrastructure and Social Programs (SAGIP),Allotment Releases,CO,2353040000,pesos,2353040000,1,
f-status-rollup-p003-c018,2025,F,3,3,https://github.com/tordecilla/unprogrammed-appropriations/releases/download/pdfs-status-pages-v1/annex-f-p003.pdf,Departments aggregate,Strengthening Assistance for Government Infrastructure and Social Programs (SAGIP),Allotment Releases,Total,48354141532,pesos,48354141532,1,
f-status-rollup-p003-c019,2025,F,3,3,https://github.com/tordecilla/unprogrammed-appropriations/releases/download/pdfs-status-pages-v1/annex-f-p003.pdf,Departments aggregate,Support to Foreign-Assisted Projects (FAPs),Allotment Releases,MOOE,15480920616,pesos,15480920616,1,
f-status-rollup-p003-c020,2025,F,3,3,https://github.com/tordecilla/unprogrammed-appropriations/releases/download/pdfs-status-pages-v1/annex-f-p003.pdf,Departments aggregate,Support to Foreign-Assisted Projects (FAPs),Allotment Releases,CO,93783084693,pesos,93783084693,1,
f-status-rollup-p003-c021,2025,F,3,3,https://github.com/tordecilla/unprogrammed-appropriations/releases/download/pdfs-status-pages-v1/annex-f-p003.pdf,Departments aggregate,Support to Foreign-Assisted Projects (FAPs),Allotment Releases,Total,109264005309,pesos,109264005309,1,
f-status-rollup-p003-c022,2025,F,3,3,https://github.com/tordecilla/unprogrammed-appropriations/releases/download/pdfs-status-pages-v1/annex-f-p003.pdf,Departments aggregate,Risk Management Program (RMP),Allotment Releases,CO,1000000000,pesos,1000000000,1,
f-status-rollup-p003-c023,2025,F,3,3,https://github.com/tordecilla/unprogrammed-appropriations/releases/download/pdfs-status-pages-v1/annex-f-p003.pdf,Departments aggregate,Risk Management Program (RMP),Allotment Releases,Total,1000000000,pesos,1000000000,1,
f-status-rollup-p003-c024,2025,F,3,3,https://github.com/tordecilla/unprogrammed-appropriations/releases/download/pdfs-status-pages-v1/annex-f-p003.pdf,Departments aggregate,Revised AFP Modernization Program,Allotment Releases,CO,15696253818,pesos,15696253818,1,
f-status-rollup-p003-c025,2025,F,3,3,https://github.com/tordecilla/unprogrammed-appropriations/releases/download/pdfs-status-pages-v1/annex-f-p003.pdf,Departments aggregate,Revised AFP Modernization Program,Allotment Releases,Total,15696253818,pesos,15696253818,1,
f-status-rollup-p003-c026,2025,F,3,3,https://github.com/tordecilla/unprogrammed-appropriations/releases/download/pdfs-status-pages-v1/annex-f-p003.pdf,Departments aggregate,Marawi Siege Victims Compensation Program,Allotment Releases,MOOE,2000000000,pesos,2000000000,1,
f-status-rollup-p003-c027,2025,F,3,3,https://github.com/tordecilla/unprogrammed-appropriations/releases/download/pdfs-status-pages-v1/annex-f-p003.pdf,Departments aggregate,Marawi Siege Victims Compensation Program,Allotment Releases,Total,2000000000,pesos,2000000000,1,
f-status-rollup-p003-c028,2025,F,3,3,https://github.com/tordecilla/unprogrammed-appropriations/releases/download/pdfs-status-pages-v1/annex-f-p003.pdf,Departments aggregate,For Government Counterpart of Foreign-Assisted Projects,Allotment Releases,PS,8800000,pesos,8800000,1,
f-status-rollup-p003-c029,2025,F,3,3,https://github.com/tordecilla/unprogrammed-appropriations/releases/download/pdfs-status-pages-v1/annex-f-p003.pdf,Departments aggregate,For Government Counterpart of Foreign-Assisted Projects,Allotment Releases,MOOE,805647304,pesos,805647304,1,
f-status-rollup-p003-c030,2025,F,3,3,https://github.com/tordecilla/unprogrammed-appropriations/releases/download/pdfs-status-pages-v1/annex-f-p003.pdf,Departments aggregate,For Government Counterpart of Foreign-Assisted Projects,Allotment Releases,CO,9639110576,pesos,9639110576,1,
f-status-rollup-p003-c031,2025,F,3,3,https://github.com/tordecilla/unprogrammed-appropriations/releases/download/pdfs-status-pages-v1/annex-f-p003.pdf,Departments aggregate,For Government Counterpart of Foreign-Assisted Projects,Allotment Releases,Total,10453557880,pesos,10453557880,1,
c-status-rollup-p001-c001,2024,C,1,1,https://github.com/tordecilla/unprogrammed-appropriations/releases/download/pdfs-status-pages-v1/annex-c-p001.pdf,Status report grand total,ALL UA purposes,Program,PS,99825989,thousand pesos,99825989000,1000,"Printed category cells preserved as shown. Category rollup arithmetic differs from printed grand-total cells by 1 thousand pesos for adjustment MOOE/CO, adjusted-program MOOE/CO, and allotment-release MOOE."
c-status-rollup-p001-c002,2024,C,1,1,https://github.com/tordecilla/unprogrammed-appropriations/releases/download/pdfs-status-pages-v1/annex-c-p001.pdf,Status report grand total,ALL UA purposes,Program,MOOE,220589392,thousand pesos,220589392000,1000,"Printed category cells preserved as shown. Category rollup arithmetic differs from printed grand-total cells by 1 thousand pesos for adjustment MOOE/CO, adjusted-program MOOE/CO, and allotment-release MOOE."
c-status-rollup-p001-c003,2024,C,1,1,https://github.com/tordecilla/unprogrammed-appropriations/releases/download/pdfs-status-pages-v1/annex-c-p001.pdf,Status report grand total,ALL UA purposes,Program,CO,411033185,thousand pesos,411033185000,1000,"Printed category cells preserved as shown. Category rollup arithmetic differs from printed grand-total cells by 1 thousand pesos for adjustment MOOE/CO, adjusted-program MOOE/CO, and allotment-release MOOE."
c-status-rollup-p001-c004,2024,C,1,1,https://github.com/tordecilla/unprogrammed-appropriations/releases/download/pdfs-status-pages-v1/annex-c-p001.pdf,Status report grand total,ALL UA purposes,Program,Total,731448566,thousand pesos,731448566000,1000,"Printed category cells preserved as shown. Category rollup arithmetic differs from printed grand-total cells by 1 thousand pesos for adjustment MOOE/CO, adjusted-program MOOE/CO, and allotment-release MOOE."
c-status-rollup-p001-c005,2024,C,1,1,https://github.com/tordecilla/unprogrammed-appropriations/releases/download/pdfs-status-pages-v1/annex-c-p001.pdf,Status report grand total,ALL UA purposes,Adjustments,PS,33760,thousand pesos,33760000,1000,"Printed category cells preserved as shown. Category rollup arithmetic differs from printed grand-total cells by 1 thousand pesos for adjustment MOOE/CO, adjusted-program MOOE/CO, and allotment-release MOOE."
c-status-rollup-p001-c006,2024,C,1,1,https://github.com/tordecilla/unprogrammed-appropriations/releases/download/pdfs-status-pages-v1/annex-c-p001.pdf,Status report grand total,ALL UA purposes,Adjustments,MOOE,5302984,thousand pesos,5302984000,1000,"Printed category cells preserved as shown. Category rollup arithmetic differs from printed grand-total cells by 1 thousand pesos for adjustment MOOE/CO, adjusted-program MOOE/CO, and allotment-release MOOE."
c-status-rollup-p001-c007,2024,C,1,1,https://github.com/tordecilla/unprogrammed-appropriations/releases/download/pdfs-status-pages-v1/annex-c-p001.pdf,Status report grand total,ALL UA purposes,Adjustments,CO,-5336744,thousand pesos,-5336744000,1000,"Printed category cells preserved as shown. Category rollup arithmetic differs from printed grand-total cells by 1 thousand pesos for adjustment MOOE/CO, adjusted-program MOOE/CO, and allotment-release MOOE."
c-status-rollup-p001-c008,2024,C,1,1,https://github.com/tordecilla/unprogrammed-appropriations/releases/download/pdfs-status-pages-v1/annex-c-p001.pdf,Status report grand total,ALL UA purposes,Adjustments,Total,0,thousand pesos,0,1000,"Printed category cells preserved as shown. Category rollup arithmetic differs from printed grand-total cells by 1 thousand pesos for adjustment MOOE/CO, adjusted-program MOOE/CO, and allotment-release MOOE."
c-status-rollup-p001-c009,2024,C,1,1,https://github.com/tordecilla/unprogrammed-appropriations/releases/download/pdfs-status-pages-v1/annex-c-p001.pdf,Status report grand total,ALL UA purposes,Adjusted Program,PS,99859749,thousand pesos,99859749000,1000,"Printed category cells preserved as shown. Category rollup arithmetic differs from printed grand-total cells by 1 thousand pesos for adjustment MOOE/CO, adjusted-program MOOE/CO, and allotment-release MOOE."
c-status-rollup-p001-c010,2024,C,1,1,https://github.com/tordecilla/unprogrammed-appropriations/releases/download/pdfs-status-pages-v1/annex-c-p001.pdf,Status report grand total,ALL UA purposes,Adjusted Program,MOOE,225892376,thousand pesos,225892376000,1000,"Printed category cells preserved as shown. Category rollup arithmetic differs from printed grand-total cells by 1 thousand pesos for adjustment MOOE/CO, adjusted-program MOOE/CO, and allotment-release MOOE."
c-status-rollup-p001-c011,2024,C,1,1,https://github.com/tordecilla/unprogrammed-appropriations/releases/download/pdfs-status-pages-v1/annex-c-p001.pdf,Status report grand total,ALL UA purposes,Adjusted Program,CO,405696441,thousand pesos,405696441000,1000,"Printed category cells preserved as shown. Category rollup arithmetic differs from printed grand-total cells by 1 thousand pesos for adjustment MOOE/CO, adjusted-program MOOE/CO, and allotment-release MOOE."
c-status-rollup-p001-c012,2024,C,1,1,https://github.com/tordecilla/unprogrammed-appropriations/releases/download/pdfs-status-pages-v1/annex-c-p001.pdf,Status report grand total,ALL UA purposes,Adjusted Program,Total,731448566,thousand pesos,731448566000,1000,"Printed category cells preserved as shown. Category rollup arithmetic differs from printed grand-total cells by 1 thousand pesos for adjustment MOOE/CO, adjusted-program MOOE/CO, and allotment-release MOOE."
c-status-rollup-p001-c013,2024,C,1,1,https://github.com/tordecilla/unprogrammed-appropriations/releases/download/pdfs-status-pages-v1/annex-c-p001.pdf,Status report grand total,ALL UA purposes,Allotment Releases,PS,65659227,thousand pesos,65659227000,1000,"Printed category cells preserved as shown. Category rollup arithmetic differs from printed grand-total cells by 1 thousand pesos for adjustment MOOE/CO, adjusted-program MOOE/CO, and allotment-release MOOE."
c-status-rollup-p001-c014,2024,C,1,1,https://github.com/tordecilla/unprogrammed-appropriations/releases/download/pdfs-status-pages-v1/annex-c-p001.pdf,Status report grand total,ALL UA purposes,Allotment Releases,MOOE,137478497,thousand pesos,137478497000,1000,"Printed category cells preserved as shown. Category rollup arithmetic differs from printed grand-total cells by 1 thousand pesos for adjustment MOOE/CO, adjusted-program MOOE/CO, and allotment-release MOOE."
c-status-rollup-p001-c015,2024,C,1,1,https://github.com/tordecilla/unprogrammed-appropriations/releases/download/pdfs-status-pages-v1/annex-c-p001.pdf,Status report grand total,ALL UA purposes,Allotment Releases,CO,328236412,thousand pesos,328236412000,1000,"Printed category cells preserved as shown. Category rollup arithmetic differs from printed grand-total cells by 1 thousand pesos for adjustment MOOE/CO, adjusted-program MOOE/CO, and allotment-release MOOE."
c-status-rollup-p001-c016,2024,C,1,1,https://github.com/tordecilla/unprogrammed-appropriations/releases/download/pdfs-status-pages-v1/annex-c-p001.pdf,Status report grand total,ALL UA purposes,Allotment Releases,Total,531374136,thousand pesos,531374136000,1000,"Printed category cells preserved as shown. Category rollup arithmetic differs from printed grand-total cells by 1 thousand pesos for adjustment MOOE/CO, adjusted-program MOOE/CO, and allotment-release MOOE."
c-status-rollup-p001-c017,2024,C,1,1,https://github.com/tordecilla/unprogrammed-appropriations/releases/download/pdfs-status-pages-v1/annex-c-p001.pdf,Status report grand total,ALL UA purposes,Balance,PS,34200522,thousand pesos,34200522000,1000,"Printed category cells preserved as shown. Category rollup arithmetic differs from printed grand-total cells by 1 thousand pesos for adjustment MOOE/CO, adjusted-program MOOE/CO, and allotment-release MOOE."
c-status-rollup-p001-c018,2024,C,1,1,https://github.com/tordecilla/unprogrammed-appropriations/releases/download/pdfs-status-pages-v1/annex-c-p001.pdf,Status report grand total,ALL UA purposes,Balance,MOOE,88413879,thousand pesos,88413879000,1000,"Printed category cells preserved as shown. Category rollup arithmetic differs from printed grand-total cells by 1 thousand pesos for adjustment MOOE/CO, adjusted-program MOOE/CO, and allotment-release MOOE."
c-status-rollup-p001-c019,2024,C,1,1,https://github.com/tordecilla/unprogrammed-appropriations/releases/download/pdfs-status-pages-v1/annex-c-p001.pdf,Status report grand total,ALL UA purposes,Balance,CO,77460029,thousand pesos,77460029000,1000,"Printed category cells preserved as shown. Category rollup arithmetic differs from printed grand-total cells by 1 thousand pesos for adjustment MOOE/CO, adjusted-program MOOE/CO, and allotment-release MOOE."
c-status-rollup-p001-c020,2024,C,1,1,https://github.com/tordecilla/unprogrammed-appropriations/releases/download/pdfs-status-pages-v1/annex-c-p001.pdf,Status report grand total,ALL UA purposes,Balance,Total,200074430,thousand pesos,200074430000,1000,"Printed category cells preserved as shown. Category rollup arithmetic differs from printed grand-total cells by 1 thousand pesos for adjustment MOOE/CO, adjusted-program MOOE/CO, and allotment-release MOOE."
c-status-rollup-p001-c021,2024,C,1,1,https://github.com/tordecilla/unprogrammed-appropriations/releases/download/pdfs-status-pages-v1/annex-c-p001.pdf,Program purpose,Strengthening Assistance for Government Infrastructure and Social Programs,Program,MOOE,65906283,thousand pesos,65906283000,1000,Visually transcribed from Annex C printed summary table.
c-status-rollup-p001-c022,2024,C,1,1,https://github.com/tordecilla/unprogrammed-appropriations/releases/download/pdfs-status-pages-v1/annex-c-p001.pdf,Program purpose,Strengthening Assistance for Government Infrastructure and Social Programs,Program,CO,159470697,thousand pesos,159470697000,1000,Visually transcribed from Annex C printed summary table.
c-status-rollup-p001-c023,2024,C,1,1,https://github.com/tordecilla/unprogrammed-appropriations/releases/download/pdfs-status-pages-v1/annex-c-p001.pdf,Program purpose,Strengthening Assistance for Government Infrastructure and Social Programs,Program,Total,225376980,thousand pesos,225376980000,1000,Visually transcribed from Annex C printed summary table.
c-status-rollup-p001-c024,2024,C,1,1,https://github.com/tordecilla/unprogrammed-appropriations/releases/download/pdfs-status-pages-v1/annex-c-p001.pdf,Program purpose,Strengthening Assistance for Government Infrastructure and Social Programs,Adjustments,MOOE,-21008535,thousand pesos,-21008535000,1000,Visually transcribed from Annex C printed summary table.
c-status-rollup-p001-c025,2024,C,1,1,https://github.com/tordecilla/unprogrammed-appropriations/releases/download/pdfs-status-pages-v1/annex-c-p001.pdf,Program purpose,Strengthening Assistance for Government Infrastructure and Social Programs,Adjustments,CO,-4339593,thousand pesos,-4339593000,1000,Visually transcribed from Annex C printed summary table.
c-status-rollup-p001-c026,2024,C,1,1,https://github.com/tordecilla/unprogrammed-appropriations/releases/download/pdfs-status-pages-v1/annex-c-p001.pdf,Program purpose,Strengthening Assistance for Government Infrastructure and Social Programs,Adjustments,Total,-25348128,thousand pesos,-25348128000,1000,Visually transcribed from Annex C printed summary table.
c-status-rollup-p001-c027,2024,C,1,1,https://github.com/tordecilla/unprogrammed-appropriations/releases/download/pdfs-status-pages-v1/annex-c-p001.pdf,Program purpose,Strengthening Assistance for Government Infrastructure and Social Programs,Adjusted Program,MOOE,44897748,thousand pesos,44897748000,1000,Visually transcribed from Annex C printed summary table.
c-status-rollup-p001-c028,2024,C,1,1,https://github.com/tordecilla/unprogrammed-appropriations/releases/download/pdfs-status-pages-v1/annex-c-p001.pdf,Program purpose,Strengthening Assistance for Government Infrastructure and Social Programs,Adjusted Program,CO,155131104,thousand pesos,155131104000,1000,Visually transcribed from Annex C printed summary table.
c-status-rollup-p001-c029,2024,C,1,1,https://github.com/tordecilla/unprogrammed-appropriations/releases/download/pdfs-status-pages-v1/annex-c-p001.pdf,Program purpose,Strengthening Assistance for Government Infrastructure and Social Programs,Adjusted Program,Total,200028852,thousand pesos,200028852000,1000,Visually transcribed from Annex C printed summary table.
c-status-rollup-p001-c030,2024,C,1,1,https://github.com/tordecilla/unprogrammed-appropriations/releases/download/pdfs-status-pages-v1/annex-c-p001.pdf,Program purpose,Strengthening Assistance for Government Infrastructure and Social Programs,Allotment Releases,MOOE,44897748,thousand pesos,44897748000,1000,Visually transcribed from Annex C printed summary table.
c-status-rollup-p001-c031,2024,C,1,1,https://github.com/tordecilla/unprogrammed-appropriations/releases/download/pdfs-status-pages-v1/annex-c-p001.pdf,Program purpose,Strengthening Assistance for Government Infrastructure and Social Programs,Allotment Releases,CO,155131104,thousand pesos,155131104000,1000,Visually transcribed from Annex C printed summary table.
c-status-rollup-p001-c032,2024,C,1,1,https://github.com/tordecilla/unprogrammed-appropriations/releases/download/pdfs-status-pages-v1/annex-c-p001.pdf,Program purpose,Strengthening Assistance for Government Infrastructure and Social Programs,Allotment Releases,Total,200028852,thousand pesos,200028852000,1000,Visually transcribed from Annex C printed summary table.
c-status-rollup-p001-c033,2024,C,1,1,https://github.com/tordecilla/unprogrammed-appropriations/releases/download/pdfs-status-pages-v1/annex-c-p001.pdf,Program purpose,Budgetary Support to Government-Owned and/or -Controlled Corporations (BSGCs),Program,MOOE,20157162,thousand pesos,20157162000,1000,Visually transcribed from Annex C printed summary table.
c-status-rollup-p001-c034,2024,C,1,1,https://github.com/tordecilla/unprogrammed-appropriations/releases/download/pdfs-status-pages-v1/annex-c-p001.pdf,Program purpose,Budgetary Support to Government-Owned and/or -Controlled Corporations (BSGCs),Program,Total,20157162,thousand pesos,20157162000,1000,Visually transcribed from Annex C printed summary table.
c-status-rollup-p001-c035,2024,C,1,1,https://github.com/tordecilla/unprogrammed-appropriations/releases/download/pdfs-status-pages-v1/annex-c-p001.pdf,Program purpose,Budgetary Support to Government-Owned and/or -Controlled Corporations (BSGCs),Adjusted Program,MOOE,20157162,thousand pesos,20157162000,1000,Visually transcribed from Annex C printed summary table.
c-status-rollup-p001-c036,2024,C,1,1,https://github.com/tordecilla/unprogrammed-appropriations/releases/download/pdfs-status-pages-v1/annex-c-p001.pdf,Program purpose,Budgetary Support to Government-Owned and/or -Controlled Corporations (BSGCs),Adjusted Program,Total,20157162,thousand pesos,20157162000,1000,Visually transcribed from Annex C printed summary table.
c-status-rollup-p001-c037,2024,C,1,1,https://github.com/tordecilla/unprogrammed-appropriations/releases/download/pdfs-status-pages-v1/annex-c-p001.pdf,Program purpose,Budgetary Support to Government-Owned and/or -Controlled Corporations (BSGCs),Allotment Releases,MOOE,10157162,thousand pesos,10157162000,1000,Visually transcribed from Annex C printed summary table.
c-status-rollup-p001-c038,2024,C,1,1,https://github.com/tordecilla/unprogrammed-appropriations/releases/download/pdfs-status-pages-v1/annex-c-p001.pdf,Program purpose,Budgetary Support to Government-Owned and/or -Controlled Corporations (BSGCs),Allotment Releases,Total,10157162,thousand pesos,10157162000,1000,Visually transcribed from Annex C printed summary table.
c-status-rollup-p001-c039,2024,C,1,1,https://github.com/tordecilla/unprogrammed-appropriations/releases/download/pdfs-status-pages-v1/annex-c-p001.pdf,Program purpose,Budgetary Support to Government-Owned and/or -Controlled Corporations (BSGCs),Balance,MOOE,10000000,thousand pesos,10000000000,1000,Visually transcribed from Annex C printed summary table.
c-status-rollup-p001-c040,2024,C,1,1,https://github.com/tordecilla/unprogrammed-appropriations/releases/download/pdfs-status-pages-v1/annex-c-p001.pdf,Program purpose,Budgetary Support to Government-Owned and/or -Controlled Corporations (BSGCs),Balance,Total,10000000,thousand pesos,10000000000,1000,Visually transcribed from Annex C printed summary table.
c-status-rollup-p001-c041,2024,C,1,1,https://github.com/tordecilla/unprogrammed-appropriations/releases/download/pdfs-status-pages-v1/annex-c-p001.pdf,Program purpose,Support to Foreign-Assisted Projects (FAPs),Program,MOOE,8554851,thousand pesos,8554851000,1000,Visually transcribed from Annex C printed summary table.
c-status-rollup-p001-c042,2024,C,1,1,https://github.com/tordecilla/unprogrammed-appropriations/releases/download/pdfs-status-pages-v1/annex-c-p001.pdf,Program purpose,Support to Foreign-Assisted Projects (FAPs),Program,CO,170250212,thousand pesos,170250212000,1000,Visually transcribed from Annex C printed summary table.
c-status-rollup-p001-c043,2024,C,1,1,https://github.com/tordecilla/unprogrammed-appropriations/releases/download/pdfs-status-pages-v1/annex-c-p001.pdf,Program purpose,Support to Foreign-Assisted Projects (FAPs),Program,Total,178805063,thousand pesos,178805063000,1000,Visually transcribed from Annex C printed summary table.
c-status-rollup-p001-c044,2024,C,1,1,https://github.com/tordecilla/unprogrammed-appropriations/releases/download/pdfs-status-pages-v1/annex-c-p001.pdf,Program purpose,Support to Foreign-Assisted Projects (FAPs),Adjustments,MOOE,5921084,thousand pesos,5921084000,1000,Visually transcribed from Annex C printed summary table.
c-status-rollup-p001-c045,2024,C,1,1,https://github.com/tordecilla/unprogrammed-appropriations/releases/download/pdfs-status-pages-v1/annex-c-p001.pdf,Program purpose,Support to Foreign-Assisted Projects (FAPs),Adjustments,CO,-5921084,thousand pesos,-5921084000,1000,Visually transcribed from Annex C printed summary table.
c-status-rollup-p001-c046,2024,C,1,1,https://github.com/tordecilla/unprogrammed-appropriations/releases/download/pdfs-status-pages-v1/annex-c-p001.pdf,Program purpose,Support to Foreign-Assisted Projects (FAPs),Adjustments,Total,0,thousand pesos,0,1000,Visually transcribed from Annex C printed summary table.
c-status-rollup-p001-c047,2024,C,1,1,https://github.com/tordecilla/unprogrammed-appropriations/releases/download/pdfs-status-pages-v1/annex-c-p001.pdf,Program purpose,Support to Foreign-Assisted Projects (FAPs),Adjusted Program,MOOE,14475935,thousand pesos,14475935000,1000,Visually transcribed from Annex C printed summary table.
c-status-rollup-p001-c048,2024,C,1,1,https://github.com/tordecilla/unprogrammed-appropriations/releases/download/pdfs-status-pages-v1/annex-c-p001.pdf,Program purpose,Support to Foreign-Assisted Projects (FAPs),Adjusted Program,CO,164329128,thousand pesos,164329128000,1000,Visually transcribed from Annex C printed summary table.
c-status-rollup-p001-c049,2024,C,1,1,https://github.com/tordecilla/unprogrammed-appropriations/releases/download/pdfs-status-pages-v1/annex-c-p001.pdf,Program purpose,Support to Foreign-Assisted Projects (FAPs),Adjusted Program,Total,178805063,thousand pesos,178805063000,1000,Visually transcribed from Annex C printed summary table.
c-status-rollup-p001-c050,2024,C,1,1,https://github.com/tordecilla/unprogrammed-appropriations/releases/download/pdfs-status-pages-v1/annex-c-p001.pdf,Program purpose,Support to Foreign-Assisted Projects (FAPs),Allotment Releases,MOOE,14475935,thousand pesos,14475935000,1000,Visually transcribed from Annex C printed summary table.
c-status-rollup-p001-c051,2024,C,1,1,https://github.com/tordecilla/unprogrammed-appropriations/releases/download/pdfs-status-pages-v1/annex-c-p001.pdf,Program purpose,Support to Foreign-Assisted Projects (FAPs),Allotment Releases,CO,112585242,thousand pesos,112585242000,1000,Visually transcribed from Annex C printed summary table.
c-status-rollup-p001-c052,2024,C,1,1,https://github.com/tordecilla/unprogrammed-appropriations/releases/download/pdfs-status-pages-v1/annex-c-p001.pdf,Program purpose,Support to Foreign-Assisted Projects (FAPs),Allotment Releases,Total,127061177,thousand pesos,127061177000,1000,Visually transcribed from Annex C printed summary table.
c-status-rollup-p001-c053,2024,C,1,1,https://github.com/tordecilla/unprogrammed-appropriations/releases/download/pdfs-status-pages-v1/annex-c-p001.pdf,Program purpose,Support to Foreign-Assisted Projects (FAPs),Balance,CO,51743886,thousand pesos,51743886000,1000,Visually transcribed from Annex C printed summary table.
c-status-rollup-p001-c054,2024,C,1,1,https://github.com/tordecilla/unprogrammed-appropriations/releases/download/pdfs-status-pages-v1/annex-c-p001.pdf,Program purpose,Support to Foreign-Assisted Projects (FAPs),Balance,Total,51743886,thousand pesos,51743886000,1000,Visually transcribed from Annex C printed summary table.
c-status-rollup-p001-c055,2024,C,1,1,https://github.com/tordecilla/unprogrammed-appropriations/releases/download/pdfs-status-pages-v1/annex-c-p001.pdf,Program purpose,Risk Management Program (RMP),Program,MOOE,1000000,thousand pesos,1000000000,1000,Visually transcribed from Annex C printed summary table.
c-status-rollup-p001-c056,2024,C,1,1,https://github.com/tordecilla/unprogrammed-appropriations/releases/download/pdfs-status-pages-v1/annex-c-p001.pdf,Program purpose,Risk Management Program (RMP),Program,Total,1000000,thousand pesos,1000000000,1000,Visually transcribed from Annex C printed summary table.
c-status-rollup-p001-c057,2024,C,1,1,https://github.com/tordecilla/unprogrammed-appropriations/releases/download/pdfs-status-pages-v1/annex-c-p001.pdf,Program purpose,Risk Management Program (RMP),Adjusted Program,MOOE,1000000,thousand pesos,1000000000,1000,Visually transcribed from Annex C printed summary table.
c-status-rollup-p001-c058,2024,C,1,1,https://github.com/tordecilla/unprogrammed-appropriations/releases/download/pdfs-status-pages-v1/annex-c-p001.pdf,Program purpose,Risk Management Program (RMP),Adjusted Program,Total,1000000,thousand pesos,1000000000,1000,Visually transcribed from Annex C printed summary table.
c-status-rollup-p001-c059,2024,C,1,1,https://github.com/tordecilla/unprogrammed-appropriations/releases/download/pdfs-status-pages-v1/annex-c-p001.pdf,Program purpose,Risk Management Program (RMP),Balance,MOOE,1000000,thousand pesos,1000000000,1000,Visually transcribed from Annex C printed summary table.
c-status-rollup-p001-c060,2024,C,1,1,https://github.com/tordecilla/unprogrammed-appropriations/releases/download/pdfs-status-pages-v1/annex-c-p001.pdf,Program purpose,Risk Management Program (RMP),Balance,Total,1000000,thousand pesos,1000000000,1000,Visually transcribed from Annex C printed summary table.
c-status-rollup-p001-c061,2024,C,1,1,https://github.com/tordecilla/unprogrammed-appropriations/releases/download/pdfs-status-pages-v1/annex-c-p001.pdf,Program purpose,"Refund of the Service Development Fee for the Right to Develop the Nampeidai Property in Tokyo, Japan",Program,MOOE,210579,thousand pesos,210579000,1000,Visually transcribed from Annex C printed summary table.
c-status-rollup-p001-c062,2024,C,1,1,https://github.com/tordecilla/unprogrammed-appropriations/releases/download/pdfs-status-pages-v1/annex-c-p001.pdf,Program purpose,"Refund of the Service Development Fee for the Right to Develop the Nampeidai Property in Tokyo, Japan",Program,Total,210579,thousand pesos,210579000,1000,Visually transcribed from Annex C printed summary table.
c-status-rollup-p001-c063,2024,C,1,1,https://github.com/tordecilla/unprogrammed-appropriations/releases/download/pdfs-status-pages-v1/annex-c-p001.pdf,Program purpose,"Refund of the Service Development Fee for the Right to Develop the Nampeidai Property in Tokyo, Japan",Adjusted Program,MOOE,210579,thousand pesos,210579000,1000,Visually transcribed from Annex C printed summary table.
c-status-rollup-p001-c064,2024,C,1,1,https://github.com/tordecilla/unprogrammed-appropriations/releases/download/pdfs-status-pages-v1/annex-c-p001.pdf,Program purpose,"Refund of the Service Development Fee for the Right to Develop the Nampeidai Property in Tokyo, Japan",Adjusted Program,Total,210579,thousand pesos,210579000,1000,Visually transcribed from Annex C printed summary table.
c-status-rollup-p001-c065,2024,C,1,1,https://github.com/tordecilla/unprogrammed-appropriations/releases/download/pdfs-status-pages-v1/annex-c-p001.pdf,Program purpose,"Refund of the Service Development Fee for the Right to Develop the Nampeidai Property in Tokyo, Japan",Balance,MOOE,210579,thousand pesos,210579000,1000,Visually transcribed from Annex C printed summary table.
c-status-rollup-p001-c066,2024,C,1,1,https://github.com/tordecilla/unprogrammed-appropriations/releases/download/pdfs-status-pages-v1/annex-c-p001.pdf,Program purpose,"Refund of the Service Development Fee for the Right to Develop the Nampeidai Property in Tokyo, Japan",Balance,Total,210579,thousand pesos,210579000,1000,Visually transcribed from Annex C printed summary table.
c-status-rollup-p001-c067,2024,C,1,1,https://github.com/tordecilla/unprogrammed-appropriations/releases/download/pdfs-status-pages-v1/annex-c-p001.pdf,Program purpose,Prior Years' LGU Shares,Program,MOOE,14623,thousand pesos,14623000,1000,Visually transcribed from Annex C printed summary table.
c-status-rollup-p001-c068,2024,C,1,1,https://github.com/tordecilla/unprogrammed-appropriations/releases/download/pdfs-status-pages-v1/annex-c-p001.pdf,Program purpose,Prior Years' LGU Shares,Program,Total,14623,thousand pesos,14623000,1000,Visually transcribed from Annex C printed summary table.
c-status-rollup-p001-c069,2024,C,1,1,https://github.com/tordecilla/unprogrammed-appropriations/releases/download/pdfs-status-pages-v1/annex-c-p001.pdf,Program purpose,Prior Years' LGU Shares,Adjusted Program,MOOE,14623,thousand pesos,14623000,1000,Visually transcribed from Annex C printed summary table.
c-status-rollup-p001-c070,2024,C,1,1,https://github.com/tordecilla/unprogrammed-appropriations/releases/download/pdfs-status-pages-v1/annex-c-p001.pdf,Program purpose,Prior Years' LGU Shares,Adjusted Program,Total,14623,thousand pesos,14623000,1000,Visually transcribed from Annex C printed summary table.
c-status-rollup-p001-c071,2024,C,1,1,https://github.com/tordecilla/unprogrammed-appropriations/releases/download/pdfs-status-pages-v1/annex-c-p001.pdf,Program purpose,Prior Years' LGU Shares,Balance,MOOE,14623,thousand pesos,14623000,1000,Visually transcribed from Annex C printed summary table.
c-status-rollup-p001-c072,2024,C,1,1,https://github.com/tordecilla/unprogrammed-appropriations/releases/download/pdfs-status-pages-v1/annex-c-p001.pdf,Program purpose,Prior Years' LGU Shares,Balance,Total,14623,thousand pesos,14623000,1000,Visually transcribed from Annex C printed summary table.
c-status-rollup-p001-c073,2024,C,1,1,https://github.com/tordecilla/unprogrammed-appropriations/releases/download/pdfs-status-pages-v1/annex-c-p001.pdf,Program purpose,Public Health Emergency Benefits and Allowances for Health Care and Non-Health Care Workers,Program,MOOE,2351880,thousand pesos,2351880000,1000,Visually transcribed from Annex C printed summary table.
c-status-rollup-p001-c074,2024,C,1,1,https://github.com/tordecilla/unprogrammed-appropriations/releases/download/pdfs-status-pages-v1/annex-c-p001.pdf,Program purpose,Public Health Emergency Benefits and Allowances for Health Care and Non-Health Care Workers,Program,Total,2351880,thousand pesos,2351880000,1000,Visually transcribed from Annex C printed summary table.
c-status-rollup-p001-c075,2024,C,1,1,https://github.com/tordecilla/unprogrammed-appropriations/releases/download/pdfs-status-pages-v1/annex-c-p001.pdf,Program purpose,Public Health Emergency Benefits and Allowances for Health Care and Non-Health Care Workers,Adjustments,MOOE,25101353,thousand pesos,25101353000,1000,Visually transcribed from Annex C printed summary table.
c-status-rollup-p001-c076,2024,C,1,1,https://github.com/tordecilla/unprogrammed-appropriations/releases/download/pdfs-status-pages-v1/annex-c-p001.pdf,Program purpose,Public Health Emergency Benefits and Allowances for Health Care and Non-Health Care Workers,Adjustments,Total,25101353,thousand pesos,25101353000,1000,Visually transcribed from Annex C printed summary table.
c-status-rollup-p001-c077,2024,C,1,1,https://github.com/tordecilla/unprogrammed-appropriations/releases/download/pdfs-status-pages-v1/annex-c-p001.pdf,Program purpose,Public Health Emergency Benefits and Allowances for Health Care and Non-Health Care Workers,Adjusted Program,MOOE,27453233,thousand pesos,27453233000,1000,Visually transcribed from Annex C printed summary table.
c-status-rollup-p001-c078,2024,C,1,1,https://github.com/tordecilla/unprogrammed-appropriations/releases/download/pdfs-status-pages-v1/annex-c-p001.pdf,Program purpose,Public Health Emergency Benefits and Allowances for Health Care and Non-Health Care Workers,Adjusted Program,Total,27453233,thousand pesos,27453233000,1000,Visually transcribed from Annex C printed summary table.
c-status-rollup-p001-c079,2024,C,1,1,https://github.com/tordecilla/unprogrammed-appropriations/releases/download/pdfs-status-pages-v1/annex-c-p001.pdf,Program purpose,Public Health Emergency Benefits and Allowances for Health Care and Non-Health Care Workers,Allotment Releases,MOOE,27453233,thousand pesos,27453233000,1000,Visually transcribed from Annex C printed summary table.
c-status-rollup-p001-c080,2024,C,1,1,https://github.com/tordecilla/unprogrammed-appropriations/releases/download/pdfs-status-pages-v1/annex-c-p001.pdf,Program purpose,Public Health Emergency Benefits and Allowances for Health Care and Non-Health Care Workers,Allotment Releases,Total,27453233,thousand pesos,27453233000,1000,Visually transcribed from Annex C printed summary table.
c-status-rollup-p001-c081,2024,C,1,1,https://github.com/tordecilla/unprogrammed-appropriations/releases/download/pdfs-status-pages-v1/annex-c-p001.pdf,Program purpose,Fiscal Support Arrearages for Comprehensive Automotive Resurgence Strategy (CARS) Program,Program,MOOE,415458,thousand pesos,415458000,1000,Visually transcribed from Annex C printed summary table.
c-status-rollup-p001-c082,2024,C,1,1,https://github.com/tordecilla/unprogrammed-appropriations/releases/download/pdfs-status-pages-v1/annex-c-p001.pdf,Program purpose,Fiscal Support Arrearages for Comprehensive Automotive Resurgence Strategy (CARS) Program,Program,Total,415458,thousand pesos,415458000,1000,Visually transcribed from Annex C printed summary table.
c-status-rollup-p001-c083,2024,C,1,1,https://github.com/tordecilla/unprogrammed-appropriations/releases/download/pdfs-status-pages-v1/annex-c-p001.pdf,Program purpose,Fiscal Support Arrearages for Comprehensive Automotive Resurgence Strategy (CARS) Program,Adjusted Program,MOOE,415458,thousand pesos,415458000,1000,Visually transcribed from Annex C printed summary table.
c-status-rollup-p001-c084,2024,C,1,1,https://github.com/tordecilla/unprogrammed-appropriations/releases/download/pdfs-status-pages-v1/annex-c-p001.pdf,Program purpose,Fiscal Support Arrearages for Comprehensive Automotive Resurgence Strategy (CARS) Program,Adjusted Program,Total,415458,thousand pesos,415458000,1000,Visually transcribed from Annex C printed summary table.
c-status-rollup-p001-c085,2024,C,1,1,https://github.com/tordecilla/unprogrammed-appropriations/releases/download/pdfs-status-pages-v1/annex-c-p001.pdf,Program purpose,Fiscal Support Arrearages for Comprehensive Automotive Resurgence Strategy (CARS) Program,Allotment Releases,MOOE,410825,thousand pesos,410825000,1000,Visually transcribed from Annex C printed summary table.
c-status-rollup-p001-c086,2024,C,1,1,https://github.com/tordecilla/unprogrammed-appropriations/releases/download/pdfs-status-pages-v1/annex-c-p001.pdf,Program purpose,Fiscal Support Arrearages for Comprehensive Automotive Resurgence Strategy (CARS) Program,Allotment Releases,Total,410825,thousand pesos,410825000,1000,Visually transcribed from Annex C printed summary table.
c-status-rollup-p001-c087,2024,C,1,1,https://github.com/tordecilla/unprogrammed-appropriations/releases/download/pdfs-status-pages-v1/annex-c-p001.pdf,Program purpose,Fiscal Support Arrearages for Comprehensive Automotive Resurgence Strategy (CARS) Program,Balance,MOOE,4633,thousand pesos,4633000,1000,Visually transcribed from Annex C printed summary table.
c-status-rollup-p001-c088,2024,C,1,1,https://github.com/tordecilla/unprogrammed-appropriations/releases/download/pdfs-status-pages-v1/annex-c-p001.pdf,Program purpose,Fiscal Support Arrearages for Comprehensive Automotive Resurgence Strategy (CARS) Program,Balance,Total,4633,thousand pesos,4633000,1000,Visually transcribed from Annex C printed summary table.
c-status-rollup-p001-c089,2024,C,1,1,https://github.com/tordecilla/unprogrammed-appropriations/releases/download/pdfs-status-pages-v1/annex-c-p001.pdf,Program purpose,Panay-Guimaras-Negros (PGN) Island Bridges Project,Program,CO,3180000,thousand pesos,3180000000,1000,Visually transcribed from Annex C printed summary table.
c-status-rollup-p001-c090,2024,C,1,1,https://github.com/tordecilla/unprogrammed-appropriations/releases/download/pdfs-status-pages-v1/annex-c-p001.pdf,Program purpose,Panay-Guimaras-Negros (PGN) Island Bridges Project,Program,Total,3180000,thousand pesos,3180000000,1000,Visually transcribed from Annex C printed summary table.
c-status-rollup-p001-c091,2024,C,1,1,https://github.com/tordecilla/unprogrammed-appropriations/releases/download/pdfs-status-pages-v1/annex-c-p001.pdf,Program purpose,Panay-Guimaras-Negros (PGN) Island Bridges Project,Adjusted Program,CO,3180000,thousand pesos,3180000000,1000,Visually transcribed from Annex C printed summary table.
c-status-rollup-p001-c092,2024,C,1,1,https://github.com/tordecilla/unprogrammed-appropriations/releases/download/pdfs-status-pages-v1/annex-c-p001.pdf,Program purpose,Panay-Guimaras-Negros (PGN) Island Bridges Project,Adjusted Program,Total,3180000,thousand pesos,3180000000,1000,Visually transcribed from Annex C printed summary table.
c-status-rollup-p001-c093,2024,C,1,1,https://github.com/tordecilla/unprogrammed-appropriations/releases/download/pdfs-status-pages-v1/annex-c-p001.pdf,Program purpose,Panay-Guimaras-Negros (PGN) Island Bridges Project,Allotment Releases,CO,3000003,thousand pesos,3000003000,1000,Visually transcribed from Annex C printed summary table.
c-status-rollup-p001-c094,2024,C,1,1,https://github.com/tordecilla/unprogrammed-appropriations/releases/download/pdfs-status-pages-v1/annex-c-p001.pdf,Program purpose,Panay-Guimaras-Negros (PGN) Island Bridges Project,Allotment Releases,Total,3000003,thousand pesos,3000003000,1000,Visually transcribed from Annex C printed summary table.
c-status-rollup-p001-c095,2024,C,1,1,https://github.com/tordecilla/unprogrammed-appropriations/releases/download/pdfs-status-pages-v1/annex-c-p001.pdf,Program purpose,Panay-Guimaras-Negros (PGN) Island Bridges Project,Balance,CO,179997,thousand pesos,179997000,1000,Visually transcribed from Annex C printed summary table.
c-status-rollup-p001-c096,2024,C,1,1,https://github.com/tordecilla/unprogrammed-appropriations/releases/download/pdfs-status-pages-v1/annex-c-p001.pdf,Program purpose,Panay-Guimaras-Negros (PGN) Island Bridges Project,Balance,Total,179997,thousand pesos,179997000,1000,Visually transcribed from Annex C printed summary table.
c-status-rollup-p001-c097,2024,C,1,1,https://github.com/tordecilla/unprogrammed-appropriations/releases/download/pdfs-status-pages-v1/annex-c-p001.pdf,Program purpose,Universal Access to Quality Tertiary Education (UAQTE),Program,MOOE,7058843,thousand pesos,7058843000,1000,Visually transcribed from Annex C printed summary table.
c-status-rollup-p001-c098,2024,C,1,1,https://github.com/tordecilla/unprogrammed-appropriations/releases/download/pdfs-status-pages-v1/annex-c-p001.pdf,Program purpose,Universal Access to Quality Tertiary Education (UAQTE),Program,Total,7058843,thousand pesos,7058843000,1000,Visually transcribed from Annex C printed summary table.
c-status-rollup-p001-c099,2024,C,1,1,https://github.com/tordecilla/unprogrammed-appropriations/releases/download/pdfs-status-pages-v1/annex-c-p001.pdf,Program purpose,Universal Access to Quality Tertiary Education (UAQTE),Adjusted Program,MOOE,7058843,thousand pesos,7058843000,1000,Visually transcribed from Annex C printed summary table.
c-status-rollup-p001-c100,2024,C,1,1,https://github.com/tordecilla/unprogrammed-appropriations/releases/download/pdfs-status-pages-v1/annex-c-p001.pdf,Program purpose,Universal Access to Quality Tertiary Education (UAQTE),Adjusted Program,Total,7058843,thousand pesos,7058843000,1000,Visually transcribed from Annex C printed summary table.
c-status-rollup-p001-c101,2024,C,1,1,https://github.com/tordecilla/unprogrammed-appropriations/releases/download/pdfs-status-pages-v1/annex-c-p001.pdf,Program purpose,Universal Access to Quality Tertiary Education (UAQTE),Balance,MOOE,7058843,thousand pesos,7058843000,1000,Visually transcribed from Annex C printed summary table.
c-status-rollup-p001-c102,2024,C,1,1,https://github.com/tordecilla/unprogrammed-appropriations/releases/download/pdfs-status-pages-v1/annex-c-p001.pdf,Program purpose,Universal Access to Quality Tertiary Education (UAQTE),Balance,Total,7058843,thousand pesos,7058843000,1000,Visually transcribed from Annex C printed summary table.
c-status-rollup-p001-c103,2024,C,1,1,https://github.com/tordecilla/unprogrammed-appropriations/releases/download/pdfs-status-pages-v1/annex-c-p001.pdf,Program purpose,"Priority Social Programs for Health (including Health Facilities Enhancement Program), Social Welfare and Development, Higher Education and Technical Vocational Education",Program,MOOE,58750000,thousand pesos,58750000000,1000,Visually transcribed from Annex C printed summary table.
c-status-rollup-p001-c104,2024,C,1,1,https://github.com/tordecilla/unprogrammed-appropriations/releases/download/pdfs-status-pages-v1/annex-c-p001.pdf,Program purpose,"Priority Social Programs for Health (including Health Facilities Enhancement Program), Social Welfare and Development, Higher Education and Technical Vocational Education",Program,CO,270000,thousand pesos,270000000,1000,Visually transcribed from Annex C printed summary table.
c-status-rollup-p001-c105,2024,C,1,1,https://github.com/tordecilla/unprogrammed-appropriations/releases/download/pdfs-status-pages-v1/annex-c-p001.pdf,Program purpose,"Priority Social Programs for Health (including Health Facilities Enhancement Program), Social Welfare and Development, Higher Education and Technical Vocational Education",Program,Total,59020000,thousand pesos,59020000000,1000,Visually transcribed from Annex C printed summary table.
c-status-rollup-p001-c106,2024,C,1,1,https://github.com/tordecilla/unprogrammed-appropriations/releases/download/pdfs-status-pages-v1/annex-c-p001.pdf,Program purpose,"Priority Social Programs for Health (including Health Facilities Enhancement Program), Social Welfare and Development, Higher Education and Technical Vocational Education",Adjustments,MOOE,-20157448,thousand pesos,-20157448000,1000,Visually transcribed from Annex C printed summary table.
c-status-rollup-p001-c107,2024,C,1,1,https://github.com/tordecilla/unprogrammed-appropriations/releases/download/pdfs-status-pages-v1/annex-c-p001.pdf,Program purpose,"Priority Social Programs for Health (including Health Facilities Enhancement Program), Social Welfare and Development, Higher Education and Technical Vocational Education",Adjustments,CO,8899665,thousand pesos,8899665000,1000,Visually transcribed from Annex C printed summary table.
c-status-rollup-p001-c108,2024,C,1,1,https://github.com/tordecilla/unprogrammed-appropriations/releases/download/pdfs-status-pages-v1/annex-c-p001.pdf,Program purpose,"Priority Social Programs for Health (including Health Facilities Enhancement Program), Social Welfare and Development, Higher Education and Technical Vocational Education",Adjustments,Total,-11257783,thousand pesos,-11257783000,1000,Visually transcribed from Annex C printed summary table.
c-status-rollup-p001-c109,2024,C,1,1,https://github.com/tordecilla/unprogrammed-appropriations/releases/download/pdfs-status-pages-v1/annex-c-p001.pdf,Program purpose,"Priority Social Programs for Health (including Health Facilities Enhancement Program), Social Welfare and Development, Higher Education and Technical Vocational Education",Adjusted Program,MOOE,38592552,thousand pesos,38592552000,1000,Visually transcribed from Annex C printed summary table.
c-status-rollup-p001-c110,2024,C,1,1,https://github.com/tordecilla/unprogrammed-appropriations/releases/download/pdfs-status-pages-v1/annex-c-p001.pdf,Program purpose,"Priority Social Programs for Health (including Health Facilities Enhancement Program), Social Welfare and Development, Higher Education and Technical Vocational Education",Adjusted Program,CO,9169665,thousand pesos,9169665000,1000,Visually transcribed from Annex C printed summary table.
c-status-rollup-p001-c111,2024,C,1,1,https://github.com/tordecilla/unprogrammed-appropriations/releases/download/pdfs-status-pages-v1/annex-c-p001.pdf,Program purpose,"Priority Social Programs for Health (including Health Facilities Enhancement Program), Social Welfare and Development, Higher Education and Technical Vocational Education",Adjusted Program,Total,47762217,thousand pesos,47762217000,1000,Visually transcribed from Annex C printed summary table.
c-status-rollup-p001-c112,2024,C,1,1,https://github.com/tordecilla/unprogrammed-appropriations/releases/download/pdfs-status-pages-v1/annex-c-p001.pdf,Program purpose,"Priority Social Programs for Health (including Health Facilities Enhancement Program), Social Welfare and Development, Higher Education and Technical Vocational Education",Allotment Releases,MOOE,10000000,thousand pesos,10000000000,1000,Visually transcribed from Annex C printed summary table.
c-status-rollup-p001-c113,2024,C,1,1,https://github.com/tordecilla/unprogrammed-appropriations/releases/download/pdfs-status-pages-v1/annex-c-p001.pdf,Program purpose,"Priority Social Programs for Health (including Health Facilities Enhancement Program), Social Welfare and Development, Higher Education and Technical Vocational Education",Allotment Releases,CO,9169665,thousand pesos,9169665000,1000,Visually transcribed from Annex C printed summary table.
c-status-rollup-p001-c114,2024,C,1,1,https://github.com/tordecilla/unprogrammed-appropriations/releases/download/pdfs-status-pages-v1/annex-c-p001.pdf,Program purpose,"Priority Social Programs for Health (including Health Facilities Enhancement Program), Social Welfare and Development, Higher Education and Technical Vocational Education",Allotment Releases,Total,19169665,thousand pesos,19169665000,1000,Visually transcribed from Annex C printed summary table.
c-status-rollup-p001-c115,2024,C,1,1,https://github.com/tordecilla/unprogrammed-appropriations/releases/download/pdfs-status-pages-v1/annex-c-p001.pdf,Program purpose,"Priority Social Programs for Health (including Health Facilities Enhancement Program), Social Welfare and Development, Higher Education and Technical Vocational Education",Balance,MOOE,28592552,thousand pesos,28592552000,1000,Visually transcribed from Annex C printed summary table.
c-status-rollup-p001-c116,2024,C,1,1,https://github.com/tordecilla/unprogrammed-appropriations/releases/download/pdfs-status-pages-v1/annex-c-p001.pdf,Program purpose,"Priority Social Programs for Health (including Health Facilities Enhancement Program), Social Welfare and Development, Higher Education and Technical Vocational Education",Balance,Total,28592552,thousand pesos,28592552000,1000,Visually transcribed from Annex C printed summary table.
c-status-rollup-p001-c117,2024,C,1,1,https://github.com/tordecilla/unprogrammed-appropriations/releases/download/pdfs-status-pages-v1/annex-c-p001.pdf,Program purpose,Revised AFP Modernization Program,Program,CO,10000000,thousand pesos,10000000000,1000,Visually transcribed from Annex C printed summary table.
c-status-rollup-p001-c118,2024,C,1,1,https://github.com/tordecilla/unprogrammed-appropriations/releases/download/pdfs-status-pages-v1/annex-c-p001.pdf,Program purpose,Revised AFP Modernization Program,Program,Total,10000000,thousand pesos,10000000000,1000,Visually transcribed from Annex C printed summary table.
c-status-rollup-p001-c119,2024,C,1,1,https://github.com/tordecilla/unprogrammed-appropriations/releases/download/pdfs-status-pages-v1/annex-c-p001.pdf,Program purpose,Revised AFP Modernization Program,Adjusted Program,CO,10000000,thousand pesos,10000000000,1000,Visually transcribed from Annex C printed summary table.
c-status-rollup-p001-c120,2024,C,1,1,https://github.com/tordecilla/unprogrammed-appropriations/releases/download/pdfs-status-pages-v1/annex-c-p001.pdf,Program purpose,Revised AFP Modernization Program,Adjusted Program,Total,10000000,thousand pesos,10000000000,1000,Visually transcribed from Annex C printed summary table.
c-status-rollup-p001-c121,2024,C,1,1,https://github.com/tordecilla/unprogrammed-appropriations/releases/download/pdfs-status-pages-v1/annex-c-p001.pdf,Program purpose,Revised AFP Modernization Program,Allotment Releases,CO,10000000,thousand pesos,10000000000,1000,Visually transcribed from Annex C printed summary table.
c-status-rollup-p001-c122,2024,C,1,1,https://github.com/tordecilla/unprogrammed-appropriations/releases/download/pdfs-status-pages-v1/annex-c-p001.pdf,Program purpose,Revised AFP Modernization Program,Allotment Releases,Total,10000000,thousand pesos,10000000000,1000,Visually transcribed from Annex C printed summary table.
c-status-rollup-p001-c123,2024,C,1,1,https://github.com/tordecilla/unprogrammed-appropriations/releases/download/pdfs-status-pages-v1/annex-c-p001.pdf,Program purpose,For Payment of Right-of-Way,Program,CO,3000000,thousand pesos,3000000000,1000,Visually transcribed from Annex C printed summary table.
c-status-rollup-p001-c124,2024,C,1,1,https://github.com/tordecilla/unprogrammed-appropriations/releases/download/pdfs-status-pages-v1/annex-c-p001.pdf,Program purpose,For Payment of Right-of-Way,Program,Total,3000000,thousand pesos,3000000000,1000,Visually transcribed from Annex C printed summary table.
c-status-rollup-p001-c125,2024,C,1,1,https://github.com/tordecilla/unprogrammed-appropriations/releases/download/pdfs-status-pages-v1/annex-c-p001.pdf,Program purpose,For Payment of Right-of-Way,Adjustments,CO,4558,thousand pesos,4558000,1000,Visually transcribed from Annex C printed summary table.
c-status-rollup-p001-c126,2024,C,1,1,https://github.com/tordecilla/unprogrammed-appropriations/releases/download/pdfs-status-pages-v1/annex-c-p001.pdf,Program purpose,For Payment of Right-of-Way,Adjustments,Total,4558,thousand pesos,4558000,1000,Visually transcribed from Annex C printed summary table.
c-status-rollup-p001-c127,2024,C,1,1,https://github.com/tordecilla/unprogrammed-appropriations/releases/download/pdfs-status-pages-v1/annex-c-p001.pdf,Program purpose,For Payment of Right-of-Way,Adjusted Program,CO,3004558,thousand pesos,3004558000,1000,Visually transcribed from Annex C printed summary table.
c-status-rollup-p001-c128,2024,C,1,1,https://github.com/tordecilla/unprogrammed-appropriations/releases/download/pdfs-status-pages-v1/annex-c-p001.pdf,Program purpose,For Payment of Right-of-Way,Adjusted Program,Total,3004558,thousand pesos,3004558000,1000,Visually transcribed from Annex C printed summary table.
c-status-rollup-p001-c129,2024,C,1,1,https://github.com/tordecilla/unprogrammed-appropriations/releases/download/pdfs-status-pages-v1/annex-c-p001.pdf,Program purpose,For Payment of Right-of-Way,Allotment Releases,CO,3004558,thousand pesos,3004558000,1000,Visually transcribed from Annex C printed summary table.
c-status-rollup-p001-c130,2024,C,1,1,https://github.com/tordecilla/unprogrammed-appropriations/releases/download/pdfs-status-pages-v1/annex-c-p001.pdf,Program purpose,For Payment of Right-of-Way,Allotment Releases,Total,3004558,thousand pesos,3004558000,1000,Visually transcribed from Annex C printed summary table.
c-status-rollup-p001-c131,2024,C,1,1,https://github.com/tordecilla/unprogrammed-appropriations/releases/download/pdfs-status-pages-v1/annex-c-p001.pdf,Program purpose,Pre-Feasibility Studies/Preliminary and Detailed Engineering,Program,CO,3000000,thousand pesos,3000000000,1000,Visually transcribed from Annex C printed summary table.
c-status-rollup-p001-c132,2024,C,1,1,https://github.com/tordecilla/unprogrammed-appropriations/releases/download/pdfs-status-pages-v1/annex-c-p001.pdf,Program purpose,Pre-Feasibility Studies/Preliminary and Detailed Engineering,Program,Total,3000000,thousand pesos,3000000000,1000,Visually transcribed from Annex C printed summary table.
c-status-rollup-p001-c133,2024,C,1,1,https://github.com/tordecilla/unprogrammed-appropriations/releases/download/pdfs-status-pages-v1/annex-c-p001.pdf,Program purpose,Pre-Feasibility Studies/Preliminary and Detailed Engineering,Adjusted Program,CO,3000000,thousand pesos,3000000000,1000,Visually transcribed from Annex C printed summary table.
c-status-rollup-p001-c134,2024,C,1,1,https://github.com/tordecilla/unprogrammed-appropriations/releases/download/pdfs-status-pages-v1/annex-c-p001.pdf,Program purpose,Pre-Feasibility Studies/Preliminary and Detailed Engineering,Adjusted Program,Total,3000000,thousand pesos,3000000000,1000,Visually transcribed from Annex C printed summary table.
c-status-rollup-p001-c135,2024,C,1,1,https://github.com/tordecilla/unprogrammed-appropriations/releases/download/pdfs-status-pages-v1/annex-c-p001.pdf,Program purpose,Pre-Feasibility Studies/Preliminary and Detailed Engineering,Balance,CO,3000000,thousand pesos,3000000000,1000,Visually transcribed from Annex C printed summary table.
c-status-rollup-p001-c136,2024,C,1,1,https://github.com/tordecilla/unprogrammed-appropriations/releases/download/pdfs-status-pages-v1/annex-c-p001.pdf,Program purpose,Pre-Feasibility Studies/Preliminary and Detailed Engineering,Balance,Total,3000000,thousand pesos,3000000000,1000,Visually transcribed from Annex C printed summary table.
c-status-rollup-p001-c137,2024,C,1,1,https://github.com/tordecilla/unprogrammed-appropriations/releases/download/pdfs-status-pages-v1/annex-c-p001.pdf,Program purpose,Public Private Partnership - Strategic Support Fund (including Right-of-Way and Subsidy),Program,CO,3000000,thousand pesos,3000000000,1000,Visually transcribed from Annex C printed summary table.
c-status-rollup-p001-c138,2024,C,1,1,https://github.com/tordecilla/unprogrammed-appropriations/releases/download/pdfs-status-pages-v1/annex-c-p001.pdf,Program purpose,Public Private Partnership - Strategic Support Fund (including Right-of-Way and Subsidy),Program,Total,3000000,thousand pesos,3000000000,1000,Visually transcribed from Annex C printed summary table.
c-status-rollup-p001-c139,2024,C,1,1,https://github.com/tordecilla/unprogrammed-appropriations/releases/download/pdfs-status-pages-v1/annex-c-p001.pdf,Program purpose,Public Private Partnership - Strategic Support Fund (including Right-of-Way and Subsidy),Adjusted Program,CO,3000000,thousand pesos,3000000000,1000,Visually transcribed from Annex C printed summary table.
c-status-rollup-p001-c140,2024,C,1,1,https://github.com/tordecilla/unprogrammed-appropriations/releases/download/pdfs-status-pages-v1/annex-c-p001.pdf,Program purpose,Public Private Partnership - Strategic Support Fund (including Right-of-Way and Subsidy),Adjusted Program,Total,3000000,thousand pesos,3000000000,1000,Visually transcribed from Annex C printed summary table.
c-status-rollup-p001-c141,2024,C,1,1,https://github.com/tordecilla/unprogrammed-appropriations/releases/download/pdfs-status-pages-v1/annex-c-p001.pdf,Program purpose,Public Private Partnership - Strategic Support Fund (including Right-of-Way and Subsidy),Balance,CO,3000000,thousand pesos,3000000000,1000,Visually transcribed from Annex C printed summary table.
c-status-rollup-p001-c142,2024,C,1,1,https://github.com/tordecilla/unprogrammed-appropriations/releases/download/pdfs-status-pages-v1/annex-c-p001.pdf,Program purpose,Public Private Partnership - Strategic Support Fund (including Right-of-Way and Subsidy),Balance,Total,3000000,thousand pesos,3000000000,1000,Visually transcribed from Annex C printed summary table.
c-status-rollup-p001-c143,2024,C,1,1,https://github.com/tordecilla/unprogrammed-appropriations/releases/download/pdfs-status-pages-v1/annex-c-p001.pdf,Program purpose,Maintenance Repair and Rehabilitation of Infrastructure Facilities (Routine Maintenance of National Roads),Program,MOOE,3000000,thousand pesos,3000000000,1000,Visually transcribed from Annex C printed summary table.
c-status-rollup-p001-c144,2024,C,1,1,https://github.com/tordecilla/unprogrammed-appropriations/releases/download/pdfs-status-pages-v1/annex-c-p001.pdf,Program purpose,Maintenance Repair and Rehabilitation of Infrastructure Facilities (Routine Maintenance of National Roads),Program,Total,3000000,thousand pesos,3000000000,1000,Visually transcribed from Annex C printed summary table.
c-status-rollup-p001-c145,2024,C,1,1,https://github.com/tordecilla/unprogrammed-appropriations/releases/download/pdfs-status-pages-v1/annex-c-p001.pdf,Program purpose,Maintenance Repair and Rehabilitation of Infrastructure Facilities (Routine Maintenance of National Roads),Adjustments,MOOE,10500000,thousand pesos,10500000000,1000,Visually transcribed from Annex C printed summary table.
c-status-rollup-p001-c146,2024,C,1,1,https://github.com/tordecilla/unprogrammed-appropriations/releases/download/pdfs-status-pages-v1/annex-c-p001.pdf,Program purpose,Maintenance Repair and Rehabilitation of Infrastructure Facilities (Routine Maintenance of National Roads),Adjustments,Total,10500000,thousand pesos,10500000000,1000,Visually transcribed from Annex C printed summary table.
c-status-rollup-p001-c147,2024,C,1,1,https://github.com/tordecilla/unprogrammed-appropriations/releases/download/pdfs-status-pages-v1/annex-c-p001.pdf,Program purpose,Maintenance Repair and Rehabilitation of Infrastructure Facilities (Routine Maintenance of National Roads),Adjusted Program,MOOE,13500000,thousand pesos,13500000000,1000,Visually transcribed from Annex C printed summary table.
c-status-rollup-p001-c148,2024,C,1,1,https://github.com/tordecilla/unprogrammed-appropriations/releases/download/pdfs-status-pages-v1/annex-c-p001.pdf,Program purpose,Maintenance Repair and Rehabilitation of Infrastructure Facilities (Routine Maintenance of National Roads),Adjusted Program,Total,13500000,thousand pesos,13500000000,1000,Visually transcribed from Annex C printed summary table.
c-status-rollup-p001-c149,2024,C,1,1,https://github.com/tordecilla/unprogrammed-appropriations/releases/download/pdfs-status-pages-v1/annex-c-p001.pdf,Program purpose,Maintenance Repair and Rehabilitation of Infrastructure Facilities (Routine Maintenance of National Roads),Allotment Releases,MOOE,13500000,thousand pesos,13500000000,1000,Visually transcribed from Annex C printed summary table.
c-status-rollup-p001-c150,2024,C,1,1,https://github.com/tordecilla/unprogrammed-appropriations/releases/download/pdfs-status-pages-v1/annex-c-p001.pdf,Program purpose,Maintenance Repair and Rehabilitation of Infrastructure Facilities (Routine Maintenance of National Roads),Allotment Releases,Total,13500000,thousand pesos,13500000000,1000,Visually transcribed from Annex C printed summary table.
c-status-rollup-p001-c151,2024,C,1,1,https://github.com/tordecilla/unprogrammed-appropriations/releases/download/pdfs-status-pages-v1/annex-c-p001.pdf,Program purpose,For Government Counterpart of Foreign Assisted Projects,Program,PS,68277,thousand pesos,68277000,1000,Visually transcribed from Annex C printed summary table.
c-status-rollup-p001-c152,2024,C,1,1,https://github.com/tordecilla/unprogrammed-appropriations/releases/download/pdfs-status-pages-v1/annex-c-p001.pdf,Program purpose,For Government Counterpart of Foreign Assisted Projects,Program,MOOE,1483107,thousand pesos,1483107000,1000,Visually transcribed from Annex C printed summary table.
c-status-rollup-p001-c153,2024,C,1,1,https://github.com/tordecilla/unprogrammed-appropriations/releases/download/pdfs-status-pages-v1/annex-c-p001.pdf,Program purpose,For Government Counterpart of Foreign Assisted Projects,Program,CO,49948616,thousand pesos,49948616000,1000,Visually transcribed from Annex C printed summary table.
c-status-rollup-p001-c154,2024,C,1,1,https://github.com/tordecilla/unprogrammed-appropriations/releases/download/pdfs-status-pages-v1/annex-c-p001.pdf,Program purpose,For Government Counterpart of Foreign Assisted Projects,Program,Total,51500000,thousand pesos,51500000000,1000,Visually transcribed from Annex C printed summary table.
c-status-rollup-p001-c155,2024,C,1,1,https://github.com/tordecilla/unprogrammed-appropriations/releases/download/pdfs-status-pages-v1/annex-c-p001.pdf,Program purpose,For Government Counterpart of Foreign Assisted Projects,Adjustments,PS,33760,thousand pesos,33760000,1000,Visually transcribed from Annex C printed summary table.
c-status-rollup-p001-c156,2024,C,1,1,https://github.com/tordecilla/unprogrammed-appropriations/releases/download/pdfs-status-pages-v1/annex-c-p001.pdf,Program purpose,For Government Counterpart of Foreign Assisted Projects,Adjustments,MOOE,5421529,thousand pesos,5421529000,1000,Visually transcribed from Annex C printed summary table.
c-status-rollup-p001-c157,2024,C,1,1,https://github.com/tordecilla/unprogrammed-appropriations/releases/download/pdfs-status-pages-v1/annex-c-p001.pdf,Program purpose,For Government Counterpart of Foreign Assisted Projects,Adjustments,CO,-5455289,thousand pesos,-5455289000,1000,Visually transcribed from Annex C printed summary table.
c-status-rollup-p001-c158,2024,C,1,1,https://github.com/tordecilla/unprogrammed-appropriations/releases/download/pdfs-status-pages-v1/annex-c-p001.pdf,Program purpose,For Government Counterpart of Foreign Assisted Projects,Adjustments,Total,0,thousand pesos,0,1000,Visually transcribed from Annex C printed summary table.
c-status-rollup-p001-c159,2024,C,1,1,https://github.com/tordecilla/unprogrammed-appropriations/releases/download/pdfs-status-pages-v1/annex-c-p001.pdf,Program purpose,For Government Counterpart of Foreign Assisted Projects,Adjusted Program,PS,102037,thousand pesos,102037000,1000,Visually transcribed from Annex C printed summary table.
c-status-rollup-p001-c160,2024,C,1,1,https://github.com/tordecilla/unprogrammed-appropriations/releases/download/pdfs-status-pages-v1/annex-c-p001.pdf,Program purpose,For Government Counterpart of Foreign Assisted Projects,Adjusted Program,MOOE,6904636,thousand pesos,6904636000,1000,Visually transcribed from Annex C printed summary table.
c-status-rollup-p001-c161,2024,C,1,1,https://github.com/tordecilla/unprogrammed-appropriations/releases/download/pdfs-status-pages-v1/annex-c-p001.pdf,Program purpose,For Government Counterpart of Foreign Assisted Projects,Adjusted Program,CO,44493327,thousand pesos,44493327000,1000,Visually transcribed from Annex C printed summary table.
c-status-rollup-p001-c162,2024,C,1,1,https://github.com/tordecilla/unprogrammed-appropriations/releases/download/pdfs-status-pages-v1/annex-c-p001.pdf,Program purpose,For Government Counterpart of Foreign Assisted Projects,Adjusted Program,Total,51500000,thousand pesos,51500000000,1000,Visually transcribed from Annex C printed summary table.
c-status-rollup-p001-c163,2024,C,1,1,https://github.com/tordecilla/unprogrammed-appropriations/releases/download/pdfs-status-pages-v1/annex-c-p001.pdf,Program purpose,For Government Counterpart of Foreign Assisted Projects,Allotment Releases,PS,102037,thousand pesos,102037000,1000,Visually transcribed from Annex C printed summary table.
c-status-rollup-p001-c164,2024,C,1,1,https://github.com/tordecilla/unprogrammed-appropriations/releases/download/pdfs-status-pages-v1/annex-c-p001.pdf,Program purpose,For Government Counterpart of Foreign Assisted Projects,Allotment Releases,MOOE,6904636,thousand pesos,6904636000,1000,Visually transcribed from Annex C printed summary table.
c-status-rollup-p001-c165,2024,C,1,1,https://github.com/tordecilla/unprogrammed-appropriations/releases/download/pdfs-status-pages-v1/annex-c-p001.pdf,Program purpose,For Government Counterpart of Foreign Assisted Projects,Allotment Releases,CO,33870840,thousand pesos,33870840000,1000,Visually transcribed from Annex C printed summary table.
c-status-rollup-p001-c166,2024,C,1,1,https://github.com/tordecilla/unprogrammed-appropriations/releases/download/pdfs-status-pages-v1/annex-c-p001.pdf,Program purpose,For Government Counterpart of Foreign Assisted Projects,Allotment Releases,Total,40877514,thousand pesos,40877514000,1000,Visually transcribed from Annex C printed summary table.
c-status-rollup-p001-c167,2024,C,1,1,https://github.com/tordecilla/unprogrammed-appropriations/releases/download/pdfs-status-pages-v1/annex-c-p001.pdf,Program purpose,For Government Counterpart of Foreign Assisted Projects,Balance,CO,10622486,thousand pesos,10622486000,1000,Visually transcribed from Annex C printed summary table.
c-status-rollup-p001-c168,2024,C,1,1,https://github.com/tordecilla/unprogrammed-appropriations/releases/download/pdfs-status-pages-v1/annex-c-p001.pdf,Program purpose,For Government Counterpart of Foreign Assisted Projects,Balance,Total,10622486,thousand pesos,10622486000,1000,Visually transcribed from Annex C printed summary table.
c-status-rollup-p001-c169,2024,C,1,1,https://github.com/tordecilla/unprogrammed-appropriations/releases/download/pdfs-status-pages-v1/annex-c-p001.pdf,Program purpose,"For Repair/Rehabilitation/Expansion of Laoag International Airport, Ilocos Norte",Program,CO,1000000,thousand pesos,1000000000,1000,Visually transcribed from Annex C printed summary table.
c-status-rollup-p001-c170,2024,C,1,1,https://github.com/tordecilla/unprogrammed-appropriations/releases/download/pdfs-status-pages-v1/annex-c-p001.pdf,Program purpose,"For Repair/Rehabilitation/Expansion of Laoag International Airport, Ilocos Norte",Program,Total,1000000,thousand pesos,1000000000,1000,Visually transcribed from Annex C printed summary table.
c-status-rollup-p001-c171,2024,C,1,1,https://github.com/tordecilla/unprogrammed-appropriations/releases/download/pdfs-status-pages-v1/annex-c-p001.pdf,Program purpose,"For Repair/Rehabilitation/Expansion of Laoag International Airport, Ilocos Norte",Adjusted Program,CO,1000000,thousand pesos,1000000000,1000,Visually transcribed from Annex C printed summary table.
c-status-rollup-p001-c172,2024,C,1,1,https://github.com/tordecilla/unprogrammed-appropriations/releases/download/pdfs-status-pages-v1/annex-c-p001.pdf,Program purpose,"For Repair/Rehabilitation/Expansion of Laoag International Airport, Ilocos Norte",Adjusted Program,Total,1000000,thousand pesos,1000000000,1000,Visually transcribed from Annex C printed summary table.
c-status-rollup-p001-c173,2024,C,1,1,https://github.com/tordecilla/unprogrammed-appropriations/releases/download/pdfs-status-pages-v1/annex-c-p001.pdf,Program purpose,"For Repair/Rehabilitation/Expansion of Laoag International Airport, Ilocos Norte",Balance,CO,1000000,thousand pesos,1000000000,1000,Visually transcribed from Annex C printed summary table.
c-status-rollup-p001-c174,2024,C,1,1,https://github.com/tordecilla/unprogrammed-appropriations/releases/download/pdfs-status-pages-v1/annex-c-p001.pdf,Program purpose,"For Repair/Rehabilitation/Expansion of Laoag International Airport, Ilocos Norte",Balance,Total,1000000,thousand pesos,1000000000,1000,Visually transcribed from Annex C printed summary table.
c-status-rollup-p001-c175,2024,C,1,1,https://github.com/tordecilla/unprogrammed-appropriations/releases/download/pdfs-status-pages-v1/annex-c-p001.pdf,Program purpose,For Payment of Personnel Benefits,Program,PS,59000000,thousand pesos,59000000000,1000,Visually transcribed from Annex C printed summary table.
c-status-rollup-p001-c176,2024,C,1,1,https://github.com/tordecilla/unprogrammed-appropriations/releases/download/pdfs-status-pages-v1/annex-c-p001.pdf,Program purpose,For Payment of Personnel Benefits,Program,Total,59000000,thousand pesos,59000000000,1000,Visually transcribed from Annex C printed summary table.
c-status-rollup-p001-c177,2024,C,1,1,https://github.com/tordecilla/unprogrammed-appropriations/releases/download/pdfs-status-pages-v1/annex-c-p001.pdf,Program purpose,For Payment of Personnel Benefits,Adjusted Program,PS,59000000,thousand pesos,59000000000,1000,Visually transcribed from Annex C printed summary table.
c-status-rollup-p001-c178,2024,C,1,1,https://github.com/tordecilla/unprogrammed-appropriations/releases/download/pdfs-status-pages-v1/annex-c-p001.pdf,Program purpose,For Payment of Personnel Benefits,Adjusted Program,Total,59000000,thousand pesos,59000000000,1000,Visually transcribed from Annex C printed summary table.
c-status-rollup-p001-c179,2024,C,1,1,https://github.com/tordecilla/unprogrammed-appropriations/releases/download/pdfs-status-pages-v1/annex-c-p001.pdf,Program purpose,For Payment of Personnel Benefits,Allotment Releases,PS,56894199,thousand pesos,56894199000,1000,Visually transcribed from Annex C printed summary table.
c-status-rollup-p001-c180,2024,C,1,1,https://github.com/tordecilla/unprogrammed-appropriations/releases/download/pdfs-status-pages-v1/annex-c-p001.pdf,Program purpose,For Payment of Personnel Benefits,Allotment Releases,Total,56894199,thousand pesos,56894199000,1000,Visually transcribed from Annex C printed summary table.
c-status-rollup-p001-c181,2024,C,1,1,https://github.com/tordecilla/unprogrammed-appropriations/releases/download/pdfs-status-pages-v1/annex-c-p001.pdf,Program purpose,For Payment of Personnel Benefits,Balance,PS,2105801,thousand pesos,2105801000,1000,Visually transcribed from Annex C printed summary table.
c-status-rollup-p001-c182,2024,C,1,1,https://github.com/tordecilla/unprogrammed-appropriations/releases/download/pdfs-status-pages-v1/annex-c-p001.pdf,Program purpose,For Payment of Personnel Benefits,Balance,Total,2105801,thousand pesos,2105801000,1000,Visually transcribed from Annex C printed summary table.
c-status-rollup-p001-c183,2024,C,1,1,https://github.com/tordecilla/unprogrammed-appropriations/releases/download/pdfs-status-pages-v1/annex-c-p001.pdf,Program purpose,Pension and Gratuity Fund,Program,PS,40250000,thousand pesos,40250000000,1000,Visually transcribed from Annex C printed summary table.
c-status-rollup-p001-c184,2024,C,1,1,https://github.com/tordecilla/unprogrammed-appropriations/releases/download/pdfs-status-pages-v1/annex-c-p001.pdf,Program purpose,Pension and Gratuity Fund,Program,Total,40250000,thousand pesos,40250000000,1000,Visually transcribed from Annex C printed summary table.
c-status-rollup-p001-c185,2024,C,1,1,https://github.com/tordecilla/unprogrammed-appropriations/releases/download/pdfs-status-pages-v1/annex-c-p001.pdf,Program purpose,Pension and Gratuity Fund,Adjusted Program,PS,40250000,thousand pesos,40250000000,1000,Visually transcribed from Annex C printed summary table.
c-status-rollup-p001-c186,2024,C,1,1,https://github.com/tordecilla/unprogrammed-appropriations/releases/download/pdfs-status-pages-v1/annex-c-p001.pdf,Program purpose,Pension and Gratuity Fund,Adjusted Program,Total,40250000,thousand pesos,40250000000,1000,Visually transcribed from Annex C printed summary table.
c-status-rollup-p001-c187,2024,C,1,1,https://github.com/tordecilla/unprogrammed-appropriations/releases/download/pdfs-status-pages-v1/annex-c-p001.pdf,Program purpose,Pension and Gratuity Fund,Allotment Releases,PS,8662991,thousand pesos,8662991000,1000,Visually transcribed from Annex C printed summary table.
c-status-rollup-p001-c188,2024,C,1,1,https://github.com/tordecilla/unprogrammed-appropriations/releases/download/pdfs-status-pages-v1/annex-c-p001.pdf,Program purpose,Pension and Gratuity Fund,Allotment Releases,Total,8662991,thousand pesos,8662991000,1000,Visually transcribed from Annex C printed summary table.
c-status-rollup-p001-c189,2024,C,1,1,https://github.com/tordecilla/unprogrammed-appropriations/releases/download/pdfs-status-pages-v1/annex-c-p001.pdf,Program purpose,Pension and Gratuity Fund,Balance,PS,31587009,thousand pesos,31587009000,1000,Visually transcribed from Annex C printed summary table.
c-status-rollup-p001-c190,2024,C,1,1,https://github.com/tordecilla/unprogrammed-appropriations/releases/download/pdfs-status-pages-v1/annex-c-p001.pdf,Program purpose,Pension and Gratuity Fund,Balance,Total,31587009,thousand pesos,31587009000,1000,Visually transcribed from Annex C printed summary table.
c-status-rollup-p001-c191,2024,C,1,1,https://github.com/tordecilla/unprogrammed-appropriations/releases/download/pdfs-status-pages-v1/annex-c-p001.pdf,Program purpose,PUV Service Contracting (Libreng Sakay),Program,MOOE,500000,thousand pesos,500000000,1000,Visually transcribed from Annex C printed summary table.
c-status-rollup-p001-c192,2024,C,1,1,https://github.com/tordecilla/unprogrammed-appropriations/releases/download/pdfs-status-pages-v1/annex-c-p001.pdf,Program purpose,PUV Service Contracting (Libreng Sakay),Program,Total,500000,thousand pesos,500000000,1000,Visually transcribed from Annex C printed summary table.
c-status-rollup-p001-c193,2024,C,1,1,https://github.com/tordecilla/unprogrammed-appropriations/releases/download/pdfs-status-pages-v1/annex-c-p001.pdf,Program purpose,PUV Service Contracting (Libreng Sakay),Adjusted Program,MOOE,500000,thousand pesos,500000000,1000,Visually transcribed from Annex C printed summary table.
c-status-rollup-p001-c194,2024,C,1,1,https://github.com/tordecilla/unprogrammed-appropriations/releases/download/pdfs-status-pages-v1/annex-c-p001.pdf,Program purpose,PUV Service Contracting (Libreng Sakay),Adjusted Program,Total,500000,thousand pesos,500000000,1000,Visually transcribed from Annex C printed summary table.
c-status-rollup-p001-c195,2024,C,1,1,https://github.com/tordecilla/unprogrammed-appropriations/releases/download/pdfs-status-pages-v1/annex-c-p001.pdf,Program purpose,PUV Service Contracting (Libreng Sakay),Balance,MOOE,500000,thousand pesos,500000000,1000,Visually transcribed from Annex C printed summary table.
c-status-rollup-p001-c196,2024,C,1,1,https://github.com/tordecilla/unprogrammed-appropriations/releases/download/pdfs-status-pages-v1/annex-c-p001.pdf,Program purpose,PUV Service Contracting (Libreng Sakay),Balance,Total,500000,thousand pesos,500000000,1000,Visually transcribed from Annex C printed summary table.
c-status-rollup-p001-c197,2024,C,1,1,https://github.com/tordecilla/unprogrammed-appropriations/releases/download/pdfs-status-pages-v1/annex-c-p001.pdf,Program purpose,Screening and Anti-Terrorist Equipment and Body Camera,Program,CO,980000,thousand pesos,980000000,1000,Visually transcribed from Annex C printed summary table.
c-status-rollup-p001-c198,2024,C,1,1,https://github.com/tordecilla/unprogrammed-appropriations/releases/download/pdfs-status-pages-v1/annex-c-p001.pdf,Program purpose,Screening and Anti-Terrorist Equipment and Body Camera,Program,Total,980000,thousand pesos,980000000,1000,Visually transcribed from Annex C printed summary table.
c-status-rollup-p001-c199,2024,C,1,1,https://github.com/tordecilla/unprogrammed-appropriations/releases/download/pdfs-status-pages-v1/annex-c-p001.pdf,Program purpose,Screening and Anti-Terrorist Equipment and Body Camera,Adjusted Program,CO,980000,thousand pesos,980000000,1000,Visually transcribed from Annex C printed summary table.
c-status-rollup-p001-c200,2024,C,1,1,https://github.com/tordecilla/unprogrammed-appropriations/releases/download/pdfs-status-pages-v1/annex-c-p001.pdf,Program purpose,Screening and Anti-Terrorist Equipment and Body Camera,Adjusted Program,Total,980000,thousand pesos,980000000,1000,Visually transcribed from Annex C printed summary table.
c-status-rollup-p001-c201,2024,C,1,1,https://github.com/tordecilla/unprogrammed-appropriations/releases/download/pdfs-status-pages-v1/annex-c-p001.pdf,Program purpose,Screening and Anti-Terrorist Equipment and Body Camera,Balance,CO,980000,thousand pesos,980000000,1000,Visually transcribed from Annex C printed summary table.
c-status-rollup-p001-c202,2024,C,1,1,https://github.com/tordecilla/unprogrammed-appropriations/releases/download/pdfs-status-pages-v1/annex-c-p001.pdf,Program purpose,Screening and Anti-Terrorist Equipment and Body Camera,Balance,Total,980000,thousand pesos,980000000,1000,Visually transcribed from Annex C printed summary table.
c-status-rollup-p001-c203,2024,C,1,1,https://github.com/tordecilla/unprogrammed-appropriations/releases/download/pdfs-status-pages-v1/annex-c-p001.pdf,Program purpose,National Data Privacy Program,Program,CO,620000,thousand pesos,620000000,1000,Visually transcribed from Annex C printed summary table.
c-status-rollup-p001-c204,2024,C,1,1,https://github.com/tordecilla/unprogrammed-appropriations/releases/download/pdfs-status-pages-v1/annex-c-p001.pdf,Program purpose,National Data Privacy Program,Program,Total,620000,thousand pesos,620000000,1000,Visually transcribed from Annex C printed summary table.
c-status-rollup-p001-c205,2024,C,1,1,https://github.com/tordecilla/unprogrammed-appropriations/releases/download/pdfs-status-pages-v1/annex-c-p001.pdf,Program purpose,National Data Privacy Program,Adjusted Program,CO,620000,thousand pesos,620000000,1000,Visually transcribed from Annex C printed summary table.
c-status-rollup-p001-c206,2024,C,1,1,https://github.com/tordecilla/unprogrammed-appropriations/releases/download/pdfs-status-pages-v1/annex-c-p001.pdf,Program purpose,National Data Privacy Program,Adjusted Program,Total,620000,thousand pesos,620000000,1000,Visually transcribed from Annex C printed summary table.
c-status-rollup-p001-c207,2024,C,1,1,https://github.com/tordecilla/unprogrammed-appropriations/releases/download/pdfs-status-pages-v1/annex-c-p001.pdf,Program purpose,National Data Privacy Program,Balance,CO,620000,thousand pesos,620000000,1000,Visually transcribed from Annex C printed summary table.
c-status-rollup-p001-c208,2024,C,1,1,https://github.com/tordecilla/unprogrammed-appropriations/releases/download/pdfs-status-pages-v1/annex-c-p001.pdf,Program purpose,National Data Privacy Program,Balance,Total,620000,thousand pesos,620000000,1000,Visually transcribed from Annex C printed summary table.
c-status-rollup-p001-c209,2024,C,1,1,https://github.com/tordecilla/unprogrammed-appropriations/releases/download/pdfs-status-pages-v1/annex-c-p001.pdf,Program purpose,Preparatory for National and Local Elections,Program,MOOE,1500000,thousand pesos,1500000000,1000,Visually transcribed from Annex C printed summary table.
c-status-rollup-p001-c210,2024,C,1,1,https://github.com/tordecilla/unprogrammed-appropriations/releases/download/pdfs-status-pages-v1/annex-c-p001.pdf,Program purpose,Preparatory for National and Local Elections,Program,Total,1500000,thousand pesos,1500000000,1000,Visually transcribed from Annex C printed summary table.
c-status-rollup-p001-c211,2024,C,1,1,https://github.com/tordecilla/unprogrammed-appropriations/releases/download/pdfs-status-pages-v1/annex-c-p001.pdf,Program purpose,Preparatory for National and Local Elections,Adjusted Program,MOOE,1500000,thousand pesos,1500000000,1000,Visually transcribed from Annex C printed summary table.
c-status-rollup-p001-c212,2024,C,1,1,https://github.com/tordecilla/unprogrammed-appropriations/releases/download/pdfs-status-pages-v1/annex-c-p001.pdf,Program purpose,Preparatory for National and Local Elections,Adjusted Program,Total,1500000,thousand pesos,1500000000,1000,Visually transcribed from Annex C printed summary table.
c-status-rollup-p001-c213,2024,C,1,1,https://github.com/tordecilla/unprogrammed-appropriations/releases/download/pdfs-status-pages-v1/annex-c-p001.pdf,Program purpose,Preparatory for National and Local Elections,Balance,MOOE,1500000,thousand pesos,1500000000,1000,Visually transcribed from Annex C printed summary table.
c-status-rollup-p001-c214,2024,C,1,1,https://github.com/tordecilla/unprogrammed-appropriations/releases/download/pdfs-status-pages-v1/annex-c-p001.pdf,Program purpose,Preparatory for National and Local Elections,Balance,Total,1500000,thousand pesos,1500000000,1000,Visually transcribed from Annex C printed summary table.
c-status-rollup-p002-c001,2024,C,2,2,https://github.com/tordecilla/unprogrammed-appropriations/releases/download/pdfs-status-pages-v1/annex-c-p002.pdf,Program purpose,Construction/Repair of NFA Warehouse Facilities and Purchase of Drying Equipments,Program,MOOE,5000000,thousand pesos,5000000000,1000,Visually transcribed from Annex C printed summary table.
c-status-rollup-p002-c002,2024,C,2,2,https://github.com/tordecilla/unprogrammed-appropriations/releases/download/pdfs-status-pages-v1/annex-c-p002.pdf,Program purpose,Construction/Repair of NFA Warehouse Facilities and Purchase of Drying Equipments,Program,Total,5000000,thousand pesos,5000000000,1000,Visually transcribed from Annex C printed summary table.
c-status-rollup-p002-c003,2024,C,2,2,https://github.com/tordecilla/unprogrammed-appropriations/releases/download/pdfs-status-pages-v1/annex-c-p002.pdf,Program purpose,Construction/Repair of NFA Warehouse Facilities and Purchase of Drying Equipments,Adjusted Program,MOOE,5000000,thousand pesos,5000000000,1000,Visually transcribed from Annex C printed summary table.
c-status-rollup-p002-c004,2024,C,2,2,https://github.com/tordecilla/unprogrammed-appropriations/releases/download/pdfs-status-pages-v1/annex-c-p002.pdf,Program purpose,Construction/Repair of NFA Warehouse Facilities and Purchase of Drying Equipments,Adjusted Program,Total,5000000,thousand pesos,5000000000,1000,Visually transcribed from Annex C printed summary table.
c-status-rollup-p002-c005,2024,C,2,2,https://github.com/tordecilla/unprogrammed-appropriations/releases/download/pdfs-status-pages-v1/annex-c-p002.pdf,Program purpose,Construction/Repair of NFA Warehouse Facilities and Purchase of Drying Equipments,Balance,MOOE,5000000,thousand pesos,5000000000,1000,Visually transcribed from Annex C printed summary table.
c-status-rollup-p002-c006,2024,C,2,2,https://github.com/tordecilla/unprogrammed-appropriations/releases/download/pdfs-status-pages-v1/annex-c-p002.pdf,Program purpose,Construction/Repair of NFA Warehouse Facilities and Purchase of Drying Equipments,Balance,Total,5000000,thousand pesos,5000000000,1000,Visually transcribed from Annex C printed summary table.
c-status-rollup-p002-c007,2024,C,2,2,https://github.com/tordecilla/unprogrammed-appropriations/releases/download/pdfs-status-pages-v1/annex-c-p002.pdf,Program purpose,Development and Modernization Plan on Infrastructure for Iwahig Prison and Penal Farm in Palawan,Program,CO,70000,thousand pesos,70000000,1000,Visually transcribed from Annex C printed summary table.
c-status-rollup-p002-c008,2024,C,2,2,https://github.com/tordecilla/unprogrammed-appropriations/releases/download/pdfs-status-pages-v1/annex-c-p002.pdf,Program purpose,Development and Modernization Plan on Infrastructure for Iwahig Prison and Penal Farm in Palawan,Program,Total,70000,thousand pesos,70000000,1000,Visually transcribed from Annex C printed summary table.
c-status-rollup-p002-c009,2024,C,2,2,https://github.com/tordecilla/unprogrammed-appropriations/releases/download/pdfs-status-pages-v1/annex-c-p002.pdf,Program purpose,Development and Modernization Plan on Infrastructure for Iwahig Prison and Penal Farm in Palawan,Adjusted Program,CO,70000,thousand pesos,70000000,1000,Visually transcribed from Annex C printed summary table.
c-status-rollup-p002-c010,2024,C,2,2,https://github.com/tordecilla/unprogrammed-appropriations/releases/download/pdfs-status-pages-v1/annex-c-p002.pdf,Program purpose,Development and Modernization Plan on Infrastructure for Iwahig Prison and Penal Farm in Palawan,Adjusted Program,Total,70000,thousand pesos,70000000,1000,Visually transcribed from Annex C printed summary table.
c-status-rollup-p002-c011,2024,C,2,2,https://github.com/tordecilla/unprogrammed-appropriations/releases/download/pdfs-status-pages-v1/annex-c-p002.pdf,Program purpose,Development and Modernization Plan on Infrastructure for Iwahig Prison and Penal Farm in Palawan,Balance,CO,70000,thousand pesos,70000000,1000,Visually transcribed from Annex C printed summary table.
c-status-rollup-p002-c012,2024,C,2,2,https://github.com/tordecilla/unprogrammed-appropriations/releases/download/pdfs-status-pages-v1/annex-c-p002.pdf,Program purpose,Development and Modernization Plan on Infrastructure for Iwahig Prison and Penal Farm in Palawan,Balance,Total,70000,thousand pesos,70000000,1000,Visually transcribed from Annex C printed summary table.
c-status-rollup-p002-c013,2024,C,2,2,https://github.com/tordecilla/unprogrammed-appropriations/releases/download/pdfs-status-pages-v1/annex-c-p002.pdf,Program purpose,Financial Subsidy for purchase of Photovoltaic Mainstreaming (Solar Home System) for Rural Electrification,Program,MOOE,3000000,thousand pesos,3000000000,1000,Visually transcribed from Annex C printed summary table.
c-status-rollup-p002-c014,2024,C,2,2,https://github.com/tordecilla/unprogrammed-appropriations/releases/download/pdfs-status-pages-v1/annex-c-p002.pdf,Program purpose,Financial Subsidy for purchase of Photovoltaic Mainstreaming (Solar Home System) for Rural Electrification,Program,Total,3000000,thousand pesos,3000000000,1000,Visually transcribed from Annex C printed summary table.
c-status-rollup-p002-c015,2024,C,2,2,https://github.com/tordecilla/unprogrammed-appropriations/releases/download/pdfs-status-pages-v1/annex-c-p002.pdf,Program purpose,Financial Subsidy for purchase of Photovoltaic Mainstreaming (Solar Home System) for Rural Electrification,Adjusted Program,MOOE,3000000,thousand pesos,3000000000,1000,Visually transcribed from Annex C printed summary table.
c-status-rollup-p002-c016,2024,C,2,2,https://github.com/tordecilla/unprogrammed-appropriations/releases/download/pdfs-status-pages-v1/annex-c-p002.pdf,Program purpose,Financial Subsidy for purchase of Photovoltaic Mainstreaming (Solar Home System) for Rural Electrification,Adjusted Program,Total,3000000,thousand pesos,3000000000,1000,Visually transcribed from Annex C printed summary table.
c-status-rollup-p002-c017,2024,C,2,2,https://github.com/tordecilla/unprogrammed-appropriations/releases/download/pdfs-status-pages-v1/annex-c-p002.pdf,Program purpose,Financial Subsidy for purchase of Photovoltaic Mainstreaming (Solar Home System) for Rural Electrification,Allotment Releases,MOOE,3000000,thousand pesos,3000000000,1000,Visually transcribed from Annex C printed summary table.
c-status-rollup-p002-c018,2024,C,2,2,https://github.com/tordecilla/unprogrammed-appropriations/releases/download/pdfs-status-pages-v1/annex-c-p002.pdf,Program purpose,Financial Subsidy for purchase of Photovoltaic Mainstreaming (Solar Home System) for Rural Electrification,Allotment Releases,Total,3000000,thousand pesos,3000000000,1000,Visually transcribed from Annex C printed summary table.
c-status-rollup-p002-c019,2024,C,2,2,https://github.com/tordecilla/unprogrammed-appropriations/releases/download/pdfs-status-pages-v1/annex-c-p002.pdf,Program purpose,Acquisition of Fire Trucks,Program,CO,1050000,thousand pesos,1050000000,1000,Visually transcribed from Annex C printed summary table.
c-status-rollup-p002-c020,2024,C,2,2,https://github.com/tordecilla/unprogrammed-appropriations/releases/download/pdfs-status-pages-v1/annex-c-p002.pdf,Program purpose,Acquisition of Fire Trucks,Program,Total,1050000,thousand pesos,1050000000,1000,Visually transcribed from Annex C printed summary table.
c-status-rollup-p002-c021,2024,C,2,2,https://github.com/tordecilla/unprogrammed-appropriations/releases/download/pdfs-status-pages-v1/annex-c-p002.pdf,Program purpose,Acquisition of Fire Trucks,Adjusted Program,CO,1050000,thousand pesos,1050000000,1000,Visually transcribed from Annex C printed summary table.
c-status-rollup-p002-c022,2024,C,2,2,https://github.com/tordecilla/unprogrammed-appropriations/releases/download/pdfs-status-pages-v1/annex-c-p002.pdf,Program purpose,Acquisition of Fire Trucks,Adjusted Program,Total,1050000,thousand pesos,1050000000,1000,Visually transcribed from Annex C printed summary table.
c-status-rollup-p002-c023,2024,C,2,2,https://github.com/tordecilla/unprogrammed-appropriations/releases/download/pdfs-status-pages-v1/annex-c-p002.pdf,Program purpose,Acquisition of Fire Trucks,Balance,CO,1050000,thousand pesos,1050000000,1000,Visually transcribed from Annex C printed summary table.
c-status-rollup-p002-c024,2024,C,2,2,https://github.com/tordecilla/unprogrammed-appropriations/releases/download/pdfs-status-pages-v1/annex-c-p002.pdf,Program purpose,Acquisition of Fire Trucks,Balance,Total,1050000,thousand pesos,1050000000,1000,Visually transcribed from Annex C printed summary table.
c-status-rollup-p002-c025,2024,C,2,2,https://github.com/tordecilla/unprogrammed-appropriations/releases/download/pdfs-status-pages-v1/annex-c-p002.pdf,Program purpose,Construction of 66 km Circumferential Road to Complement the Transport and Road System in Cagayan Economic Zone,Program,MOOE,800000,thousand pesos,800000000,1000,Visually transcribed from Annex C printed summary table.
c-status-rollup-p002-c026,2024,C,2,2,https://github.com/tordecilla/unprogrammed-appropriations/releases/download/pdfs-status-pages-v1/annex-c-p002.pdf,Program purpose,Construction of 66 km Circumferential Road to Complement the Transport and Road System in Cagayan Economic Zone,Program,Total,800000,thousand pesos,800000000,1000,Visually transcribed from Annex C printed summary table.
c-status-rollup-p002-c027,2024,C,2,2,https://github.com/tordecilla/unprogrammed-appropriations/releases/download/pdfs-status-pages-v1/annex-c-p002.pdf,Program purpose,Construction of 66 km Circumferential Road to Complement the Transport and Road System in Cagayan Economic Zone,Adjusted Program,MOOE,800000,thousand pesos,800000000,1000,Visually transcribed from Annex C printed summary table.
c-status-rollup-p002-c028,2024,C,2,2,https://github.com/tordecilla/unprogrammed-appropriations/releases/download/pdfs-status-pages-v1/annex-c-p002.pdf,Program purpose,Construction of 66 km Circumferential Road to Complement the Transport and Road System in Cagayan Economic Zone,Adjusted Program,Total,800000,thousand pesos,800000000,1000,Visually transcribed from Annex C printed summary table.
c-status-rollup-p002-c029,2024,C,2,2,https://github.com/tordecilla/unprogrammed-appropriations/releases/download/pdfs-status-pages-v1/annex-c-p002.pdf,Program purpose,Construction of 66 km Circumferential Road to Complement the Transport and Road System in Cagayan Economic Zone,Balance,MOOE,800000,thousand pesos,800000000,1000,Visually transcribed from Annex C printed summary table.
c-status-rollup-p002-c030,2024,C,2,2,https://github.com/tordecilla/unprogrammed-appropriations/releases/download/pdfs-status-pages-v1/annex-c-p002.pdf,Program purpose,Construction of 66 km Circumferential Road to Complement the Transport and Road System in Cagayan Economic Zone,Balance,Total,800000,thousand pesos,800000000,1000,Visually transcribed from Annex C printed summary table.
c-status-rollup-p002-c031,2024,C,2,2,https://github.com/tordecilla/unprogrammed-appropriations/releases/download/pdfs-status-pages-v1/annex-c-p002.pdf,Program purpose,"Repair, Rehabilitation and Maintenance of the Breakwater in the Cagayan Economic Zone",Program,MOOE,200000,thousand pesos,200000000,1000,Visually transcribed from Annex C printed summary table.
c-status-rollup-p002-c032,2024,C,2,2,https://github.com/tordecilla/unprogrammed-appropriations/releases/download/pdfs-status-pages-v1/annex-c-p002.pdf,Program purpose,"Repair, Rehabilitation and Maintenance of the Breakwater in the Cagayan Economic Zone",Program,Total,200000,thousand pesos,200000000,1000,Visually transcribed from Annex C printed summary table.
c-status-rollup-p002-c033,2024,C,2,2,https://github.com/tordecilla/unprogrammed-appropriations/releases/download/pdfs-status-pages-v1/annex-c-p002.pdf,Program purpose,"Repair, Rehabilitation and Maintenance of the Breakwater in the Cagayan Economic Zone",Adjusted Program,MOOE,200000,thousand pesos,200000000,1000,Visually transcribed from Annex C printed summary table.
c-status-rollup-p002-c034,2024,C,2,2,https://github.com/tordecilla/unprogrammed-appropriations/releases/download/pdfs-status-pages-v1/annex-c-p002.pdf,Program purpose,"Repair, Rehabilitation and Maintenance of the Breakwater in the Cagayan Economic Zone",Adjusted Program,Total,200000,thousand pesos,200000000,1000,Visually transcribed from Annex C printed summary table.
c-status-rollup-p002-c035,2024,C,2,2,https://github.com/tordecilla/unprogrammed-appropriations/releases/download/pdfs-status-pages-v1/annex-c-p002.pdf,Program purpose,"Repair, Rehabilitation and Maintenance of the Breakwater in the Cagayan Economic Zone",Balance,MOOE,200000,thousand pesos,200000000,1000,Visually transcribed from Annex C printed summary table.
c-status-rollup-p002-c036,2024,C,2,2,https://github.com/tordecilla/unprogrammed-appropriations/releases/download/pdfs-status-pages-v1/annex-c-p002.pdf,Program purpose,"Repair, Rehabilitation and Maintenance of the Breakwater in the Cagayan Economic Zone",Balance,Total,200000,thousand pesos,200000000,1000,Visually transcribed from Annex C printed summary table.
c-status-rollup-p002-c037,2024,C,2,2,https://github.com/tordecilla/unprogrammed-appropriations/releases/download/pdfs-status-pages-v1/annex-c-p002.pdf,Program purpose,Repair/Rehabilitation and Construction of Farm-to-Market Road Projects in Designated Key Production Areas,Program,CO,2357500,thousand pesos,2357500000,1000,Visually transcribed from Annex C printed summary table.
c-status-rollup-p002-c038,2024,C,2,2,https://github.com/tordecilla/unprogrammed-appropriations/releases/download/pdfs-status-pages-v1/annex-c-p002.pdf,Program purpose,Repair/Rehabilitation and Construction of Farm-to-Market Road Projects in Designated Key Production Areas,Program,Total,2357500,thousand pesos,2357500000,1000,Visually transcribed from Annex C printed summary table.
c-status-rollup-p002-c039,2024,C,2,2,https://github.com/tordecilla/unprogrammed-appropriations/releases/download/pdfs-status-pages-v1/annex-c-p002.pdf,Program purpose,Repair/Rehabilitation and Construction of Farm-to-Market Road Projects in Designated Key Production Areas,Adjusted Program,CO,2357500,thousand pesos,2357500000,1000,Visually transcribed from Annex C printed summary table.
c-status-rollup-p002-c040,2024,C,2,2,https://github.com/tordecilla/unprogrammed-appropriations/releases/download/pdfs-status-pages-v1/annex-c-p002.pdf,Program purpose,Repair/Rehabilitation and Construction of Farm-to-Market Road Projects in Designated Key Production Areas,Adjusted Program,Total,2357500,thousand pesos,2357500000,1000,Visually transcribed from Annex C printed summary table.
c-status-rollup-p002-c041,2024,C,2,2,https://github.com/tordecilla/unprogrammed-appropriations/releases/download/pdfs-status-pages-v1/annex-c-p002.pdf,Program purpose,Repair/Rehabilitation and Construction of Farm-to-Market Road Projects in Designated Key Production Areas,Balance,CO,2357500,thousand pesos,2357500000,1000,Visually transcribed from Annex C printed summary table.
c-status-rollup-p002-c042,2024,C,2,2,https://github.com/tordecilla/unprogrammed-appropriations/releases/download/pdfs-status-pages-v1/annex-c-p002.pdf,Program purpose,Repair/Rehabilitation and Construction of Farm-to-Market Road Projects in Designated Key Production Areas,Balance,Total,2357500,thousand pesos,2357500000,1000,Visually transcribed from Annex C printed summary table.
c-status-rollup-p002-c043,2024,C,2,2,https://github.com/tordecilla/unprogrammed-appropriations/releases/download/pdfs-status-pages-v1/annex-c-p002.pdf,Program purpose,Digital Agriculture Project,Program,MOOE,1050000,thousand pesos,1050000000,1000,Visually transcribed from Annex C printed summary table.
c-status-rollup-p002-c044,2024,C,2,2,https://github.com/tordecilla/unprogrammed-appropriations/releases/download/pdfs-status-pages-v1/annex-c-p002.pdf,Program purpose,Digital Agriculture Project,Program,Total,1050000,thousand pesos,1050000000,1000,Visually transcribed from Annex C printed summary table.
c-status-rollup-p002-c045,2024,C,2,2,https://github.com/tordecilla/unprogrammed-appropriations/releases/download/pdfs-status-pages-v1/annex-c-p002.pdf,Program purpose,Digital Agriculture Project,Adjusted Program,MOOE,1050000,thousand pesos,1050000000,1000,Visually transcribed from Annex C printed summary table.
c-status-rollup-p002-c046,2024,C,2,2,https://github.com/tordecilla/unprogrammed-appropriations/releases/download/pdfs-status-pages-v1/annex-c-p002.pdf,Program purpose,Digital Agriculture Project,Adjusted Program,Total,1050000,thousand pesos,1050000000,1000,Visually transcribed from Annex C printed summary table.
c-status-rollup-p002-c047,2024,C,2,2,https://github.com/tordecilla/unprogrammed-appropriations/releases/download/pdfs-status-pages-v1/annex-c-p002.pdf,Program purpose,Digital Agriculture Project,Balance,MOOE,1050000,thousand pesos,1050000000,1000,Visually transcribed from Annex C printed summary table.
c-status-rollup-p002-c048,2024,C,2,2,https://github.com/tordecilla/unprogrammed-appropriations/releases/download/pdfs-status-pages-v1/annex-c-p002.pdf,Program purpose,Digital Agriculture Project,Balance,Total,1050000,thousand pesos,1050000000,1000,Visually transcribed from Annex C printed summary table.
c-status-rollup-p002-c049,2024,C,2,2,https://github.com/tordecilla/unprogrammed-appropriations/releases/download/pdfs-status-pages-v1/annex-c-p002.pdf,Program purpose,Cold Storage Expansion Project,Program,MOOE,500000,thousand pesos,500000000,1000,Visually transcribed from Annex C printed summary table.
c-status-rollup-p002-c050,2024,C,2,2,https://github.com/tordecilla/unprogrammed-appropriations/releases/download/pdfs-status-pages-v1/annex-c-p002.pdf,Program purpose,Cold Storage Expansion Project,Program,Total,500000,thousand pesos,500000000,1000,Visually transcribed from Annex C printed summary table.
c-status-rollup-p002-c051,2024,C,2,2,https://github.com/tordecilla/unprogrammed-appropriations/releases/download/pdfs-status-pages-v1/annex-c-p002.pdf,Program purpose,Cold Storage Expansion Project,Adjustments,MOOE,-475000,thousand pesos,-475000000,1000,Visually transcribed from Annex C printed summary table.
c-status-rollup-p002-c052,2024,C,2,2,https://github.com/tordecilla/unprogrammed-appropriations/releases/download/pdfs-status-pages-v1/annex-c-p002.pdf,Program purpose,Cold Storage Expansion Project,Adjustments,CO,1475000,thousand pesos,1475000000,1000,Visually transcribed from Annex C printed summary table.
c-status-rollup-p002-c053,2024,C,2,2,https://github.com/tordecilla/unprogrammed-appropriations/releases/download/pdfs-status-pages-v1/annex-c-p002.pdf,Program purpose,Cold Storage Expansion Project,Adjustments,Total,1000000,thousand pesos,1000000000,1000,Visually transcribed from Annex C printed summary table.
c-status-rollup-p002-c054,2024,C,2,2,https://github.com/tordecilla/unprogrammed-appropriations/releases/download/pdfs-status-pages-v1/annex-c-p002.pdf,Program purpose,Cold Storage Expansion Project,Adjusted Program,MOOE,25000,thousand pesos,25000000,1000,Visually transcribed from Annex C printed summary table.
c-status-rollup-p002-c055,2024,C,2,2,https://github.com/tordecilla/unprogrammed-appropriations/releases/download/pdfs-status-pages-v1/annex-c-p002.pdf,Program purpose,Cold Storage Expansion Project,Adjusted Program,CO,1475000,thousand pesos,1475000000,1000,Visually transcribed from Annex C printed summary table.
c-status-rollup-p002-c056,2024,C,2,2,https://github.com/tordecilla/unprogrammed-appropriations/releases/download/pdfs-status-pages-v1/annex-c-p002.pdf,Program purpose,Cold Storage Expansion Project,Adjusted Program,Total,1500000,thousand pesos,1500000000,1000,Visually transcribed from Annex C printed summary table.
c-status-rollup-p002-c057,2024,C,2,2,https://github.com/tordecilla/unprogrammed-appropriations/releases/download/pdfs-status-pages-v1/annex-c-p002.pdf,Program purpose,Cold Storage Expansion Project,Allotment Releases,MOOE,25000,thousand pesos,25000000,1000,Visually transcribed from Annex C printed summary table.
c-status-rollup-p002-c058,2024,C,2,2,https://github.com/tordecilla/unprogrammed-appropriations/releases/download/pdfs-status-pages-v1/annex-c-p002.pdf,Program purpose,Cold Storage Expansion Project,Allotment Releases,CO,1475000,thousand pesos,1475000000,1000,Visually transcribed from Annex C printed summary table.
c-status-rollup-p002-c059,2024,C,2,2,https://github.com/tordecilla/unprogrammed-appropriations/releases/download/pdfs-status-pages-v1/annex-c-p002.pdf,Program purpose,Cold Storage Expansion Project,Allotment Releases,Total,1500000,thousand pesos,1500000000,1000,Visually transcribed from Annex C printed summary table.
c-status-rollup-p002-c060,2024,C,2,2,https://github.com/tordecilla/unprogrammed-appropriations/releases/download/pdfs-status-pages-v1/annex-c-p002.pdf,Program purpose,Aquaculture and Mariculture Expansion and Invigoration Project,Program,MOOE,500000,thousand pesos,500000000,1000,Visually transcribed from Annex C printed summary table.
c-status-rollup-p002-c061,2024,C,2,2,https://github.com/tordecilla/unprogrammed-appropriations/releases/download/pdfs-status-pages-v1/annex-c-p002.pdf,Program purpose,Aquaculture and Mariculture Expansion and Invigoration Project,Program,Total,500000,thousand pesos,500000000,1000,Visually transcribed from Annex C printed summary table.
c-status-rollup-p002-c062,2024,C,2,2,https://github.com/tordecilla/unprogrammed-appropriations/releases/download/pdfs-status-pages-v1/annex-c-p002.pdf,Program purpose,Aquaculture and Mariculture Expansion and Invigoration Project,Adjusted Program,MOOE,500000,thousand pesos,500000000,1000,Visually transcribed from Annex C printed summary table.
c-status-rollup-p002-c063,2024,C,2,2,https://github.com/tordecilla/unprogrammed-appropriations/releases/download/pdfs-status-pages-v1/annex-c-p002.pdf,Program purpose,Aquaculture and Mariculture Expansion and Invigoration Project,Adjusted Program,Total,500000,thousand pesos,500000000,1000,Visually transcribed from Annex C printed summary table.
c-status-rollup-p002-c064,2024,C,2,2,https://github.com/tordecilla/unprogrammed-appropriations/releases/download/pdfs-status-pages-v1/annex-c-p002.pdf,Program purpose,Aquaculture and Mariculture Expansion and Invigoration Project,Balance,MOOE,500000,thousand pesos,500000000,1000,Visually transcribed from Annex C printed summary table.
c-status-rollup-p002-c065,2024,C,2,2,https://github.com/tordecilla/unprogrammed-appropriations/releases/download/pdfs-status-pages-v1/annex-c-p002.pdf,Program purpose,Aquaculture and Mariculture Expansion and Invigoration Project,Balance,Total,500000,thousand pesos,500000000,1000,Visually transcribed from Annex C printed summary table.
c-status-rollup-p002-c066,2024,C,2,2,https://github.com/tordecilla/unprogrammed-appropriations/releases/download/pdfs-status-pages-v1/annex-c-p002.pdf,Program purpose,Fisheries Infrastructure Development Program,Program,MOOE,500000,thousand pesos,500000000,1000,Visually transcribed from Annex C printed summary table.
c-status-rollup-p002-c067,2024,C,2,2,https://github.com/tordecilla/unprogrammed-appropriations/releases/download/pdfs-status-pages-v1/annex-c-p002.pdf,Program purpose,Fisheries Infrastructure Development Program,Program,Total,500000,thousand pesos,500000000,1000,Visually transcribed from Annex C printed summary table.
c-status-rollup-p002-c068,2024,C,2,2,https://github.com/tordecilla/unprogrammed-appropriations/releases/download/pdfs-status-pages-v1/annex-c-p002.pdf,Program purpose,Fisheries Infrastructure Development Program,Adjusted Program,MOOE,500000,thousand pesos,500000000,1000,Visually transcribed from Annex C printed summary table.
c-status-rollup-p002-c069,2024,C,2,2,https://github.com/tordecilla/unprogrammed-appropriations/releases/download/pdfs-status-pages-v1/annex-c-p002.pdf,Program purpose,Fisheries Infrastructure Development Program,Adjusted Program,Total,500000,thousand pesos,500000000,1000,Visually transcribed from Annex C printed summary table.
c-status-rollup-p002-c070,2024,C,2,2,https://github.com/tordecilla/unprogrammed-appropriations/releases/download/pdfs-status-pages-v1/annex-c-p002.pdf,Program purpose,Fisheries Infrastructure Development Program,Balance,MOOE,500000,thousand pesos,500000000,1000,Visually transcribed from Annex C printed summary table.
c-status-rollup-p002-c071,2024,C,2,2,https://github.com/tordecilla/unprogrammed-appropriations/releases/download/pdfs-status-pages-v1/annex-c-p002.pdf,Program purpose,Fisheries Infrastructure Development Program,Balance,Total,500000,thousand pesos,500000000,1000,Visually transcribed from Annex C printed summary table.
c-status-rollup-p002-c072,2024,C,2,2,https://github.com/tordecilla/unprogrammed-appropriations/releases/download/pdfs-status-pages-v1/annex-c-p002.pdf,Program purpose,Construction/Rehabilitation of NIA Warehouse and Purchase of Dryer,Program,MOOE,2000000,thousand pesos,2000000000,1000,Visually transcribed from Annex C printed summary table.
c-status-rollup-p002-c073,2024,C,2,2,https://github.com/tordecilla/unprogrammed-appropriations/releases/download/pdfs-status-pages-v1/annex-c-p002.pdf,Program purpose,Construction/Rehabilitation of NIA Warehouse and Purchase of Dryer,Program,Total,2000000,thousand pesos,2000000000,1000,Visually transcribed from Annex C printed summary table.
c-status-rollup-p002-c074,2024,C,2,2,https://github.com/tordecilla/unprogrammed-appropriations/releases/download/pdfs-status-pages-v1/annex-c-p002.pdf,Program purpose,Construction/Rehabilitation of NIA Warehouse and Purchase of Dryer,Adjusted Program,MOOE,2000000,thousand pesos,2000000000,1000,Visually transcribed from Annex C printed summary table.
c-status-rollup-p002-c075,2024,C,2,2,https://github.com/tordecilla/unprogrammed-appropriations/releases/download/pdfs-status-pages-v1/annex-c-p002.pdf,Program purpose,Construction/Rehabilitation of NIA Warehouse and Purchase of Dryer,Adjusted Program,Total,2000000,thousand pesos,2000000000,1000,Visually transcribed from Annex C printed summary table.
c-status-rollup-p002-c076,2024,C,2,2,https://github.com/tordecilla/unprogrammed-appropriations/releases/download/pdfs-status-pages-v1/annex-c-p002.pdf,Program purpose,Construction/Rehabilitation of NIA Warehouse and Purchase of Dryer,Balance,MOOE,2000000,thousand pesos,2000000000,1000,Visually transcribed from Annex C printed summary table.
c-status-rollup-p002-c077,2024,C,2,2,https://github.com/tordecilla/unprogrammed-appropriations/releases/download/pdfs-status-pages-v1/annex-c-p002.pdf,Program purpose,Construction/Rehabilitation of NIA Warehouse and Purchase of Dryer,Balance,Total,2000000,thousand pesos,2000000000,1000,Visually transcribed from Annex C printed summary table.
c-status-rollup-p002-c078,2024,C,2,2,https://github.com/tordecilla/unprogrammed-appropriations/releases/download/pdfs-status-pages-v1/annex-c-p002.pdf,Program purpose,Marawi Siege Victims Compensation Program,Program,MOOE,6000000,thousand pesos,6000000000,1000,Visually transcribed from Annex C printed summary table.
c-status-rollup-p002-c079,2024,C,2,2,https://github.com/tordecilla/unprogrammed-appropriations/releases/download/pdfs-status-pages-v1/annex-c-p002.pdf,Program purpose,Marawi Siege Victims Compensation Program,Program,Total,6000000,thousand pesos,6000000000,1000,Visually transcribed from Annex C printed summary table.
c-status-rollup-p002-c080,2024,C,2,2,https://github.com/tordecilla/unprogrammed-appropriations/releases/download/pdfs-status-pages-v1/annex-c-p002.pdf,Program purpose,Marawi Siege Victims Compensation Program,Adjusted Program,MOOE,6000000,thousand pesos,6000000000,1000,Visually transcribed from Annex C printed summary table.
c-status-rollup-p002-c081,2024,C,2,2,https://github.com/tordecilla/unprogrammed-appropriations/releases/download/pdfs-status-pages-v1/annex-c-p002.pdf,Program purpose,Marawi Siege Victims Compensation Program,Adjusted Program,Total,6000000,thousand pesos,6000000000,1000,Visually transcribed from Annex C printed summary table.
c-status-rollup-p002-c082,2024,C,2,2,https://github.com/tordecilla/unprogrammed-appropriations/releases/download/pdfs-status-pages-v1/annex-c-p002.pdf,Program purpose,Marawi Siege Victims Compensation Program,Allotment Releases,MOOE,2318398,thousand pesos,2318398000,1000,Visually transcribed from Annex C printed summary table.
c-status-rollup-p002-c083,2024,C,2,2,https://github.com/tordecilla/unprogrammed-appropriations/releases/download/pdfs-status-pages-v1/annex-c-p002.pdf,Program purpose,Marawi Siege Victims Compensation Program,Allotment Releases,Total,2318398,thousand pesos,2318398000,1000,Visually transcribed from Annex C printed summary table.
c-status-rollup-p002-c084,2024,C,2,2,https://github.com/tordecilla/unprogrammed-appropriations/releases/download/pdfs-status-pages-v1/annex-c-p002.pdf,Program purpose,Marawi Siege Victims Compensation Program,Balance,MOOE,3681602,thousand pesos,3681602000,1000,Visually transcribed from Annex C printed summary table.
c-status-rollup-p002-c085,2024,C,2,2,https://github.com/tordecilla/unprogrammed-appropriations/releases/download/pdfs-status-pages-v1/annex-c-p002.pdf,Program purpose,Marawi Siege Victims Compensation Program,Balance,Total,3681602,thousand pesos,3681602000,1000,Visually transcribed from Annex C printed summary table.
c-status-rollup-p002-c086,2024,C,2,2,https://github.com/tordecilla/unprogrammed-appropriations/releases/download/pdfs-status-pages-v1/annex-c-p002.pdf,Program purpose,Supplementary Feeding Program,Program,MOOE,2000000,thousand pesos,2000000000,1000,Visually transcribed from Annex C printed summary table.
c-status-rollup-p002-c087,2024,C,2,2,https://github.com/tordecilla/unprogrammed-appropriations/releases/download/pdfs-status-pages-v1/annex-c-p002.pdf,Program purpose,Supplementary Feeding Program,Program,Total,2000000,thousand pesos,2000000000,1000,Visually transcribed from Annex C printed summary table.
c-status-rollup-p002-c088,2024,C,2,2,https://github.com/tordecilla/unprogrammed-appropriations/releases/download/pdfs-status-pages-v1/annex-c-p002.pdf,Program purpose,Supplementary Feeding Program,Adjusted Program,MOOE,2000000,thousand pesos,2000000000,1000,Visually transcribed from Annex C printed summary table.
c-status-rollup-p002-c089,2024,C,2,2,https://github.com/tordecilla/unprogrammed-appropriations/releases/download/pdfs-status-pages-v1/annex-c-p002.pdf,Program purpose,Supplementary Feeding Program,Adjusted Program,Total,2000000,thousand pesos,2000000000,1000,Visually transcribed from Annex C printed summary table.
c-status-rollup-p002-c090,2024,C,2,2,https://github.com/tordecilla/unprogrammed-appropriations/releases/download/pdfs-status-pages-v1/annex-c-p002.pdf,Program purpose,Supplementary Feeding Program,Balance,MOOE,2000000,thousand pesos,2000000000,1000,Visually transcribed from Annex C printed summary table.
c-status-rollup-p002-c091,2024,C,2,2,https://github.com/tordecilla/unprogrammed-appropriations/releases/download/pdfs-status-pages-v1/annex-c-p002.pdf,Program purpose,Supplementary Feeding Program,Balance,Total,2000000,thousand pesos,2000000000,1000,Visually transcribed from Annex C printed summary table.
c-status-rollup-p002-c092,2024,C,2,2,https://github.com/tordecilla/unprogrammed-appropriations/releases/download/pdfs-status-pages-v1/annex-c-p002.pdf,Program purpose,Creation of Lawyer positions in the Public Attorney's Office,Program,PS,507712,thousand pesos,507712000,1000,Visually transcribed from Annex C printed summary table.
c-status-rollup-p002-c093,2024,C,2,2,https://github.com/tordecilla/unprogrammed-appropriations/releases/download/pdfs-status-pages-v1/annex-c-p002.pdf,Program purpose,Creation of Lawyer positions in the Public Attorney's Office,Program,Total,507712,thousand pesos,507712000,1000,Visually transcribed from Annex C printed summary table.
c-status-rollup-p002-c094,2024,C,2,2,https://github.com/tordecilla/unprogrammed-appropriations/releases/download/pdfs-status-pages-v1/annex-c-p002.pdf,Program purpose,Creation of Lawyer positions in the Public Attorney's Office,Adjusted Program,PS,507712,thousand pesos,507712000,1000,Visually transcribed from Annex C printed summary table.
c-status-rollup-p002-c095,2024,C,2,2,https://github.com/tordecilla/unprogrammed-appropriations/releases/download/pdfs-status-pages-v1/annex-c-p002.pdf,Program purpose,Creation of Lawyer positions in the Public Attorney's Office,Adjusted Program,Total,507712,thousand pesos,507712000,1000,Visually transcribed from Annex C printed summary table.
c-status-rollup-p002-c096,2024,C,2,2,https://github.com/tordecilla/unprogrammed-appropriations/releases/download/pdfs-status-pages-v1/annex-c-p002.pdf,Program purpose,Creation of Lawyer positions in the Public Attorney's Office,Balance,PS,507712,thousand pesos,507712000,1000,Visually transcribed from Annex C printed summary table.
c-status-rollup-p002-c097,2024,C,2,2,https://github.com/tordecilla/unprogrammed-appropriations/releases/download/pdfs-status-pages-v1/annex-c-p002.pdf,Program purpose,Creation of Lawyer positions in the Public Attorney's Office,Balance,Total,507712,thousand pesos,507712000,1000,Visually transcribed from Annex C printed summary table.
c-status-rollup-p002-c098,2024,C,2,2,https://github.com/tordecilla/unprogrammed-appropriations/releases/download/pdfs-status-pages-v1/annex-c-p002.pdf,Program purpose,OPAPRU Mandatories for Operations and Support Services,Program,MOOE,23325,thousand pesos,23325000,1000,Visually transcribed from Annex C printed summary table.
c-status-rollup-p002-c099,2024,C,2,2,https://github.com/tordecilla/unprogrammed-appropriations/releases/download/pdfs-status-pages-v1/annex-c-p002.pdf,Program purpose,OPAPRU Mandatories for Operations and Support Services,Program,Total,23325,thousand pesos,23325000,1000,Visually transcribed from Annex C printed summary table.
c-status-rollup-p002-c100,2024,C,2,2,https://github.com/tordecilla/unprogrammed-appropriations/releases/download/pdfs-status-pages-v1/annex-c-p002.pdf,Program purpose,OPAPRU Mandatories for Operations and Support Services,Adjusted Program,MOOE,23325,thousand pesos,23325000,1000,Visually transcribed from Annex C printed summary table.
c-status-rollup-p002-c101,2024,C,2,2,https://github.com/tordecilla/unprogrammed-appropriations/releases/download/pdfs-status-pages-v1/annex-c-p002.pdf,Program purpose,OPAPRU Mandatories for Operations and Support Services,Adjusted Program,Total,23325,thousand pesos,23325000,1000,Visually transcribed from Annex C printed summary table.
c-status-rollup-p002-c102,2024,C,2,2,https://github.com/tordecilla/unprogrammed-appropriations/releases/download/pdfs-status-pages-v1/annex-c-p002.pdf,Program purpose,OPAPRU Mandatories for Operations and Support Services,Balance,MOOE,23325,thousand pesos,23325000,1000,Visually transcribed from Annex C printed summary table.
c-status-rollup-p002-c103,2024,C,2,2,https://github.com/tordecilla/unprogrammed-appropriations/releases/download/pdfs-status-pages-v1/annex-c-p002.pdf,Program purpose,OPAPRU Mandatories for Operations and Support Services,Balance,Total,23325,thousand pesos,23325000,1000,Visually transcribed from Annex C printed summary table.
c-status-rollup-p002-c104,2024,C,2,2,https://github.com/tordecilla/unprogrammed-appropriations/releases/download/pdfs-status-pages-v1/annex-c-p002.pdf,Program purpose,Establishment and Operationalization of the National Amnesty Commission,Program,MOOE,23949,thousand pesos,23949000,1000,Visually transcribed from Annex C printed summary table.
c-status-rollup-p002-c105,2024,C,2,2,https://github.com/tordecilla/unprogrammed-appropriations/releases/download/pdfs-status-pages-v1/annex-c-p002.pdf,Program purpose,Establishment and Operationalization of the National Amnesty Commission,Program,CO,36160,thousand pesos,36160000,1000,Visually transcribed from Annex C printed summary table.
c-status-rollup-p002-c106,2024,C,2,2,https://github.com/tordecilla/unprogrammed-appropriations/releases/download/pdfs-status-pages-v1/annex-c-p002.pdf,Program purpose,Establishment and Operationalization of the National Amnesty Commission,Program,Total,60109,thousand pesos,60109000,1000,Visually transcribed from Annex C printed summary table.
c-status-rollup-p002-c107,2024,C,2,2,https://github.com/tordecilla/unprogrammed-appropriations/releases/download/pdfs-status-pages-v1/annex-c-p002.pdf,Program purpose,Establishment and Operationalization of the National Amnesty Commission,Adjusted Program,MOOE,23949,thousand pesos,23949000,1000,Visually transcribed from Annex C printed summary table.
c-status-rollup-p002-c108,2024,C,2,2,https://github.com/tordecilla/unprogrammed-appropriations/releases/download/pdfs-status-pages-v1/annex-c-p002.pdf,Program purpose,Establishment and Operationalization of the National Amnesty Commission,Adjusted Program,CO,36160,thousand pesos,36160000,1000,Visually transcribed from Annex C printed summary table.
c-status-rollup-p002-c109,2024,C,2,2,https://github.com/tordecilla/unprogrammed-appropriations/releases/download/pdfs-status-pages-v1/annex-c-p002.pdf,Program purpose,Establishment and Operationalization of the National Amnesty Commission,Adjusted Program,Total,60109,thousand pesos,60109000,1000,Visually transcribed from Annex C printed summary table.
c-status-rollup-p002-c110,2024,C,2,2,https://github.com/tordecilla/unprogrammed-appropriations/releases/download/pdfs-status-pages-v1/annex-c-p002.pdf,Program purpose,Establishment and Operationalization of the National Amnesty Commission,Balance,MOOE,23949,thousand pesos,23949000,1000,Visually transcribed from Annex C printed summary table.
c-status-rollup-p002-c111,2024,C,2,2,https://github.com/tordecilla/unprogrammed-appropriations/releases/download/pdfs-status-pages-v1/annex-c-p002.pdf,Program purpose,Establishment and Operationalization of the National Amnesty Commission,Balance,CO,36160,thousand pesos,36160000,1000,Visually transcribed from Annex C printed summary table.
c-status-rollup-p002-c112,2024,C,2,2,https://github.com/tordecilla/unprogrammed-appropriations/releases/download/pdfs-status-pages-v1/annex-c-p002.pdf,Program purpose,Establishment and Operationalization of the National Amnesty Commission,Balance,Total,60109,thousand pesos,60109000,1000,Visually transcribed from Annex C printed summary table.
c-status-rollup-p002-c113,2024,C,2,2,https://github.com/tordecilla/unprogrammed-appropriations/releases/download/pdfs-status-pages-v1/annex-c-p002.pdf,Program purpose,Management and Supervision of the Comprehensive Peace Process,Program,MOOE,688261,thousand pesos,688261000,1000,Visually transcribed from Annex C printed summary table.
c-status-rollup-p002-c114,2024,C,2,2,https://github.com/tordecilla/unprogrammed-appropriations/releases/download/pdfs-status-pages-v1/annex-c-p002.pdf,Program purpose,Management and Supervision of the Comprehensive Peace Process,Program,Total,688261,thousand pesos,688261000,1000,Visually transcribed from Annex C printed summary table.
c-status-rollup-p002-c115,2024,C,2,2,https://github.com/tordecilla/unprogrammed-appropriations/releases/download/pdfs-status-pages-v1/annex-c-p002.pdf,Program purpose,Management and Supervision of the Comprehensive Peace Process,Adjusted Program,MOOE,688261,thousand pesos,688261000,1000,Visually transcribed from Annex C printed summary table.
c-status-rollup-p002-c116,2024,C,2,2,https://github.com/tordecilla/unprogrammed-appropriations/releases/download/pdfs-status-pages-v1/annex-c-p002.pdf,Program purpose,Management and Supervision of the Comprehensive Peace Process,Adjusted Program,Total,688261,thousand pesos,688261000,1000,Visually transcribed from Annex C printed summary table.
c-status-rollup-p002-c117,2024,C,2,2,https://github.com/tordecilla/unprogrammed-appropriations/releases/download/pdfs-status-pages-v1/annex-c-p002.pdf,Program purpose,Management and Supervision of the Comprehensive Peace Process,Allotment Releases,MOOE,15559,thousand pesos,15559000,1000,Visually transcribed from Annex C printed summary table.
c-status-rollup-p002-c118,2024,C,2,2,https://github.com/tordecilla/unprogrammed-appropriations/releases/download/pdfs-status-pages-v1/annex-c-p002.pdf,Program purpose,Management and Supervision of the Comprehensive Peace Process,Allotment Releases,Total,15559,thousand pesos,15559000,1000,Visually transcribed from Annex C printed summary table.
c-status-rollup-p002-c119,2024,C,2,2,https://github.com/tordecilla/unprogrammed-appropriations/releases/download/pdfs-status-pages-v1/annex-c-p002.pdf,Program purpose,Management and Supervision of the Comprehensive Peace Process,Balance,MOOE,672702,thousand pesos,672702000,1000,Visually transcribed from Annex C printed summary table.
c-status-rollup-p002-c120,2024,C,2,2,https://github.com/tordecilla/unprogrammed-appropriations/releases/download/pdfs-status-pages-v1/annex-c-p002.pdf,Program purpose,Management and Supervision of the Comprehensive Peace Process,Balance,Total,672702,thousand pesos,672702000,1000,Visually transcribed from Annex C printed summary table.
c-status-rollup-p002-c121,2024,C,2,2,https://github.com/tordecilla/unprogrammed-appropriations/releases/download/pdfs-status-pages-v1/annex-c-p002.pdf,Program purpose,GPH and the Moro National Liberation Front (GPH-MNLF) Peace Process: Transformation Program,Program,MOOE,128071,thousand pesos,128071000,1000,Visually transcribed from Annex C printed summary table.
c-status-rollup-p002-c122,2024,C,2,2,https://github.com/tordecilla/unprogrammed-appropriations/releases/download/pdfs-status-pages-v1/annex-c-p002.pdf,Program purpose,GPH and the Moro National Liberation Front (GPH-MNLF) Peace Process: Transformation Program,Program,Total,128071,thousand pesos,128071000,1000,Visually transcribed from Annex C printed summary table.
c-status-rollup-p002-c123,2024,C,2,2,https://github.com/tordecilla/unprogrammed-appropriations/releases/download/pdfs-status-pages-v1/annex-c-p002.pdf,Program purpose,GPH and the Moro National Liberation Front (GPH-MNLF) Peace Process: Transformation Program,Adjusted Program,MOOE,128071,thousand pesos,128071000,1000,Visually transcribed from Annex C printed summary table.
c-status-rollup-p002-c124,2024,C,2,2,https://github.com/tordecilla/unprogrammed-appropriations/releases/download/pdfs-status-pages-v1/annex-c-p002.pdf,Program purpose,GPH and the Moro National Liberation Front (GPH-MNLF) Peace Process: Transformation Program,Adjusted Program,Total,128071,thousand pesos,128071000,1000,Visually transcribed from Annex C printed summary table.
c-status-rollup-p002-c125,2024,C,2,2,https://github.com/tordecilla/unprogrammed-appropriations/releases/download/pdfs-status-pages-v1/annex-c-p002.pdf,Program purpose,GPH and the Moro National Liberation Front (GPH-MNLF) Peace Process: Transformation Program,Balance,MOOE,128071,thousand pesos,128071000,1000,Visually transcribed from Annex C printed summary table.
c-status-rollup-p002-c126,2024,C,2,2,https://github.com/tordecilla/unprogrammed-appropriations/releases/download/pdfs-status-pages-v1/annex-c-p002.pdf,Program purpose,GPH and the Moro National Liberation Front (GPH-MNLF) Peace Process: Transformation Program,Balance,Total,128071,thousand pesos,128071000,1000,Visually transcribed from Annex C printed summary table.
c-status-rollup-p002-c127,2024,C,2,2,https://github.com/tordecilla/unprogrammed-appropriations/releases/download/pdfs-status-pages-v1/annex-c-p002.pdf,Program purpose,Construction of a Super Maximum Security Facility,Program,CO,1000000,thousand pesos,1000000000,1000,Visually transcribed from Annex C printed summary table.
c-status-rollup-p002-c128,2024,C,2,2,https://github.com/tordecilla/unprogrammed-appropriations/releases/download/pdfs-status-pages-v1/annex-c-p002.pdf,Program purpose,Construction of a Super Maximum Security Facility,Program,Total,1000000,thousand pesos,1000000000,1000,Visually transcribed from Annex C printed summary table.
c-status-rollup-p002-c129,2024,C,2,2,https://github.com/tordecilla/unprogrammed-appropriations/releases/download/pdfs-status-pages-v1/annex-c-p002.pdf,Program purpose,Construction of a Super Maximum Security Facility,Adjusted Program,CO,1000000,thousand pesos,1000000000,1000,Visually transcribed from Annex C printed summary table.
c-status-rollup-p002-c130,2024,C,2,2,https://github.com/tordecilla/unprogrammed-appropriations/releases/download/pdfs-status-pages-v1/annex-c-p002.pdf,Program purpose,Construction of a Super Maximum Security Facility,Adjusted Program,Total,1000000,thousand pesos,1000000000,1000,Visually transcribed from Annex C printed summary table.
c-status-rollup-p002-c131,2024,C,2,2,https://github.com/tordecilla/unprogrammed-appropriations/releases/download/pdfs-status-pages-v1/annex-c-p002.pdf,Program purpose,Construction of a Super Maximum Security Facility,Balance,CO,1000000,thousand pesos,1000000000,1000,Visually transcribed from Annex C printed summary table.
c-status-rollup-p002-c132,2024,C,2,2,https://github.com/tordecilla/unprogrammed-appropriations/releases/download/pdfs-status-pages-v1/annex-c-p002.pdf,Program purpose,Construction of a Super Maximum Security Facility,Balance,Total,1000000,thousand pesos,1000000000,1000,Visually transcribed from Annex C printed summary table.
c-status-rollup-p002-c133,2024,C,2,2,https://github.com/tordecilla/unprogrammed-appropriations/releases/download/pdfs-status-pages-v1/annex-c-p002.pdf,Program purpose,Land Acquisition for Office of the Vice President,Program,CO,1800000,thousand pesos,1800000000,1000,Visually transcribed from Annex C printed summary table.
c-status-rollup-p002-c134,2024,C,2,2,https://github.com/tordecilla/unprogrammed-appropriations/releases/download/pdfs-status-pages-v1/annex-c-p002.pdf,Program purpose,Land Acquisition for Office of the Vice President,Program,Total,1800000,thousand pesos,1800000000,1000,Visually transcribed from Annex C printed summary table.
c-status-rollup-p002-c135,2024,C,2,2,https://github.com/tordecilla/unprogrammed-appropriations/releases/download/pdfs-status-pages-v1/annex-c-p002.pdf,Program purpose,Land Acquisition for Office of the Vice President,Adjusted Program,CO,1800000,thousand pesos,1800000000,1000,Visually transcribed from Annex C printed summary table.
c-status-rollup-p002-c136,2024,C,2,2,https://github.com/tordecilla/unprogrammed-appropriations/releases/download/pdfs-status-pages-v1/annex-c-p002.pdf,Program purpose,Land Acquisition for Office of the Vice President,Adjusted Program,Total,1800000,thousand pesos,1800000000,1000,Visually transcribed from Annex C printed summary table.
c-status-rollup-p002-c137,2024,C,2,2,https://github.com/tordecilla/unprogrammed-appropriations/releases/download/pdfs-status-pages-v1/annex-c-p002.pdf,Program purpose,Land Acquisition for Office of the Vice President,Balance,CO,1800000,thousand pesos,1800000000,1000,Visually transcribed from Annex C printed summary table.
c-status-rollup-p002-c138,2024,C,2,2,https://github.com/tordecilla/unprogrammed-appropriations/releases/download/pdfs-status-pages-v1/annex-c-p002.pdf,Program purpose,Land Acquisition for Office of the Vice President,Balance,Total,1800000,thousand pesos,1800000000,1000,Visually transcribed from Annex C printed summary table.
c-status-rollup-p002-c139,2024,C,2,2,https://github.com/tordecilla/unprogrammed-appropriations/releases/download/pdfs-status-pages-v1/annex-c-p002.pdf,Program purpose,Pambansang Pabahay Para sa Pilipino (4PH) Program,Program,MOOE,8000000,thousand pesos,8000000000,1000,Visually transcribed from Annex C printed summary table.
c-status-rollup-p002-c140,2024,C,2,2,https://github.com/tordecilla/unprogrammed-appropriations/releases/download/pdfs-status-pages-v1/annex-c-p002.pdf,Program purpose,Pambansang Pabahay Para sa Pilipino (4PH) Program,Program,Total,8000000,thousand pesos,8000000000,1000,Visually transcribed from Annex C printed summary table.
c-status-rollup-p002-c141,2024,C,2,2,https://github.com/tordecilla/unprogrammed-appropriations/releases/download/pdfs-status-pages-v1/annex-c-p002.pdf,Program purpose,Pambansang Pabahay Para sa Pilipino (4PH) Program,Adjusted Program,MOOE,8000000,thousand pesos,8000000000,1000,Visually transcribed from Annex C printed summary table.
c-status-rollup-p002-c142,2024,C,2,2,https://github.com/tordecilla/unprogrammed-appropriations/releases/download/pdfs-status-pages-v1/annex-c-p002.pdf,Program purpose,Pambansang Pabahay Para sa Pilipino (4PH) Program,Adjusted Program,Total,8000000,thousand pesos,8000000000,1000,Visually transcribed from Annex C printed summary table.
c-status-rollup-p002-c143,2024,C,2,2,https://github.com/tordecilla/unprogrammed-appropriations/releases/download/pdfs-status-pages-v1/annex-c-p002.pdf,Program purpose,Pambansang Pabahay Para sa Pilipino (4PH) Program,Balance,MOOE,8000000,thousand pesos,8000000000,1000,Visually transcribed from Annex C printed summary table.
c-status-rollup-p002-c144,2024,C,2,2,https://github.com/tordecilla/unprogrammed-appropriations/releases/download/pdfs-status-pages-v1/annex-c-p002.pdf,Program purpose,Pambansang Pabahay Para sa Pilipino (4PH) Program,Balance,Total,8000000,thousand pesos,8000000000,1000,Visually transcribed from Annex C printed summary table.
c-status-rollup-p002-c145,2024,C,2,2,https://github.com/tordecilla/unprogrammed-appropriations/releases/download/pdfs-status-pages-v1/annex-c-p002.pdf,Program purpose,Social Pension for Indigent Senior Citizens,Program,MOOE,5793000,thousand pesos,5793000000,1000,Visually transcribed from Annex C printed summary table.
c-status-rollup-p002-c146,2024,C,2,2,https://github.com/tordecilla/unprogrammed-appropriations/releases/download/pdfs-status-pages-v1/annex-c-p002.pdf,Program purpose,Social Pension for Indigent Senior Citizens,Program,Total,5793000,thousand pesos,5793000000,1000,Visually transcribed from Annex C printed summary table.
c-status-rollup-p002-c147,2024,C,2,2,https://github.com/tordecilla/unprogrammed-appropriations/releases/download/pdfs-status-pages-v1/annex-c-p002.pdf,Program purpose,Social Pension for Indigent Senior Citizens,Adjusted Program,MOOE,5793000,thousand pesos,5793000000,1000,Visually transcribed from Annex C printed summary table.
c-status-rollup-p002-c148,2024,C,2,2,https://github.com/tordecilla/unprogrammed-appropriations/releases/download/pdfs-status-pages-v1/annex-c-p002.pdf,Program purpose,Social Pension for Indigent Senior Citizens,Adjusted Program,Total,5793000,thousand pesos,5793000000,1000,Visually transcribed from Annex C printed summary table.
c-status-rollup-p002-c149,2024,C,2,2,https://github.com/tordecilla/unprogrammed-appropriations/releases/download/pdfs-status-pages-v1/annex-c-p002.pdf,Program purpose,Social Pension for Indigent Senior Citizens,Balance,MOOE,5793000,thousand pesos,5793000000,1000,Visually transcribed from Annex C printed summary table.
c-status-rollup-p002-c150,2024,C,2,2,https://github.com/tordecilla/unprogrammed-appropriations/releases/download/pdfs-status-pages-v1/annex-c-p002.pdf,Program purpose,Social Pension for Indigent Senior Citizens,Balance,Total,5793000,thousand pesos,5793000000,1000,Visually transcribed from Annex C printed summary table.
c-status-rollup-p002-c151,2024,C,2,2,https://github.com/tordecilla/unprogrammed-appropriations/releases/download/pdfs-status-pages-v1/annex-c-p002.pdf,Program purpose,Support to the Barangay Development Program of the NTF-ELCAC,Program,MOOE,6480000,thousand pesos,6480000000,1000,Visually transcribed from Annex C printed summary table.
c-status-rollup-p002-c152,2024,C,2,2,https://github.com/tordecilla/unprogrammed-appropriations/releases/download/pdfs-status-pages-v1/annex-c-p002.pdf,Program purpose,Support to the Barangay Development Program of the NTF-ELCAC,Program,Total,6480000,thousand pesos,6480000000,1000,Visually transcribed from Annex C printed summary table.
c-status-rollup-p002-c153,2024,C,2,2,https://github.com/tordecilla/unprogrammed-appropriations/releases/download/pdfs-status-pages-v1/annex-c-p002.pdf,Program purpose,Support to the Barangay Development Program of the NTF-ELCAC,Adjusted Program,MOOE,6480000,thousand pesos,6480000000,1000,Visually transcribed from Annex C printed summary table.
c-status-rollup-p002-c154,2024,C,2,2,https://github.com/tordecilla/unprogrammed-appropriations/releases/download/pdfs-status-pages-v1/annex-c-p002.pdf,Program purpose,Support to the Barangay Development Program of the NTF-ELCAC,Adjusted Program,Total,6480000,thousand pesos,6480000000,1000,Visually transcribed from Annex C printed summary table.
c-status-rollup-p002-c155,2024,C,2,2,https://github.com/tordecilla/unprogrammed-appropriations/releases/download/pdfs-status-pages-v1/annex-c-p002.pdf,Program purpose,Support to the Barangay Development Program of the NTF-ELCAC,Allotment Releases,MOOE,4320000,thousand pesos,4320000000,1000,Visually transcribed from Annex C printed summary table.
c-status-rollup-p002-c156,2024,C,2,2,https://github.com/tordecilla/unprogrammed-appropriations/releases/download/pdfs-status-pages-v1/annex-c-p002.pdf,Program purpose,Support to the Barangay Development Program of the NTF-ELCAC,Allotment Releases,Total,4320000,thousand pesos,4320000000,1000,Visually transcribed from Annex C printed summary table.
c-status-rollup-p002-c157,2024,C,2,2,https://github.com/tordecilla/unprogrammed-appropriations/releases/download/pdfs-status-pages-v1/annex-c-p002.pdf,Program purpose,Support to the Barangay Development Program of the NTF-ELCAC,Balance,MOOE,2160000,thousand pesos,2160000000,1000,Visually transcribed from Annex C printed summary table.
c-status-rollup-p002-c158,2024,C,2,2,https://github.com/tordecilla/unprogrammed-appropriations/releases/download/pdfs-status-pages-v1/annex-c-p002.pdf,Program purpose,Support to the Barangay Development Program of the NTF-ELCAC,Balance,Total,2160000,thousand pesos,2160000000,1000,Visually transcribed from Annex C printed summary table.
c-status-rollup-p003-c001,2024,C,3,3,https://github.com/tordecilla/unprogrammed-appropriations/releases/download/pdfs-status-pages-v1/annex-c-p003.pdf,Program purpose,Green Green Green Program,Program,MOOE,1000000,thousand pesos,1000000000,1000,Visually transcribed from Annex C printed summary table.
c-status-rollup-p003-c002,2024,C,3,3,https://github.com/tordecilla/unprogrammed-appropriations/releases/download/pdfs-status-pages-v1/annex-c-p003.pdf,Program purpose,Green Green Green Program,Program,Total,1000000,thousand pesos,1000000000,1000,Visually transcribed from Annex C printed summary table.
c-status-rollup-p003-c003,2024,C,3,3,https://github.com/tordecilla/unprogrammed-appropriations/releases/download/pdfs-status-pages-v1/annex-c-p003.pdf,Program purpose,Green Green Green Program,Adjusted Program,MOOE,1000000,thousand pesos,1000000000,1000,Visually transcribed from Annex C printed summary table.
c-status-rollup-p003-c004,2024,C,3,3,https://github.com/tordecilla/unprogrammed-appropriations/releases/download/pdfs-status-pages-v1/annex-c-p003.pdf,Program purpose,Green Green Green Program,Adjusted Program,Total,1000000,thousand pesos,1000000000,1000,Visually transcribed from Annex C printed summary table.
c-status-rollup-p003-c005,2024,C,3,3,https://github.com/tordecilla/unprogrammed-appropriations/releases/download/pdfs-status-pages-v1/annex-c-p003.pdf,Program purpose,Green Green Green Program,Balance,MOOE,1000000,thousand pesos,1000000000,1000,Visually transcribed from Annex C printed summary table.
c-status-rollup-p003-c006,2024,C,3,3,https://github.com/tordecilla/unprogrammed-appropriations/releases/download/pdfs-status-pages-v1/annex-c-p003.pdf,Program purpose,Green Green Green Program,Balance,Total,1000000,thousand pesos,1000000000,1000,Visually transcribed from Annex C printed summary table.
c-status-rollup-p003-c007,2024,C,3,3,https://github.com/tordecilla/unprogrammed-appropriations/releases/download/pdfs-status-pages-v1/annex-c-p003.pdf,Program purpose,OWWA Welfare Services,Program,MOOE,1000000,thousand pesos,1000000000,1000,Visually transcribed from Annex C printed summary table.
c-status-rollup-p003-c008,2024,C,3,3,https://github.com/tordecilla/unprogrammed-appropriations/releases/download/pdfs-status-pages-v1/annex-c-p003.pdf,Program purpose,OWWA Welfare Services,Program,Total,1000000,thousand pesos,1000000000,1000,Visually transcribed from Annex C printed summary table.
c-status-rollup-p003-c009,2024,C,3,3,https://github.com/tordecilla/unprogrammed-appropriations/releases/download/pdfs-status-pages-v1/annex-c-p003.pdf,Program purpose,OWWA Welfare Services,Adjusted Program,MOOE,1000000,thousand pesos,1000000000,1000,Visually transcribed from Annex C printed summary table.
c-status-rollup-p003-c010,2024,C,3,3,https://github.com/tordecilla/unprogrammed-appropriations/releases/download/pdfs-status-pages-v1/annex-c-p003.pdf,Program purpose,OWWA Welfare Services,Adjusted Program,Total,1000000,thousand pesos,1000000000,1000,Visually transcribed from Annex C printed summary table.
c-status-rollup-p003-c011,2024,C,3,3,https://github.com/tordecilla/unprogrammed-appropriations/releases/download/pdfs-status-pages-v1/annex-c-p003.pdf,Program purpose,OWWA Welfare Services,Balance,MOOE,1000000,thousand pesos,1000000000,1000,Visually transcribed from Annex C printed summary table.
c-status-rollup-p003-c012,2024,C,3,3,https://github.com/tordecilla/unprogrammed-appropriations/releases/download/pdfs-status-pages-v1/annex-c-p003.pdf,Program purpose,OWWA Welfare Services,Balance,Total,1000000,thousand pesos,1000000000,1000,Visually transcribed from Annex C printed summary table.
c-status-rollup-p003-c013,2024,C,3,3,https://github.com/tordecilla/unprogrammed-appropriations/releases/download/pdfs-status-pages-v1/annex-c-p003.pdf,Program purpose,Local Government Support Fund,Program,MOOE,5000000,thousand pesos,5000000000,1000,Visually transcribed from Annex C printed summary table.
c-status-rollup-p003-c014,2024,C,3,3,https://github.com/tordecilla/unprogrammed-appropriations/releases/download/pdfs-status-pages-v1/annex-c-p003.pdf,Program purpose,Local Government Support Fund,Program,Total,5000000,thousand pesos,5000000000,1000,Visually transcribed from Annex C printed summary table.
c-status-rollup-p003-c015,2024,C,3,3,https://github.com/tordecilla/unprogrammed-appropriations/releases/download/pdfs-status-pages-v1/annex-c-p003.pdf,Program purpose,Local Government Support Fund,Adjusted Program,MOOE,5000000,thousand pesos,5000000000,1000,Visually transcribed from Annex C printed summary table.
c-status-rollup-p003-c016,2024,C,3,3,https://github.com/tordecilla/unprogrammed-appropriations/releases/download/pdfs-status-pages-v1/annex-c-p003.pdf,Program purpose,Local Government Support Fund,Adjusted Program,Total,5000000,thousand pesos,5000000000,1000,Visually transcribed from Annex C printed summary table.
c-status-rollup-p003-c017,2024,C,3,3,https://github.com/tordecilla/unprogrammed-appropriations/releases/download/pdfs-status-pages-v1/annex-c-p003.pdf,Program purpose,Local Government Support Fund,Balance,MOOE,5000000,thousand pesos,5000000000,1000,Visually transcribed from Annex C printed summary table.
c-status-rollup-p003-c018,2024,C,3,3,https://github.com/tordecilla/unprogrammed-appropriations/releases/download/pdfs-status-pages-v1/annex-c-p003.pdf,Program purpose,Local Government Support Fund,Balance,Total,5000000,thousand pesos,5000000000,1000,Visually transcribed from Annex C printed summary table.
f-status-rollup-p019-c001,2025,F,19,19,https://github.com/tordecilla/unprogrammed-appropriations/releases/download/pdfs-status-pages-v1/annex-f-p019.pdf,Department of Public Works and Highways ? Office of the Secretary / Various SAROs aggregate; not a numbered SARO row,For payment of Personnel Benefits,Allotment Releases,TL/RG,5448110,pesos,5448110,1,Unnumbered aggregate; not a distinct SARO instrument.
f-status-rollup-p019-c002,2025,F,19,19,https://github.com/tordecilla/unprogrammed-appropriations/releases/download/pdfs-status-pages-v1/annex-f-p019.pdf,Department of Public Works and Highways ? Office of the Secretary / Various SAROs aggregate; not a numbered SARO row,For payment of Personnel Benefits,Allotment Releases,MLC,8121042,pesos,8121042,1,Unnumbered aggregate; not a distinct SARO instrument.
f-status-rollup-p019-c003,2025,F,19,19,https://github.com/tordecilla/unprogrammed-appropriations/releases/download/pdfs-status-pages-v1/annex-f-p019.pdf,Department of Public Works and Highways ? Office of the Secretary / Various SAROs aggregate; not a numbered SARO row,For payment of Personnel Benefits,Allotment Releases,Other PS Deficiencies,216396000,pesos,216396000,1,Unnumbered aggregate; not a distinct SARO instrument.
f-status-rollup-p019-c004,2025,F,19,19,https://github.com/tordecilla/unprogrammed-appropriations/releases/download/pdfs-status-pages-v1/annex-f-p019.pdf,Department of Public Works and Highways ? Office of the Secretary / Various SAROs aggregate; not a numbered SARO row,For payment of Personnel Benefits,Allotment Releases,Total,229965152,pesos,229965152,1,Unnumbered aggregate; not a distinct SARO instrument.
f-status-rollup-p019-c005,2025,F,19,19,https://github.com/tordecilla/unprogrammed-appropriations/releases/download/pdfs-status-pages-v1/annex-f-p019.pdf,Department of Science and Technology ? Office of the Secretary / Various SAROs aggregate; not a numbered SARO row,For payment of Personnel Benefits,Allotment Releases,Other PS Deficiencies,6144217,pesos,6144217,1,Unnumbered aggregate; not a distinct SARO instrument.
f-status-rollup-p019-c006,2025,F,19,19,https://github.com/tordecilla/unprogrammed-appropriations/releases/download/pdfs-status-pages-v1/annex-f-p019.pdf,Department of Science and Technology ? Office of the Secretary / Various SAROs aggregate; not a numbered SARO row,For payment of Personnel Benefits,Allotment Releases,Total,6144217,pesos,6144217,1,Unnumbered aggregate; not a distinct SARO instrument.
f-status-rollup-p019-c007,2025,F,19,19,https://github.com/tordecilla/unprogrammed-appropriations/releases/download/pdfs-status-pages-v1/annex-f-p019.pdf,Department of Science and Technology ? National Academy of Science and Technology / Various SAROs aggregate; not a numbered SARO row,For payment of Personnel Benefits,Allotment Releases,TL/RG,1269783,pesos,1269783,1,Unnumbered aggregate; not a distinct SARO instrument.
f-status-rollup-p019-c008,2025,F,19,19,https://github.com/tordecilla/unprogrammed-appropriations/releases/download/pdfs-status-pages-v1/annex-f-p019.pdf,Department of Science and Technology ? National Academy of Science and Technology / Various SAROs aggregate; not a numbered SARO row,For payment of Personnel Benefits,Allotment Releases,Other PS Deficiencies,819093,pesos,819093,1,Unnumbered aggregate; not a distinct SARO instrument.
f-status-rollup-p019-c009,2025,F,19,19,https://github.com/tordecilla/unprogrammed-appropriations/releases/download/pdfs-status-pages-v1/annex-f-p019.pdf,Department of Science and Technology ? National Academy of Science and Technology / Various SAROs aggregate; not a numbered SARO row,For payment of Personnel Benefits,Allotment Releases,Total,2088876,pesos,2088876,1,Unnumbered aggregate; not a distinct SARO instrument.
f-status-rollup-p019-c010,2025,F,19,19,https://github.com/tordecilla/unprogrammed-appropriations/releases/download/pdfs-status-pages-v1/annex-f-p019.pdf,Department of Science and Technology ? Philippine Nuclear Research Institute / Various SAROs aggregate; not a numbered SARO row,For payment of Personnel Benefits,Allotment Releases,TL/RG,799350,pesos,799350,1,Unnumbered aggregate; not a distinct SARO instrument.
f-status-rollup-p019-c011,2025,F,19,19,https://github.com/tordecilla/unprogrammed-appropriations/releases/download/pdfs-status-pages-v1/annex-f-p019.pdf,Department of Science and Technology ? Philippine Nuclear Research Institute / Various SAROs aggregate; not a numbered SARO row,For payment of Personnel Benefits,Allotment Releases,Other PS Deficiencies,4415469,pesos,4415469,1,Unnumbered aggregate; not a distinct SARO instrument.
f-status-rollup-p019-c012,2025,F,19,19,https://github.com/tordecilla/unprogrammed-appropriations/releases/download/pdfs-status-pages-v1/annex-f-p019.pdf,Department of Science and Technology ? Philippine Nuclear Research Institute / Various SAROs aggregate; not a numbered SARO row,For payment of Personnel Benefits,Allotment Releases,Total,5214819,pesos,5214819,1,Unnumbered aggregate; not a distinct SARO instrument.
f-status-rollup-p022-c001,2025,F,22,22,https://github.com/tordecilla/unprogrammed-appropriations/releases/download/pdfs-status-pages-v1/annex-f-p022.pdf,Department of Social Welfare and Development ? Office of the Secretary / Various SAROs aggregate; not a numbered SARO row,For payment of Personnel Benefits,Allotment Releases,TL/RG,3656467,pesos,3656467,1,Unnumbered aggregate; not a distinct SARO instrument.
f-status-rollup-p022-c002,2025,F,22,22,https://github.com/tordecilla/unprogrammed-appropriations/releases/download/pdfs-status-pages-v1/annex-f-p022.pdf,Department of Social Welfare and Development ? Office of the Secretary / Various SAROs aggregate; not a numbered SARO row,For payment of Personnel Benefits,Allotment Releases,MLC,625205,pesos,625205,1,Unnumbered aggregate; not a distinct SARO instrument.
f-status-rollup-p022-c003,2025,F,22,22,https://github.com/tordecilla/unprogrammed-appropriations/releases/download/pdfs-status-pages-v1/annex-f-p022.pdf,Department of Social Welfare and Development ? Office of the Secretary / Various SAROs aggregate; not a numbered SARO row,For payment of Personnel Benefits,Allotment Releases,Other PS Deficiencies,1761484509,pesos,1761484509,1,Unnumbered aggregate; not a distinct SARO instrument.
f-status-rollup-p022-c004,2025,F,22,22,https://github.com/tordecilla/unprogrammed-appropriations/releases/download/pdfs-status-pages-v1/annex-f-p022.pdf,Department of Social Welfare and Development ? Office of the Secretary / Various SAROs aggregate; not a numbered SARO row,For payment of Personnel Benefits,Allotment Releases,Total,1765766181,pesos,1765766181,1,Unnumbered aggregate; not a distinct SARO instrument.
f-status-rollup-p022-c005,2025,F,22,22,https://github.com/tordecilla/unprogrammed-appropriations/releases/download/pdfs-status-pages-v1/annex-f-p022.pdf,Department of Tourism ? Office of the Secretary / Various SAROs aggregate; not a numbered SARO row,For payment of Personnel Benefits,Allotment Releases,TL/RG,2887227,pesos,2887227,1,Unnumbered aggregate; not a distinct SARO instrument.
f-status-rollup-p022-c006,2025,F,22,22,https://github.com/tordecilla/unprogrammed-appropriations/releases/download/pdfs-status-pages-v1/annex-f-p022.pdf,Department of Tourism ? Office of the Secretary / Various SAROs aggregate; not a numbered SARO row,For payment of Personnel Benefits,Allotment Releases,Other PS Deficiencies,16681164,pesos,16681164,1,Unnumbered aggregate; not a distinct SARO instrument.
f-status-rollup-p022-c007,2025,F,22,22,https://github.com/tordecilla/unprogrammed-appropriations/releases/download/pdfs-status-pages-v1/annex-f-p022.pdf,Department of Tourism ? Office of the Secretary / Various SAROs aggregate; not a numbered SARO row,For payment of Personnel Benefits,Allotment Releases,Total,19568391,pesos,19568391,1,Unnumbered aggregate; not a distinct SARO instrument.
f-status-rollup-p022-c008,2025,F,22,22,https://github.com/tordecilla/unprogrammed-appropriations/releases/download/pdfs-status-pages-v1/annex-f-p022.pdf,Department of Trade and Industry ? Office of the Secretary / Various SAROs aggregate; not a numbered SARO row,For payment of Personnel Benefits,Allotment Releases,TL/RG,4476591,pesos,4476591,1,Unnumbered aggregate; not a distinct SARO instrument.
f-status-rollup-p022-c009,2025,F,22,22,https://github.com/tordecilla/unprogrammed-appropriations/releases/download/pdfs-status-pages-v1/annex-f-p022.pdf,Department of Trade and Industry ? Office of the Secretary / Various SAROs aggregate; not a numbered SARO row,For payment of Personnel Benefits,Allotment Releases,MLC,662916,pesos,662916,1,Unnumbered aggregate; not a distinct SARO instrument.
f-status-rollup-p022-c010,2025,F,22,22,https://github.com/tordecilla/unprogrammed-appropriations/releases/download/pdfs-status-pages-v1/annex-f-p022.pdf,Department of Trade and Industry ? Office of the Secretary / Various SAROs aggregate; not a numbered SARO row,For payment of Personnel Benefits,Allotment Releases,Other PS Deficiencies,437850748,pesos,437850748,1,Unnumbered aggregate; not a distinct SARO instrument.
f-status-rollup-p022-c011,2025,F,22,22,https://github.com/tordecilla/unprogrammed-appropriations/releases/download/pdfs-status-pages-v1/annex-f-p022.pdf,Department of Trade and Industry ? Office of the Secretary / Various SAROs aggregate; not a numbered SARO row,For payment of Personnel Benefits,Allotment Releases,Total,442990255,pesos,442990255,1,Unnumbered aggregate; not a distinct SARO instrument.
f-status-rollup-p022-c012,2025,F,22,22,https://github.com/tordecilla/unprogrammed-appropriations/releases/download/pdfs-status-pages-v1/annex-f-p022.pdf,Cooperative Development Authority / Various SAROs aggregate; not a numbered SARO row,For payment of Personnel Benefits,Allotment Releases,TL/RG,1788278,pesos,1788278,1,Unnumbered aggregate; not a distinct SARO instrument.
f-status-rollup-p022-c013,2025,F,22,22,https://github.com/tordecilla/unprogrammed-appropriations/releases/download/pdfs-status-pages-v1/annex-f-p022.pdf,Cooperative Development Authority / Various SAROs aggregate; not a numbered SARO row,For payment of Personnel Benefits,Allotment Releases,MLC,835972,pesos,835972,1,Unnumbered aggregate; not a distinct SARO instrument.
f-status-rollup-p022-c014,2025,F,22,22,https://github.com/tordecilla/unprogrammed-appropriations/releases/download/pdfs-status-pages-v1/annex-f-p022.pdf,Cooperative Development Authority / Various SAROs aggregate; not a numbered SARO row,For payment of Personnel Benefits,Allotment Releases,Other PS Deficiencies,48817726,pesos,48817726,1,Unnumbered aggregate; not a distinct SARO instrument.
f-status-rollup-p022-c015,2025,F,22,22,https://github.com/tordecilla/unprogrammed-appropriations/releases/download/pdfs-status-pages-v1/annex-f-p022.pdf,Cooperative Development Authority / Various SAROs aggregate; not a numbered SARO row,For payment of Personnel Benefits,Allotment Releases,Total,51441976,pesos,51441976,1,Unnumbered aggregate; not a distinct SARO instrument.
f-status-rollup-p025-c001,2025,F,25,25,https://github.com/tordecilla/unprogrammed-appropriations/releases/download/pdfs-status-pages-v1/annex-f-p025.pdf,Board of Investments / Various SAROs issued in December; Board of Investments benefits aggregate,For payment of monetization of leave credits and PS deficiency,Allotment Releases,MLC,158946,pesos,158946,1,Unnumbered aggregate; not a distinct SARO instrument.
f-status-rollup-p025-c002,2025,F,25,25,https://github.com/tordecilla/unprogrammed-appropriations/releases/download/pdfs-status-pages-v1/annex-f-p025.pdf,Board of Investments / Various SAROs issued in December; Board of Investments benefits aggregate,For payment of monetization of leave credits and PS deficiency,Allotment Releases,Other PS Deficiencies,22422399,pesos,22422399,1,Unnumbered aggregate; not a distinct SARO instrument.
f-status-rollup-p025-c003,2025,F,25,25,https://github.com/tordecilla/unprogrammed-appropriations/releases/download/pdfs-status-pages-v1/annex-f-p025.pdf,Board of Investments / Various SAROs issued in December; Board of Investments benefits aggregate,For payment of monetization of leave credits and PS deficiency,Allotment Releases,Total,22581345,pesos,22581345,1,Unnumbered aggregate; not a distinct SARO instrument.
f-status-rollup-p025-c004,2025,F,25,25,https://github.com/tordecilla/unprogrammed-appropriations/releases/download/pdfs-status-pages-v1/annex-f-p025.pdf,"Department of Economy, Planning and Development (formerly NEDA) — Office of the Secretary / Various SAROs issued in December; Office of the Secretary benefits aggregate","For payment of terminal leave benefits, monetization of leave credits and FY 2023 PBB",Allotment Releases,TL/RG,4848152,pesos,4848152,1,Unnumbered aggregate; not a distinct SARO instrument.
f-status-rollup-p025-c005,2025,F,25,25,https://github.com/tordecilla/unprogrammed-appropriations/releases/download/pdfs-status-pages-v1/annex-f-p025.pdf,"Department of Economy, Planning and Development (formerly NEDA) — Office of the Secretary / Various SAROs issued in December; Office of the Secretary benefits aggregate","For payment of terminal leave benefits, monetization of leave credits and FY 2023 PBB",Allotment Releases,MLC,911453,pesos,911453,1,Unnumbered aggregate; not a distinct SARO instrument.
f-status-rollup-p025-c006,2025,F,25,25,https://github.com/tordecilla/unprogrammed-appropriations/releases/download/pdfs-status-pages-v1/annex-f-p025.pdf,"Department of Economy, Planning and Development (formerly NEDA) — Office of the Secretary / Various SAROs issued in December; Office of the Secretary benefits aggregate","For payment of terminal leave benefits, monetization of leave credits and FY 2023 PBB",Allotment Releases,FY 2023 PBB,31858304,pesos,31858304,1,Unnumbered aggregate; not a distinct SARO instrument.
f-status-rollup-p025-c007,2025,F,25,25,https://github.com/tordecilla/unprogrammed-appropriations/releases/download/pdfs-status-pages-v1/annex-f-p025.pdf,"Department of Economy, Planning and Development (formerly NEDA) — Office of the Secretary / Various SAROs issued in December; Office of the Secretary benefits aggregate","For payment of terminal leave benefits, monetization of leave credits and FY 2023 PBB",Allotment Releases,Total,37617909,pesos,37617909,1,Unnumbered aggregate; not a distinct SARO instrument.
f-status-rollup-p025-c008,2025,F,25,25,https://github.com/tordecilla/unprogrammed-appropriations/releases/download/pdfs-status-pages-v1/annex-f-p025.pdf,Presidential Communications Office — ProPer / Various SAROs issued in December; ProPer benefits aggregate,For payment of terminal leave benefits and FY 2023 PBB,Allotment Releases,TL/RG,860938,pesos,860938,1,Unnumbered aggregate; not a distinct SARO instrument.
f-status-rollup-p025-c009,2025,F,25,25,https://github.com/tordecilla/unprogrammed-appropriations/releases/download/pdfs-status-pages-v1/annex-f-p025.pdf,Presidential Communications Office — ProPer / Various SAROs issued in December; ProPer benefits aggregate,For payment of terminal leave benefits and FY 2023 PBB,Allotment Releases,FY 2023 PBB,7275581,pesos,7275581,1,Unnumbered aggregate; not a distinct SARO instrument.
f-status-rollup-p025-c010,2025,F,25,25,https://github.com/tordecilla/unprogrammed-appropriations/releases/download/pdfs-status-pages-v1/annex-f-p025.pdf,Presidential Communications Office — ProPer / Various SAROs issued in December; ProPer benefits aggregate,For payment of terminal leave benefits and FY 2023 PBB,Allotment Releases,Total,8136519,pesos,8136519,1,Unnumbered aggregate; not a distinct SARO instrument.
f-status-rollup-p028-c001,2025,F,28,28,https://github.com/tordecilla/unprogrammed-appropriations/releases/download/pdfs-status-pages-v1/annex-f-p028.pdf,Department of Transportation — Office of the Secretary / Various SAROs issued in December; Office of the Secretary benefits aggregate,"For payment of terminal leave benefits, monetization of leave credits and PS deficiency",Allotment Releases,TL/RG,10361152,pesos,10361152,1,Unnumbered aggregate; not a distinct SARO instrument.
f-status-rollup-p028-c002,2025,F,28,28,https://github.com/tordecilla/unprogrammed-appropriations/releases/download/pdfs-status-pages-v1/annex-f-p028.pdf,Department of Transportation — Office of the Secretary / Various SAROs issued in December; Office of the Secretary benefits aggregate,"For payment of terminal leave benefits, monetization of leave credits and PS deficiency",Allotment Releases,MLC,91870,pesos,91870,1,Unnumbered aggregate; not a distinct SARO instrument.
f-status-rollup-p028-c003,2025,F,28,28,https://github.com/tordecilla/unprogrammed-appropriations/releases/download/pdfs-status-pages-v1/annex-f-p028.pdf,Department of Transportation — Office of the Secretary / Various SAROs issued in December; Office of the Secretary benefits aggregate,"For payment of terminal leave benefits, monetization of leave credits and PS deficiency",Allotment Releases,Other PS Deficiencies,131661726,pesos,131661726,1,Unnumbered aggregate; not a distinct SARO instrument.
f-status-rollup-p028-c004,2025,F,28,28,https://github.com/tordecilla/unprogrammed-appropriations/releases/download/pdfs-status-pages-v1/annex-f-p028.pdf,Department of Transportation — Office of the Secretary / Various SAROs issued in December; Office of the Secretary benefits aggregate,"For payment of terminal leave benefits, monetization of leave credits and PS deficiency",Allotment Releases,Total,142114748,pesos,142114748,1,Unnumbered aggregate; not a distinct SARO instrument.
f-status-rollup-p028-c005,2025,F,28,28,https://github.com/tordecilla/unprogrammed-appropriations/releases/download/pdfs-status-pages-v1/annex-f-p028.pdf,Department of Transportation — Office for Transportation Security / Various SAROs issued in December; Office for Transportation Security benefits aggregate,For payment of terminal leave benefits and PS deficiency,Allotment Releases,TL/RG,753948,pesos,753948,1,Unnumbered aggregate; not a distinct SARO instrument.
f-status-rollup-p028-c006,2025,F,28,28,https://github.com/tordecilla/unprogrammed-appropriations/releases/download/pdfs-status-pages-v1/annex-f-p028.pdf,Department of Transportation — Office for Transportation Security / Various SAROs issued in December; Office for Transportation Security benefits aggregate,For payment of terminal leave benefits and PS deficiency,Allotment Releases,MLC,25980314,pesos,25980314,1,Unnumbered aggregate; not a distinct SARO instrument.
f-status-rollup-p028-c007,2025,F,28,28,https://github.com/tordecilla/unprogrammed-appropriations/releases/download/pdfs-status-pages-v1/annex-f-p028.pdf,Department of Transportation — Office for Transportation Security / Various SAROs issued in December; Office for Transportation Security benefits aggregate,For payment of terminal leave benefits and PS deficiency,Allotment Releases,Total,26734262,pesos,26734262,1,Unnumbered aggregate; not a distinct SARO instrument.
f-status-rollup-p031-c001,2025,F,31,31,https://github.com/tordecilla/unprogrammed-appropriations/releases/download/pdfs-status-pages-v1/annex-f-p031.pdf,Other Executive Offices — Commission on Higher Education / Various SAROs issued in December; Commission on Higher Education benefits aggregate,For payment of monetization of leave credits and PS deficiency,Allotment Releases,MLC,2117019,pesos,2117019,1,Unnumbered aggregate; not a distinct SARO instrument.
f-status-rollup-p031-c002,2025,F,31,31,https://github.com/tordecilla/unprogrammed-appropriations/releases/download/pdfs-status-pages-v1/annex-f-p031.pdf,Other Executive Offices — Commission on Higher Education / Various SAROs issued in December; Commission on Higher Education benefits aggregate,For payment of monetization of leave credits and PS deficiency,Allotment Releases,Other PS Deficiencies,12719511,pesos,12719511,1,Unnumbered aggregate; not a distinct SARO instrument.
f-status-rollup-p031-c003,2025,F,31,31,https://github.com/tordecilla/unprogrammed-appropriations/releases/download/pdfs-status-pages-v1/annex-f-p031.pdf,Other Executive Offices — Commission on Higher Education / Various SAROs issued in December; Commission on Higher Education benefits aggregate,For payment of monetization of leave credits and PS deficiency,Allotment Releases,Total,14836530,pesos,14836530,1,Unnumbered aggregate; not a distinct SARO instrument.
f-status-rollup-p031-c004,2025,F,31,31,https://github.com/tordecilla/unprogrammed-appropriations/releases/download/pdfs-status-pages-v1/annex-f-p031.pdf,Other Executive Offices — National Intelligence Coordinating Agency / Various SAROs issued in December; National Intelligence Coordinating Agency benefits aggregate,For payment of terminal leave benefits and FY 2023 PBB,Allotment Releases,TL/RG,1529247,pesos,1529247,1,Unnumbered aggregate; not a distinct SARO instrument.
f-status-rollup-p031-c005,2025,F,31,31,https://github.com/tordecilla/unprogrammed-appropriations/releases/download/pdfs-status-pages-v1/annex-f-p031.pdf,Other Executive Offices — National Intelligence Coordinating Agency / Various SAROs issued in December; National Intelligence Coordinating Agency benefits aggregate,For payment of terminal leave benefits and FY 2023 PBB,Allotment Releases,FY 2023 PBB,4787450,pesos,4787450,1,Unnumbered aggregate; not a distinct SARO instrument.
f-status-rollup-p031-c006,2025,F,31,31,https://github.com/tordecilla/unprogrammed-appropriations/releases/download/pdfs-status-pages-v1/annex-f-p031.pdf,Other Executive Offices — National Intelligence Coordinating Agency / Various SAROs issued in December; National Intelligence Coordinating Agency benefits aggregate,For payment of terminal leave benefits and FY 2023 PBB,Allotment Releases,Total,6316697,pesos,6316697,1,Unnumbered aggregate; not a distinct SARO instrument.
f-status-rollup-p031-c007,2025,F,31,31,https://github.com/tordecilla/unprogrammed-appropriations/releases/download/pdfs-status-pages-v1/annex-f-p031.pdf,Other Executive Offices — Presidential Management Staff / Various SAROs issued in December; Presidential Management Staff benefits aggregate,For payment of terminal leave benefits and PS deficiency,Allotment Releases,TL/RG,2291361,pesos,2291361,1,Unnumbered aggregate; not a distinct SARO instrument.
f-status-rollup-p031-c008,2025,F,31,31,https://github.com/tordecilla/unprogrammed-appropriations/releases/download/pdfs-status-pages-v1/annex-f-p031.pdf,Other Executive Offices — Presidential Management Staff / Various SAROs issued in December; Presidential Management Staff benefits aggregate,For payment of terminal leave benefits and PS deficiency,Allotment Releases,Other PS Deficiencies,14796689,pesos,14796689,1,Unnumbered aggregate; not a distinct SARO instrument.
f-status-rollup-p031-c009,2025,F,31,31,https://github.com/tordecilla/unprogrammed-appropriations/releases/download/pdfs-status-pages-v1/annex-f-p031.pdf,Other Executive Offices — Presidential Management Staff / Various SAROs issued in December; Presidential Management Staff benefits aggregate,For payment of terminal leave benefits and PS deficiency,Allotment Releases,Total,17088050,pesos,17088050,1,Unnumbered aggregate; not a distinct SARO instrument.
f-status-rollup-p031-c010,2025,F,31,31,https://github.com/tordecilla/unprogrammed-appropriations/releases/download/pdfs-status-pages-v1/annex-f-p031.pdf,Civil Service Commission / Various SAROs benefits aggregate,For payment of terminal leave benefits and PS deficiency,Allotment Releases,FY 2023 PBB,5309539,pesos,5309539,1,Unnumbered aggregate; not a distinct SARO instrument.
f-status-rollup-p031-c011,2025,F,31,31,https://github.com/tordecilla/unprogrammed-appropriations/releases/download/pdfs-status-pages-v1/annex-f-p031.pdf,Civil Service Commission / Various SAROs benefits aggregate,For payment of terminal leave benefits and PS deficiency,Allotment Releases,Total,5309539,pesos,5309539,1,Unnumbered aggregate; not a distinct SARO instrument.
f-status-rollup-p034-c001,2025,F,34,34,https://github.com/tordecilla/unprogrammed-appropriations/releases/download/pdfs-status-pages-v1/annex-f-p034.pdf,Special Purpose Fund — BARMM / Various SAROs issued in December; BARMM benefits aggregate,For payment of terminal leave benefits and monetization of leave credits,Allotment Releases,TL/RG,30383677,pesos,30383677,1,Unnumbered aggregate; not a distinct SARO instrument.
f-status-rollup-p034-c002,2025,F,34,34,https://github.com/tordecilla/unprogrammed-appropriations/releases/download/pdfs-status-pages-v1/annex-f-p034.pdf,Special Purpose Fund — BARMM / Various SAROs issued in December; BARMM benefits aggregate,For payment of terminal leave benefits and monetization of leave credits,Allotment Releases,MLC,12842041,pesos,12842041,1,Unnumbered aggregate; not a distinct SARO instrument.
f-status-rollup-p034-c003,2025,F,34,34,https://github.com/tordecilla/unprogrammed-appropriations/releases/download/pdfs-status-pages-v1/annex-f-p034.pdf,Special Purpose Fund — BARMM / Various SAROs issued in December; BARMM benefits aggregate,For payment of terminal leave benefits and monetization of leave credits,Allotment Releases,Total,43225718,pesos,43225718,1,Unnumbered aggregate; not a distinct SARO instrument.
c-status-rollup-p004-c001,2024,C,4,4,https://github.com/tordecilla/unprogrammed-appropriations/releases/download/pdfs-status-pages-v1/annex-c-p004.pdf,All agencies / GRAND TOTAL,Strengthening Assistance for Government Infrastructure and Social Programs (SAGIP),Allotment Releases,MOOE,44897747950,pesos,44897747950,1,Unnumbered aggregate; not a distinct SARO instrument.
c-status-rollup-p004-c002,2024,C,4,4,https://github.com/tordecilla/unprogrammed-appropriations/releases/download/pdfs-status-pages-v1/annex-c-p004.pdf,All agencies / GRAND TOTAL,Strengthening Assistance for Government Infrastructure and Social Programs (SAGIP),Allotment Releases,CO,155131103931,pesos,155131103931,1,Unnumbered aggregate; not a distinct SARO instrument.
c-status-rollup-p004-c003,2024,C,4,4,https://github.com/tordecilla/unprogrammed-appropriations/releases/download/pdfs-status-pages-v1/annex-c-p004.pdf,All agencies / GRAND TOTAL,Strengthening Assistance for Government Infrastructure and Social Programs (SAGIP),Allotment Releases,Total,200028851881,pesos,200028851881,1,Unnumbered aggregate; not a distinct SARO instrument.
c-status-rollup-p004-c004,2024,C,4,4,https://github.com/tordecilla/unprogrammed-appropriations/releases/download/pdfs-status-pages-v1/annex-c-p004.pdf,All agencies / GRAND TOTAL,Budgetary Support to Government-Owned and/or -Controlled Corporations (BSGCs),Allotment Releases,MOOE,10157162000,pesos,10157162000,1,Unnumbered aggregate; not a distinct SARO instrument.
c-status-rollup-p004-c005,2024,C,4,4,https://github.com/tordecilla/unprogrammed-appropriations/releases/download/pdfs-status-pages-v1/annex-c-p004.pdf,All agencies / GRAND TOTAL,Budgetary Support to Government-Owned and/or -Controlled Corporations (BSGCs),Allotment Releases,Total,10157162000,pesos,10157162000,1,Unnumbered aggregate; not a distinct SARO instrument.
c-status-rollup-p004-c006,2024,C,4,4,https://github.com/tordecilla/unprogrammed-appropriations/releases/download/pdfs-status-pages-v1/annex-c-p004.pdf,All agencies / GRAND TOTAL,Support to Foreign-Assisted Projects (FAPs),Allotment Releases,MOOE,14475935124,pesos,14475935124,1,Unnumbered aggregate; not a distinct SARO instrument.
c-status-rollup-p004-c007,2024,C,4,4,https://github.com/tordecilla/unprogrammed-appropriations/releases/download/pdfs-status-pages-v1/annex-c-p004.pdf,All agencies / GRAND TOTAL,Support to Foreign-Assisted Projects (FAPs),Allotment Releases,CO,112585241892,pesos,112585241892,1,Unnumbered aggregate; not a distinct SARO instrument.
c-status-rollup-p004-c008,2024,C,4,4,https://github.com/tordecilla/unprogrammed-appropriations/releases/download/pdfs-status-pages-v1/annex-c-p004.pdf,All agencies / GRAND TOTAL,Support to Foreign-Assisted Projects (FAPs),Allotment Releases,Total,127061177016,pesos,127061177016,1,Unnumbered aggregate; not a distinct SARO instrument.
c-status-rollup-p004-c009,2024,C,4,4,https://github.com/tordecilla/unprogrammed-appropriations/releases/download/pdfs-status-pages-v1/annex-c-p004.pdf,All agencies / GRAND TOTAL,Public Health Emergency Benefits and Allowances for Health Care and Non-Health Care Workers,Allotment Releases,MOOE,27453233268,pesos,27453233268,1,Unnumbered aggregate; not a distinct SARO instrument.
c-status-rollup-p004-c010,2024,C,4,4,https://github.com/tordecilla/unprogrammed-appropriations/releases/download/pdfs-status-pages-v1/annex-c-p004.pdf,All agencies / GRAND TOTAL,Public Health Emergency Benefits and Allowances for Health Care and Non-Health Care Workers,Allotment Releases,Total,27453233268,pesos,27453233268,1,Unnumbered aggregate; not a distinct SARO instrument.
c-status-rollup-p004-c011,2024,C,4,4,https://github.com/tordecilla/unprogrammed-appropriations/releases/download/pdfs-status-pages-v1/annex-c-p004.pdf,All agencies / GRAND TOTAL,Panay-Guimaras-Negros (PGN) Island Bridges Project,Allotment Releases,CO,3000003000,pesos,3000003000,1,Unnumbered aggregate; not a distinct SARO instrument.
c-status-rollup-p004-c012,2024,C,4,4,https://github.com/tordecilla/unprogrammed-appropriations/releases/download/pdfs-status-pages-v1/annex-c-p004.pdf,All agencies / GRAND TOTAL,Panay-Guimaras-Negros (PGN) Island Bridges Project,Allotment Releases,Total,3000003000,pesos,3000003000,1,Unnumbered aggregate; not a distinct SARO instrument.
c-status-rollup-p005-c001,2024,C,5,5,https://github.com/tordecilla/unprogrammed-appropriations/releases/download/pdfs-status-pages-v1/annex-c-p005.pdf,All agencies / GRAND TOTAL,"Priority Social Programs for Health, Social Welfare and Development, Higher Education and Technical Vocational Education",Allotment Releases,MOOE,10000000000,pesos,10000000000,1,Unnumbered aggregate; not a distinct SARO instrument.
c-status-rollup-p005-c002,2024,C,5,5,https://github.com/tordecilla/unprogrammed-appropriations/releases/download/pdfs-status-pages-v1/annex-c-p005.pdf,All agencies / GRAND TOTAL,"Priority Social Programs for Health, Social Welfare and Development, Higher Education and Technical Vocational Education",Allotment Releases,CO,9169664755,pesos,9169664755,1,Unnumbered aggregate; not a distinct SARO instrument.
c-status-rollup-p005-c003,2024,C,5,5,https://github.com/tordecilla/unprogrammed-appropriations/releases/download/pdfs-status-pages-v1/annex-c-p005.pdf,All agencies / GRAND TOTAL,"Priority Social Programs for Health, Social Welfare and Development, Higher Education and Technical Vocational Education",Allotment Releases,Total,19169664755,pesos,19169664755,1,Unnumbered aggregate; not a distinct SARO instrument.
c-status-rollup-p005-c004,2024,C,5,5,https://github.com/tordecilla/unprogrammed-appropriations/releases/download/pdfs-status-pages-v1/annex-c-p005.pdf,All agencies / GRAND TOTAL,Revised AFP Modernization Program,Allotment Releases,CO,10000000000,pesos,10000000000,1,Unnumbered aggregate; not a distinct SARO instrument.
c-status-rollup-p005-c005,2024,C,5,5,https://github.com/tordecilla/unprogrammed-appropriations/releases/download/pdfs-status-pages-v1/annex-c-p005.pdf,All agencies / GRAND TOTAL,Revised AFP Modernization Program,Allotment Releases,Total,10000000000,pesos,10000000000,1,Unnumbered aggregate; not a distinct SARO instrument.
c-status-rollup-p005-c006,2024,C,5,5,https://github.com/tordecilla/unprogrammed-appropriations/releases/download/pdfs-status-pages-v1/annex-c-p005.pdf,All agencies / GRAND TOTAL,For Payment of Right-of-Way,Allotment Releases,CO,3004558017,pesos,3004558017,1,Unnumbered aggregate; not a distinct SARO instrument.
c-status-rollup-p005-c007,2024,C,5,5,https://github.com/tordecilla/unprogrammed-appropriations/releases/download/pdfs-status-pages-v1/annex-c-p005.pdf,All agencies / GRAND TOTAL,For Payment of Right-of-Way,Allotment Releases,Total,3004558017,pesos,3004558017,1,Unnumbered aggregate; not a distinct SARO instrument.
c-status-rollup-p005-c008,2024,C,5,5,https://github.com/tordecilla/unprogrammed-appropriations/releases/download/pdfs-status-pages-v1/annex-c-p005.pdf,All agencies / GRAND TOTAL,"Maintenance, Repair and Rehabilitation of Infrastructure Facilities (Routine Maintenance of National Roads)",Allotment Releases,MOOE,13500000000,pesos,13500000000,1,Unnumbered aggregate; not a distinct SARO instrument.
c-status-rollup-p005-c009,2024,C,5,5,https://github.com/tordecilla/unprogrammed-appropriations/releases/download/pdfs-status-pages-v1/annex-c-p005.pdf,All agencies / GRAND TOTAL,"Maintenance, Repair and Rehabilitation of Infrastructure Facilities (Routine Maintenance of National Roads)",Allotment Releases,Total,13500000000,pesos,13500000000,1,Unnumbered aggregate; not a distinct SARO instrument.
c-status-rollup-p005-c010,2024,C,5,5,https://github.com/tordecilla/unprogrammed-appropriations/releases/download/pdfs-status-pages-v1/annex-c-p005.pdf,All agencies / GRAND TOTAL,For Government Counterpart of Foreign-Assisted Projects,Allotment Releases,PS,102037000,pesos,102037000,1,Unnumbered aggregate; not a distinct SARO instrument.
c-status-rollup-p005-c011,2024,C,5,5,https://github.com/tordecilla/unprogrammed-appropriations/releases/download/pdfs-status-pages-v1/annex-c-p005.pdf,All agencies / GRAND TOTAL,For Government Counterpart of Foreign-Assisted Projects,Allotment Releases,MOOE,6904636317,pesos,6904636317,1,Unnumbered aggregate; not a distinct SARO instrument.
c-status-rollup-p005-c012,2024,C,5,5,https://github.com/tordecilla/unprogrammed-appropriations/releases/download/pdfs-status-pages-v1/annex-c-p005.pdf,All agencies / GRAND TOTAL,For Government Counterpart of Foreign-Assisted Projects,Allotment Releases,CO,33870840371,pesos,33870840371,1,Unnumbered aggregate; not a distinct SARO instrument.
c-status-rollup-p005-c013,2024,C,5,5,https://github.com/tordecilla/unprogrammed-appropriations/releases/download/pdfs-status-pages-v1/annex-c-p005.pdf,All agencies / GRAND TOTAL,For Government Counterpart of Foreign-Assisted Projects,Allotment Releases,Total,40877513688,pesos,40877513688,1,Unnumbered aggregate; not a distinct SARO instrument.
c-status-rollup-p006-c001,2024,C,6,6,https://github.com/tordecilla/unprogrammed-appropriations/releases/download/pdfs-status-pages-v1/annex-c-p006.pdf,All agencies / GRAND TOTAL,For payment of Personnel Benefits,Allotment Releases,Salary Increase,24270561197,pesos,24270561197,1,Unnumbered aggregate; not a distinct SARO instrument.
c-status-rollup-p006-c002,2024,C,6,6,https://github.com/tordecilla/unprogrammed-appropriations/releases/download/pdfs-status-pages-v1/annex-c-p006.pdf,All agencies / GRAND TOTAL,For payment of Personnel Benefits,Allotment Releases,FY 2022 PBB,10834041613,pesos,10834041613,1,Unnumbered aggregate; not a distinct SARO instrument.
c-status-rollup-p006-c003,2024,C,6,6,https://github.com/tordecilla/unprogrammed-appropriations/releases/download/pdfs-status-pages-v1/annex-c-p006.pdf,All agencies / GRAND TOTAL,For payment of Personnel Benefits,Allotment Releases,Other PS Deficiencies,21789596369,pesos,21789596369,1,Unnumbered aggregate; not a distinct SARO instrument.
c-status-rollup-p006-c004,2024,C,6,6,https://github.com/tordecilla/unprogrammed-appropriations/releases/download/pdfs-status-pages-v1/annex-c-p006.pdf,All agencies / GRAND TOTAL,For payment of Personnel Benefits,Allotment Releases,Total,56894199179,pesos,56894199179,1,Unnumbered aggregate; not a distinct SARO instrument.
c-status-rollup-p006-c005,2024,C,6,6,https://github.com/tordecilla/unprogrammed-appropriations/releases/download/pdfs-status-pages-v1/annex-c-p006.pdf,All agencies / GRAND TOTAL,Pension and Gratuity Fund,Allotment Releases,Pension,1032479678,pesos,1032479678,1,Unnumbered aggregate; not a distinct SARO instrument.
c-status-rollup-p006-c006,2024,C,6,6,https://github.com/tordecilla/unprogrammed-appropriations/releases/download/pdfs-status-pages-v1/annex-c-p006.pdf,All agencies / GRAND TOTAL,Pension and Gratuity Fund,Allotment Releases,Terminal Leave/Retirement Gratuity,7341022054,pesos,7341022054,1,Unnumbered aggregate; not a distinct SARO instrument.
c-status-rollup-p006-c007,2024,C,6,6,https://github.com/tordecilla/unprogrammed-appropriations/releases/download/pdfs-status-pages-v1/annex-c-p006.pdf,All agencies / GRAND TOTAL,Pension and Gratuity Fund,Allotment Releases,Monetization of Leave Credits,244048122,pesos,244048122,1,Unnumbered aggregate; not a distinct SARO instrument.
c-status-rollup-p006-c008,2024,C,6,6,https://github.com/tordecilla/unprogrammed-appropriations/releases/download/pdfs-status-pages-v1/annex-c-p006.pdf,All agencies / GRAND TOTAL,Pension and Gratuity Fund,Allotment Releases,Separation Incentives,45441228,pesos,45441228,1,Unnumbered aggregate; not a distinct SARO instrument.
c-status-rollup-p006-c009,2024,C,6,6,https://github.com/tordecilla/unprogrammed-appropriations/releases/download/pdfs-status-pages-v1/annex-c-p006.pdf,All agencies / GRAND TOTAL,Pension and Gratuity Fund,Allotment Releases,Total,8662991082,pesos,8662991082,1,Unnumbered aggregate; not a distinct SARO instrument.
c-status-rollup-p006-c010,2024,C,6,6,https://github.com/tordecilla/unprogrammed-appropriations/releases/download/pdfs-status-pages-v1/annex-c-p006.pdf,All agencies / GRAND TOTAL,Management and Supervision of the Comprehensive Peace Process,Allotment Releases,MOOE,15559189,pesos,15559189,1,Unnumbered aggregate; not a distinct SARO instrument.
c-status-rollup-p006-c011,2024,C,6,6,https://github.com/tordecilla/unprogrammed-appropriations/releases/download/pdfs-status-pages-v1/annex-c-p006.pdf,All agencies / GRAND TOTAL,Management and Supervision of the Comprehensive Peace Process,Allotment Releases,Total,15559189,pesos,15559189,1,Unnumbered aggregate; not a distinct SARO instrument.
c-status-rollup-p006-c012,2024,C,6,6,https://github.com/tordecilla/unprogrammed-appropriations/releases/download/pdfs-status-pages-v1/annex-c-p006.pdf,All agencies / GRAND TOTAL,Financial Subsidy for Purchase of Photovoltaic Mainstreaming (Solar Home System) for Rural Electrification,Allotment Releases,MOOE,3000000000,pesos,3000000000,1,Unnumbered aggregate; not a distinct SARO instrument.
c-status-rollup-p006-c013,2024,C,6,6,https://github.com/tordecilla/unprogrammed-appropriations/releases/download/pdfs-status-pages-v1/annex-c-p006.pdf,All agencies / GRAND TOTAL,Financial Subsidy for Purchase of Photovoltaic Mainstreaming (Solar Home System) for Rural Electrification,Allotment Releases,Total,3000000000,pesos,3000000000,1,Unnumbered aggregate; not a distinct SARO instrument.
c-status-rollup-p007-c001,2024,C,7,7,https://github.com/tordecilla/unprogrammed-appropriations/releases/download/pdfs-status-pages-v1/annex-c-p007.pdf,All agencies / GRAND TOTAL,Cold Storage Expansion Project,Allotment Releases,MOOE,25000000,pesos,25000000,1,Unnumbered aggregate; not a distinct SARO instrument.
c-status-rollup-p007-c002,2024,C,7,7,https://github.com/tordecilla/unprogrammed-appropriations/releases/download/pdfs-status-pages-v1/annex-c-p007.pdf,All agencies / GRAND TOTAL,Cold Storage Expansion Project,Allotment Releases,CO,1475000000,pesos,1475000000,1,Unnumbered aggregate; not a distinct SARO instrument.
c-status-rollup-p007-c003,2024,C,7,7,https://github.com/tordecilla/unprogrammed-appropriations/releases/download/pdfs-status-pages-v1/annex-c-p007.pdf,All agencies / GRAND TOTAL,Cold Storage Expansion Project,Allotment Releases,Total,1500000000,pesos,1500000000,1,Unnumbered aggregate; not a distinct SARO instrument.
c-status-rollup-p007-c004,2024,C,7,7,https://github.com/tordecilla/unprogrammed-appropriations/releases/download/pdfs-status-pages-v1/annex-c-p007.pdf,All agencies / GRAND TOTAL,Support to the Barangay Development Program of the NTF-ELCAC,Allotment Releases,MOOE,4320000000,pesos,4320000000,1,Unnumbered aggregate; not a distinct SARO instrument.
c-status-rollup-p007-c005,2024,C,7,7,https://github.com/tordecilla/unprogrammed-appropriations/releases/download/pdfs-status-pages-v1/annex-c-p007.pdf,All agencies / GRAND TOTAL,Support to the Barangay Development Program of the NTF-ELCAC,Allotment Releases,Total,4320000000,pesos,4320000000,1,Unnumbered aggregate; not a distinct SARO instrument.
c-status-rollup-p007-c006,2024,C,7,7,https://github.com/tordecilla/unprogrammed-appropriations/releases/download/pdfs-status-pages-v1/annex-c-p007.pdf,All agencies / GRAND TOTAL,Fiscal Support Arrearages for Comprehensive Automotive Resurgence Strategy (CARS) Program,Allotment Releases,MOOE,410824940,pesos,410824940,1,Unnumbered aggregate; not a distinct SARO instrument.
c-status-rollup-p007-c007,2024,C,7,7,https://github.com/tordecilla/unprogrammed-appropriations/releases/download/pdfs-status-pages-v1/annex-c-p007.pdf,All agencies / GRAND TOTAL,Fiscal Support Arrearages for Comprehensive Automotive Resurgence Strategy (CARS) Program,Allotment Releases,Total,410824940,pesos,410824940,1,Unnumbered aggregate; not a distinct SARO instrument.
c-status-rollup-p007-c008,2024,C,7,7,https://github.com/tordecilla/unprogrammed-appropriations/releases/download/pdfs-status-pages-v1/annex-c-p007.pdf,All agencies / GRAND TOTAL,Marawi Siege Victims Compensation Program,Allotment Releases,MOOE,2318397600,pesos,2318397600,1,Unnumbered aggregate; not a distinct SARO instrument.
c-status-rollup-p007-c009,2024,C,7,7,https://github.com/tordecilla/unprogrammed-appropriations/releases/download/pdfs-status-pages-v1/annex-c-p007.pdf,All agencies / GRAND TOTAL,Marawi Siege Victims Compensation Program,Allotment Releases,Total,2318397600,pesos,2318397600,1,Unnumbered aggregate; not a distinct SARO instrument.
c-status-rollup-p004-c013,2024,C,4,4,https://github.com/tordecilla/unprogrammed-appropriations/releases/download/pdfs-status-pages-v1/annex-c-p004.pdf,DAR - Office of the Secretary / Office of the Secretary subtotal,Support to Foreign-Assisted Projects (FAPs),Allotment Releases,MOOE,2804197000,pesos,2804197000,1,Unnumbered aggregate; not a distinct SARO instrument.
c-status-rollup-p004-c014,2024,C,4,4,https://github.com/tordecilla/unprogrammed-appropriations/releases/download/pdfs-status-pages-v1/annex-c-p004.pdf,DAR - Office of the Secretary / Office of the Secretary subtotal,Support to Foreign-Assisted Projects (FAPs),Allotment Releases,CO,79998000,pesos,79998000,1,Unnumbered aggregate; not a distinct SARO instrument.
c-status-rollup-p004-c015,2024,C,4,4,https://github.com/tordecilla/unprogrammed-appropriations/releases/download/pdfs-status-pages-v1/annex-c-p004.pdf,DAR - Office of the Secretary / Office of the Secretary subtotal,Support to Foreign-Assisted Projects (FAPs),Allotment Releases,Total,2884195000,pesos,2884195000,1,Unnumbered aggregate; not a distinct SARO instrument.
c-status-rollup-p005-c014,2024,C,5,5,https://github.com/tordecilla/unprogrammed-appropriations/releases/download/pdfs-status-pages-v1/annex-c-p005.pdf,DAR - Office of the Secretary / Office of the Secretary subtotal,For Government Counterpart of Foreign-Assisted Projects,Allotment Releases,PS,93237000,pesos,93237000,1,Unnumbered aggregate; not a distinct SARO instrument.
c-status-rollup-p005-c015,2024,C,5,5,https://github.com/tordecilla/unprogrammed-appropriations/releases/download/pdfs-status-pages-v1/annex-c-p005.pdf,DAR - Office of the Secretary / Office of the Secretary subtotal,For Government Counterpart of Foreign-Assisted Projects,Allotment Releases,MOOE,720254000,pesos,720254000,1,Unnumbered aggregate; not a distinct SARO instrument.
c-status-rollup-p005-c016,2024,C,5,5,https://github.com/tordecilla/unprogrammed-appropriations/releases/download/pdfs-status-pages-v1/annex-c-p005.pdf,DAR - Office of the Secretary / Office of the Secretary subtotal,For Government Counterpart of Foreign-Assisted Projects,Allotment Releases,Total,813491000,pesos,813491000,1,Unnumbered aggregate; not a distinct SARO instrument.
c-status-rollup-p006-c014,2024,C,6,6,https://github.com/tordecilla/unprogrammed-appropriations/releases/download/pdfs-status-pages-v1/annex-c-p006.pdf,DAR - Office of the Secretary / Various SAROs issued in October aggregate,For payment of terminal leave benefits and monetization of leave credits,Allotment Releases,Terminal Leave/Retirement Gratuity,14854480,pesos,14854480,1,Unnumbered aggregate; not a distinct SARO instrument.
c-status-rollup-p006-c015,2024,C,6,6,https://github.com/tordecilla/unprogrammed-appropriations/releases/download/pdfs-status-pages-v1/annex-c-p006.pdf,DAR - Office of the Secretary / Various SAROs issued in October aggregate,For payment of terminal leave benefits and monetization of leave credits,Allotment Releases,Monetization of Leave Credits,1294925,pesos,1294925,1,Unnumbered aggregate; not a distinct SARO instrument.
c-status-rollup-p006-c016,2024,C,6,6,https://github.com/tordecilla/unprogrammed-appropriations/releases/download/pdfs-status-pages-v1/annex-c-p006.pdf,DAR - Office of the Secretary / Various SAROs issued in October aggregate,For payment of terminal leave benefits and monetization of leave credits,Allotment Releases,Total,16149405,pesos,16149405,1,Unnumbered aggregate; not a distinct SARO instrument.
c-status-rollup-p006-c017,2024,C,6,6,https://github.com/tordecilla/unprogrammed-appropriations/releases/download/pdfs-status-pages-v1/annex-c-p006.pdf,DAR - Office of the Secretary / Various SAROs issued in November aggregate,For payment of monetization of leave credits,Allotment Releases,Monetization of Leave Credits,2361394,pesos,2361394,1,Unnumbered aggregate; not a distinct SARO instrument.
c-status-rollup-p006-c018,2024,C,6,6,https://github.com/tordecilla/unprogrammed-appropriations/releases/download/pdfs-status-pages-v1/annex-c-p006.pdf,DAR - Office of the Secretary / Various SAROs issued in November aggregate,For payment of monetization of leave credits,Allotment Releases,Total,2361394,pesos,2361394,1,Unnumbered aggregate; not a distinct SARO instrument.
c-status-rollup-p006-c019,2024,C,6,6,https://github.com/tordecilla/unprogrammed-appropriations/releases/download/pdfs-status-pages-v1/annex-c-p006.pdf,DAR - Office of the Secretary / Various SAROs issued in December aggregate,For payment of PS Deficiency FY 2024 and PBB FY 2022,Allotment Releases,FY 2022 PBB,924934,pesos,924934,1,Unnumbered aggregate; not a distinct SARO instrument.
c-status-rollup-p006-c020,2024,C,6,6,https://github.com/tordecilla/unprogrammed-appropriations/releases/download/pdfs-status-pages-v1/annex-c-p006.pdf,DAR - Office of the Secretary / Various SAROs issued in December aggregate,For payment of PS Deficiency FY 2024 and PBB FY 2022,Allotment Releases,Other PS Deficiencies,374055000,pesos,374055000,1,Unnumbered aggregate; not a distinct SARO instrument.
c-status-rollup-p006-c021,2024,C,6,6,https://github.com/tordecilla/unprogrammed-appropriations/releases/download/pdfs-status-pages-v1/annex-c-p006.pdf,DAR - Office of the Secretary / Various SAROs issued in December aggregate,For payment of PS Deficiency FY 2024 and PBB FY 2022,Allotment Releases,Total,374979934,pesos,374979934,1,Unnumbered aggregate; not a distinct SARO instrument.
c-status-rollup-p006-c022,2024,C,6,6,https://github.com/tordecilla/unprogrammed-appropriations/releases/download/pdfs-status-pages-v1/annex-c-p006.pdf,DAR - Office of the Secretary / Various SAROs issued in December aggregate,For payment of terminal leave benefits and monetization of leave credits,Allotment Releases,Terminal Leave/Retirement Gratuity,26657198,pesos,26657198,1,Unnumbered aggregate; not a distinct SARO instrument.
c-status-rollup-p006-c023,2024,C,6,6,https://github.com/tordecilla/unprogrammed-appropriations/releases/download/pdfs-status-pages-v1/annex-c-p006.pdf,DAR - Office of the Secretary / Various SAROs issued in December aggregate,For payment of terminal leave benefits and monetization of leave credits,Allotment Releases,Monetization of Leave Credits,792970,pesos,792970,1,Unnumbered aggregate; not a distinct SARO instrument.
c-status-rollup-p006-c024,2024,C,6,6,https://github.com/tordecilla/unprogrammed-appropriations/releases/download/pdfs-status-pages-v1/annex-c-p006.pdf,DAR - Office of the Secretary / Various SAROs issued in December aggregate,For payment of terminal leave benefits and monetization of leave credits,Allotment Releases,Total,27450168,pesos,27450168,1,Unnumbered aggregate; not a distinct SARO instrument.
c-status-rollup-p007-c010,2024,C,7,7,https://github.com/tordecilla/unprogrammed-appropriations/releases/download/pdfs-status-pages-v1/annex-c-p007.pdf,DAR - Office of the Secretary / Office of the Secretary subtotal,Total across printed categories,Allotment Releases,PS,514177901,pesos,514177901,1,Unnumbered aggregate; not a distinct SARO instrument.
c-status-rollup-p007-c011,2024,C,7,7,https://github.com/tordecilla/unprogrammed-appropriations/releases/download/pdfs-status-pages-v1/annex-c-p007.pdf,DAR - Office of the Secretary / Office of the Secretary subtotal,Total across printed categories,Allotment Releases,MOOE,3524451000,pesos,3524451000,1,Unnumbered aggregate; not a distinct SARO instrument.
c-status-rollup-p007-c012,2024,C,7,7,https://github.com/tordecilla/unprogrammed-appropriations/releases/download/pdfs-status-pages-v1/annex-c-p007.pdf,DAR - Office of the Secretary / Office of the Secretary subtotal,Total across printed categories,Allotment Releases,CO,79998000,pesos,79998000,1,Unnumbered aggregate; not a distinct SARO instrument.
c-status-rollup-p007-c013,2024,C,7,7,https://github.com/tordecilla/unprogrammed-appropriations/releases/download/pdfs-status-pages-v1/annex-c-p007.pdf,DAR - Office of the Secretary / Office of the Secretary subtotal,Total across printed categories,Allotment Releases,Total,4118626901,pesos,4118626901,1,Unnumbered aggregate; not a distinct SARO instrument.
c-status-rollup-p004-c016,2024,C,4,4,https://github.com/tordecilla/unprogrammed-appropriations/releases/download/pdfs-status-pages-v1/annex-c-p004.pdf,DA / Department subtotal,Program total,Allotment Releases,PS,17625963950,pesos,17625963950,1,Unnumbered aggregate; not a distinct SARO instrument.
c-status-rollup-p004-c017,2024,C,4,4,https://github.com/tordecilla/unprogrammed-appropriations/releases/download/pdfs-status-pages-v1/annex-c-p004.pdf,DA / Department subtotal,Program total,Allotment Releases,Total,17625963950,pesos,17625963950,1,Unnumbered aggregate; not a distinct SARO instrument.
c-status-rollup-p004-c018,2024,C,4,4,https://github.com/tordecilla/unprogrammed-appropriations/releases/download/pdfs-status-pages-v1/annex-c-p004.pdf,DA / Department subtotal,Support to Foreign-Assisted Projects (FAPs),Allotment Releases,MOOE,3094008327,pesos,3094008327,1,Unnumbered aggregate; not a distinct SARO instrument.
c-status-rollup-p004-c019,2024,C,4,4,https://github.com/tordecilla/unprogrammed-appropriations/releases/download/pdfs-status-pages-v1/annex-c-p004.pdf,DA / Department subtotal,Support to Foreign-Assisted Projects (FAPs),Allotment Releases,CO,6827525920,pesos,6827525920,1,Unnumbered aggregate; not a distinct SARO instrument.
c-status-rollup-p004-c020,2024,C,4,4,https://github.com/tordecilla/unprogrammed-appropriations/releases/download/pdfs-status-pages-v1/annex-c-p004.pdf,DA / Department subtotal,Support to Foreign-Assisted Projects (FAPs),Allotment Releases,Total,9921534247,pesos,9921534247,1,Unnumbered aggregate; not a distinct SARO instrument.
c-status-rollup-p004-c021,2024,C,4,4,https://github.com/tordecilla/unprogrammed-appropriations/releases/download/pdfs-status-pages-v1/annex-c-p004.pdf,DA - Office of the Secretary / Office of the Secretary subtotal,For Government Counterpart of Foreign-Assisted Projects,Allotment Releases,MOOE,2108562079,pesos,2108562079,1,Unnumbered aggregate; not a distinct SARO instrument.
c-status-rollup-p004-c022,2024,C,4,4,https://github.com/tordecilla/unprogrammed-appropriations/releases/download/pdfs-status-pages-v1/annex-c-p004.pdf,DA - Office of the Secretary / Office of the Secretary subtotal,For Government Counterpart of Foreign-Assisted Projects,Allotment Releases,CO,6137208920,pesos,6137208920,1,Unnumbered aggregate; not a distinct SARO instrument.
c-status-rollup-p004-c023,2024,C,4,4,https://github.com/tordecilla/unprogrammed-appropriations/releases/download/pdfs-status-pages-v1/annex-c-p004.pdf,DA - Office of the Secretary / Office of the Secretary subtotal,For Government Counterpart of Foreign-Assisted Projects,Allotment Releases,Total,8245770999,pesos,8245770999,1,Unnumbered aggregate; not a distinct SARO instrument.
c-status-rollup-p005-c017,2024,C,5,5,https://github.com/tordecilla/unprogrammed-appropriations/releases/download/pdfs-status-pages-v1/annex-c-p005.pdf,DA - Office of the Secretary / Office of the Secretary subtotal,For Government Counterpart of Foreign-Assisted Projects,Allotment Releases,MOOE,528842327,pesos,528842327,1,Unnumbered aggregate; not a distinct SARO instrument.
c-status-rollup-p005-c018,2024,C,5,5,https://github.com/tordecilla/unprogrammed-appropriations/releases/download/pdfs-status-pages-v1/annex-c-p005.pdf,DA - Office of the Secretary / Office of the Secretary subtotal,For Government Counterpart of Foreign-Assisted Projects,Allotment Releases,CO,775507000,pesos,775507000,1,Unnumbered aggregate; not a distinct SARO instrument.
c-status-rollup-p005-c019,2024,C,5,5,https://github.com/tordecilla/unprogrammed-appropriations/releases/download/pdfs-status-pages-v1/annex-c-p005.pdf,DA - Office of the Secretary / Office of the Secretary subtotal,For Government Counterpart of Foreign-Assisted Projects,Allotment Releases,Total,1304349327,pesos,1304349327,1,Unnumbered aggregate; not a distinct SARO instrument.
c-status-rollup-p006-c025,2024,C,6,6,https://github.com/tordecilla/unprogrammed-appropriations/releases/download/pdfs-status-pages-v1/annex-c-p006.pdf,DA / Department subtotal,For payment of Personnel Benefits,Allotment Releases,Salary Increase,2922000,pesos,2922000,1,Unnumbered aggregate; not a distinct SARO instrument.
c-status-rollup-p006-c026,2024,C,6,6,https://github.com/tordecilla/unprogrammed-appropriations/releases/download/pdfs-status-pages-v1/annex-c-p006.pdf,DA / Department subtotal,For payment of Personnel Benefits,Allotment Releases,FY 2022 PBB,8447162,pesos,8447162,1,Unnumbered aggregate; not a distinct SARO instrument.
c-status-rollup-p006-c027,2024,C,6,6,https://github.com/tordecilla/unprogrammed-appropriations/releases/download/pdfs-status-pages-v1/annex-c-p006.pdf,DA / Department subtotal,For payment of Personnel Benefits,Allotment Releases,Other PS Deficiencies,231865206,pesos,231865206,1,Unnumbered aggregate; not a distinct SARO instrument.
c-status-rollup-p006-c028,2024,C,6,6,https://github.com/tordecilla/unprogrammed-appropriations/releases/download/pdfs-status-pages-v1/annex-c-p006.pdf,DA / Department subtotal,For payment of Personnel Benefits,Allotment Releases,Total,243234368,pesos,243234368,1,Unnumbered aggregate; not a distinct SARO instrument.
c-status-rollup-p006-c029,2024,C,6,6,https://github.com/tordecilla/unprogrammed-appropriations/releases/download/pdfs-status-pages-v1/annex-c-p006.pdf,DA / Department subtotal,Pension and Gratuity Fund,Allotment Releases,Terminal Leave/Retirement Gratuity,47675673,pesos,47675673,1,Unnumbered aggregate; not a distinct SARO instrument.
c-status-rollup-p006-c030,2024,C,6,6,https://github.com/tordecilla/unprogrammed-appropriations/releases/download/pdfs-status-pages-v1/annex-c-p006.pdf,DA / Department subtotal,Pension and Gratuity Fund,Allotment Releases,Monetization of Leave Credits,9468448,pesos,9468448,1,Unnumbered aggregate; not a distinct SARO instrument.
c-status-rollup-p006-c031,2024,C,6,6,https://github.com/tordecilla/unprogrammed-appropriations/releases/download/pdfs-status-pages-v1/annex-c-p006.pdf,DA / Department subtotal,Pension and Gratuity Fund,Allotment Releases,Total,57144121,pesos,57144121,1,Unnumbered aggregate; not a distinct SARO instrument.
c-status-rollup-p007-c014,2024,C,7,7,https://github.com/tordecilla/unprogrammed-appropriations/releases/download/pdfs-status-pages-v1/annex-c-p007.pdf,DA - Office of the Secretary / Office of the Secretary subtotal,Total across printed categories,Allotment Releases,PS,119366688,pesos,119366688,1,Unnumbered aggregate; not a distinct SARO instrument.
c-status-rollup-p007-c015,2024,C,7,7,https://github.com/tordecilla/unprogrammed-appropriations/releases/download/pdfs-status-pages-v1/annex-c-p007.pdf,DA - Office of the Secretary / Office of the Secretary subtotal,Total across printed categories,Allotment Releases,MOOE,20288368356,pesos,20288368356,1,Unnumbered aggregate; not a distinct SARO instrument.
c-status-rollup-p007-c016,2024,C,7,7,https://github.com/tordecilla/unprogrammed-appropriations/releases/download/pdfs-status-pages-v1/annex-c-p007.pdf,DA - Office of the Secretary / Office of the Secretary subtotal,Total across printed categories,Allotment Releases,CO,8387715920,pesos,8387715920,1,Unnumbered aggregate; not a distinct SARO instrument.
c-status-rollup-p007-c017,2024,C,7,7,https://github.com/tordecilla/unprogrammed-appropriations/releases/download/pdfs-status-pages-v1/annex-c-p007.pdf,DA - Office of the Secretary / Office of the Secretary subtotal,Total across printed categories,Allotment Releases,Total,28795450964,pesos,28795450964,1,Unnumbered aggregate; not a distinct SARO instrument.
c-status-rollup-p008-c001,2024,C,8,8,https://github.com/tordecilla/unprogrammed-appropriations/releases/download/pdfs-status-pages-v1/annex-c-p008.pdf,DA - Office of the Secretary / Various SAROs issued in October aggregate,For payment of terminal leave benefits and monetization of leave credits,Allotment Releases,Terminal Leave/Retirement Gratuity,10018044,pesos,10018044,1,Unnumbered aggregate; not a distinct SARO instrument.
c-status-rollup-p008-c002,2024,C,8,8,https://github.com/tordecilla/unprogrammed-appropriations/releases/download/pdfs-status-pages-v1/annex-c-p008.pdf,DA - Office of the Secretary / Various SAROs issued in October aggregate,For payment of terminal leave benefits and monetization of leave credits,Allotment Releases,Monetization of Leave Credits,7814535,pesos,7814535,1,Unnumbered aggregate; not a distinct SARO instrument.
c-status-rollup-p008-c003,2024,C,8,8,https://github.com/tordecilla/unprogrammed-appropriations/releases/download/pdfs-status-pages-v1/annex-c-p008.pdf,DA - Office of the Secretary / Various SAROs issued in October aggregate,For payment of terminal leave benefits and monetization of leave credits,Allotment Releases,Total,17832579,pesos,17832579,1,Unnumbered aggregate; not a distinct SARO instrument.
c-status-rollup-p008-c004,2024,C,8,8,https://github.com/tordecilla/unprogrammed-appropriations/releases/download/pdfs-status-pages-v1/annex-c-p008.pdf,DA - Office of the Secretary / Various SAROs issued in December aggregate,For payment of FY2024 PS Deficiency,Allotment Releases,Other PS Deficiencies,84362851,pesos,84362851,1,Unnumbered aggregate; not a distinct SARO instrument.
c-status-rollup-p008-c005,2024,C,8,8,https://github.com/tordecilla/unprogrammed-appropriations/releases/download/pdfs-status-pages-v1/annex-c-p008.pdf,DA - Office of the Secretary / Various SAROs issued in December aggregate,For payment of FY2024 PS Deficiency,Allotment Releases,Total,84362851,pesos,84362851,1,Unnumbered aggregate; not a distinct SARO instrument.
c-status-rollup-p008-c006,2024,C,8,8,https://github.com/tordecilla/unprogrammed-appropriations/releases/download/pdfs-status-pages-v1/annex-c-p008.pdf,DA - Office of the Secretary / Various SAROs issued in December aggregate,For payment of terminal leave benefits and monetization of leave credits,Allotment Releases,Terminal Leave/Retirement Gratuity,2155263,pesos,2155263,1,Unnumbered aggregate; not a distinct SARO instrument.
c-status-rollup-p008-c007,2024,C,8,8,https://github.com/tordecilla/unprogrammed-appropriations/releases/download/pdfs-status-pages-v1/annex-c-p008.pdf,DA - Office of the Secretary / Various SAROs issued in December aggregate,For payment of terminal leave benefits and monetization of leave credits,Allotment Releases,Monetization of Leave Credits,129232,pesos,129232,1,Unnumbered aggregate; not a distinct SARO instrument.
c-status-rollup-p008-c008,2024,C,8,8,https://github.com/tordecilla/unprogrammed-appropriations/releases/download/pdfs-status-pages-v1/annex-c-p008.pdf,DA - Office of the Secretary / Various SAROs issued in December aggregate,For payment of terminal leave benefits and monetization of leave credits,Allotment Releases,Total,2284495,pesos,2284495,1,Unnumbered aggregate; not a distinct SARO instrument.
c-status-rollup-p009-c001,2024,C,9,9,https://github.com/tordecilla/unprogrammed-appropriations/releases/download/pdfs-status-pages-v1/annex-c-p009.pdf,Bureau of Fisheries and Aquatic Resources / Agency subtotal,Support to Foreign-Assisted Projects (FAPs),Allotment Releases,MOOE,788420000,pesos,788420000,1,Unnumbered aggregate; not a distinct SARO instrument.
c-status-rollup-p009-c002,2024,C,9,9,https://github.com/tordecilla/unprogrammed-appropriations/releases/download/pdfs-status-pages-v1/annex-c-p009.pdf,Bureau of Fisheries and Aquatic Resources / Agency subtotal,Support to Foreign-Assisted Projects (FAPs),Allotment Releases,CO,690317000,pesos,690317000,1,Unnumbered aggregate; not a distinct SARO instrument.
c-status-rollup-p009-c003,2024,C,9,9,https://github.com/tordecilla/unprogrammed-appropriations/releases/download/pdfs-status-pages-v1/annex-c-p009.pdf,Bureau of Fisheries and Aquatic Resources / Agency subtotal,Support to Foreign-Assisted Projects (FAPs),Allotment Releases,Total,1478737000,pesos,1478737000,1,Unnumbered aggregate; not a distinct SARO instrument.
c-status-rollup-p010-c001,2024,C,10,10,https://github.com/tordecilla/unprogrammed-appropriations/releases/download/pdfs-status-pages-v1/annex-c-p010.pdf,National Meat Inspection Service / Agency subtotal,For payment of Personnel Benefits,Allotment Releases,Other PS Deficiencies,23657269,pesos,23657269,1,Unnumbered aggregate; not a distinct SARO instrument.
c-status-rollup-p010-c002,2024,C,10,10,https://github.com/tordecilla/unprogrammed-appropriations/releases/download/pdfs-status-pages-v1/annex-c-p010.pdf,National Meat Inspection Service / Agency subtotal,For payment of Personnel Benefits,Allotment Releases,Terminal Leave/Retirement Gratuity,5056568,pesos,5056568,1,Unnumbered aggregate; not a distinct SARO instrument.
c-status-rollup-p010-c003,2024,C,10,10,https://github.com/tordecilla/unprogrammed-appropriations/releases/download/pdfs-status-pages-v1/annex-c-p010.pdf,National Meat Inspection Service / Agency subtotal,For payment of Personnel Benefits,Allotment Releases,Monetization of Leave Credits,182398,pesos,182398,1,Unnumbered aggregate; not a distinct SARO instrument.
c-status-rollup-p010-c004,2024,C,10,10,https://github.com/tordecilla/unprogrammed-appropriations/releases/download/pdfs-status-pages-v1/annex-c-p010.pdf,National Meat Inspection Service / Agency subtotal,For payment of Personnel Benefits,Allotment Releases,Total,28896235,pesos,28896235,1,Unnumbered aggregate; not a distinct SARO instrument.
c-status-rollup-p010-c005,2024,C,10,10,https://github.com/tordecilla/unprogrammed-appropriations/releases/download/pdfs-status-pages-v1/annex-c-p010.pdf,National Fisheries Research and Development Institute / Agency subtotal,For payment of Personnel Benefits,Allotment Releases,Salary Increase,2922000,pesos,2922000,1,Unnumbered aggregate; not a distinct SARO instrument.
c-status-rollup-p010-c006,2024,C,10,10,https://github.com/tordecilla/unprogrammed-appropriations/releases/download/pdfs-status-pages-v1/annex-c-p010.pdf,National Fisheries Research and Development Institute / Agency subtotal,For payment of Personnel Benefits,Allotment Releases,Other PS Deficiencies,4874735,pesos,4874735,1,Unnumbered aggregate; not a distinct SARO instrument.
c-status-rollup-p010-c007,2024,C,10,10,https://github.com/tordecilla/unprogrammed-appropriations/releases/download/pdfs-status-pages-v1/annex-c-p010.pdf,National Fisheries Research and Development Institute / Agency subtotal,For payment of Personnel Benefits,Allotment Releases,Total,7796735,pesos,7796735,1,Unnumbered aggregate; not a distinct SARO instrument.
c-status-rollup-p010-c008,2024,C,10,10,https://github.com/tordecilla/unprogrammed-appropriations/releases/download/pdfs-status-pages-v1/annex-c-p010.pdf,Philippine Carabao Center / Agency subtotal,For payment of Personnel Benefits,Allotment Releases,FY 2022 PBB,4722551,pesos,4722551,1,Unnumbered aggregate; not a distinct SARO instrument.
c-status-rollup-p010-c009,2024,C,10,10,https://github.com/tordecilla/unprogrammed-appropriations/releases/download/pdfs-status-pages-v1/annex-c-p010.pdf,Philippine Carabao Center / Agency subtotal,For payment of Personnel Benefits,Allotment Releases,Other PS Deficiencies,8916224,pesos,8916224,1,Unnumbered aggregate; not a distinct SARO instrument.
c-status-rollup-p010-c010,2024,C,10,10,https://github.com/tordecilla/unprogrammed-appropriations/releases/download/pdfs-status-pages-v1/annex-c-p010.pdf,Philippine Carabao Center / Agency subtotal,For payment of Personnel Benefits,Allotment Releases,Terminal Leave/Retirement Gratuity,7808759,pesos,7808759,1,Unnumbered aggregate; not a distinct SARO instrument.
c-status-rollup-p010-c011,2024,C,10,10,https://github.com/tordecilla/unprogrammed-appropriations/releases/download/pdfs-status-pages-v1/annex-c-p010.pdf,Philippine Carabao Center / Agency subtotal,For payment of Personnel Benefits,Allotment Releases,Total,21447534,pesos,21447534,1,Unnumbered aggregate; not a distinct SARO instrument.
c-status-rollup-p010-c012,2024,C,10,10,https://github.com/tordecilla/unprogrammed-appropriations/releases/download/pdfs-status-pages-v1/annex-c-p010.pdf,Philippine Carabao Center / Agency subtotal,Support to Foreign-Assisted Projects (FAPs),Allotment Releases,MOOE,187040000,pesos,187040000,1,Unnumbered aggregate; not a distinct SARO instrument.
c-status-rollup-p010-c013,2024,C,10,10,https://github.com/tordecilla/unprogrammed-appropriations/releases/download/pdfs-status-pages-v1/annex-c-p010.pdf,Philippine Carabao Center / Agency subtotal,Support to Foreign-Assisted Projects (FAPs),Allotment Releases,Total,187040000,pesos,187040000,1,Unnumbered aggregate; not a distinct SARO instrument.
c-status-rollup-p010-c014,2024,C,10,10,https://github.com/tordecilla/unprogrammed-appropriations/releases/download/pdfs-status-pages-v1/annex-c-p010.pdf,Philippine Center for Post-Harvest Development and Mechanization / Agency subtotal,For payment of Personnel Benefits,Allotment Releases,Terminal Leave/Retirement Gratuity,148610,pesos,148610,1,Unnumbered aggregate; not a distinct SARO instrument.
c-status-rollup-p010-c015,2024,C,10,10,https://github.com/tordecilla/unprogrammed-appropriations/releases/download/pdfs-status-pages-v1/annex-c-p010.pdf,Philippine Center for Post-Harvest Development and Mechanization / Agency subtotal,For payment of Personnel Benefits,Allotment Releases,Total,148610,pesos,148610,1,Unnumbered aggregate; not a distinct SARO instrument.
c-status-rollup-p010-c016,2024,C,10,10,https://github.com/tordecilla/unprogrammed-appropriations/releases/download/pdfs-status-pages-v1/annex-c-p010.pdf,Philippine Fiber Industry Development Authority / Agency subtotal,For payment of Personnel Benefits,Allotment Releases,Other PS Deficiencies,14035252,pesos,14035252,1,Unnumbered aggregate; not a distinct SARO instrument.
c-status-rollup-p010-c017,2024,C,10,10,https://github.com/tordecilla/unprogrammed-appropriations/releases/download/pdfs-status-pages-v1/annex-c-p010.pdf,Philippine Fiber Industry Development Authority / Agency subtotal,For payment of Personnel Benefits,Allotment Releases,Terminal Leave/Retirement Gratuity,4220517,pesos,4220517,1,Unnumbered aggregate; not a distinct SARO instrument.
c-status-rollup-p010-c018,2024,C,10,10,https://github.com/tordecilla/unprogrammed-appropriations/releases/download/pdfs-status-pages-v1/annex-c-p010.pdf,Philippine Fiber Industry Development Authority / Agency subtotal,For payment of Personnel Benefits,Allotment Releases,Total,18255769,pesos,18255769,1,Unnumbered aggregate; not a distinct SARO instrument.
c-status-rollup-p010-c019,2024,C,10,10,https://github.com/tordecilla/unprogrammed-appropriations/releases/download/pdfs-status-pages-v1/annex-c-p010.pdf,Philippine Council for Agriculture and Fisheries / Agency subtotal,For payment of Personnel Benefits,Allotment Releases,Terminal Leave/Retirement Gratuity,517266,pesos,517266,1,Unnumbered aggregate; not a distinct SARO instrument.
c-status-rollup-p010-c020,2024,C,10,10,https://github.com/tordecilla/unprogrammed-appropriations/releases/download/pdfs-status-pages-v1/annex-c-p010.pdf,Philippine Council for Agriculture and Fisheries / Agency subtotal,For payment of Personnel Benefits,Allotment Releases,Monetization of Leave Credits,111440,pesos,111440,1,Unnumbered aggregate; not a distinct SARO instrument.
c-status-rollup-p010-c021,2024,C,10,10,https://github.com/tordecilla/unprogrammed-appropriations/releases/download/pdfs-status-pages-v1/annex-c-p010.pdf,Philippine Council for Agriculture and Fisheries / Agency subtotal,For payment of Personnel Benefits,Allotment Releases,Total,628706,pesos,628706,1,Unnumbered aggregate; not a distinct SARO instrument.
c-status-rollup-p010-c022,2024,C,10,10,https://github.com/tordecilla/unprogrammed-appropriations/releases/download/pdfs-status-pages-v1/annex-c-p010.pdf,Philippine Council for Agriculture and Fisheries / Agency subtotal,Support to Foreign-Assisted Projects (FAPs),Allotment Releases,MOOE,9986248,pesos,9986248,1,Unnumbered aggregate; not a distinct SARO instrument.
c-status-rollup-p010-c023,2024,C,10,10,https://github.com/tordecilla/unprogrammed-appropriations/releases/download/pdfs-status-pages-v1/annex-c-p010.pdf,Philippine Council for Agriculture and Fisheries / Agency subtotal,Support to Foreign-Assisted Projects (FAPs),Allotment Releases,Total,9986248,pesos,9986248,1,Unnumbered aggregate; not a distinct SARO instrument.
c-status-rollup-p011-c001,2024,C,11,11,https://github.com/tordecilla/unprogrammed-appropriations/releases/download/pdfs-status-pages-v1/annex-c-p011.pdf,DA / Department subtotal,For payment of Personnel Benefits,Allotment Releases,PS,300378489,pesos,300378489,1,Unnumbered aggregate; not a distinct SARO instrument.
c-status-rollup-p011-c002,2024,C,11,11,https://github.com/tordecilla/unprogrammed-appropriations/releases/download/pdfs-status-pages-v1/annex-c-p011.pdf,DA / Department subtotal,For payment of Personnel Benefits,Allotment Releases,MOOE,21354860604,pesos,21354860604,1,Unnumbered aggregate; not a distinct SARO instrument.
c-status-rollup-p011-c003,2024,C,11,11,https://github.com/tordecilla/unprogrammed-appropriations/releases/download/pdfs-status-pages-v1/annex-c-p011.pdf,DA / Department subtotal,For payment of Personnel Benefits,Allotment Releases,CO,9089136920,pesos,9089136920,1,Unnumbered aggregate; not a distinct SARO instrument.
c-status-rollup-p011-c004,2024,C,11,11,https://github.com/tordecilla/unprogrammed-appropriations/releases/download/pdfs-status-pages-v1/annex-c-p011.pdf,DA / Department subtotal,For payment of Personnel Benefits,Allotment Releases,Total,30744376013,pesos,30744376013,1,Unnumbered aggregate; not a distinct SARO instrument.
c-status-rollup-p014-c001,2024,C,14,14,https://github.com/tordecilla/unprogrammed-appropriations/releases/download/pdfs-status-pages-v1/annex-c-p014.pdf,DBM - Office of the Secretary / Various SAROs issued in October aggregate,For payment of terminal leave benefits and monetization of leave credits,Allotment Releases,Terminal Leave/Retirement Gratuity,2161786,pesos,2161786,1,Unnumbered aggregate; not a distinct SARO instrument.
c-status-rollup-p014-c002,2024,C,14,14,https://github.com/tordecilla/unprogrammed-appropriations/releases/download/pdfs-status-pages-v1/annex-c-p014.pdf,DBM - Office of the Secretary / Various SAROs issued in October aggregate,For payment of terminal leave benefits and monetization of leave credits,Allotment Releases,Monetization of Leave Credits,3012098,pesos,3012098,1,Unnumbered aggregate; not a distinct SARO instrument.
c-status-rollup-p014-c003,2024,C,14,14,https://github.com/tordecilla/unprogrammed-appropriations/releases/download/pdfs-status-pages-v1/annex-c-p014.pdf,DBM - Office of the Secretary / Various SAROs issued in October aggregate,For payment of terminal leave benefits and monetization of leave credits,Allotment Releases,Total,5173884,pesos,5173884,1,Unnumbered aggregate; not a distinct SARO instrument.
c-status-rollup-p014-c004,2024,C,14,14,https://github.com/tordecilla/unprogrammed-appropriations/releases/download/pdfs-status-pages-v1/annex-c-p014.pdf,DBM - Office of the Secretary / Office of the Secretary subtotal,For payment of Personnel Benefits,Allotment Releases,Other PS Deficiencies,26722777,pesos,26722777,1,Unnumbered aggregate; not a distinct SARO instrument.
c-status-rollup-p014-c005,2024,C,14,14,https://github.com/tordecilla/unprogrammed-appropriations/releases/download/pdfs-status-pages-v1/annex-c-p014.pdf,DBM - Office of the Secretary / Office of the Secretary subtotal,For payment of Personnel Benefits,Allotment Releases,Terminal Leave/Retirement Gratuity,4074324,pesos,4074324,1,Unnumbered aggregate; not a distinct SARO instrument.
c-status-rollup-p014-c006,2024,C,14,14,https://github.com/tordecilla/unprogrammed-appropriations/releases/download/pdfs-status-pages-v1/annex-c-p014.pdf,DBM - Office of the Secretary / Office of the Secretary subtotal,For payment of Personnel Benefits,Allotment Releases,Monetization of Leave Credits,13408586,pesos,13408586,1,Unnumbered aggregate; not a distinct SARO instrument.
c-status-rollup-p014-c007,2024,C,14,14,https://github.com/tordecilla/unprogrammed-appropriations/releases/download/pdfs-status-pages-v1/annex-c-p014.pdf,DBM - Office of the Secretary / Office of the Secretary subtotal,For payment of Personnel Benefits,Allotment Releases,Total,44205687,pesos,44205687,1,Unnumbered aggregate; not a distinct SARO instrument.
c-status-rollup-p014-c008,2024,C,14,14,https://github.com/tordecilla/unprogrammed-appropriations/releases/download/pdfs-status-pages-v1/annex-c-p014.pdf,DBM / Department subtotal,For payment of Personnel Benefits,Allotment Releases,Other PS Deficiencies,27957903,pesos,27957903,1,Unnumbered aggregate; not a distinct SARO instrument.
c-status-rollup-p014-c009,2024,C,14,14,https://github.com/tordecilla/unprogrammed-appropriations/releases/download/pdfs-status-pages-v1/annex-c-p014.pdf,DBM / Department subtotal,For payment of Personnel Benefits,Allotment Releases,Terminal Leave/Retirement Gratuity,4074324,pesos,4074324,1,Unnumbered aggregate; not a distinct SARO instrument.
c-status-rollup-p014-c010,2024,C,14,14,https://github.com/tordecilla/unprogrammed-appropriations/releases/download/pdfs-status-pages-v1/annex-c-p014.pdf,DBM / Department subtotal,For payment of Personnel Benefits,Allotment Releases,Monetization of Leave Credits,13408586,pesos,13408586,1,Unnumbered aggregate; not a distinct SARO instrument.
c-status-rollup-p014-c011,2024,C,14,14,https://github.com/tordecilla/unprogrammed-appropriations/releases/download/pdfs-status-pages-v1/annex-c-p014.pdf,DBM / Department subtotal,For payment of Personnel Benefits,Allotment Releases,Total,45440813,pesos,45440813,1,Unnumbered aggregate; not a distinct SARO instrument.
c-status-rollup-p015-c001,2024,C,15,15,https://github.com/tordecilla/unprogrammed-appropriations/releases/download/pdfs-status-pages-v1/annex-c-p015.pdf,DA / Department subtotal,For payment of Personnel Benefits,Allotment Releases,PS,300378489,pesos,300378489,1,Unnumbered aggregate; not a distinct SARO instrument.
c-status-rollup-p015-c002,2024,C,15,15,https://github.com/tordecilla/unprogrammed-appropriations/releases/download/pdfs-status-pages-v1/annex-c-p015.pdf,DA / Department subtotal,For payment of Personnel Benefits,Allotment Releases,MOOE,21354860604,pesos,21354860604,1,Unnumbered aggregate; not a distinct SARO instrument.
c-status-rollup-p015-c003,2024,C,15,15,https://github.com/tordecilla/unprogrammed-appropriations/releases/download/pdfs-status-pages-v1/annex-c-p015.pdf,DA / Department subtotal,For payment of Personnel Benefits,Allotment Releases,CO,9089136920,pesos,9089136920,1,Unnumbered aggregate; not a distinct SARO instrument.
c-status-rollup-p015-c004,2024,C,15,15,https://github.com/tordecilla/unprogrammed-appropriations/releases/download/pdfs-status-pages-v1/annex-c-p015.pdf,DA / Department subtotal,For payment of Personnel Benefits,Allotment Releases,Total,30744376013,pesos,30744376013,1,Unnumbered aggregate; not a distinct SARO instrument.
c-status-rollup-p015-c005,2024,C,15,15,https://github.com/tordecilla/unprogrammed-appropriations/releases/download/pdfs-status-pages-v1/annex-c-p015.pdf,National Meat Inspection Service / Agency subtotal,All visible categories,Allotment Releases,PS,28896235,pesos,28896235,1,Unnumbered aggregate; not a distinct SARO instrument.
c-status-rollup-p015-c006,2024,C,15,15,https://github.com/tordecilla/unprogrammed-appropriations/releases/download/pdfs-status-pages-v1/annex-c-p015.pdf,National Meat Inspection Service / Agency subtotal,All visible categories,Allotment Releases,Total,28896235,pesos,28896235,1,Unnumbered aggregate; not a distinct SARO instrument.
c-status-rollup-p015-c007,2024,C,15,15,https://github.com/tordecilla/unprogrammed-appropriations/releases/download/pdfs-status-pages-v1/annex-c-p015.pdf,National Fisheries Research and Development Institute / Agency subtotal,All visible categories,Allotment Releases,PS,7796735,pesos,7796735,1,Unnumbered aggregate; not a distinct SARO instrument.
c-status-rollup-p015-c008,2024,C,15,15,https://github.com/tordecilla/unprogrammed-appropriations/releases/download/pdfs-status-pages-v1/annex-c-p015.pdf,National Fisheries Research and Development Institute / Agency subtotal,All visible categories,Allotment Releases,Total,7796735,pesos,7796735,1,Unnumbered aggregate; not a distinct SARO instrument.
c-status-rollup-p015-c009,2024,C,15,15,https://github.com/tordecilla/unprogrammed-appropriations/releases/download/pdfs-status-pages-v1/annex-c-p015.pdf,Philippine Carabao Center / Agency subtotal,All visible categories,Allotment Releases,PS,21447534,pesos,21447534,1,Unnumbered aggregate; not a distinct SARO instrument.
c-status-rollup-p015-c010,2024,C,15,15,https://github.com/tordecilla/unprogrammed-appropriations/releases/download/pdfs-status-pages-v1/annex-c-p015.pdf,Philippine Carabao Center / Agency subtotal,All visible categories,Allotment Releases,MOOE,187040000,pesos,187040000,1,Unnumbered aggregate; not a distinct SARO instrument.
c-status-rollup-p015-c011,2024,C,15,15,https://github.com/tordecilla/unprogrammed-appropriations/releases/download/pdfs-status-pages-v1/annex-c-p015.pdf,Philippine Carabao Center / Agency subtotal,All visible categories,Allotment Releases,Total,208487534,pesos,208487534,1,Unnumbered aggregate; not a distinct SARO instrument.
c-status-rollup-p015-c012,2024,C,15,15,https://github.com/tordecilla/unprogrammed-appropriations/releases/download/pdfs-status-pages-v1/annex-c-p015.pdf,Philippine Center for Post-Harvest Development and Mechanization / Agency subtotal,All visible categories,Allotment Releases,PS,148610,pesos,148610,1,Unnumbered aggregate; not a distinct SARO instrument.
c-status-rollup-p015-c013,2024,C,15,15,https://github.com/tordecilla/unprogrammed-appropriations/releases/download/pdfs-status-pages-v1/annex-c-p015.pdf,Philippine Center for Post-Harvest Development and Mechanization / Agency subtotal,All visible categories,Allotment Releases,Total,148610,pesos,148610,1,Unnumbered aggregate; not a distinct SARO instrument.
c-status-rollup-p015-c014,2024,C,15,15,https://github.com/tordecilla/unprogrammed-appropriations/releases/download/pdfs-status-pages-v1/annex-c-p015.pdf,Philippine Fiber Industry Development Authority / Agency subtotal,All visible categories,Allotment Releases,PS,18255769,pesos,18255769,1,Unnumbered aggregate; not a distinct SARO instrument.
c-status-rollup-p015-c015,2024,C,15,15,https://github.com/tordecilla/unprogrammed-appropriations/releases/download/pdfs-status-pages-v1/annex-c-p015.pdf,Philippine Fiber Industry Development Authority / Agency subtotal,All visible categories,Allotment Releases,Total,18255769,pesos,18255769,1,Unnumbered aggregate; not a distinct SARO instrument.
c-status-rollup-p015-c016,2024,C,15,15,https://github.com/tordecilla/unprogrammed-appropriations/releases/download/pdfs-status-pages-v1/annex-c-p015.pdf,Philippine Council for Agriculture and Fisheries / Agency subtotal,All visible categories,Allotment Releases,PS,628706,pesos,628706,1,Unnumbered aggregate; not a distinct SARO instrument.
c-status-rollup-p015-c017,2024,C,15,15,https://github.com/tordecilla/unprogrammed-appropriations/releases/download/pdfs-status-pages-v1/annex-c-p015.pdf,Philippine Council for Agriculture and Fisheries / Agency subtotal,All visible categories,Allotment Releases,MOOE,9986248,pesos,9986248,1,Unnumbered aggregate; not a distinct SARO instrument.
c-status-rollup-p015-c018,2024,C,15,15,https://github.com/tordecilla/unprogrammed-appropriations/releases/download/pdfs-status-pages-v1/annex-c-p015.pdf,Philippine Council for Agriculture and Fisheries / Agency subtotal,All visible categories,Allotment Releases,Total,10614954,pesos,10614954,1,Unnumbered aggregate; not a distinct SARO instrument.
c-status-rollup-p015-c019,2024,C,15,15,https://github.com/tordecilla/unprogrammed-appropriations/releases/download/pdfs-status-pages-v1/annex-c-p015.pdf,DBM - Office of the Secretary / Office of the Secretary subtotal,All visible categories,Allotment Releases,PS,44205687,pesos,44205687,1,Unnumbered aggregate; not a distinct SARO instrument.
c-status-rollup-p015-c020,2024,C,15,15,https://github.com/tordecilla/unprogrammed-appropriations/releases/download/pdfs-status-pages-v1/annex-c-p015.pdf,DBM - Office of the Secretary / Office of the Secretary subtotal,All visible categories,Allotment Releases,Total,44205687,pesos,44205687,1,Unnumbered aggregate; not a distinct SARO instrument.
c-status-rollup-p015-c021,2024,C,15,15,https://github.com/tordecilla/unprogrammed-appropriations/releases/download/pdfs-status-pages-v1/annex-c-p015.pdf,DBM / Department subtotal,All visible categories,Allotment Releases,PS,45440813,pesos,45440813,1,Unnumbered aggregate; not a distinct SARO instrument.
c-status-rollup-p015-c022,2024,C,15,15,https://github.com/tordecilla/unprogrammed-appropriations/releases/download/pdfs-status-pages-v1/annex-c-p015.pdf,DBM / Department subtotal,All visible categories,Allotment Releases,Total,45440813,pesos,45440813,1,Unnumbered aggregate; not a distinct SARO instrument.
c-status-rollup-p018-c001,2024,C,18,18,https://github.com/tordecilla/unprogrammed-appropriations/releases/download/pdfs-status-pages-v1/annex-c-p018.pdf,DepEd - Office of the Secretary / Department subtotal,For Government Counterpart of Foreign-Assisted Projects,Allotment Releases,MOOE,322209065,pesos,322209065,1,Unnumbered aggregate; not a distinct SARO instrument.
c-status-rollup-p018-c002,2024,C,18,18,https://github.com/tordecilla/unprogrammed-appropriations/releases/download/pdfs-status-pages-v1/annex-c-p018.pdf,DepEd - Office of the Secretary / Department subtotal,For Government Counterpart of Foreign-Assisted Projects,Allotment Releases,Total,322209065,pesos,322209065,1,Unnumbered aggregate; not a distinct SARO instrument.
c-status-rollup-p018-c003,2024,C,18,18,https://github.com/tordecilla/unprogrammed-appropriations/releases/download/pdfs-status-pages-v1/annex-c-p018.pdf,DepEd - Office of the Secretary / Various SAROs issued in August and September aggregate,Salary Increase and FY 2022 PBB,Allotment Releases,Salary Increase,20202249580,pesos,20202249580,1,Unnumbered aggregate; not a distinct SARO instrument.
c-status-rollup-p018-c004,2024,C,18,18,https://github.com/tordecilla/unprogrammed-appropriations/releases/download/pdfs-status-pages-v1/annex-c-p018.pdf,DepEd - Office of the Secretary / Various SAROs issued in August and September aggregate,Salary Increase and FY 2022 PBB,Allotment Releases,FY 2022 PBB,4770435283,pesos,4770435283,1,Unnumbered aggregate; not a distinct SARO instrument.
c-status-rollup-p018-c005,2024,C,18,18,https://github.com/tordecilla/unprogrammed-appropriations/releases/download/pdfs-status-pages-v1/annex-c-p018.pdf,DepEd - Office of the Secretary / Various SAROs issued in August and September aggregate,Salary Increase and FY 2022 PBB,Allotment Releases,Total,24972684863,pesos,24972684863,1,Unnumbered aggregate; not a distinct SARO instrument.
c-status-rollup-p018-c006,2024,C,18,18,https://github.com/tordecilla/unprogrammed-appropriations/releases/download/pdfs-status-pages-v1/annex-c-p018.pdf,DepEd - Office of the Secretary / Various SAROs issued in October aggregate,FY 2022 PBB,Allotment Releases,FY 2022 PBB,2394056081,pesos,2394056081,1,Unnumbered aggregate; not a distinct SARO instrument.
c-status-rollup-p018-c007,2024,C,18,18,https://github.com/tordecilla/unprogrammed-appropriations/releases/download/pdfs-status-pages-v1/annex-c-p018.pdf,DepEd - Office of the Secretary / Various SAROs issued in October aggregate,FY 2022 PBB,Allotment Releases,Total,2394056081,pesos,2394056081,1,Unnumbered aggregate; not a distinct SARO instrument.
c-status-rollup-p018-c008,2024,C,18,18,https://github.com/tordecilla/unprogrammed-appropriations/releases/download/pdfs-status-pages-v1/annex-c-p018.pdf,DepEd - Office of the Secretary / Various SAROs issued in October aggregate,Terminal leave benefits and monetization of leave credits,Allotment Releases,Terminal Leave/Retirement Gratuity,44887421,pesos,44887421,1,Unnumbered aggregate; not a distinct SARO instrument.
c-status-rollup-p018-c009,2024,C,18,18,https://github.com/tordecilla/unprogrammed-appropriations/releases/download/pdfs-status-pages-v1/annex-c-p018.pdf,DepEd - Office of the Secretary / Various SAROs issued in October aggregate,Terminal leave benefits and monetization of leave credits,Allotment Releases,Monetization of Leave Credits,2758902,pesos,2758902,1,Unnumbered aggregate; not a distinct SARO instrument.
c-status-rollup-p018-c010,2024,C,18,18,https://github.com/tordecilla/unprogrammed-appropriations/releases/download/pdfs-status-pages-v1/annex-c-p018.pdf,DepEd - Office of the Secretary / Various SAROs issued in October aggregate,Terminal leave benefits and monetization of leave credits,Allotment Releases,Total,47646323,pesos,47646323,1,Unnumbered aggregate; not a distinct SARO instrument.
c-status-rollup-p018-c011,2024,C,18,18,https://github.com/tordecilla/unprogrammed-appropriations/releases/download/pdfs-status-pages-v1/annex-c-p018.pdf,DepEd - Office of the Secretary / Various SAROs issued in November aggregate,Terminal leave benefits and monetization of leave credits,Allotment Releases,Terminal Leave/Retirement Gratuity,105985345,pesos,105985345,1,Unnumbered aggregate; not a distinct SARO instrument.
c-status-rollup-p018-c012,2024,C,18,18,https://github.com/tordecilla/unprogrammed-appropriations/releases/download/pdfs-status-pages-v1/annex-c-p018.pdf,DepEd - Office of the Secretary / Various SAROs issued in November aggregate,Terminal leave benefits and monetization of leave credits,Allotment Releases,Monetization of Leave Credits,8824132,pesos,8824132,1,Unnumbered aggregate; not a distinct SARO instrument.
c-status-rollup-p018-c013,2024,C,18,18,https://github.com/tordecilla/unprogrammed-appropriations/releases/download/pdfs-status-pages-v1/annex-c-p018.pdf,DepEd - Office of the Secretary / Various SAROs issued in November aggregate,Terminal leave benefits and monetization of leave credits,Allotment Releases,Total,114809477,pesos,114809477,1,Unnumbered aggregate; not a distinct SARO instrument.
c-status-rollup-p018-c014,2024,C,18,18,https://github.com/tordecilla/unprogrammed-appropriations/releases/download/pdfs-status-pages-v1/annex-c-p018.pdf,DepEd - Office of the Secretary / Various SAROs issued in December aggregate,Terminal leave benefits and monetization of leave credits,Allotment Releases,Terminal Leave/Retirement Gratuity,60641211,pesos,60641211,1,Unnumbered aggregate; not a distinct SARO instrument.
c-status-rollup-p018-c015,2024,C,18,18,https://github.com/tordecilla/unprogrammed-appropriations/releases/download/pdfs-status-pages-v1/annex-c-p018.pdf,DepEd - Office of the Secretary / Various SAROs issued in December aggregate,Terminal leave benefits and monetization of leave credits,Allotment Releases,Monetization of Leave Credits,10217637,pesos,10217637,1,Unnumbered aggregate; not a distinct SARO instrument.
c-status-rollup-p018-c016,2024,C,18,18,https://github.com/tordecilla/unprogrammed-appropriations/releases/download/pdfs-status-pages-v1/annex-c-p018.pdf,DepEd - Office of the Secretary / Various SAROs issued in December aggregate,Terminal leave benefits and monetization of leave credits,Allotment Releases,Total,70858848,pesos,70858848,1,Unnumbered aggregate; not a distinct SARO instrument.
c-status-rollup-p018-c017,2024,C,18,18,https://github.com/tordecilla/unprogrammed-appropriations/releases/download/pdfs-status-pages-v1/annex-c-p018.pdf,DepEd - Office of the Secretary / Office of the Secretary subtotal,For payment of Personnel Benefits,Allotment Releases,Salary Increase,20202249580,pesos,20202249580,1,Unnumbered aggregate; not a distinct SARO instrument.
c-status-rollup-p018-c018,2024,C,18,18,https://github.com/tordecilla/unprogrammed-appropriations/releases/download/pdfs-status-pages-v1/annex-c-p018.pdf,DepEd - Office of the Secretary / Office of the Secretary subtotal,For payment of Personnel Benefits,Allotment Releases,FY 2022 PBB,7164491364,pesos,7164491364,1,Unnumbered aggregate; not a distinct SARO instrument.
c-status-rollup-p018-c019,2024,C,18,18,https://github.com/tordecilla/unprogrammed-appropriations/releases/download/pdfs-status-pages-v1/annex-c-p018.pdf,DepEd - Office of the Secretary / Office of the Secretary subtotal,For payment of Personnel Benefits,Allotment Releases,Other PS Deficiencies,5147161623,pesos,5147161623,1,Unnumbered aggregate; not a distinct SARO instrument.
c-status-rollup-p018-c020,2024,C,18,18,https://github.com/tordecilla/unprogrammed-appropriations/releases/download/pdfs-status-pages-v1/annex-c-p018.pdf,DepEd - Office of the Secretary / Office of the Secretary subtotal,For payment of Personnel Benefits,Allotment Releases,Total,32513902567,pesos,32513902567,1,Unnumbered aggregate; not a distinct SARO instrument.
c-status-rollup-p018-c021,2024,C,18,18,https://github.com/tordecilla/unprogrammed-appropriations/releases/download/pdfs-status-pages-v1/annex-c-p018.pdf,DepEd - Office of the Secretary / Office of the Secretary subtotal,Pension and Gratuity Fund,Allotment Releases,Terminal Leave/Retirement Gratuity,211513977,pesos,211513977,1,Unnumbered aggregate; not a distinct SARO instrument.
c-status-rollup-p018-c022,2024,C,18,18,https://github.com/tordecilla/unprogrammed-appropriations/releases/download/pdfs-status-pages-v1/annex-c-p018.pdf,DepEd - Office of the Secretary / Office of the Secretary subtotal,Pension and Gratuity Fund,Allotment Releases,Monetization of Leave Credits,21800671,pesos,21800671,1,Unnumbered aggregate; not a distinct SARO instrument.
c-status-rollup-p018-c023,2024,C,18,18,https://github.com/tordecilla/unprogrammed-appropriations/releases/download/pdfs-status-pages-v1/annex-c-p018.pdf,DepEd - Office of the Secretary / Office of the Secretary subtotal,Pension and Gratuity Fund,Allotment Releases,Total,233314648,pesos,233314648,1,Unnumbered aggregate; not a distinct SARO instrument.
c-status-rollup-p019-c001,2024,C,19,19,https://github.com/tordecilla/unprogrammed-appropriations/releases/download/pdfs-status-pages-v1/annex-c-p019.pdf,DepEd / Department subtotal,Total across displayed categories,Allotment Releases,PS,32781537539,pesos,32781537539,1,Unnumbered aggregate; not a distinct SARO instrument.
c-status-rollup-p019-c002,2024,C,19,19,https://github.com/tordecilla/unprogrammed-appropriations/releases/download/pdfs-status-pages-v1/annex-c-p019.pdf,DepEd / Department subtotal,Total across displayed categories,Allotment Releases,MOOE,322209065,pesos,322209065,1,Unnumbered aggregate; not a distinct SARO instrument.
c-status-rollup-p019-c003,2024,C,19,19,https://github.com/tordecilla/unprogrammed-appropriations/releases/download/pdfs-status-pages-v1/annex-c-p019.pdf,DepEd / Department subtotal,Total across displayed categories,Allotment Releases,Total,33103746604,pesos,33103746604,1,Unnumbered aggregate; not a distinct SARO instrument.
c-status-rollup-p019-c004,2024,C,19,19,https://github.com/tordecilla/unprogrammed-appropriations/releases/download/pdfs-status-pages-v1/annex-c-p019.pdf,DepEd - Office of the Secretary / Office of the Secretary subtotal,Total across displayed categories,Allotment Releases,PS,32747217215,pesos,32747217215,1,Unnumbered aggregate; not a distinct SARO instrument.
c-status-rollup-p019-c005,2024,C,19,19,https://github.com/tordecilla/unprogrammed-appropriations/releases/download/pdfs-status-pages-v1/annex-c-p019.pdf,DepEd - Office of the Secretary / Office of the Secretary subtotal,Total across displayed categories,Allotment Releases,MOOE,322209065,pesos,322209065,1,Unnumbered aggregate; not a distinct SARO instrument.
c-status-rollup-p019-c006,2024,C,19,19,https://github.com/tordecilla/unprogrammed-appropriations/releases/download/pdfs-status-pages-v1/annex-c-p019.pdf,DepEd - Office of the Secretary / Office of the Secretary subtotal,Total across displayed categories,Allotment Releases,Total,33069426280,pesos,33069426280,1,Unnumbered aggregate; not a distinct SARO instrument.
c-status-rollup-p022-c001,2024,C,22,22,https://github.com/tordecilla/unprogrammed-appropriations/releases/download/pdfs-status-pages-v1/annex-c-p022.pdf,Various SUCs / Various SUCs aggregate: August and September,Salary Increase under E.O. No. 64,Allotment Releases,Salary Increase,1348870729,pesos,1348870729,1,Unnumbered aggregate; not a distinct SARO instrument.
c-status-rollup-p022-c002,2024,C,22,22,https://github.com/tordecilla/unprogrammed-appropriations/releases/download/pdfs-status-pages-v1/annex-c-p022.pdf,Various SUCs / Various SUCs aggregate: August and September,Salary Increase under E.O. No. 64,Allotment Releases,Total,1348870729,pesos,1348870729,1,Unnumbered aggregate; not a distinct SARO instrument.
c-status-rollup-p022-c003,2024,C,22,22,https://github.com/tordecilla/unprogrammed-appropriations/releases/download/pdfs-status-pages-v1/annex-c-p022.pdf,Various SUCs / Various SUCs aggregate: October,FY 2024 PS Deficiency,Allotment Releases,Other PS Deficiencies,223441656,pesos,223441656,1,Unnumbered aggregate; not a distinct SARO instrument.
c-status-rollup-p022-c004,2024,C,22,22,https://github.com/tordecilla/unprogrammed-appropriations/releases/download/pdfs-status-pages-v1/annex-c-p022.pdf,Various SUCs / Various SUCs aggregate: October,FY 2024 PS Deficiency,Allotment Releases,Total,223441656,pesos,223441656,1,Unnumbered aggregate; not a distinct SARO instrument.
c-status-rollup-p022-c005,2024,C,22,22,https://github.com/tordecilla/unprogrammed-appropriations/releases/download/pdfs-status-pages-v1/annex-c-p022.pdf,Various SUCs / Various SUCs aggregate: October,Terminal leave and monetization,Allotment Releases,Terminal Leave/Retirement Gratuity,25085271,pesos,25085271,1,Unnumbered aggregate; not a distinct SARO instrument.
c-status-rollup-p022-c006,2024,C,22,22,https://github.com/tordecilla/unprogrammed-appropriations/releases/download/pdfs-status-pages-v1/annex-c-p022.pdf,Various SUCs / Various SUCs aggregate: October,Terminal leave and monetization,Allotment Releases,Monetization of Leave Credits,1583395,pesos,1583395,1,Unnumbered aggregate; not a distinct SARO instrument.
c-status-rollup-p022-c007,2024,C,22,22,https://github.com/tordecilla/unprogrammed-appropriations/releases/download/pdfs-status-pages-v1/annex-c-p022.pdf,Various SUCs / Various SUCs aggregate: October,Terminal leave and monetization,Allotment Releases,Total,26668666,pesos,26668666,1,Unnumbered aggregate; not a distinct SARO instrument.
c-status-rollup-p022-c008,2024,C,22,22,https://github.com/tordecilla/unprogrammed-appropriations/releases/download/pdfs-status-pages-v1/annex-c-p022.pdf,Various SUCs / Various SUCs aggregate: November,Terminal leave and monetization,Allotment Releases,Terminal Leave/Retirement Gratuity,55737706,pesos,55737706,1,Unnumbered aggregate; not a distinct SARO instrument.
c-status-rollup-p022-c009,2024,C,22,22,https://github.com/tordecilla/unprogrammed-appropriations/releases/download/pdfs-status-pages-v1/annex-c-p022.pdf,Various SUCs / Various SUCs aggregate: November,Terminal leave and monetization,Allotment Releases,Monetization of Leave Credits,23420906,pesos,23420906,1,Unnumbered aggregate; not a distinct SARO instrument.
c-status-rollup-p022-c010,2024,C,22,22,https://github.com/tordecilla/unprogrammed-appropriations/releases/download/pdfs-status-pages-v1/annex-c-p022.pdf,Various SUCs / Various SUCs aggregate: November,Terminal leave and monetization,Allotment Releases,Total,79158612,pesos,79158612,1,Unnumbered aggregate; not a distinct SARO instrument.
c-status-rollup-p022-c011,2024,C,22,22,https://github.com/tordecilla/unprogrammed-appropriations/releases/download/pdfs-status-pages-v1/annex-c-p022.pdf,Various SUCs / Various SUCs aggregate: November,FY 2022 PBB and FY 2024 PS Deficiency,Allotment Releases,FY 2022 PBB,14343512,pesos,14343512,1,Unnumbered aggregate; not a distinct SARO instrument.
c-status-rollup-p022-c012,2024,C,22,22,https://github.com/tordecilla/unprogrammed-appropriations/releases/download/pdfs-status-pages-v1/annex-c-p022.pdf,Various SUCs / Various SUCs aggregate: November,FY 2022 PBB and FY 2024 PS Deficiency,Allotment Releases,Other PS Deficiencies,491058578,pesos,491058578,1,Unnumbered aggregate; not a distinct SARO instrument.
c-status-rollup-p022-c013,2024,C,22,22,https://github.com/tordecilla/unprogrammed-appropriations/releases/download/pdfs-status-pages-v1/annex-c-p022.pdf,Various SUCs / Various SUCs aggregate: November,FY 2022 PBB and FY 2024 PS Deficiency,Allotment Releases,Total,505402090,pesos,505402090,1,Unnumbered aggregate; not a distinct SARO instrument.
c-status-rollup-p022-c014,2024,C,22,22,https://github.com/tordecilla/unprogrammed-appropriations/releases/download/pdfs-status-pages-v1/annex-c-p022.pdf,Various SUCs / Various SUCs aggregate: December,FY 2024 PS Deficiency,Allotment Releases,Other PS Deficiencies,457191027,pesos,457191027,1,Unnumbered aggregate; not a distinct SARO instrument.
c-status-rollup-p022-c015,2024,C,22,22,https://github.com/tordecilla/unprogrammed-appropriations/releases/download/pdfs-status-pages-v1/annex-c-p022.pdf,Various SUCs / Various SUCs aggregate: December,FY 2024 PS Deficiency,Allotment Releases,Total,457191027,pesos,457191027,1,Unnumbered aggregate; not a distinct SARO instrument.
c-status-rollup-p022-c016,2024,C,22,22,https://github.com/tordecilla/unprogrammed-appropriations/releases/download/pdfs-status-pages-v1/annex-c-p022.pdf,Various SUCs / Various SUCs aggregate: December,Terminal leave and monetization,Allotment Releases,Terminal Leave/Retirement Gratuity,12143814,pesos,12143814,1,Unnumbered aggregate; not a distinct SARO instrument.
c-status-rollup-p022-c017,2024,C,22,22,https://github.com/tordecilla/unprogrammed-appropriations/releases/download/pdfs-status-pages-v1/annex-c-p022.pdf,Various SUCs / Various SUCs aggregate: December,Terminal leave and monetization,Allotment Releases,Monetization of Leave Credits,25544024,pesos,25544024,1,Unnumbered aggregate; not a distinct SARO instrument.
c-status-rollup-p022-c018,2024,C,22,22,https://github.com/tordecilla/unprogrammed-appropriations/releases/download/pdfs-status-pages-v1/annex-c-p022.pdf,Various SUCs / Various SUCs aggregate: December,Terminal leave and monetization,Allotment Releases,Total,37687838,pesos,37687838,1,Unnumbered aggregate; not a distinct SARO instrument.
c-status-rollup-p022-c019,2024,C,22,22,https://github.com/tordecilla/unprogrammed-appropriations/releases/download/pdfs-status-pages-v1/annex-c-p022.pdf,SUCs / Department subtotal,For payment of Personnel Benefits,Allotment Releases,Salary Increase,1348870729,pesos,1348870729,1,Unnumbered aggregate; not a distinct SARO instrument.
c-status-rollup-p022-c020,2024,C,22,22,https://github.com/tordecilla/unprogrammed-appropriations/releases/download/pdfs-status-pages-v1/annex-c-p022.pdf,SUCs / Department subtotal,For payment of Personnel Benefits,Allotment Releases,FY 2022 PBB,14343512,pesos,14343512,1,Unnumbered aggregate; not a distinct SARO instrument.
c-status-rollup-p022-c021,2024,C,22,22,https://github.com/tordecilla/unprogrammed-appropriations/releases/download/pdfs-status-pages-v1/annex-c-p022.pdf,SUCs / Department subtotal,For payment of Personnel Benefits,Allotment Releases,Other PS Deficiencies,1218499214,pesos,1218499214,1,Unnumbered aggregate; not a distinct SARO instrument.
c-status-rollup-p022-c022,2024,C,22,22,https://github.com/tordecilla/unprogrammed-appropriations/releases/download/pdfs-status-pages-v1/annex-c-p022.pdf,SUCs / Department subtotal,For payment of Personnel Benefits,Allotment Releases,Total,2581713455,pesos,2581713455,1,Unnumbered aggregate; not a distinct SARO instrument.
c-status-rollup-p022-c023,2024,C,22,22,https://github.com/tordecilla/unprogrammed-appropriations/releases/download/pdfs-status-pages-v1/annex-c-p022.pdf,SUCs / Department subtotal,Pension and Gratuity Fund,Allotment Releases,Terminal Leave/Retirement Gratuity,92966791,pesos,92966791,1,Unnumbered aggregate; not a distinct SARO instrument.
c-status-rollup-p022-c024,2024,C,22,22,https://github.com/tordecilla/unprogrammed-appropriations/releases/download/pdfs-status-pages-v1/annex-c-p022.pdf,SUCs / Department subtotal,Pension and Gratuity Fund,Allotment Releases,Monetization of Leave Credits,50548325,pesos,50548325,1,Unnumbered aggregate; not a distinct SARO instrument.
c-status-rollup-p022-c025,2024,C,22,22,https://github.com/tordecilla/unprogrammed-appropriations/releases/download/pdfs-status-pages-v1/annex-c-p022.pdf,SUCs / Department subtotal,Pension and Gratuity Fund,Allotment Releases,Total,143515116,pesos,143515116,1,Unnumbered aggregate; not a distinct SARO instrument.
c-status-rollup-p023-c001,2024,C,23,23,https://github.com/tordecilla/unprogrammed-appropriations/releases/download/pdfs-status-pages-v1/annex-c-p023.pdf,SUCs / Department subtotal,Total across displayed categories,Allotment Releases,PS,2725228571,pesos,2725228571,1,Unnumbered aggregate; not a distinct SARO instrument.
c-status-rollup-p023-c002,2024,C,23,23,https://github.com/tordecilla/unprogrammed-appropriations/releases/download/pdfs-status-pages-v1/annex-c-p023.pdf,SUCs / Department subtotal,Total across displayed categories,Allotment Releases,Total,2725228571,pesos,2725228571,1,Unnumbered aggregate; not a distinct SARO instrument.
c-status-rollup-p022-c026,2024,C,22,22,https://github.com/tordecilla/unprogrammed-appropriations/releases/download/pdfs-status-pages-v1/annex-c-p022.pdf,DOE / Department subtotal,For payment of Personnel Benefits,Allotment Releases,FY 2022 PBB,1370282,pesos,1370282,1,Unnumbered aggregate; not a distinct SARO instrument.
c-status-rollup-p022-c027,2024,C,22,22,https://github.com/tordecilla/unprogrammed-appropriations/releases/download/pdfs-status-pages-v1/annex-c-p022.pdf,DOE / Department subtotal,For payment of Personnel Benefits,Allotment Releases,Other PS Deficiencies,64750985,pesos,64750985,1,Unnumbered aggregate; not a distinct SARO instrument.
c-status-rollup-p022-c028,2024,C,22,22,https://github.com/tordecilla/unprogrammed-appropriations/releases/download/pdfs-status-pages-v1/annex-c-p022.pdf,DOE / Department subtotal,For payment of Personnel Benefits,Allotment Releases,Total,66121267,pesos,66121267,1,Unnumbered aggregate; not a distinct SARO instrument.
c-status-rollup-p022-c029,2024,C,22,22,https://github.com/tordecilla/unprogrammed-appropriations/releases/download/pdfs-status-pages-v1/annex-c-p022.pdf,DOE / Department subtotal,Pension and Gratuity Fund,Allotment Releases,Terminal Leave/Retirement Gratuity,3943003,pesos,3943003,1,Unnumbered aggregate; not a distinct SARO instrument.
c-status-rollup-p022-c030,2024,C,22,22,https://github.com/tordecilla/unprogrammed-appropriations/releases/download/pdfs-status-pages-v1/annex-c-p022.pdf,DOE / Department subtotal,Pension and Gratuity Fund,Allotment Releases,Monetization of Leave Credits,240157,pesos,240157,1,Unnumbered aggregate; not a distinct SARO instrument.
c-status-rollup-p022-c031,2024,C,22,22,https://github.com/tordecilla/unprogrammed-appropriations/releases/download/pdfs-status-pages-v1/annex-c-p022.pdf,DOE / Department subtotal,Pension and Gratuity Fund,Allotment Releases,Total,4183160,pesos,4183160,1,Unnumbered aggregate; not a distinct SARO instrument.
c-status-rollup-p023-c003,2024,C,23,23,https://github.com/tordecilla/unprogrammed-appropriations/releases/download/pdfs-status-pages-v1/annex-c-p023.pdf,DOE / Department subtotal,Total across displayed categories,Allotment Releases,PS,70304427,pesos,70304427,1,Unnumbered aggregate; not a distinct SARO instrument.
c-status-rollup-p023-c004,2024,C,23,23,https://github.com/tordecilla/unprogrammed-appropriations/releases/download/pdfs-status-pages-v1/annex-c-p023.pdf,DOE / Department subtotal,Total across displayed categories,Allotment Releases,Total,70304427,pesos,70304427,1,Unnumbered aggregate; not a distinct SARO instrument.
c-status-rollup-p022-c032,2024,C,22,22,https://github.com/tordecilla/unprogrammed-appropriations/releases/download/pdfs-status-pages-v1/annex-c-p022.pdf,DENR / Department subtotal,For payment of Personnel Benefits,Allotment Releases,FY 2022 PBB,284985591,pesos,284985591,1,Unnumbered aggregate; not a distinct SARO instrument.
c-status-rollup-p022-c033,2024,C,22,22,https://github.com/tordecilla/unprogrammed-appropriations/releases/download/pdfs-status-pages-v1/annex-c-p022.pdf,DENR / Department subtotal,For payment of Personnel Benefits,Allotment Releases,Other PS Deficiencies,201237022,pesos,201237022,1,Unnumbered aggregate; not a distinct SARO instrument.
c-status-rollup-p022-c034,2024,C,22,22,https://github.com/tordecilla/unprogrammed-appropriations/releases/download/pdfs-status-pages-v1/annex-c-p022.pdf,DENR / Department subtotal,For payment of Personnel Benefits,Allotment Releases,Total,486222613,pesos,486222613,1,Unnumbered aggregate; not a distinct SARO instrument.
c-status-rollup-p022-c035,2024,C,22,22,https://github.com/tordecilla/unprogrammed-appropriations/releases/download/pdfs-status-pages-v1/annex-c-p022.pdf,DENR / Department subtotal,Pension and Gratuity Fund,Allotment Releases,Terminal Leave/Retirement Gratuity,39457899,pesos,39457899,1,Unnumbered aggregate; not a distinct SARO instrument.
c-status-rollup-p022-c036,2024,C,22,22,https://github.com/tordecilla/unprogrammed-appropriations/releases/download/pdfs-status-pages-v1/annex-c-p022.pdf,DENR / Department subtotal,Pension and Gratuity Fund,Allotment Releases,Monetization of Leave Credits,8553369,pesos,8553369,1,Unnumbered aggregate; not a distinct SARO instrument.
c-status-rollup-p022-c037,2024,C,22,22,https://github.com/tordecilla/unprogrammed-appropriations/releases/download/pdfs-status-pages-v1/annex-c-p022.pdf,DENR / Department subtotal,Pension and Gratuity Fund,Allotment Releases,Total,48011268,pesos,48011268,1,Unnumbered aggregate; not a distinct SARO instrument.
c-status-rollup-p023-c005,2024,C,23,23,https://github.com/tordecilla/unprogrammed-appropriations/releases/download/pdfs-status-pages-v1/annex-c-p023.pdf,DENR / Department subtotal,Total across displayed categories,Allotment Releases,PS,534233881,pesos,534233881,1,Unnumbered aggregate; not a distinct SARO instrument.
c-status-rollup-p023-c006,2024,C,23,23,https://github.com/tordecilla/unprogrammed-appropriations/releases/download/pdfs-status-pages-v1/annex-c-p023.pdf,DENR / Department subtotal,Total across displayed categories,Allotment Releases,Total,534233881,pesos,534233881,1,Unnumbered aggregate; not a distinct SARO instrument.
c-status-rollup-p022-c038,2024,C,22,22,https://github.com/tordecilla/unprogrammed-appropriations/releases/download/pdfs-status-pages-v1/annex-c-p022.pdf,DENR - Office of the Secretary / Various SAROs issued in October aggregate,Terminal leave and monetization,Allotment Releases,Terminal Leave/Retirement Gratuity,2308870,pesos,2308870,1,Unnumbered aggregate; not a distinct SARO instrument.
c-status-rollup-p022-c039,2024,C,22,22,https://github.com/tordecilla/unprogrammed-appropriations/releases/download/pdfs-status-pages-v1/annex-c-p022.pdf,DENR - Office of the Secretary / Various SAROs issued in October aggregate,Terminal leave and monetization,Allotment Releases,Monetization of Leave Credits,2684702,pesos,2684702,1,Unnumbered aggregate; not a distinct SARO instrument.
c-status-rollup-p022-c040,2024,C,22,22,https://github.com/tordecilla/unprogrammed-appropriations/releases/download/pdfs-status-pages-v1/annex-c-p022.pdf,DENR - Office of the Secretary / Various SAROs issued in October aggregate,Terminal leave and monetization,Allotment Releases,Total,4993572,pesos,4993572,1,Unnumbered aggregate; not a distinct SARO instrument.
c-status-rollup-p022-c041,2024,C,22,22,https://github.com/tordecilla/unprogrammed-appropriations/releases/download/pdfs-status-pages-v1/annex-c-p022.pdf,DENR - Office of the Secretary / Various SAROs issued in November aggregate,Terminal leave and monetization,Allotment Releases,Terminal Leave/Retirement Gratuity,22086833,pesos,22086833,1,Unnumbered aggregate; not a distinct SARO instrument.
c-status-rollup-p022-c042,2024,C,22,22,https://github.com/tordecilla/unprogrammed-appropriations/releases/download/pdfs-status-pages-v1/annex-c-p022.pdf,DENR - Office of the Secretary / Various SAROs issued in November aggregate,Terminal leave and monetization,Allotment Releases,Monetization of Leave Credits,2548599,pesos,2548599,1,Unnumbered aggregate; not a distinct SARO instrument.
c-status-rollup-p022-c043,2024,C,22,22,https://github.com/tordecilla/unprogrammed-appropriations/releases/download/pdfs-status-pages-v1/annex-c-p022.pdf,DENR - Office of the Secretary / Various SAROs issued in November aggregate,Terminal leave and monetization,Allotment Releases,Total,24635432,pesos,24635432,1,Unnumbered aggregate; not a distinct SARO instrument.
c-status-rollup-p026-c001,2024,C,26,26,https://github.com/tordecilla/unprogrammed-appropriations/releases/download/pdfs-status-pages-v1/annex-c-p026.pdf,Environmental Management Bureau / Agency subtotal,For payment of Personnel Benefits,Allotment Releases,FY 2022 PBB,37084465,pesos,37084465,1,Unnumbered aggregate; not a distinct SARO instrument.
c-status-rollup-p026-c002,2024,C,26,26,https://github.com/tordecilla/unprogrammed-appropriations/releases/download/pdfs-status-pages-v1/annex-c-p026.pdf,Environmental Management Bureau / Agency subtotal,For payment of Personnel Benefits,Allotment Releases,Total,37084465,pesos,37084465,1,Unnumbered aggregate; not a distinct SARO instrument.
c-status-rollup-p026-c003,2024,C,26,26,https://github.com/tordecilla/unprogrammed-appropriations/releases/download/pdfs-status-pages-v1/annex-c-p026.pdf,Environmental Management Bureau / Agency subtotal,Pension and Gratuity Fund,Allotment Releases,Terminal Leave/Retirement Gratuity,3368593,pesos,3368593,1,Unnumbered aggregate; not a distinct SARO instrument.
c-status-rollup-p026-c004,2024,C,26,26,https://github.com/tordecilla/unprogrammed-appropriations/releases/download/pdfs-status-pages-v1/annex-c-p026.pdf,Environmental Management Bureau / Agency subtotal,Pension and Gratuity Fund,Allotment Releases,Monetization of Leave Credits,86612,pesos,86612,1,Unnumbered aggregate; not a distinct SARO instrument.
c-status-rollup-p026-c005,2024,C,26,26,https://github.com/tordecilla/unprogrammed-appropriations/releases/download/pdfs-status-pages-v1/annex-c-p026.pdf,Environmental Management Bureau / Agency subtotal,Pension and Gratuity Fund,Allotment Releases,Total,3455205,pesos,3455205,1,Unnumbered aggregate; not a distinct SARO instrument.
c-status-rollup-p026-c006,2024,C,26,26,https://github.com/tordecilla/unprogrammed-appropriations/releases/download/pdfs-status-pages-v1/annex-c-p026.pdf,Mines and Geosciences Bureau / Agency subtotal,For payment of Personnel Benefits,Allotment Releases,FY 2022 PBB,21082735,pesos,21082735,1,Unnumbered aggregate; not a distinct SARO instrument.
c-status-rollup-p026-c007,2024,C,26,26,https://github.com/tordecilla/unprogrammed-appropriations/releases/download/pdfs-status-pages-v1/annex-c-p026.pdf,Mines and Geosciences Bureau / Agency subtotal,For payment of Personnel Benefits,Allotment Releases,Other PS Deficiencies,31091096,pesos,31091096,1,Unnumbered aggregate; not a distinct SARO instrument.
c-status-rollup-p026-c008,2024,C,26,26,https://github.com/tordecilla/unprogrammed-appropriations/releases/download/pdfs-status-pages-v1/annex-c-p026.pdf,Mines and Geosciences Bureau / Agency subtotal,For payment of Personnel Benefits,Allotment Releases,Total,52173831,pesos,52173831,1,Unnumbered aggregate; not a distinct SARO instrument.
c-status-rollup-p026-c009,2024,C,26,26,https://github.com/tordecilla/unprogrammed-appropriations/releases/download/pdfs-status-pages-v1/annex-c-p026.pdf,Mines and Geosciences Bureau / Agency subtotal,Pension and Gratuity Fund,Allotment Releases,Terminal Leave/Retirement Gratuity,3271455,pesos,3271455,1,Unnumbered aggregate; not a distinct SARO instrument.
c-status-rollup-p026-c010,2024,C,26,26,https://github.com/tordecilla/unprogrammed-appropriations/releases/download/pdfs-status-pages-v1/annex-c-p026.pdf,Mines and Geosciences Bureau / Agency subtotal,Pension and Gratuity Fund,Allotment Releases,Total,3271455,pesos,3271455,1,Unnumbered aggregate; not a distinct SARO instrument.
c-status-rollup-p026-c011,2024,C,26,26,https://github.com/tordecilla/unprogrammed-appropriations/releases/download/pdfs-status-pages-v1/annex-c-p026.pdf,National Water Resources Board / Agency subtotal,Pension and Gratuity Fund,Allotment Releases,Monetization of Leave Credits,354035,pesos,354035,1,Unnumbered aggregate; not a distinct SARO instrument.
c-status-rollup-p026-c012,2024,C,26,26,https://github.com/tordecilla/unprogrammed-appropriations/releases/download/pdfs-status-pages-v1/annex-c-p026.pdf,National Water Resources Board / Agency subtotal,Pension and Gratuity Fund,Allotment Releases,Total,354035,pesos,354035,1,Unnumbered aggregate; not a distinct SARO instrument.
c-status-rollup-p026-c013,2024,C,26,26,https://github.com/tordecilla/unprogrammed-appropriations/releases/download/pdfs-status-pages-v1/annex-c-p026.pdf,Palawan Council for Sustainable Development Staff / Agency subtotal,For payment of Personnel Benefits,Allotment Releases,Other PS Deficiencies,5494819,pesos,5494819,1,Unnumbered aggregate; not a distinct SARO instrument.
c-status-rollup-p026-c014,2024,C,26,26,https://github.com/tordecilla/unprogrammed-appropriations/releases/download/pdfs-status-pages-v1/annex-c-p026.pdf,Palawan Council for Sustainable Development Staff / Agency subtotal,For payment of Personnel Benefits,Allotment Releases,Total,5494819,pesos,5494819,1,Unnumbered aggregate; not a distinct SARO instrument.
c-status-rollup-p026-c015,2024,C,26,26,https://github.com/tordecilla/unprogrammed-appropriations/releases/download/pdfs-status-pages-v1/annex-c-p026.pdf,Environmental Management Bureau / Various SAROs issued in November aggregate,Terminal leave and monetization,Allotment Releases,Terminal Leave/Retirement Gratuity,486441,pesos,486441,1,Unnumbered aggregate; not a distinct SARO instrument.
c-status-rollup-p026-c016,2024,C,26,26,https://github.com/tordecilla/unprogrammed-appropriations/releases/download/pdfs-status-pages-v1/annex-c-p026.pdf,Environmental Management Bureau / Various SAROs issued in November aggregate,Terminal leave and monetization,Allotment Releases,Monetization of Leave Credits,56111,pesos,56111,1,Unnumbered aggregate; not a distinct SARO instrument.
c-status-rollup-p026-c017,2024,C,26,26,https://github.com/tordecilla/unprogrammed-appropriations/releases/download/pdfs-status-pages-v1/annex-c-p026.pdf,Environmental Management Bureau / Various SAROs issued in November aggregate,Terminal leave and monetization,Allotment Releases,Total,542552,pesos,542552,1,Unnumbered aggregate; not a distinct SARO instrument.
c-status-rollup-p026-c018,2024,C,26,26,https://github.com/tordecilla/unprogrammed-appropriations/releases/download/pdfs-status-pages-v1/annex-c-p026.pdf,Environmental Management Bureau / Various SAROs issued in December aggregate,Terminal leave and monetization,Allotment Releases,Terminal Leave/Retirement Gratuity,1964798,pesos,1964798,1,Unnumbered aggregate; not a distinct SARO instrument.
c-status-rollup-p026-c019,2024,C,26,26,https://github.com/tordecilla/unprogrammed-appropriations/releases/download/pdfs-status-pages-v1/annex-c-p026.pdf,Environmental Management Bureau / Various SAROs issued in December aggregate,Terminal leave and monetization,Allotment Releases,Monetization of Leave Credits,30501,pesos,30501,1,Unnumbered aggregate; not a distinct SARO instrument.
c-status-rollup-p026-c020,2024,C,26,26,https://github.com/tordecilla/unprogrammed-appropriations/releases/download/pdfs-status-pages-v1/annex-c-p026.pdf,Environmental Management Bureau / Various SAROs issued in December aggregate,Terminal leave and monetization,Allotment Releases,Total,1995299,pesos,1995299,1,Unnumbered aggregate; not a distinct SARO instrument.
c-status-rollup-p026-c021,2024,C,26,26,https://github.com/tordecilla/unprogrammed-appropriations/releases/download/pdfs-status-pages-v1/annex-c-p026.pdf,DOF / Department subtotal,For payment of Personnel Benefits,Allotment Releases,Salary Increase,549363000,pesos,549363000,1,Unnumbered aggregate; not a distinct SARO instrument.
c-status-rollup-p026-c022,2024,C,26,26,https://github.com/tordecilla/unprogrammed-appropriations/releases/download/pdfs-status-pages-v1/annex-c-p026.pdf,DOF / Department subtotal,For payment of Personnel Benefits,Allotment Releases,FY 2022 PBB,339141,pesos,339141,1,Unnumbered aggregate; not a distinct SARO instrument.
c-status-rollup-p026-c023,2024,C,26,26,https://github.com/tordecilla/unprogrammed-appropriations/releases/download/pdfs-status-pages-v1/annex-c-p026.pdf,DOF / Department subtotal,For payment of Personnel Benefits,Allotment Releases,Other PS Deficiencies,689005466,pesos,689005466,1,Unnumbered aggregate; not a distinct SARO instrument.
c-status-rollup-p026-c024,2024,C,26,26,https://github.com/tordecilla/unprogrammed-appropriations/releases/download/pdfs-status-pages-v1/annex-c-p026.pdf,DOF / Department subtotal,For payment of Personnel Benefits,Allotment Releases,Total,1238707607,pesos,1238707607,1,Unnumbered aggregate; not a distinct SARO instrument.
c-status-rollup-p026-c025,2024,C,26,26,https://github.com/tordecilla/unprogrammed-appropriations/releases/download/pdfs-status-pages-v1/annex-c-p026.pdf,DOF / Department subtotal,Pension and Gratuity Fund,Allotment Releases,Terminal Leave/Retirement Gratuity,14892891,pesos,14892891,1,Unnumbered aggregate; not a distinct SARO instrument.
c-status-rollup-p026-c026,2024,C,26,26,https://github.com/tordecilla/unprogrammed-appropriations/releases/download/pdfs-status-pages-v1/annex-c-p026.pdf,DOF / Department subtotal,Pension and Gratuity Fund,Allotment Releases,Total,14892891,pesos,14892891,1,Unnumbered aggregate; not a distinct SARO instrument.
c-status-rollup-p027-c001,2024,C,27,27,https://github.com/tordecilla/unprogrammed-appropriations/releases/download/pdfs-status-pages-v1/annex-c-p027.pdf,DOF / Department subtotal,Total across displayed categories,Allotment Releases,PS,1253600498,pesos,1253600498,1,Unnumbered aggregate; not a distinct SARO instrument.
c-status-rollup-p027-c002,2024,C,27,27,https://github.com/tordecilla/unprogrammed-appropriations/releases/download/pdfs-status-pages-v1/annex-c-p027.pdf,DOF / Department subtotal,Total across displayed categories,Allotment Releases,MOOE,98874000,pesos,98874000,1,Unnumbered aggregate; not a distinct SARO instrument.
c-status-rollup-p027-c003,2024,C,27,27,https://github.com/tordecilla/unprogrammed-appropriations/releases/download/pdfs-status-pages-v1/annex-c-p027.pdf,DOF / Department subtotal,Total across displayed categories,Allotment Releases,CO,21011000,pesos,21011000,1,Unnumbered aggregate; not a distinct SARO instrument.
c-status-rollup-p027-c004,2024,C,27,27,https://github.com/tordecilla/unprogrammed-appropriations/releases/download/pdfs-status-pages-v1/annex-c-p027.pdf,DOF / Department subtotal,Total across displayed categories,Allotment Releases,Total,1373485498,pesos,1373485498,1,Unnumbered aggregate; not a distinct SARO instrument.
c-status-rollup-p027-c005,2024,C,27,27,https://github.com/tordecilla/unprogrammed-appropriations/releases/download/pdfs-status-pages-v1/annex-c-p027.pdf,DOF - Office of the Secretary / Office of the Secretary subtotal,Total across displayed categories,Allotment Releases,PS,18790764,pesos,18790764,1,Unnumbered aggregate; not a distinct SARO instrument.
c-status-rollup-p027-c006,2024,C,27,27,https://github.com/tordecilla/unprogrammed-appropriations/releases/download/pdfs-status-pages-v1/annex-c-p027.pdf,DOF - Office of the Secretary / Office of the Secretary subtotal,Total across displayed categories,Allotment Releases,Total,18790764,pesos,18790764,1,Unnumbered aggregate; not a distinct SARO instrument.
c-status-rollup-p026-c027,2024,C,26,26,https://github.com/tordecilla/unprogrammed-appropriations/releases/download/pdfs-status-pages-v1/annex-c-p026.pdf,Mines and Geosciences Bureau / Various SAROs issued in December aggregate,FY 2022 PBB and FY 2024 PS Deficiency,Allotment Releases,FY 2022 PBB,21082735,pesos,21082735,1,Unnumbered aggregate; not a distinct SARO instrument.
c-status-rollup-p026-c028,2024,C,26,26,https://github.com/tordecilla/unprogrammed-appropriations/releases/download/pdfs-status-pages-v1/annex-c-p026.pdf,Mines and Geosciences Bureau / Various SAROs issued in December aggregate,FY 2022 PBB and FY 2024 PS Deficiency,Allotment Releases,Other PS Deficiencies,31091096,pesos,31091096,1,Unnumbered aggregate; not a distinct SARO instrument.
c-status-rollup-p026-c029,2024,C,26,26,https://github.com/tordecilla/unprogrammed-appropriations/releases/download/pdfs-status-pages-v1/annex-c-p026.pdf,Mines and Geosciences Bureau / Various SAROs issued in December aggregate,FY 2022 PBB and FY 2024 PS Deficiency,Allotment Releases,Total,52173831,pesos,52173831,1,Unnumbered aggregate; not a distinct SARO instrument.
c-status-rollup-p026-c030,2024,C,26,26,https://github.com/tordecilla/unprogrammed-appropriations/releases/download/pdfs-status-pages-v1/annex-c-p026.pdf,Mines and Geosciences Bureau / Various SAROs issued in December aggregate,For payment of terminal leave benefits,Allotment Releases,Terminal Leave/Retirement Gratuity,2256614,pesos,2256614,1,Unnumbered aggregate; not a distinct SARO instrument.
c-status-rollup-p026-c031,2024,C,26,26,https://github.com/tordecilla/unprogrammed-appropriations/releases/download/pdfs-status-pages-v1/annex-c-p026.pdf,Mines and Geosciences Bureau / Various SAROs issued in December aggregate,For payment of terminal leave benefits,Allotment Releases,Total,2256614,pesos,2256614,1,Unnumbered aggregate; not a distinct SARO instrument.
c-status-rollup-p026-c032,2024,C,26,26,https://github.com/tordecilla/unprogrammed-appropriations/releases/download/pdfs-status-pages-v1/annex-c-p026.pdf,DOF - Office of the Secretary / Various SAROs issued in December aggregate,For payment of terminal leave benefits and monetization of leave credits,Allotment Releases,Terminal Leave/Retirement Gratuity,1428676,pesos,1428676,1,Unnumbered aggregate; not a distinct SARO instrument.
c-status-rollup-p026-c033,2024,C,26,26,https://github.com/tordecilla/unprogrammed-appropriations/releases/download/pdfs-status-pages-v1/annex-c-p026.pdf,DOF - Office of the Secretary / Various SAROs issued in December aggregate,For payment of terminal leave benefits and monetization of leave credits,Allotment Releases,Total,1428676,pesos,1428676,1,Unnumbered aggregate; not a distinct SARO instrument.
c-status-rollup-p030-c001,2024,C,30,30,https://github.com/tordecilla/unprogrammed-appropriations/releases/download/pdfs-status-pages-v1/annex-c-p030.pdf,DFA - Office of the Secretary / Various SAROs issued in October aggregate,Terminal leave and monetization,Allotment Releases,Terminal Leave/Retirement Gratuity,8255356,pesos,8255356,1,Unnumbered aggregate; not a distinct SARO instrument.
c-status-rollup-p030-c002,2024,C,30,30,https://github.com/tordecilla/unprogrammed-appropriations/releases/download/pdfs-status-pages-v1/annex-c-p030.pdf,DFA - Office of the Secretary / Various SAROs issued in October aggregate,Terminal leave and monetization,Allotment Releases,Monetization of Leave Credits,4369920,pesos,4369920,1,Unnumbered aggregate; not a distinct SARO instrument.
c-status-rollup-p030-c003,2024,C,30,30,https://github.com/tordecilla/unprogrammed-appropriations/releases/download/pdfs-status-pages-v1/annex-c-p030.pdf,DFA - Office of the Secretary / Various SAROs issued in October aggregate,Terminal leave and monetization,Allotment Releases,Total,12625276,pesos,12625276,1,Unnumbered aggregate; not a distinct SARO instrument.
c-status-rollup-p030-c004,2024,C,30,30,https://github.com/tordecilla/unprogrammed-appropriations/releases/download/pdfs-status-pages-v1/annex-c-p030.pdf,DFA - Office of the Secretary / Various SAROs issued in December aggregate,Terminal leave and monetization,Allotment Releases,Terminal Leave/Retirement Gratuity,4719955,pesos,4719955,1,Unnumbered aggregate; not a distinct SARO instrument.
c-status-rollup-p030-c005,2024,C,30,30,https://github.com/tordecilla/unprogrammed-appropriations/releases/download/pdfs-status-pages-v1/annex-c-p030.pdf,DFA - Office of the Secretary / Various SAROs issued in December aggregate,Terminal leave and monetization,Allotment Releases,Monetization of Leave Credits,14977778,pesos,14977778,1,Unnumbered aggregate; not a distinct SARO instrument.
c-status-rollup-p030-c006,2024,C,30,30,https://github.com/tordecilla/unprogrammed-appropriations/releases/download/pdfs-status-pages-v1/annex-c-p030.pdf,DFA - Office of the Secretary / Various SAROs issued in December aggregate,Terminal leave and monetization,Allotment Releases,Total,19697733,pesos,19697733,1,Unnumbered aggregate; not a distinct SARO instrument.
c-status-rollup-p030-c007,2024,C,30,30,https://github.com/tordecilla/unprogrammed-appropriations/releases/download/pdfs-status-pages-v1/annex-c-p030.pdf,DFA / Department subtotal,For payment of Personnel Benefits,Allotment Releases,FY 2022 PBB,80207211,pesos,80207211,1,Unnumbered aggregate; not a distinct SARO instrument.
c-status-rollup-p030-c008,2024,C,30,30,https://github.com/tordecilla/unprogrammed-appropriations/releases/download/pdfs-status-pages-v1/annex-c-p030.pdf,DFA / Department subtotal,For payment of Personnel Benefits,Allotment Releases,Other PS Deficiencies,1065796814,pesos,1065796814,1,Unnumbered aggregate; not a distinct SARO instrument.
c-status-rollup-p030-c009,2024,C,30,30,https://github.com/tordecilla/unprogrammed-appropriations/releases/download/pdfs-status-pages-v1/annex-c-p030.pdf,DFA / Department subtotal,For payment of Personnel Benefits,Allotment Releases,Total,1146004025,pesos,1146004025,1,Unnumbered aggregate; not a distinct SARO instrument.
c-status-rollup-p030-c010,2024,C,30,30,https://github.com/tordecilla/unprogrammed-appropriations/releases/download/pdfs-status-pages-v1/annex-c-p030.pdf,DFA / Department subtotal,Pension and Gratuity Fund,Allotment Releases,Terminal Leave/Retirement Gratuity,19046038,pesos,19046038,1,Unnumbered aggregate; not a distinct SARO instrument.
c-status-rollup-p030-c011,2024,C,30,30,https://github.com/tordecilla/unprogrammed-appropriations/releases/download/pdfs-status-pages-v1/annex-c-p030.pdf,DFA / Department subtotal,Pension and Gratuity Fund,Allotment Releases,Monetization of Leave Credits,19347698,pesos,19347698,1,Unnumbered aggregate; not a distinct SARO instrument.
c-status-rollup-p030-c012,2024,C,30,30,https://github.com/tordecilla/unprogrammed-appropriations/releases/download/pdfs-status-pages-v1/annex-c-p030.pdf,DFA / Department subtotal,Pension and Gratuity Fund,Allotment Releases,Total,38393736,pesos,38393736,1,Unnumbered aggregate; not a distinct SARO instrument.
c-status-rollup-p031-c001,2024,C,31,31,https://github.com/tordecilla/unprogrammed-appropriations/releases/download/pdfs-status-pages-v1/annex-c-p031.pdf,DFA / Department subtotal,Total across displayed categories,Allotment Releases,PS,1184397761,pesos,1184397761,1,Unnumbered aggregate; not a distinct SARO instrument.
c-status-rollup-p031-c002,2024,C,31,31,https://github.com/tordecilla/unprogrammed-appropriations/releases/download/pdfs-status-pages-v1/annex-c-p031.pdf,DFA / Department subtotal,Total across displayed categories,Allotment Releases,Total,1184397761,pesos,1184397761,1,Unnumbered aggregate; not a distinct SARO instrument.
c-status-rollup-p031-c003,2024,C,31,31,https://github.com/tordecilla/unprogrammed-appropriations/releases/download/pdfs-status-pages-v1/annex-c-p031.pdf,DFA - Office of the Secretary / Office of the Secretary subtotal,Total across displayed categories,Allotment Releases,PS,1182765052,pesos,1182765052,1,Unnumbered aggregate; not a distinct SARO instrument.
c-status-rollup-p031-c004,2024,C,31,31,https://github.com/tordecilla/unprogrammed-appropriations/releases/download/pdfs-status-pages-v1/annex-c-p031.pdf,DFA - Office of the Secretary / Office of the Secretary subtotal,Total across displayed categories,Allotment Releases,Total,1182765052,pesos,1182765052,1,Unnumbered aggregate; not a distinct SARO instrument.
c-status-rollup-p034-c001,2024,C,34,34,https://github.com/tordecilla/unprogrammed-appropriations/releases/download/pdfs-status-pages-v1/annex-c-p034.pdf,DOH - Office of the Secretary / Various SAROs issued in August and September aggregate,Salary Increase,Allotment Releases,Salary Increase,817513838,pesos,817513838,1,Unnumbered aggregate; not a distinct SARO instrument.
c-status-rollup-p034-c002,2024,C,34,34,https://github.com/tordecilla/unprogrammed-appropriations/releases/download/pdfs-status-pages-v1/annex-c-p034.pdf,DOH - Office of the Secretary / Various SAROs issued in August and September aggregate,Salary Increase,Allotment Releases,Total,817513838,pesos,817513838,1,Unnumbered aggregate; not a distinct SARO instrument.
c-status-rollup-p034-c003,2024,C,34,34,https://github.com/tordecilla/unprogrammed-appropriations/releases/download/pdfs-status-pages-v1/annex-c-p034.pdf,DOH - Office of the Secretary / Various SAROs issued in October aggregate,Terminal leave and monetization,Allotment Releases,Terminal Leave/Retirement Gratuity,47584451,pesos,47584451,1,Unnumbered aggregate; not a distinct SARO instrument.
c-status-rollup-p034-c004,2024,C,34,34,https://github.com/tordecilla/unprogrammed-appropriations/releases/download/pdfs-status-pages-v1/annex-c-p034.pdf,DOH - Office of the Secretary / Various SAROs issued in October aggregate,Terminal leave and monetization,Allotment Releases,Monetization of Leave Credits,9857212,pesos,9857212,1,Unnumbered aggregate; not a distinct SARO instrument.
c-status-rollup-p034-c005,2024,C,34,34,https://github.com/tordecilla/unprogrammed-appropriations/releases/download/pdfs-status-pages-v1/annex-c-p034.pdf,DOH - Office of the Secretary / Various SAROs issued in October aggregate,Terminal leave and monetization,Allotment Releases,Total,57441663,pesos,57441663,1,Unnumbered aggregate; not a distinct SARO instrument.
c-status-rollup-p034-c006,2024,C,34,34,https://github.com/tordecilla/unprogrammed-appropriations/releases/download/pdfs-status-pages-v1/annex-c-p034.pdf,DOH - Office of the Secretary / Various SAROs issued in November aggregate,Terminal leave benefits,Allotment Releases,Terminal Leave/Retirement Gratuity,39729617,pesos,39729617,1,Unnumbered aggregate; not a distinct SARO instrument.
c-status-rollup-p034-c007,2024,C,34,34,https://github.com/tordecilla/unprogrammed-appropriations/releases/download/pdfs-status-pages-v1/annex-c-p034.pdf,DOH - Office of the Secretary / Various SAROs issued in November aggregate,Terminal leave benefits,Allotment Releases,Total,39729617,pesos,39729617,1,Unnumbered aggregate; not a distinct SARO instrument.
c-status-rollup-p034-c008,2024,C,34,34,https://github.com/tordecilla/unprogrammed-appropriations/releases/download/pdfs-status-pages-v1/annex-c-p034.pdf,DOH - Office of the Secretary / Various SAROs issued in December aggregate,FY 2024 PS Deficiency,Allotment Releases,Other PS Deficiencies,3328665107,pesos,3328665107,1,Unnumbered aggregate; not a distinct SARO instrument.
c-status-rollup-p034-c009,2024,C,34,34,https://github.com/tordecilla/unprogrammed-appropriations/releases/download/pdfs-status-pages-v1/annex-c-p034.pdf,DOH - Office of the Secretary / Various SAROs issued in December aggregate,FY 2024 PS Deficiency,Allotment Releases,Total,3328665107,pesos,3328665107,1,Unnumbered aggregate; not a distinct SARO instrument.
c-status-rollup-p034-c010,2024,C,34,34,https://github.com/tordecilla/unprogrammed-appropriations/releases/download/pdfs-status-pages-v1/annex-c-p034.pdf,DOH - Office of the Secretary / Various SAROs issued in December aggregate,Terminal leave and monetization,Allotment Releases,Terminal Leave/Retirement Gratuity,25355902,pesos,25355902,1,Unnumbered aggregate; not a distinct SARO instrument.
c-status-rollup-p034-c011,2024,C,34,34,https://github.com/tordecilla/unprogrammed-appropriations/releases/download/pdfs-status-pages-v1/annex-c-p034.pdf,DOH - Office of the Secretary / Various SAROs issued in December aggregate,Terminal leave and monetization,Allotment Releases,Monetization of Leave Credits,23880175,pesos,23880175,1,Unnumbered aggregate; not a distinct SARO instrument.
c-status-rollup-p034-c012,2024,C,34,34,https://github.com/tordecilla/unprogrammed-appropriations/releases/download/pdfs-status-pages-v1/annex-c-p034.pdf,DOH - Office of the Secretary / Various SAROs issued in December aggregate,Terminal leave and monetization,Allotment Releases,Total,49236077,pesos,49236077,1,Unnumbered aggregate; not a distinct SARO instrument.
c-status-rollup-p032-c001,2024,C,32,32,https://github.com/tordecilla/unprogrammed-appropriations/releases/download/pdfs-status-pages-v1/annex-c-p032.pdf,DOH / Department subtotal,Support to Foreign-Assisted Projects (FAPs),Allotment Releases,MOOE,1067583521,pesos,1067583521,1,Unnumbered aggregate; not a distinct SARO instrument.
c-status-rollup-p032-c002,2024,C,32,32,https://github.com/tordecilla/unprogrammed-appropriations/releases/download/pdfs-status-pages-v1/annex-c-p032.pdf,DOH / Department subtotal,Support to Foreign-Assisted Projects (FAPs),Allotment Releases,CO,37711891,pesos,37711891,1,Unnumbered aggregate; not a distinct SARO instrument.
c-status-rollup-p032-c003,2024,C,32,32,https://github.com/tordecilla/unprogrammed-appropriations/releases/download/pdfs-status-pages-v1/annex-c-p032.pdf,DOH / Department subtotal,Support to Foreign-Assisted Projects (FAPs),Allotment Releases,Total,1105295412,pesos,1105295412,1,Unnumbered aggregate; not a distinct SARO instrument.
c-status-rollup-p032-c004,2024,C,32,32,https://github.com/tordecilla/unprogrammed-appropriations/releases/download/pdfs-status-pages-v1/annex-c-p032.pdf,DOH / Department subtotal,Public Health Emergency Benefits and Allowances,Allotment Releases,MOOE,27453233268,pesos,27453233268,1,Unnumbered aggregate; not a distinct SARO instrument.
c-status-rollup-p032-c005,2024,C,32,32,https://github.com/tordecilla/unprogrammed-appropriations/releases/download/pdfs-status-pages-v1/annex-c-p032.pdf,DOH / Department subtotal,Public Health Emergency Benefits and Allowances,Allotment Releases,Total,27453233268,pesos,27453233268,1,Unnumbered aggregate; not a distinct SARO instrument.
c-status-rollup-p033-c001,2024,C,33,33,https://github.com/tordecilla/unprogrammed-appropriations/releases/download/pdfs-status-pages-v1/annex-c-p033.pdf,DOH / Department subtotal,Priority Social Programs for Health etc.,Allotment Releases,MOOE,10000000000,pesos,10000000000,1,Unnumbered aggregate; not a distinct SARO instrument.
c-status-rollup-p033-c002,2024,C,33,33,https://github.com/tordecilla/unprogrammed-appropriations/releases/download/pdfs-status-pages-v1/annex-c-p033.pdf,DOH / Department subtotal,Priority Social Programs for Health etc.,Allotment Releases,CO,9169664755,pesos,9169664755,1,Unnumbered aggregate; not a distinct SARO instrument.
c-status-rollup-p033-c003,2024,C,33,33,https://github.com/tordecilla/unprogrammed-appropriations/releases/download/pdfs-status-pages-v1/annex-c-p033.pdf,DOH / Department subtotal,Priority Social Programs for Health etc.,Allotment Releases,Total,19169664755,pesos,19169664755,1,Unnumbered aggregate; not a distinct SARO instrument.
c-status-rollup-p033-c004,2024,C,33,33,https://github.com/tordecilla/unprogrammed-appropriations/releases/download/pdfs-status-pages-v1/annex-c-p033.pdf,DOH / Department subtotal,Financial Subsidy for Purchase of Photovoltaic Mainstreaming,Allotment Releases,MOOE,138792140,pesos,138792140,1,Unnumbered aggregate; not a distinct SARO instrument.
c-status-rollup-p033-c005,2024,C,33,33,https://github.com/tordecilla/unprogrammed-appropriations/releases/download/pdfs-status-pages-v1/annex-c-p033.pdf,DOH / Department subtotal,Financial Subsidy for Purchase of Photovoltaic Mainstreaming,Allotment Releases,Total,138792140,pesos,138792140,1,Unnumbered aggregate; not a distinct SARO instrument.
c-status-rollup-p034-c013,2024,C,34,34,https://github.com/tordecilla/unprogrammed-appropriations/releases/download/pdfs-status-pages-v1/annex-c-p034.pdf,DOH / Department subtotal,For payment of Personnel Benefits,Allotment Releases,Salary Increase,817513838,pesos,817513838,1,Unnumbered aggregate; not a distinct SARO instrument.
c-status-rollup-p034-c014,2024,C,34,34,https://github.com/tordecilla/unprogrammed-appropriations/releases/download/pdfs-status-pages-v1/annex-c-p034.pdf,DOH / Department subtotal,For payment of Personnel Benefits,Allotment Releases,Other PS Deficiencies,4055316240,pesos,4055316240,1,Unnumbered aggregate; not a distinct SARO instrument.
c-status-rollup-p034-c015,2024,C,34,34,https://github.com/tordecilla/unprogrammed-appropriations/releases/download/pdfs-status-pages-v1/annex-c-p034.pdf,DOH / Department subtotal,For payment of Personnel Benefits,Allotment Releases,Total,4872830078,pesos,4872830078,1,Unnumbered aggregate; not a distinct SARO instrument.
c-status-rollup-p034-c016,2024,C,34,34,https://github.com/tordecilla/unprogrammed-appropriations/releases/download/pdfs-status-pages-v1/annex-c-p034.pdf,DOH / Department subtotal,Pension and Gratuity Fund,Allotment Releases,Terminal Leave/Retirement Gratuity,113668351,pesos,113668351,1,Unnumbered aggregate; not a distinct SARO instrument.
c-status-rollup-p034-c017,2024,C,34,34,https://github.com/tordecilla/unprogrammed-appropriations/releases/download/pdfs-status-pages-v1/annex-c-p034.pdf,DOH / Department subtotal,Pension and Gratuity Fund,Allotment Releases,Monetization of Leave Credits,33737387,pesos,33737387,1,Unnumbered aggregate; not a distinct SARO instrument.
c-status-rollup-p034-c018,2024,C,34,34,https://github.com/tordecilla/unprogrammed-appropriations/releases/download/pdfs-status-pages-v1/annex-c-p034.pdf,DOH / Department subtotal,Pension and Gratuity Fund,Allotment Releases,Total,147405738,pesos,147405738,1,Unnumbered aggregate; not a distinct SARO instrument.
c-status-rollup-p035-c001,2024,C,35,35,https://github.com/tordecilla/unprogrammed-appropriations/releases/download/pdfs-status-pages-v1/annex-c-p035.pdf,DOH / Department subtotal,Total across displayed categories,Allotment Releases,PS,5020235816,pesos,5020235816,1,Unnumbered aggregate; not a distinct SARO instrument.
c-status-rollup-p035-c002,2024,C,35,35,https://github.com/tordecilla/unprogrammed-appropriations/releases/download/pdfs-status-pages-v1/annex-c-p035.pdf,DOH / Department subtotal,Total across displayed categories,Allotment Releases,MOOE,38659608929,pesos,38659608929,1,Unnumbered aggregate; not a distinct SARO instrument.
c-status-rollup-p035-c003,2024,C,35,35,https://github.com/tordecilla/unprogrammed-appropriations/releases/download/pdfs-status-pages-v1/annex-c-p035.pdf,DOH / Department subtotal,Total across displayed categories,Allotment Releases,CO,9207376646,pesos,9207376646,1,Unnumbered aggregate; not a distinct SARO instrument.
c-status-rollup-p035-c004,2024,C,35,35,https://github.com/tordecilla/unprogrammed-appropriations/releases/download/pdfs-status-pages-v1/annex-c-p035.pdf,DOH / Department subtotal,Total across displayed categories,Allotment Releases,Total,52887221391,pesos,52887221391,1,Unnumbered aggregate; not a distinct SARO instrument.
c-status-rollup-p035-c005,2024,C,35,35,https://github.com/tordecilla/unprogrammed-appropriations/releases/download/pdfs-status-pages-v1/annex-c-p035.pdf,DOH - Office of the Secretary / Office of the Secretary subtotal,Total across displayed categories,Allotment Releases,PS,5018356027,pesos,5018356027,1,Unnumbered aggregate; not a distinct SARO instrument.
c-status-rollup-p035-c006,2024,C,35,35,https://github.com/tordecilla/unprogrammed-appropriations/releases/download/pdfs-status-pages-v1/annex-c-p035.pdf,DOH - Office of the Secretary / Office of the Secretary subtotal,Total across displayed categories,Allotment Releases,MOOE,38659608929,pesos,38659608929,1,Unnumbered aggregate; not a distinct SARO instrument.
c-status-rollup-p035-c007,2024,C,35,35,https://github.com/tordecilla/unprogrammed-appropriations/releases/download/pdfs-status-pages-v1/annex-c-p035.pdf,DOH - Office of the Secretary / Office of the Secretary subtotal,Total across displayed categories,Allotment Releases,CO,9207376646,pesos,9207376646,1,Unnumbered aggregate; not a distinct SARO instrument.
c-status-rollup-p035-c008,2024,C,35,35,https://github.com/tordecilla/unprogrammed-appropriations/releases/download/pdfs-status-pages-v1/annex-c-p035.pdf,DOH - Office of the Secretary / Office of the Secretary subtotal,Total across displayed categories,Allotment Releases,Total,52885341602,pesos,52885341602,1,Unnumbered aggregate; not a distinct SARO instrument.
c-status-rollup-p038-c001,2024,C,38,38,https://github.com/tordecilla/unprogrammed-appropriations/releases/download/pdfs-status-pages-v1/annex-c-p038.pdf,DHSUD / Agency/department subtotal,For payment of Personnel Benefits,Allotment Releases,Other PS Deficiencies,82851893,pesos,82851893,1,Unnumbered aggregate; not a distinct SARO instrument.
c-status-rollup-p038-c002,2024,C,38,38,https://github.com/tordecilla/unprogrammed-appropriations/releases/download/pdfs-status-pages-v1/annex-c-p038.pdf,DHSUD / Agency/department subtotal,For payment of Personnel Benefits,Allotment Releases,Total,82851893,pesos,82851893,1,Unnumbered aggregate; not a distinct SARO instrument.
c-status-rollup-p038-c003,2024,C,38,38,https://github.com/tordecilla/unprogrammed-appropriations/releases/download/pdfs-status-pages-v1/annex-c-p038.pdf,DHSUD / Agency/department subtotal,Pension and Gratuity Fund,Allotment Releases,Terminal Leave/Retirement Gratuity,6624716,pesos,6624716,1,Unnumbered aggregate; not a distinct SARO instrument.
c-status-rollup-p038-c004,2024,C,38,38,https://github.com/tordecilla/unprogrammed-appropriations/releases/download/pdfs-status-pages-v1/annex-c-p038.pdf,DHSUD / Agency/department subtotal,Pension and Gratuity Fund,Allotment Releases,Monetization of Leave Credits,1156802,pesos,1156802,1,Unnumbered aggregate; not a distinct SARO instrument.
c-status-rollup-p038-c005,2024,C,38,38,https://github.com/tordecilla/unprogrammed-appropriations/releases/download/pdfs-status-pages-v1/annex-c-p038.pdf,DHSUD / Agency/department subtotal,Pension and Gratuity Fund,Allotment Releases,Total,7781518,pesos,7781518,1,Unnumbered aggregate; not a distinct SARO instrument.
c-status-rollup-p038-c006,2024,C,38,38,https://github.com/tordecilla/unprogrammed-appropriations/releases/download/pdfs-status-pages-v1/annex-c-p038.pdf,Human Settlements Adjudication Commission / Agency/department subtotal,For payment of Personnel Benefits,Allotment Releases,Other PS Deficiencies,33882406,pesos,33882406,1,Unnumbered aggregate; not a distinct SARO instrument.
c-status-rollup-p038-c007,2024,C,38,38,https://github.com/tordecilla/unprogrammed-appropriations/releases/download/pdfs-status-pages-v1/annex-c-p038.pdf,Human Settlements Adjudication Commission / Agency/department subtotal,For payment of Personnel Benefits,Allotment Releases,Total,33882406,pesos,33882406,1,Unnumbered aggregate; not a distinct SARO instrument.
c-status-rollup-p038-c008,2024,C,38,38,https://github.com/tordecilla/unprogrammed-appropriations/releases/download/pdfs-status-pages-v1/annex-c-p038.pdf,Human Settlements Adjudication Commission / Agency/department subtotal,Pension and Gratuity Fund,Allotment Releases,Terminal Leave/Retirement Gratuity,1558424,pesos,1558424,1,Unnumbered aggregate; not a distinct SARO instrument.
c-status-rollup-p038-c009,2024,C,38,38,https://github.com/tordecilla/unprogrammed-appropriations/releases/download/pdfs-status-pages-v1/annex-c-p038.pdf,Human Settlements Adjudication Commission / Agency/department subtotal,Pension and Gratuity Fund,Allotment Releases,Total,1558424,pesos,1558424,1,Unnumbered aggregate; not a distinct SARO instrument.
c-status-rollup-p038-c010,2024,C,38,38,https://github.com/tordecilla/unprogrammed-appropriations/releases/download/pdfs-status-pages-v1/annex-c-p038.pdf,DICT / Agency/department subtotal,For payment of Personnel Benefits,Allotment Releases,FY 2022 PBB,346299,pesos,346299,1,Unnumbered aggregate; not a distinct SARO instrument.
c-status-rollup-p038-c011,2024,C,38,38,https://github.com/tordecilla/unprogrammed-appropriations/releases/download/pdfs-status-pages-v1/annex-c-p038.pdf,DICT / Agency/department subtotal,For payment of Personnel Benefits,Allotment Releases,Other PS Deficiencies,80084143,pesos,80084143,1,Unnumbered aggregate; not a distinct SARO instrument.
c-status-rollup-p038-c012,2024,C,38,38,https://github.com/tordecilla/unprogrammed-appropriations/releases/download/pdfs-status-pages-v1/annex-c-p038.pdf,DICT / Agency/department subtotal,For payment of Personnel Benefits,Allotment Releases,Total,80430442,pesos,80430442,1,Unnumbered aggregate; not a distinct SARO instrument.
c-status-rollup-p038-c013,2024,C,38,38,https://github.com/tordecilla/unprogrammed-appropriations/releases/download/pdfs-status-pages-v1/annex-c-p038.pdf,DICT / Agency/department subtotal,Pension and Gratuity Fund,Allotment Releases,Terminal Leave/Retirement Gratuity,9811934,pesos,9811934,1,Unnumbered aggregate; not a distinct SARO instrument.
c-status-rollup-p038-c014,2024,C,38,38,https://github.com/tordecilla/unprogrammed-appropriations/releases/download/pdfs-status-pages-v1/annex-c-p038.pdf,DICT / Agency/department subtotal,Pension and Gratuity Fund,Allotment Releases,Monetization of Leave Credits,608586,pesos,608586,1,Unnumbered aggregate; not a distinct SARO instrument.
c-status-rollup-p038-c015,2024,C,38,38,https://github.com/tordecilla/unprogrammed-appropriations/releases/download/pdfs-status-pages-v1/annex-c-p038.pdf,DICT / Agency/department subtotal,Pension and Gratuity Fund,Allotment Releases,Total,10420520,pesos,10420520,1,Unnumbered aggregate; not a distinct SARO instrument.
c-status-rollup-p038-c016,2024,C,38,38,https://github.com/tordecilla/unprogrammed-appropriations/releases/download/pdfs-status-pages-v1/annex-c-p038.pdf,National Privacy Commission / Agency/department subtotal,For payment of Personnel Benefits,Allotment Releases,FY 2022 PBB,346299,pesos,346299,1,Unnumbered aggregate; not a distinct SARO instrument.
c-status-rollup-p038-c017,2024,C,38,38,https://github.com/tordecilla/unprogrammed-appropriations/releases/download/pdfs-status-pages-v1/annex-c-p038.pdf,National Privacy Commission / Agency/department subtotal,For payment of Personnel Benefits,Allotment Releases,Total,346299,pesos,346299,1,Unnumbered aggregate; not a distinct SARO instrument.
c-status-rollup-p038-c018,2024,C,38,38,https://github.com/tordecilla/unprogrammed-appropriations/releases/download/pdfs-status-pages-v1/annex-c-p038.pdf,National Privacy Commission / Agency/department subtotal,Pension and Gratuity Fund,Allotment Releases,Monetization of Leave Credits,366367,pesos,366367,1,Unnumbered aggregate; not a distinct SARO instrument.
c-status-rollup-p038-c019,2024,C,38,38,https://github.com/tordecilla/unprogrammed-appropriations/releases/download/pdfs-status-pages-v1/annex-c-p038.pdf,National Privacy Commission / Agency/department subtotal,Pension and Gratuity Fund,Allotment Releases,Total,366367,pesos,366367,1,Unnumbered aggregate; not a distinct SARO instrument.
c-status-rollup-p039-c001,2024,C,39,39,https://github.com/tordecilla/unprogrammed-appropriations/releases/download/pdfs-status-pages-v1/annex-c-p039.pdf,DHSUD / Department subtotal,Total across displayed categories,Allotment Releases,PS,90633411,pesos,90633411,1,Unnumbered aggregate; not a distinct SARO instrument.
c-status-rollup-p039-c002,2024,C,39,39,https://github.com/tordecilla/unprogrammed-appropriations/releases/download/pdfs-status-pages-v1/annex-c-p039.pdf,DHSUD / Department subtotal,Total across displayed categories,Allotment Releases,Total,90633411,pesos,90633411,1,Unnumbered aggregate; not a distinct SARO instrument.
c-status-rollup-p039-c003,2024,C,39,39,https://github.com/tordecilla/unprogrammed-appropriations/releases/download/pdfs-status-pages-v1/annex-c-p039.pdf,DHSUD - Office of the Secretary / Office of the Secretary subtotal,Total across displayed categories,Allotment Releases,PS,55192581,pesos,55192581,1,Unnumbered aggregate; not a distinct SARO instrument.
c-status-rollup-p039-c004,2024,C,39,39,https://github.com/tordecilla/unprogrammed-appropriations/releases/download/pdfs-status-pages-v1/annex-c-p039.pdf,DHSUD - Office of the Secretary / Office of the Secretary subtotal,Total across displayed categories,Allotment Releases,Total,55192581,pesos,55192581,1,Unnumbered aggregate; not a distinct SARO instrument.
c-status-rollup-p039-c005,2024,C,39,39,https://github.com/tordecilla/unprogrammed-appropriations/releases/download/pdfs-status-pages-v1/annex-c-p039.pdf,DICT / Department subtotal,Total across displayed categories,Allotment Releases,PS,90850962,pesos,90850962,1,Unnumbered aggregate; not a distinct SARO instrument.
c-status-rollup-p039-c006,2024,C,39,39,https://github.com/tordecilla/unprogrammed-appropriations/releases/download/pdfs-status-pages-v1/annex-c-p039.pdf,DICT / Department subtotal,Total across displayed categories,Allotment Releases,Total,90850962,pesos,90850962,1,Unnumbered aggregate; not a distinct SARO instrument.
c-status-rollup-p039-c007,2024,C,39,39,https://github.com/tordecilla/unprogrammed-appropriations/releases/download/pdfs-status-pages-v1/annex-c-p039.pdf,DICT - Office of the Secretary / Office of the Secretary subtotal,Total across displayed categories,Allotment Releases,PS,68490142,pesos,68490142,1,Unnumbered aggregate; not a distinct SARO instrument.
c-status-rollup-p039-c008,2024,C,39,39,https://github.com/tordecilla/unprogrammed-appropriations/releases/download/pdfs-status-pages-v1/annex-c-p039.pdf,DICT - Office of the Secretary / Office of the Secretary subtotal,Total across displayed categories,Allotment Releases,Total,68490142,pesos,68490142,1,Unnumbered aggregate; not a distinct SARO instrument.
c-status-rollup-p038-c020,2024,C,38,38,https://github.com/tordecilla/unprogrammed-appropriations/releases/download/pdfs-status-pages-v1/annex-c-p038.pdf,DHSUD - Office of the Secretary / Various SAROs issued in November aggregate,For payment of terminal leave benefits and monetization of leave credits,Allotment Releases,Terminal Leave/Retirement Gratuity,552404,pesos,552404,1,Unnumbered aggregate; not a distinct SARO instrument.
c-status-rollup-p038-c021,2024,C,38,38,https://github.com/tordecilla/unprogrammed-appropriations/releases/download/pdfs-status-pages-v1/annex-c-p038.pdf,DHSUD - Office of the Secretary / Various SAROs issued in November aggregate,For payment of terminal leave benefits and monetization of leave credits,Allotment Releases,Monetization of Leave Credits,1156802,pesos,1156802,1,Unnumbered aggregate; not a distinct SARO instrument.
c-status-rollup-p038-c022,2024,C,38,38,https://github.com/tordecilla/unprogrammed-appropriations/releases/download/pdfs-status-pages-v1/annex-c-p038.pdf,DHSUD - Office of the Secretary / Various SAROs issued in November aggregate,For payment of terminal leave benefits and monetization of leave credits,Allotment Releases,Total,1709206,pesos,1709206,1,Unnumbered aggregate; not a distinct SARO instrument.
c-status-rollup-p038-c023,2024,C,38,38,https://github.com/tordecilla/unprogrammed-appropriations/releases/download/pdfs-status-pages-v1/annex-c-p038.pdf,DICT - Office of the Secretary / Various SAROs issued in November aggregate,For payment of terminal leave benefits and monetization of leave credits,Allotment Releases,Terminal Leave/Retirement Gratuity,658049,pesos,658049,1,Unnumbered aggregate; not a distinct SARO instrument.
c-status-rollup-p038-c024,2024,C,38,38,https://github.com/tordecilla/unprogrammed-appropriations/releases/download/pdfs-status-pages-v1/annex-c-p038.pdf,DICT - Office of the Secretary / Various SAROs issued in November aggregate,For payment of terminal leave benefits and monetization of leave credits,Allotment Releases,Monetization of Leave Credits,113412,pesos,113412,1,Unnumbered aggregate; not a distinct SARO instrument.
c-status-rollup-p038-c025,2024,C,38,38,https://github.com/tordecilla/unprogrammed-appropriations/releases/download/pdfs-status-pages-v1/annex-c-p038.pdf,DICT - Office of the Secretary / Various SAROs issued in November aggregate,For payment of terminal leave benefits and monetization of leave credits,Allotment Releases,Total,771461,pesos,771461,1,Unnumbered aggregate; not a distinct SARO instrument.
c-status-rollup-p038-c026,2024,C,38,38,https://github.com/tordecilla/unprogrammed-appropriations/releases/download/pdfs-status-pages-v1/annex-c-p038.pdf,DICT - Office of the Secretary / Various SAROs issued in December aggregate,For payment of terminal leave benefits and monetization of leave credits,Allotment Releases,Terminal Leave/Retirement Gratuity,1540755,pesos,1540755,1,Unnumbered aggregate; not a distinct SARO instrument.
c-status-rollup-p038-c027,2024,C,38,38,https://github.com/tordecilla/unprogrammed-appropriations/releases/download/pdfs-status-pages-v1/annex-c-p038.pdf,DICT - Office of the Secretary / Various SAROs issued in December aggregate,For payment of terminal leave benefits and monetization of leave credits,Allotment Releases,Monetization of Leave Credits,128807,pesos,128807,1,Unnumbered aggregate; not a distinct SARO instrument.
c-status-rollup-p038-c028,2024,C,38,38,https://github.com/tordecilla/unprogrammed-appropriations/releases/download/pdfs-status-pages-v1/annex-c-p038.pdf,DICT - Office of the Secretary / Various SAROs issued in December aggregate,For payment of terminal leave benefits and monetization of leave credits,Allotment Releases,Total,1669562,pesos,1669562,1,Unnumbered aggregate; not a distinct SARO instrument.
c-status-rollup-p043-c001,2024,C,43,40,https://github.com/tordecilla/unprogrammed-appropriations/releases/download/pdfs-status-pages-v1/annex-c-p043.pdf,National Telecommunications Commission / Various SAROs issued in November,For payment of terminal leave benefits,Allotment Releases,Terminal Leave/Retirement Gratuity,3637428,pesos,3637428,1,Unnumbered aggregate; not a distinct SARO instrument.
c-status-rollup-p043-c002,2024,C,43,40,https://github.com/tordecilla/unprogrammed-appropriations/releases/download/pdfs-status-pages-v1/annex-c-p043.pdf,National Telecommunications Commission / Various SAROs issued in November,For payment of terminal leave benefits,Allotment Releases,Total,3637428,pesos,3637428,1,Unnumbered aggregate; not a distinct SARO instrument.
c-status-rollup-p043-c003,2024,C,43,40,https://github.com/tordecilla/unprogrammed-appropriations/releases/download/pdfs-status-pages-v1/annex-c-p043.pdf,National Telecommunications Commission / Various SAROs issued in December,For payment of terminal leave benefits,Allotment Releases,Terminal Leave/Retirement Gratuity,602550,pesos,602550,1,Unnumbered aggregate; not a distinct SARO instrument.
c-status-rollup-p043-c004,2024,C,43,40,https://github.com/tordecilla/unprogrammed-appropriations/releases/download/pdfs-status-pages-v1/annex-c-p043.pdf,National Telecommunications Commission / Various SAROs issued in December,For payment of terminal leave benefits,Allotment Releases,Total,602550,pesos,602550,1,Unnumbered aggregate; not a distinct SARO instrument.
c-status-rollup-p043-c005,2024,C,43,40,https://github.com/tordecilla/unprogrammed-appropriations/releases/download/pdfs-status-pages-v1/annex-c-p043.pdf,National Telecommunications Commission / National Telecommunications Commission agency subtotal,Agency subtotal,Allotment Releases,Total,21648154,pesos,21648154,1,Unnumbered aggregate; not a distinct SARO instrument. Visible subtotal row; arithmetic reconciles to listed SARO and Various SARO rows.
c-status-rollup-p043-c006,2024,C,43,40,https://github.com/tordecilla/unprogrammed-appropriations/releases/download/pdfs-status-pages-v1/annex-c-p043.pdf,Department of the Interior and Local Government (DILG) ? Office of the Secretary / Various SAROs issued in October,For payment of terminal leave benefits and monetization of leave credits,Allotment Releases,Terminal Leave/Retirement Gratuity,9901621,pesos,9901621,1,Unnumbered aggregate; not a distinct SARO instrument.
c-status-rollup-p043-c007,2024,C,43,40,https://github.com/tordecilla/unprogrammed-appropriations/releases/download/pdfs-status-pages-v1/annex-c-p043.pdf,Department of the Interior and Local Government (DILG) ? Office of the Secretary / Various SAROs issued in October,For payment of terminal leave benefits and monetization of leave credits,Allotment Releases,Total,9901621,pesos,9901621,1,Unnumbered aggregate; not a distinct SARO instrument.
c-status-rollup-p043-c008,2024,C,43,40,https://github.com/tordecilla/unprogrammed-appropriations/releases/download/pdfs-status-pages-v1/annex-c-p043.pdf,Department of the Interior and Local Government (DILG) ? Office of the Secretary / Various SAROs issued in November,For payment of terminal leave benefits and monetization of leave credits,Allotment Releases,Terminal Leave/Retirement Gratuity,21557872,pesos,21557872,1,Unnumbered aggregate; not a distinct SARO instrument.
c-status-rollup-p043-c009,2024,C,43,40,https://github.com/tordecilla/unprogrammed-appropriations/releases/download/pdfs-status-pages-v1/annex-c-p043.pdf,Department of the Interior and Local Government (DILG) ? Office of the Secretary / Various SAROs issued in November,For payment of terminal leave benefits and monetization of leave credits,Allotment Releases,Total,21557872,pesos,21557872,1,Unnumbered aggregate; not a distinct SARO instrument.
c-status-rollup-p043-c010,2024,C,43,40,https://github.com/tordecilla/unprogrammed-appropriations/releases/download/pdfs-status-pages-v1/annex-c-p043.pdf,Department of the Interior and Local Government (DILG) ? Office of the Secretary / Various SAROs issued in December,For payment of terminal leave benefits,Allotment Releases,Terminal Leave/Retirement Gratuity,5087916,pesos,5087916,1,Unnumbered aggregate; not a distinct SARO instrument.
c-status-rollup-p043-c011,2024,C,43,40,https://github.com/tordecilla/unprogrammed-appropriations/releases/download/pdfs-status-pages-v1/annex-c-p043.pdf,Department of the Interior and Local Government (DILG) ? Office of the Secretary / Various SAROs issued in December,For payment of terminal leave benefits,Allotment Releases,Total,5087916,pesos,5087916,1,Unnumbered aggregate; not a distinct SARO instrument.
c-status-rollup-p043-c012,2024,C,43,40,https://github.com/tordecilla/unprogrammed-appropriations/releases/download/pdfs-status-pages-v1/annex-c-p043.pdf,Department of the Interior and Local Government (DILG) ? Office of the Secretary / DILG Office of the Secretary subtotal,Agency subtotal,Allotment Releases,Terminal Leave/Retirement Gratuity,163375494,pesos,163375494,1,"Unnumbered aggregate; not a distinct SARO instrument. Printed 199,922,903 is the full Office of the Secretary subtotal across separate expense sections, not a sum of only the other cells currently mapped. The visible subtotal row spans Personnel Benefits and Pension and Gratuity Fund; precise cell-to-section attribution of the amount map should be checked against the scan."
c-status-rollup-p043-c013,2024,C,43,40,https://github.com/tordecilla/unprogrammed-appropriations/releases/download/pdfs-status-pages-v1/annex-c-p043.pdf,Department of the Interior and Local Government (DILG) ? Office of the Secretary / DILG Office of the Secretary subtotal,Agency subtotal,Allotment Releases,Monetization of Leave Credits,4043893,pesos,4043893,1,"Unnumbered aggregate; not a distinct SARO instrument. Printed 199,922,903 is the full Office of the Secretary subtotal across separate expense sections, not a sum of only the other cells currently mapped. The visible subtotal row spans Personnel Benefits and Pension and Gratuity Fund; precise cell-to-section attribution of the amount map should be checked against the scan."
c-status-rollup-p043-c014,2024,C,43,40,https://github.com/tordecilla/unprogrammed-appropriations/releases/download/pdfs-status-pages-v1/annex-c-p043.pdf,Department of the Interior and Local Government (DILG) ? Office of the Secretary / DILG Office of the Secretary subtotal,Agency subtotal,Allotment Releases,Agency Total,199922903,pesos,199922903,1,"Unnumbered aggregate; not a distinct SARO instrument. Printed 199,922,903 is the full Office of the Secretary subtotal across separate expense sections, not a sum of only the other cells currently mapped. The visible subtotal row spans Personnel Benefits and Pension and Gratuity Fund; precise cell-to-section attribution of the amount map should be checked against the scan."
c-status-rollup-p043-c015,2024,C,43,40,https://github.com/tordecilla/unprogrammed-appropriations/releases/download/pdfs-status-pages-v1/annex-c-p043.pdf,Department of the Interior and Local Government (DILG) / DILG department subtotal,Department subtotal,Allotment Releases,Total,8768784307,pesos,8768784307,1,Unnumbered aggregate; not a distinct SARO instrument.
c-status-rollup-p043-c016,2024,C,43,40,https://github.com/tordecilla/unprogrammed-appropriations/releases/download/pdfs-status-pages-v1/annex-c-p043.pdf,Bureau of Fire Protection / Bureau of Fire Protection agency subtotal,Agency subtotal,Allotment Releases,Terminal Leave/Retirement Gratuity,83368721,pesos,83368721,1,Unnumbered aggregate; not a distinct SARO instrument.
c-status-rollup-p043-c017,2024,C,43,40,https://github.com/tordecilla/unprogrammed-appropriations/releases/download/pdfs-status-pages-v1/annex-c-p043.pdf,Bureau of Fire Protection / Bureau of Fire Protection agency subtotal,Agency subtotal,Allotment Releases,Total,83368721,pesos,83368721,1,Unnumbered aggregate; not a distinct SARO instrument.
c-status-rollup-p043-c018,2024,C,43,40,https://github.com/tordecilla/unprogrammed-appropriations/releases/download/pdfs-status-pages-v1/annex-c-p043.pdf,Bureau of Jail Management and Penology / Bureau of Jail Management and Penology agency subtotal,Agency subtotal,Allotment Releases,Terminal Leave/Retirement Gratuity,182261494,pesos,182261494,1,"Unnumbered aggregate; not a distinct SARO instrument. Printed 409,689,175 is the Personnel Benefits section subtotal. Pension and Gratuity Fund cells on the same agency subtotal row are separate and must not be combined into this section total."
c-status-rollup-p043-c019,2024,C,43,40,https://github.com/tordecilla/unprogrammed-appropriations/releases/download/pdfs-status-pages-v1/annex-c-p043.pdf,Bureau of Jail Management and Penology / Bureau of Jail Management and Penology agency subtotal,Agency subtotal,Allotment Releases,Personnel Benefits Total,409689175,pesos,409689175,1,"Unnumbered aggregate; not a distinct SARO instrument. Printed 409,689,175 is the Personnel Benefits section subtotal. Pension and Gratuity Fund cells on the same agency subtotal row are separate and must not be combined into this section total."
c-status-rollup-p043-c020,2024,C,43,40,https://github.com/tordecilla/unprogrammed-appropriations/releases/download/pdfs-status-pages-v1/annex-c-p043.pdf,Local Government Academy / Local Government Academy agency subtotal,Agency subtotal,Allotment Releases,Terminal Leave/Retirement Gratuity,430876,pesos,430876,1,Unnumbered aggregate; not a distinct SARO instrument.
c-status-rollup-p043-c021,2024,C,43,40,https://github.com/tordecilla/unprogrammed-appropriations/releases/download/pdfs-status-pages-v1/annex-c-p043.pdf,Local Government Academy / Local Government Academy agency subtotal,Agency subtotal,Allotment Releases,Other PS Deficiencies,2420311,pesos,2420311,1,Unnumbered aggregate; not a distinct SARO instrument.
c-status-rollup-p043-c022,2024,C,43,40,https://github.com/tordecilla/unprogrammed-appropriations/releases/download/pdfs-status-pages-v1/annex-c-p043.pdf,Local Government Academy / Local Government Academy agency subtotal,Agency subtotal,Allotment Releases,Total,2851187,pesos,2851187,1,Unnumbered aggregate; not a distinct SARO instrument.
c-status-rollup-p043-c023,2024,C,43,40,https://github.com/tordecilla/unprogrammed-appropriations/releases/download/pdfs-status-pages-v1/annex-c-p043.pdf,National Police Commission / National Police Commission Various SAROs issued in December,For payment of terminal leave benefits and Pension,Allotment Releases,Terminal Leave/Retirement Gratuity,7621702,pesos,7621702,1,Unnumbered aggregate; not a distinct SARO instrument.
c-status-rollup-p043-c024,2024,C,43,40,https://github.com/tordecilla/unprogrammed-appropriations/releases/download/pdfs-status-pages-v1/annex-c-p043.pdf,National Police Commission / National Police Commission Various SAROs issued in December,For payment of terminal leave benefits and Pension,Allotment Releases,Total,7621702,pesos,7621702,1,Unnumbered aggregate; not a distinct SARO instrument.
c-status-rollup-p043-c025,2024,C,43,40,https://github.com/tordecilla/unprogrammed-appropriations/releases/download/pdfs-status-pages-v1/annex-c-p043.pdf,National Police Commission / National Police Commission agency subtotal,Agency subtotal,Allotment Releases,Terminal Leave/Retirement Gratuity,7539189,pesos,7539189,1,"Unnumbered aggregate; not a distinct SARO instrument. Printed 10,173,300 appears in the overall total column. Its scope relative to the separately printed Personnel Benefits and Pension and Gratuity Fund subtotal cells cannot be confirmed from the visible row; retain as the printed agency total."
c-status-rollup-p043-c026,2024,C,43,40,https://github.com/tordecilla/unprogrammed-appropriations/releases/download/pdfs-status-pages-v1/annex-c-p043.pdf,National Police Commission / National Police Commission agency subtotal,Agency subtotal,Allotment Releases,Agency Total,10173300,pesos,10173300,1,"Unnumbered aggregate; not a distinct SARO instrument. Printed 10,173,300 appears in the overall total column. Its scope relative to the separately printed Personnel Benefits and Pension and Gratuity Fund subtotal cells cannot be confirmed from the visible row; retain as the printed agency total."
c-status-rollup-p047-c001,2024,C,47,44,https://github.com/tordecilla/unprogrammed-appropriations/releases/download/pdfs-status-pages-v1/annex-c-p047.pdf,Philippine National Police / Various SAROs issued in October,"For payment of pension, terminal leave benefits and retirement gratuity",Allotment Releases,Pension,29252771,pesos,29252771,1,Unnumbered aggregate; not a distinct SARO instrument.
c-status-rollup-p047-c002,2024,C,47,44,https://github.com/tordecilla/unprogrammed-appropriations/releases/download/pdfs-status-pages-v1/annex-c-p047.pdf,Philippine National Police / Various SAROs issued in October,"For payment of pension, terminal leave benefits and retirement gratuity",Allotment Releases,Terminal Leave/Retirement Gratuity,1716058189,pesos,1716058189,1,Unnumbered aggregate; not a distinct SARO instrument.
c-status-rollup-p047-c003,2024,C,47,44,https://github.com/tordecilla/unprogrammed-appropriations/releases/download/pdfs-status-pages-v1/annex-c-p047.pdf,Philippine National Police / Various SAROs issued in October,"For payment of pension, terminal leave benefits and retirement gratuity",Allotment Releases,Total,1745310960,pesos,1745310960,1,Unnumbered aggregate; not a distinct SARO instrument.
c-status-rollup-p047-c004,2024,C,47,44,https://github.com/tordecilla/unprogrammed-appropriations/releases/download/pdfs-status-pages-v1/annex-c-p047.pdf,Philippine National Police / Various SAROs issued in November,"For payment of pension, terminal leave benefits and retirement gratuity",Allotment Releases,Pension,172021628,pesos,172021628,1,Unnumbered aggregate; not a distinct SARO instrument.
c-status-rollup-p047-c005,2024,C,47,44,https://github.com/tordecilla/unprogrammed-appropriations/releases/download/pdfs-status-pages-v1/annex-c-p047.pdf,Philippine National Police / Various SAROs issued in November,"For payment of pension, terminal leave benefits and retirement gratuity",Allotment Releases,Terminal Leave/Retirement Gratuity,1875837049,pesos,1875837049,1,Unnumbered aggregate; not a distinct SARO instrument.
c-status-rollup-p047-c006,2024,C,47,44,https://github.com/tordecilla/unprogrammed-appropriations/releases/download/pdfs-status-pages-v1/annex-c-p047.pdf,Philippine National Police / Various SAROs issued in November,"For payment of pension, terminal leave benefits and retirement gratuity",Allotment Releases,Total,2047858677,pesos,2047858677,1,Unnumbered aggregate; not a distinct SARO instrument.
c-status-rollup-p047-c007,2024,C,47,44,https://github.com/tordecilla/unprogrammed-appropriations/releases/download/pdfs-status-pages-v1/annex-c-p047.pdf,Philippine National Police / Various SAROs issued in December,"For payment of pension, terminal leave benefits and retirement gratuity",Allotment Releases,Pension,316677395,pesos,316677395,1,Unnumbered aggregate; not a distinct SARO instrument.
c-status-rollup-p047-c008,2024,C,47,44,https://github.com/tordecilla/unprogrammed-appropriations/releases/download/pdfs-status-pages-v1/annex-c-p047.pdf,Philippine National Police / Various SAROs issued in December,"For payment of pension, terminal leave benefits and retirement gratuity",Allotment Releases,Terminal Leave/Retirement Gratuity,686871480,pesos,686871480,1,Unnumbered aggregate; not a distinct SARO instrument.
c-status-rollup-p047-c009,2024,C,47,44,https://github.com/tordecilla/unprogrammed-appropriations/releases/download/pdfs-status-pages-v1/annex-c-p047.pdf,Philippine National Police / Various SAROs issued in December,"For payment of pension, terminal leave benefits and retirement gratuity",Allotment Releases,Total,1003548875,pesos,1003548875,1,Unnumbered aggregate; not a distinct SARO instrument.
c-status-rollup-p047-c010,2024,C,47,44,https://github.com/tordecilla/unprogrammed-appropriations/releases/download/pdfs-status-pages-v1/annex-c-p047.pdf,Philippine National Police / Various SAROs issued in December,For payment of FY2024 PS Deficiency,Allotment Releases,Other PS Deficiencies,1510869815,pesos,1510869815,1,Unnumbered aggregate; not a distinct SARO instrument.
c-status-rollup-p047-c011,2024,C,47,44,https://github.com/tordecilla/unprogrammed-appropriations/releases/download/pdfs-status-pages-v1/annex-c-p047.pdf,Philippine National Police / Various SAROs issued in December,For payment of FY2024 PS Deficiency,Allotment Releases,Total,1510869815,pesos,1510869815,1,Unnumbered aggregate; not a distinct SARO instrument.
c-status-rollup-p047-c012,2024,C,47,44,https://github.com/tordecilla/unprogrammed-appropriations/releases/download/pdfs-status-pages-v1/annex-c-p047.pdf,Department of Justice (DOJ) ? Office of the Secretary / DOJ Office of the Secretary Various SAROs issued in October,"For payment of pension, terminal leave benefits and retirement gratuity",Allotment Releases,Pension,73467204,pesos,73467204,1,Unnumbered aggregate; not a distinct SARO instrument.
c-status-rollup-p047-c013,2024,C,47,44,https://github.com/tordecilla/unprogrammed-appropriations/releases/download/pdfs-status-pages-v1/annex-c-p047.pdf,Department of Justice (DOJ) ? Office of the Secretary / DOJ Office of the Secretary Various SAROs issued in October,"For payment of pension, terminal leave benefits and retirement gratuity",Allotment Releases,Terminal Leave/Retirement Gratuity,49885901,pesos,49885901,1,Unnumbered aggregate; not a distinct SARO instrument.
c-status-rollup-p047-c014,2024,C,47,44,https://github.com/tordecilla/unprogrammed-appropriations/releases/download/pdfs-status-pages-v1/annex-c-p047.pdf,Department of Justice (DOJ) ? Office of the Secretary / DOJ Office of the Secretary Various SAROs issued in October,"For payment of pension, terminal leave benefits and retirement gratuity",Allotment Releases,Total,123353105,pesos,123353105,1,Unnumbered aggregate; not a distinct SARO instrument.
c-status-rollup-p047-c015,2024,C,47,44,https://github.com/tordecilla/unprogrammed-appropriations/releases/download/pdfs-status-pages-v1/annex-c-p047.pdf,Bureau of Corrections / Bureau of Corrections Various SAROs issued in October,For payment of terminal leave benefits,Allotment Releases,Terminal Leave/Retirement Gratuity,5156047,pesos,5156047,1,Unnumbered aggregate; not a distinct SARO instrument.
c-status-rollup-p047-c016,2024,C,47,44,https://github.com/tordecilla/unprogrammed-appropriations/releases/download/pdfs-status-pages-v1/annex-c-p047.pdf,Bureau of Corrections / Bureau of Corrections Various SAROs issued in October,For payment of terminal leave benefits,Allotment Releases,Total,5156047,pesos,5156047,1,Unnumbered aggregate; not a distinct SARO instrument.
c-status-rollup-p047-c017,2024,C,47,44,https://github.com/tordecilla/unprogrammed-appropriations/releases/download/pdfs-status-pages-v1/annex-c-p047.pdf,Land Registration Authority / Land Registration Authority Various SAROs issued in December,For payment of terminal leave benefits and monetization of leave credits,Allotment Releases,Terminal Leave/Retirement Gratuity,290559,pesos,290559,1,Unnumbered aggregate; not a distinct SARO instrument.
c-status-rollup-p047-c018,2024,C,47,44,https://github.com/tordecilla/unprogrammed-appropriations/releases/download/pdfs-status-pages-v1/annex-c-p047.pdf,Land Registration Authority / Land Registration Authority Various SAROs issued in December,For payment of terminal leave benefits and monetization of leave credits,Allotment Releases,Monetization of Leave Credits,2144768,pesos,2144768,1,Unnumbered aggregate; not a distinct SARO instrument.
c-status-rollup-p047-c019,2024,C,47,44,https://github.com/tordecilla/unprogrammed-appropriations/releases/download/pdfs-status-pages-v1/annex-c-p047.pdf,Land Registration Authority / Land Registration Authority Various SAROs issued in December,For payment of terminal leave benefits and monetization of leave credits,Allotment Releases,Total,2435327,pesos,2435327,1,Unnumbered aggregate; not a distinct SARO instrument.
c-status-rollup-p051-c001,2024,C,51,48,https://github.com/tordecilla/unprogrammed-appropriations/releases/download/pdfs-status-pages-v1/annex-c-p051.pdf,Department of Labor and Employment (DOLE) ? Office of the Secretary / DOLE Office of the Secretary Various SAROs issued in October,For payment of terminal leave benefits,Allotment Releases,Terminal Leave/Retirement Gratuity,2653190,pesos,2653190,1,Unnumbered aggregate; not a distinct SARO instrument.
c-status-rollup-p051-c002,2024,C,51,48,https://github.com/tordecilla/unprogrammed-appropriations/releases/download/pdfs-status-pages-v1/annex-c-p051.pdf,Department of Labor and Employment (DOLE) ? Office of the Secretary / DOLE Office of the Secretary Various SAROs issued in October,For payment of terminal leave benefits,Allotment Releases,Total,2653190,pesos,2653190,1,Unnumbered aggregate; not a distinct SARO instrument.
c-status-rollup-p051-c003,2024,C,51,48,https://github.com/tordecilla/unprogrammed-appropriations/releases/download/pdfs-status-pages-v1/annex-c-p051.pdf,Department of Labor and Employment (DOLE) ? Office of the Secretary / DOLE Office of the Secretary Various SAROs issued in November,For payment of terminal leave benefits,Allotment Releases,Terminal Leave/Retirement Gratuity,11583343,pesos,11583343,1,Unnumbered aggregate; not a distinct SARO instrument.
c-status-rollup-p051-c004,2024,C,51,48,https://github.com/tordecilla/unprogrammed-appropriations/releases/download/pdfs-status-pages-v1/annex-c-p051.pdf,Department of Labor and Employment (DOLE) ? Office of the Secretary / DOLE Office of the Secretary Various SAROs issued in November,For payment of terminal leave benefits,Allotment Releases,Total,11583343,pesos,11583343,1,Unnumbered aggregate; not a distinct SARO instrument.
c-status-rollup-p051-c005,2024,C,51,48,https://github.com/tordecilla/unprogrammed-appropriations/releases/download/pdfs-status-pages-v1/annex-c-p051.pdf,Department of Labor and Employment (DOLE) ? Office of the Secretary / DOLE Office of the Secretary Various SAROs issued in December,For payment of terminal leave benefits,Allotment Releases,Terminal Leave/Retirement Gratuity,1051166,pesos,1051166,1,Unnumbered aggregate; not a distinct SARO instrument.
c-status-rollup-p051-c006,2024,C,51,48,https://github.com/tordecilla/unprogrammed-appropriations/releases/download/pdfs-status-pages-v1/annex-c-p051.pdf,Department of Labor and Employment (DOLE) ? Office of the Secretary / DOLE Office of the Secretary Various SAROs issued in December,For payment of terminal leave benefits,Allotment Releases,Total,1051166,pesos,1051166,1,Unnumbered aggregate; not a distinct SARO instrument.
c-status-rollup-p051-c007,2024,C,51,48,https://github.com/tordecilla/unprogrammed-appropriations/releases/download/pdfs-status-pages-v1/annex-c-p051.pdf,Department of Labor and Employment (DOLE) ? Office of the Secretary / DOLE Office of the Secretary subtotal,Agency subtotal,Allotment Releases,Terminal Leave/Retirement Gratuity,15287699,pesos,15287699,1,Unnumbered aggregate; not a distinct SARO instrument.
c-status-rollup-p051-c008,2024,C,51,48,https://github.com/tordecilla/unprogrammed-appropriations/releases/download/pdfs-status-pages-v1/annex-c-p051.pdf,Department of Labor and Employment (DOLE) ? Office of the Secretary / DOLE Office of the Secretary subtotal,Agency subtotal,Allotment Releases,Total,15287699,pesos,15287699,1,Unnumbered aggregate; not a distinct SARO instrument.
c-status-rollup-p051-c009,2024,C,51,48,https://github.com/tordecilla/unprogrammed-appropriations/releases/download/pdfs-status-pages-v1/annex-c-p051.pdf,National Conciliation and Mediation Board / National Conciliation and Mediation Board agency subtotal,Agency subtotal,Allotment Releases,Terminal Leave/Retirement Gratuity,2729698,pesos,2729698,1,Unnumbered aggregate; not a distinct SARO instrument.
c-status-rollup-p051-c010,2024,C,51,48,https://github.com/tordecilla/unprogrammed-appropriations/releases/download/pdfs-status-pages-v1/annex-c-p051.pdf,National Conciliation and Mediation Board / National Conciliation and Mediation Board agency subtotal,Agency subtotal,Allotment Releases,Total,2729698,pesos,2729698,1,Unnumbered aggregate; not a distinct SARO instrument.
c-status-rollup-p051-c011,2024,C,51,48,https://github.com/tordecilla/unprogrammed-appropriations/releases/download/pdfs-status-pages-v1/annex-c-p051.pdf,Department of Labor and Employment (DOLE) / DOLE department subtotal,Department subtotal,Allotment Releases,Terminal Leave/Retirement Gratuity,319125713,pesos,319125713,1,Unnumbered aggregate; not a distinct SARO instrument.
c-status-rollup-p051-c012,2024,C,51,48,https://github.com/tordecilla/unprogrammed-appropriations/releases/download/pdfs-status-pages-v1/annex-c-p051.pdf,Department of Labor and Employment (DOLE) / DOLE department subtotal,Department subtotal,Allotment Releases,MOOE,338264979,pesos,338264979,1,Unnumbered aggregate; not a distinct SARO instrument.
c-status-rollup-p051-c013,2024,C,51,48,https://github.com/tordecilla/unprogrammed-appropriations/releases/download/pdfs-status-pages-v1/annex-c-p051.pdf,Department of Labor and Employment (DOLE) / DOLE department subtotal,Department subtotal,Allotment Releases,CO,1269000000,pesos,1269000000,1,Unnumbered aggregate; not a distinct SARO instrument.
c-status-rollup-p051-c014,2024,C,51,48,https://github.com/tordecilla/unprogrammed-appropriations/releases/download/pdfs-status-pages-v1/annex-c-p051.pdf,Department of Labor and Employment (DOLE) / DOLE department subtotal,Department subtotal,Allotment Releases,Total,1926390692,pesos,1926390692,1,Unnumbered aggregate; not a distinct SARO instrument.
c-status-rollup-p055-c001,2024,C,55,52,https://github.com/tordecilla/unprogrammed-appropriations/releases/download/pdfs-status-pages-v1/annex-c-p055.pdf,National Labor Relations Commission / National Labor Relations Commission Various SAROs issued in October,For payment of terminal leave benefits and retirement gratuity,Allotment Releases,Terminal Leave/Retirement Gratuity,16095630,pesos,16095630,1,Unnumbered aggregate; not a distinct SARO instrument.
c-status-rollup-p055-c002,2024,C,55,52,https://github.com/tordecilla/unprogrammed-appropriations/releases/download/pdfs-status-pages-v1/annex-c-p055.pdf,National Labor Relations Commission / National Labor Relations Commission Various SAROs issued in October,For payment of terminal leave benefits and retirement gratuity,Allotment Releases,Total,16095630,pesos,16095630,1,Unnumbered aggregate; not a distinct SARO instrument.
c-status-rollup-p055-c003,2024,C,55,52,https://github.com/tordecilla/unprogrammed-appropriations/releases/download/pdfs-status-pages-v1/annex-c-p055.pdf,National Labor Relations Commission / National Labor Relations Commission Various SAROs issued in November,For payment of terminal leave benefits and retirement gratuity,Allotment Releases,Terminal Leave/Retirement Gratuity,16520255,pesos,16520255,1,Unnumbered aggregate; not a distinct SARO instrument.
c-status-rollup-p055-c004,2024,C,55,52,https://github.com/tordecilla/unprogrammed-appropriations/releases/download/pdfs-status-pages-v1/annex-c-p055.pdf,National Labor Relations Commission / National Labor Relations Commission Various SAROs issued in November,For payment of terminal leave benefits and retirement gratuity,Allotment Releases,Total,16520255,pesos,16520255,1,Unnumbered aggregate; not a distinct SARO instrument.
c-status-rollup-p055-c005,2024,C,55,52,https://github.com/tordecilla/unprogrammed-appropriations/releases/download/pdfs-status-pages-v1/annex-c-p055.pdf,National Labor Relations Commission / National Labor Relations Commission Various SAROs issued in December,For payment of terminal leave benefits and monetization of leave credits,Allotment Releases,Terminal Leave/Retirement Gratuity,218696,pesos,218696,1,Unnumbered aggregate; not a distinct SARO instrument.
c-status-rollup-p055-c006,2024,C,55,52,https://github.com/tordecilla/unprogrammed-appropriations/releases/download/pdfs-status-pages-v1/annex-c-p055.pdf,National Labor Relations Commission / National Labor Relations Commission Various SAROs issued in December,For payment of terminal leave benefits and monetization of leave credits,Allotment Releases,Monetization of Leave Credits,236648,pesos,236648,1,Unnumbered aggregate; not a distinct SARO instrument.
c-status-rollup-p055-c007,2024,C,55,52,https://github.com/tordecilla/unprogrammed-appropriations/releases/download/pdfs-status-pages-v1/annex-c-p055.pdf,National Labor Relations Commission / National Labor Relations Commission Various SAROs issued in December,For payment of terminal leave benefits and monetization of leave credits,Allotment Releases,Total,455344,pesos,455344,1,Unnumbered aggregate; not a distinct SARO instrument.
c-status-rollup-p055-c008,2024,C,55,52,https://github.com/tordecilla/unprogrammed-appropriations/releases/download/pdfs-status-pages-v1/annex-c-p055.pdf,National Labor Relations Commission / National Labor Relations Commission agency subtotal,Agency subtotal,Allotment Releases,Other PS Deficiencies,102775662,pesos,102775662,1,Unnumbered aggregate; not a distinct SARO instrument. Subtotal reconciles to the three Various SAROs and PS deficiency shown for the agency.
c-status-rollup-p055-c009,2024,C,55,52,https://github.com/tordecilla/unprogrammed-appropriations/releases/download/pdfs-status-pages-v1/annex-c-p055.pdf,National Labor Relations Commission / National Labor Relations Commission agency subtotal,Agency subtotal,Allotment Releases,Terminal Leave/Retirement Gratuity,32834581,pesos,32834581,1,Unnumbered aggregate; not a distinct SARO instrument. Subtotal reconciles to the three Various SAROs and PS deficiency shown for the agency.
c-status-rollup-p055-c010,2024,C,55,52,https://github.com/tordecilla/unprogrammed-appropriations/releases/download/pdfs-status-pages-v1/annex-c-p055.pdf,National Labor Relations Commission / National Labor Relations Commission agency subtotal,Agency subtotal,Allotment Releases,Monetization of Leave Credits,236648,pesos,236648,1,Unnumbered aggregate; not a distinct SARO instrument. Subtotal reconciles to the three Various SAROs and PS deficiency shown for the agency.
c-status-rollup-p055-c011,2024,C,55,52,https://github.com/tordecilla/unprogrammed-appropriations/releases/download/pdfs-status-pages-v1/annex-c-p055.pdf,National Labor Relations Commission / National Labor Relations Commission agency subtotal,Agency subtotal,Allotment Releases,Total,135846891,pesos,135846891,1,Unnumbered aggregate; not a distinct SARO instrument. Subtotal reconciles to the three Various SAROs and PS deficiency shown for the agency.
c-status-rollup-p055-c012,2024,C,55,52,https://github.com/tordecilla/unprogrammed-appropriations/releases/download/pdfs-status-pages-v1/annex-c-p055.pdf,National Wages and Productivity Commission / National Wages and Productivity Commission Various SAROs issued in November,For payment of terminal leave benefits,Allotment Releases,Terminal Leave/Retirement Gratuity,495149,pesos,495149,1,Unnumbered aggregate; not a distinct SARO instrument.
c-status-rollup-p055-c013,2024,C,55,52,https://github.com/tordecilla/unprogrammed-appropriations/releases/download/pdfs-status-pages-v1/annex-c-p055.pdf,National Wages and Productivity Commission / National Wages and Productivity Commission Various SAROs issued in November,For payment of terminal leave benefits,Allotment Releases,Total,495149,pesos,495149,1,Unnumbered aggregate; not a distinct SARO instrument.
c-status-rollup-p055-c014,2024,C,55,52,https://github.com/tordecilla/unprogrammed-appropriations/releases/download/pdfs-status-pages-v1/annex-c-p055.pdf,National Wages and Productivity Commission / National Wages and Productivity Commission agency subtotal,Agency subtotal,Allotment Releases,Total,8222701,pesos,8222701,1,Unnumbered aggregate; not a distinct SARO instrument.
c-status-rollup-p055-c015,2024,C,55,52,https://github.com/tordecilla/unprogrammed-appropriations/releases/download/pdfs-status-pages-v1/annex-c-p055.pdf,Professional Regulation Commission / Professional Regulation Commission Various SAROs issued in November,For payment of terminal leave benefits,Allotment Releases,Terminal Leave/Retirement Gratuity,272882,pesos,272882,1,Unnumbered aggregate; not a distinct SARO instrument.
c-status-rollup-p055-c016,2024,C,55,52,https://github.com/tordecilla/unprogrammed-appropriations/releases/download/pdfs-status-pages-v1/annex-c-p055.pdf,Professional Regulation Commission / Professional Regulation Commission Various SAROs issued in November,For payment of terminal leave benefits,Allotment Releases,Total,272882,pesos,272882,1,Unnumbered aggregate; not a distinct SARO instrument.
c-status-rollup-p055-c017,2024,C,55,52,https://github.com/tordecilla/unprogrammed-appropriations/releases/download/pdfs-status-pages-v1/annex-c-p055.pdf,Technical Education and Skills Development Authority / Technical Education and Skills Development Authority Various SAROs issued in August and September,Implementation of Salary Increase under E.O. No. 64 and FY 2022 PBB,Allotment Releases,FY 2022 PBB,117156721,pesos,117156721,1,Unnumbered aggregate; not a distinct SARO instrument.
c-status-rollup-p055-c018,2024,C,55,52,https://github.com/tordecilla/unprogrammed-appropriations/releases/download/pdfs-status-pages-v1/annex-c-p055.pdf,Technical Education and Skills Development Authority / Technical Education and Skills Development Authority Various SAROs issued in August and September,Implementation of Salary Increase under E.O. No. 64 and FY 2022 PBB,Allotment Releases,Total,117156721,pesos,117156721,1,Unnumbered aggregate; not a distinct SARO instrument.
c-status-rollup-p055-c019,2024,C,55,52,https://github.com/tordecilla/unprogrammed-appropriations/releases/download/pdfs-status-pages-v1/annex-c-p055.pdf,Technical Education and Skills Development Authority / Technical Education and Skills Development Authority Various SAROs issued in October,For payment of terminal leave benefits and monetization of leave credits,Allotment Releases,Terminal Leave/Retirement Gratuity,509669,pesos,509669,1,Unnumbered aggregate; not a distinct SARO instrument.
c-status-rollup-p055-c020,2024,C,55,52,https://github.com/tordecilla/unprogrammed-appropriations/releases/download/pdfs-status-pages-v1/annex-c-p055.pdf,Technical Education and Skills Development Authority / Technical Education and Skills Development Authority Various SAROs issued in October,For payment of terminal leave benefits and monetization of leave credits,Allotment Releases,Monetization of Leave Credits,649952,pesos,649952,1,Unnumbered aggregate; not a distinct SARO instrument.
c-status-rollup-p055-c021,2024,C,55,52,https://github.com/tordecilla/unprogrammed-appropriations/releases/download/pdfs-status-pages-v1/annex-c-p055.pdf,Technical Education and Skills Development Authority / Technical Education and Skills Development Authority Various SAROs issued in October,For payment of terminal leave benefits and monetization of leave credits,Allotment Releases,Total,1159621,pesos,1159621,1,Unnumbered aggregate; not a distinct SARO instrument.
c-status-rollup-p055-c022,2024,C,55,52,https://github.com/tordecilla/unprogrammed-appropriations/releases/download/pdfs-status-pages-v1/annex-c-p055.pdf,Technical Education and Skills Development Authority / Technical Education and Skills Development Authority Various SAROs issued in November,For payment of terminal leave benefits,Allotment Releases,Terminal Leave/Retirement Gratuity,2035254,pesos,2035254,1,Unnumbered aggregate; not a distinct SARO instrument.
c-status-rollup-p055-c023,2024,C,55,52,https://github.com/tordecilla/unprogrammed-appropriations/releases/download/pdfs-status-pages-v1/annex-c-p055.pdf,Technical Education and Skills Development Authority / Technical Education and Skills Development Authority Various SAROs issued in November,For payment of terminal leave benefits,Allotment Releases,Total,2035254,pesos,2035254,1,Unnumbered aggregate; not a distinct SARO instrument.
c-status-rollup-p055-c024,2024,C,55,52,https://github.com/tordecilla/unprogrammed-appropriations/releases/download/pdfs-status-pages-v1/annex-c-p055.pdf,Technical Education and Skills Development Authority / Technical Education and Skills Development Authority Various SAROs issued in December,For payment of terminal leave benefits and monetization of leave credits,Allotment Releases,Terminal Leave/Retirement Gratuity,732339,pesos,732339,1,Unnumbered aggregate; not a distinct SARO instrument.
c-status-rollup-p055-c025,2024,C,55,52,https://github.com/tordecilla/unprogrammed-appropriations/releases/download/pdfs-status-pages-v1/annex-c-p055.pdf,Technical Education and Skills Development Authority / Technical Education and Skills Development Authority Various SAROs issued in December,For payment of terminal leave benefits and monetization of leave credits,Allotment Releases,Monetization of Leave Credits,1370454,pesos,1370454,1,Unnumbered aggregate; not a distinct SARO instrument.
c-status-rollup-p055-c026,2024,C,55,52,https://github.com/tordecilla/unprogrammed-appropriations/releases/download/pdfs-status-pages-v1/annex-c-p055.pdf,Technical Education and Skills Development Authority / Technical Education and Skills Development Authority Various SAROs issued in December,For payment of terminal leave benefits and monetization of leave credits,Allotment Releases,Total,2102793,pesos,2102793,1,Unnumbered aggregate; not a distinct SARO instrument.
c-status-rollup-p055-c027,2024,C,55,52,https://github.com/tordecilla/unprogrammed-appropriations/releases/download/pdfs-status-pages-v1/annex-c-p055.pdf,Technical Education and Skills Development Authority / Technical Education and Skills Development Authority agency subtotal,Agency subtotal,Allotment Releases,Salary Increase,47731077,pesos,47731077,1,"Unnumbered aggregate; not a distinct SARO instrument. Printed amount is the full agency subtotal; it includes Personnel Benefits, Pension and Gratuity Fund, MOOE, and CO cells shown on the row. Treat as agency-wide total, not as the sum of the listed PS cells alone."
c-status-rollup-p055-c028,2024,C,55,52,https://github.com/tordecilla/unprogrammed-appropriations/releases/download/pdfs-status-pages-v1/annex-c-p055.pdf,Technical Education and Skills Development Authority / Technical Education and Skills Development Authority agency subtotal,Agency subtotal,Allotment Releases,FY 2022 PBB,69425644,pesos,69425644,1,"Unnumbered aggregate; not a distinct SARO instrument. Printed amount is the full agency subtotal; it includes Personnel Benefits, Pension and Gratuity Fund, MOOE, and CO cells shown on the row. Treat as agency-wide total, not as the sum of the listed PS cells alone."
c-status-rollup-p055-c029,2024,C,55,52,https://github.com/tordecilla/unprogrammed-appropriations/releases/download/pdfs-status-pages-v1/annex-c-p055.pdf,Technical Education and Skills Development Authority / Technical Education and Skills Development Authority agency subtotal,Agency subtotal,Allotment Releases,Other PS Deficiencies,34311453,pesos,34311453,1,"Unnumbered aggregate; not a distinct SARO instrument. Printed amount is the full agency subtotal; it includes Personnel Benefits, Pension and Gratuity Fund, MOOE, and CO cells shown on the row. Treat as agency-wide total, not as the sum of the listed PS cells alone."
c-status-rollup-p055-c030,2024,C,55,52,https://github.com/tordecilla/unprogrammed-appropriations/releases/download/pdfs-status-pages-v1/annex-c-p055.pdf,Technical Education and Skills Development Authority / Technical Education and Skills Development Authority agency subtotal,Agency subtotal,Allotment Releases,Terminal Leave/Retirement Gratuity,3277262,pesos,3277262,1,"Unnumbered aggregate; not a distinct SARO instrument. Printed amount is the full agency subtotal; it includes Personnel Benefits, Pension and Gratuity Fund, MOOE, and CO cells shown on the row. Treat as agency-wide total, not as the sum of the listed PS cells alone."
c-status-rollup-p055-c031,2024,C,55,52,https://github.com/tordecilla/unprogrammed-appropriations/releases/download/pdfs-status-pages-v1/annex-c-p055.pdf,Technical Education and Skills Development Authority / Technical Education and Skills Development Authority agency subtotal,Agency subtotal,Allotment Releases,Monetization of Leave Credits,2020406,pesos,2020406,1,"Unnumbered aggregate; not a distinct SARO instrument. Printed amount is the full agency subtotal; it includes Personnel Benefits, Pension and Gratuity Fund, MOOE, and CO cells shown on the row. Treat as agency-wide total, not as the sum of the listed PS cells alone."
c-status-rollup-p055-c032,2024,C,55,52,https://github.com/tordecilla/unprogrammed-appropriations/releases/download/pdfs-status-pages-v1/annex-c-p055.pdf,Technical Education and Skills Development Authority / Technical Education and Skills Development Authority agency subtotal,Agency subtotal,Allotment Releases,Agency Total,1764030821,pesos,1764030821,1,"Unnumbered aggregate; not a distinct SARO instrument. Printed amount is the full agency subtotal; it includes Personnel Benefits, Pension and Gratuity Fund, MOOE, and CO cells shown on the row. Treat as agency-wide total, not as the sum of the listed PS cells alone."
c-status-rollup-p055-c033,2024,C,55,52,https://github.com/tordecilla/unprogrammed-appropriations/releases/download/pdfs-status-pages-v1/annex-c-p055.pdf,Department of National Defense (DND) / Department of National Defense department subtotal,Department subtotal,Allotment Releases,Other PS Deficiencies,4467419057,pesos,4467419057,1,Unnumbered aggregate; not a distinct SARO instrument.
c-status-rollup-p055-c034,2024,C,55,52,https://github.com/tordecilla/unprogrammed-appropriations/releases/download/pdfs-status-pages-v1/annex-c-p055.pdf,Department of National Defense (DND) / Department of National Defense department subtotal,Department subtotal,Allotment Releases,CO,10000000000,pesos,10000000000,1,Unnumbered aggregate; not a distinct SARO instrument.
c-status-rollup-p055-c035,2024,C,55,52,https://github.com/tordecilla/unprogrammed-appropriations/releases/download/pdfs-status-pages-v1/annex-c-p055.pdf,Department of National Defense (DND) / Department of National Defense department subtotal,Department subtotal,Allotment Releases,Total,14467419057,pesos,14467419057,1,Unnumbered aggregate; not a distinct SARO instrument.
c-status-rollup-p055-c036,2024,C,55,52,https://github.com/tordecilla/unprogrammed-appropriations/releases/download/pdfs-status-pages-v1/annex-c-p055.pdf,Department of National Defense (DND) ? Office of the Secretary / DND Office of the Secretary agency subtotal,Agency subtotal,Allotment Releases,Other PS Deficiencies,26794540,pesos,26794540,1,Unnumbered aggregate; not a distinct SARO instrument.
c-status-rollup-p055-c037,2024,C,55,52,https://github.com/tordecilla/unprogrammed-appropriations/releases/download/pdfs-status-pages-v1/annex-c-p055.pdf,Department of National Defense (DND) ? Office of the Secretary / DND Office of the Secretary agency subtotal,Agency subtotal,Allotment Releases,Terminal Leave/Retirement Gratuity,142861,pesos,142861,1,Unnumbered aggregate; not a distinct SARO instrument.
c-status-rollup-p055-c038,2024,C,55,52,https://github.com/tordecilla/unprogrammed-appropriations/releases/download/pdfs-status-pages-v1/annex-c-p055.pdf,Department of National Defense (DND) ? Office of the Secretary / DND Office of the Secretary agency subtotal,Agency subtotal,Allotment Releases,Total,26937401,pesos,26937401,1,Unnumbered aggregate; not a distinct SARO instrument.
c-status-rollup-p051-c015,2024,C,51,48,https://github.com/tordecilla/unprogrammed-appropriations/releases/download/pdfs-status-pages-v1/annex-c-p051.pdf,Office of the Government Corporate Counsel / Office of the Government Corporate Counsel agency subtotal,Agency subtotal,Allotment Releases,Pension,328110,pesos,328110,1,Unnumbered aggregate; not a distinct SARO instrument.
c-status-rollup-p051-c016,2024,C,51,48,https://github.com/tordecilla/unprogrammed-appropriations/releases/download/pdfs-status-pages-v1/annex-c-p051.pdf,Office of the Government Corporate Counsel / Office of the Government Corporate Counsel agency subtotal,Agency subtotal,Allotment Releases,Total,33707110,pesos,33707110,1,Unnumbered aggregate; not a distinct SARO instrument.
c-status-rollup-p051-c017,2024,C,51,48,https://github.com/tordecilla/unprogrammed-appropriations/releases/download/pdfs-status-pages-v1/annex-c-p051.pdf,Office of the Government Corporate Counsel / Office of the Government Corporate Counsel agency subtotal,Agency subtotal,Allotment Releases,Other PS Deficiencies,33379000,pesos,33379000,1,Unnumbered aggregate; not a distinct SARO instrument.
c-status-rollup-p051-c018,2024,C,51,48,https://github.com/tordecilla/unprogrammed-appropriations/releases/download/pdfs-status-pages-v1/annex-c-p051.pdf,Office of the Solicitor General / Office of the Solicitor General Various SAROs issued in October,For payment of terminal leave benefits and monetization of leave credits,Allotment Releases,Monetization of Leave Credits,19532899,pesos,19532899,1,Unnumbered aggregate; not a distinct SARO instrument.
c-status-rollup-p051-c019,2024,C,51,48,https://github.com/tordecilla/unprogrammed-appropriations/releases/download/pdfs-status-pages-v1/annex-c-p051.pdf,Office of the Solicitor General / Office of the Solicitor General Various SAROs issued in October,For payment of terminal leave benefits and monetization of leave credits,Allotment Releases,Terminal Leave/Retirement Gratuity,1261324,pesos,1261324,1,Unnumbered aggregate; not a distinct SARO instrument.
c-status-rollup-p051-c020,2024,C,51,48,https://github.com/tordecilla/unprogrammed-appropriations/releases/download/pdfs-status-pages-v1/annex-c-p051.pdf,Office of the Solicitor General / Office of the Solicitor General Various SAROs issued in October,For payment of terminal leave benefits and monetization of leave credits,Allotment Releases,Total,20794223,pesos,20794223,1,Unnumbered aggregate; not a distinct SARO instrument.
c-status-rollup-p051-c021,2024,C,51,48,https://github.com/tordecilla/unprogrammed-appropriations/releases/download/pdfs-status-pages-v1/annex-c-p051.pdf,Office of the Solicitor General / Office of the Solicitor General Various SAROs issued in November,For payment of terminal leave benefits,Allotment Releases,Total,44556762,pesos,44556762,1,Unnumbered aggregate; not a distinct SARO instrument.
c-status-rollup-p051-c022,2024,C,51,48,https://github.com/tordecilla/unprogrammed-appropriations/releases/download/pdfs-status-pages-v1/annex-c-p051.pdf,Office of the Solicitor General / Office of the Solicitor General Various SAROs issued in November,For payment of terminal leave benefits,Allotment Releases,Terminal Leave/Retirement Gratuity,44556762,pesos,44556762,1,Unnumbered aggregate; not a distinct SARO instrument.
c-status-rollup-p051-c023,2024,C,51,48,https://github.com/tordecilla/unprogrammed-appropriations/releases/download/pdfs-status-pages-v1/annex-c-p051.pdf,Office of the Solicitor General / Office of the Solicitor General agency subtotal,Agency subtotal,Allotment Releases,Monetization of Leave Credits,19532899,pesos,19532899,1,"Unnumbered aggregate; not a distinct SARO instrument. Printed 65,350,985 is the Pension and Gratuity Fund section subtotal, while Other PS Deficiencies 20,967,970 is the separate Personnel Benefits subtotal. These section amounts have distinct scopes."
c-status-rollup-p051-c024,2024,C,51,48,https://github.com/tordecilla/unprogrammed-appropriations/releases/download/pdfs-status-pages-v1/annex-c-p051.pdf,Office of the Solicitor General / Office of the Solicitor General agency subtotal,Agency subtotal,Allotment Releases,Terminal Leave/Retirement Gratuity,45818086,pesos,45818086,1,"Unnumbered aggregate; not a distinct SARO instrument. Printed 65,350,985 is the Pension and Gratuity Fund section subtotal, while Other PS Deficiencies 20,967,970 is the separate Personnel Benefits subtotal. These section amounts have distinct scopes."
c-status-rollup-p051-c025,2024,C,51,48,https://github.com/tordecilla/unprogrammed-appropriations/releases/download/pdfs-status-pages-v1/annex-c-p051.pdf,Office of the Solicitor General / Office of the Solicitor General agency subtotal,Agency subtotal,Allotment Releases,Other PS Deficiencies,20967970,pesos,20967970,1,"Unnumbered aggregate; not a distinct SARO instrument. Printed 65,350,985 is the Pension and Gratuity Fund section subtotal, while Other PS Deficiencies 20,967,970 is the separate Personnel Benefits subtotal. These section amounts have distinct scopes."
c-status-rollup-p051-c026,2024,C,51,48,https://github.com/tordecilla/unprogrammed-appropriations/releases/download/pdfs-status-pages-v1/annex-c-p051.pdf,Office of the Solicitor General / Office of the Solicitor General agency subtotal,Agency subtotal,Allotment Releases,Pension and Gratuity Fund Total,65350985,pesos,65350985,1,"Unnumbered aggregate; not a distinct SARO instrument. Printed 65,350,985 is the Pension and Gratuity Fund section subtotal, while Other PS Deficiencies 20,967,970 is the separate Personnel Benefits subtotal. These section amounts have distinct scopes."
c-status-rollup-p051-c027,2024,C,51,48,https://github.com/tordecilla/unprogrammed-appropriations/releases/download/pdfs-status-pages-v1/annex-c-p051.pdf,Parole and Probation Administration / Parole and Probation Administration Various SAROs issued in November,For payment of FY2024 PS Deficiency,Allotment Releases,Total,41236575,pesos,41236575,1,Unnumbered aggregate; not a distinct SARO instrument.
c-status-rollup-p051-c028,2024,C,51,48,https://github.com/tordecilla/unprogrammed-appropriations/releases/download/pdfs-status-pages-v1/annex-c-p051.pdf,Parole and Probation Administration / Parole and Probation Administration Various SAROs issued in November,For payment of FY2024 PS Deficiency,Allotment Releases,Other PS Deficiencies,41236575,pesos,41236575,1,Unnumbered aggregate; not a distinct SARO instrument.
c-status-rollup-p051-c029,2024,C,51,48,https://github.com/tordecilla/unprogrammed-appropriations/releases/download/pdfs-status-pages-v1/annex-c-p051.pdf,Parole and Probation Administration / Parole and Probation Administration agency subtotal,Agency subtotal,Allotment Releases,Terminal Leave/Retirement Gratuity,5828589,pesos,5828589,1,Unnumbered aggregate; not a distinct SARO instrument.
c-status-rollup-p051-c030,2024,C,51,48,https://github.com/tordecilla/unprogrammed-appropriations/releases/download/pdfs-status-pages-v1/annex-c-p051.pdf,Parole and Probation Administration / Parole and Probation Administration agency subtotal,Agency subtotal,Allotment Releases,Total,47065164,pesos,47065164,1,Unnumbered aggregate; not a distinct SARO instrument.
c-status-rollup-p051-c031,2024,C,51,48,https://github.com/tordecilla/unprogrammed-appropriations/releases/download/pdfs-status-pages-v1/annex-c-p051.pdf,Parole and Probation Administration / Parole and Probation Administration agency subtotal,Agency subtotal,Allotment Releases,Other PS Deficiencies,41236575,pesos,41236575,1,Unnumbered aggregate; not a distinct SARO instrument.
c-status-rollup-p051-c032,2024,C,51,48,https://github.com/tordecilla/unprogrammed-appropriations/releases/download/pdfs-status-pages-v1/annex-c-p051.pdf,Presidential Commission on Good Government / Presidential Commission on Good Government agency subtotal,Agency subtotal,Allotment Releases,Terminal Leave/Retirement Gratuity,330721,pesos,330721,1,Unnumbered aggregate; not a distinct SARO instrument.
c-status-rollup-p051-c033,2024,C,51,48,https://github.com/tordecilla/unprogrammed-appropriations/releases/download/pdfs-status-pages-v1/annex-c-p051.pdf,Presidential Commission on Good Government / Presidential Commission on Good Government agency subtotal,Agency subtotal,Allotment Releases,Total,9432595,pesos,9432595,1,Unnumbered aggregate; not a distinct SARO instrument.
c-status-rollup-p051-c034,2024,C,51,48,https://github.com/tordecilla/unprogrammed-appropriations/releases/download/pdfs-status-pages-v1/annex-c-p051.pdf,Presidential Commission on Good Government / Presidential Commission on Good Government agency subtotal,Agency subtotal,Allotment Releases,Other PS Deficiencies,9101874,pesos,9101874,1,Unnumbered aggregate; not a distinct SARO instrument.
c-status-rollup-p051-c035,2024,C,51,48,https://github.com/tordecilla/unprogrammed-appropriations/releases/download/pdfs-status-pages-v1/annex-c-p051.pdf,Public Attorney's Office / Public Attorney's Office Various SAROs issued in October,For payment of terminal leave benefits and retirement gratuity,Allotment Releases,Total,10904374,pesos,10904374,1,Unnumbered aggregate; not a distinct SARO instrument.
c-status-rollup-p051-c036,2024,C,51,48,https://github.com/tordecilla/unprogrammed-appropriations/releases/download/pdfs-status-pages-v1/annex-c-p051.pdf,Public Attorney's Office / Public Attorney's Office Various SAROs issued in October,For payment of terminal leave benefits and retirement gratuity,Allotment Releases,Terminal Leave/Retirement Gratuity,10904374,pesos,10904374,1,Unnumbered aggregate; not a distinct SARO instrument.
c-status-rollup-p051-c037,2024,C,51,48,https://github.com/tordecilla/unprogrammed-appropriations/releases/download/pdfs-status-pages-v1/annex-c-p051.pdf,Public Attorney's Office / Public Attorney's Office agency subtotal,Agency subtotal,Allotment Releases,Terminal Leave/Retirement Gratuity,11390967,pesos,11390967,1,Unnumbered aggregate; not a distinct SARO instrument.
c-status-rollup-p051-c038,2024,C,51,48,https://github.com/tordecilla/unprogrammed-appropriations/releases/download/pdfs-status-pages-v1/annex-c-p051.pdf,Public Attorney's Office / Public Attorney's Office agency subtotal,Agency subtotal,Allotment Releases,Total,130428544,pesos,130428544,1,Unnumbered aggregate; not a distinct SARO instrument.
c-status-rollup-p051-c039,2024,C,51,48,https://github.com/tordecilla/unprogrammed-appropriations/releases/download/pdfs-status-pages-v1/annex-c-p051.pdf,Public Attorney's Office / Public Attorney's Office agency subtotal,Agency subtotal,Allotment Releases,Other PS Deficiencies,119037577,pesos,119037577,1,Unnumbered aggregate; not a distinct SARO instrument.
c-status-rollup-p047-c020,2024,C,47,44,https://github.com/tordecilla/unprogrammed-appropriations/releases/download/pdfs-status-pages-v1/annex-c-p047.pdf,Philippine National Police / Philippine National Police agency subtotal,Agency subtotal,Allotment Releases,Pension,517951794,pesos,517951794,1,Unnumbered aggregate; not a distinct SARO instrument.
c-status-rollup-p047-c021,2024,C,47,44,https://github.com/tordecilla/unprogrammed-appropriations/releases/download/pdfs-status-pages-v1/annex-c-p047.pdf,Philippine National Police / Philippine National Police agency subtotal,Agency subtotal,Allotment Releases,Terminal Leave/Retirement Gratuity,4278766718,pesos,4278766718,1,Unnumbered aggregate; not a distinct SARO instrument.
c-status-rollup-p047-c022,2024,C,47,44,https://github.com/tordecilla/unprogrammed-appropriations/releases/download/pdfs-status-pages-v1/annex-c-p047.pdf,Philippine National Police / Philippine National Police agency subtotal,Agency subtotal,Allotment Releases,Total,8060696621,pesos,8060696621,1,Unnumbered aggregate; not a distinct SARO instrument.
c-status-rollup-p047-c023,2024,C,47,44,https://github.com/tordecilla/unprogrammed-appropriations/releases/download/pdfs-status-pages-v1/annex-c-p047.pdf,Philippine National Police / Philippine National Police agency subtotal,Agency subtotal,Allotment Releases,Other PS Deficiencies,3263978109,pesos,3263978109,1,Unnumbered aggregate; not a distinct SARO instrument.
c-status-rollup-p047-c024,2024,C,47,44,https://github.com/tordecilla/unprogrammed-appropriations/releases/download/pdfs-status-pages-v1/annex-c-p047.pdf,Department of Justice (DOJ) ? Office of the Secretary / DOJ Office of the Secretary agency subtotal,Agency subtotal,Allotment Releases,Pension and Gratuity Fund subtotal,130748532,pesos,130748532,1,Unnumbered aggregate; not a distinct SARO instrument.
c-status-rollup-p047-c025,2024,C,47,44,https://github.com/tordecilla/unprogrammed-appropriations/releases/download/pdfs-status-pages-v1/annex-c-p047.pdf,Department of Justice (DOJ) ? Office of the Secretary / DOJ Office of the Secretary agency subtotal,Agency subtotal,Allotment Releases,FY 2022 PBB,262609770,pesos,262609770,1,Unnumbered aggregate; not a distinct SARO instrument.
c-status-rollup-p047-c026,2024,C,47,44,https://github.com/tordecilla/unprogrammed-appropriations/releases/download/pdfs-status-pages-v1/annex-c-p047.pdf,Department of Justice (DOJ) ? Office of the Secretary / DOJ Office of the Secretary agency subtotal,Agency subtotal,Allotment Releases,Total,393358302,pesos,393358302,1,Unnumbered aggregate; not a distinct SARO instrument.
c-status-rollup-p047-c027,2024,C,47,44,https://github.com/tordecilla/unprogrammed-appropriations/releases/download/pdfs-status-pages-v1/annex-c-p047.pdf,Department of Justice (DOJ) / Department of Justice department subtotal,Department subtotal,Allotment Releases,Pension and Gratuity Fund subtotal,227424065,pesos,227424065,1,Unnumbered aggregate; not a distinct SARO instrument.
c-status-rollup-p047-c028,2024,C,47,44,https://github.com/tordecilla/unprogrammed-appropriations/releases/download/pdfs-status-pages-v1/annex-c-p047.pdf,Department of Justice (DOJ) / Department of Justice department subtotal,Department subtotal,Allotment Releases,Total,905648435,pesos,905648435,1,Unnumbered aggregate; not a distinct SARO instrument.
c-status-rollup-p047-c029,2024,C,47,44,https://github.com/tordecilla/unprogrammed-appropriations/releases/download/pdfs-status-pages-v1/annex-c-p047.pdf,Department of Justice (DOJ) / Department of Justice department subtotal,Department subtotal,Allotment Releases,Personnel Benefits subtotal,678224370,pesos,678224370,1,Unnumbered aggregate; not a distinct SARO instrument.
c-status-rollup-p047-c030,2024,C,47,44,https://github.com/tordecilla/unprogrammed-appropriations/releases/download/pdfs-status-pages-v1/annex-c-p047.pdf,Land Registration Authority / Land Registration Authority agency subtotal,Agency subtotal,Allotment Releases,Monetization of Leave Credits,2144768,pesos,2144768,1,Unnumbered aggregate; not a distinct SARO instrument.
c-status-rollup-p047-c031,2024,C,47,44,https://github.com/tordecilla/unprogrammed-appropriations/releases/download/pdfs-status-pages-v1/annex-c-p047.pdf,Land Registration Authority / Land Registration Authority agency subtotal,Agency subtotal,Allotment Releases,Terminal Leave/Retirement Gratuity,1851036,pesos,1851036,1,Unnumbered aggregate; not a distinct SARO instrument.
c-status-rollup-p047-c032,2024,C,47,44,https://github.com/tordecilla/unprogrammed-appropriations/releases/download/pdfs-status-pages-v1/annex-c-p047.pdf,Land Registration Authority / Land Registration Authority agency subtotal,Agency subtotal,Allotment Releases,Total,45875839,pesos,45875839,1,Unnumbered aggregate; not a distinct SARO instrument.
c-status-rollup-p047-c033,2024,C,47,44,https://github.com/tordecilla/unprogrammed-appropriations/releases/download/pdfs-status-pages-v1/annex-c-p047.pdf,Land Registration Authority / Land Registration Authority agency subtotal,Agency subtotal,Allotment Releases,Other PS Deficiencies,41880035,pesos,41880035,1,Unnumbered aggregate; not a distinct SARO instrument.
c-status-rollup-p047-c034,2024,C,47,44,https://github.com/tordecilla/unprogrammed-appropriations/releases/download/pdfs-status-pages-v1/annex-c-p047.pdf,National Bureau of Investigation / National Bureau of Investigation agency subtotal,Agency subtotal,Allotment Releases,Terminal Leave/Retirement Gratuity,4294310,pesos,4294310,1,Unnumbered aggregate; not a distinct SARO instrument.
c-status-rollup-p047-c035,2024,C,47,44,https://github.com/tordecilla/unprogrammed-appropriations/releases/download/pdfs-status-pages-v1/annex-c-p047.pdf,National Bureau of Investigation / National Bureau of Investigation agency subtotal,Agency subtotal,Allotment Releases,Total,28240970,pesos,28240970,1,Unnumbered aggregate; not a distinct SARO instrument.
c-status-rollup-p047-c036,2024,C,47,44,https://github.com/tordecilla/unprogrammed-appropriations/releases/download/pdfs-status-pages-v1/annex-c-p047.pdf,National Bureau of Investigation / National Bureau of Investigation agency subtotal,Agency subtotal,Allotment Releases,Other PS Deficiencies,23946660,pesos,23946660,1,Unnumbered aggregate; not a distinct SARO instrument.
c-status-rollup-p058-c001,2024,C,58,58,https://github.com/tordecilla/unprogrammed-appropriations/releases/download/pdfs-status-pages-v1/annex-c-p058.pdf,Philippine Veterans Affairs Office (PVAO) â€” Proper / Various SAROs issued in November; PVAO-Proper pension aggregate,Pension and Gratuity Fund,Allotment Releases,Pension,126860530,pesos,126860530,1,Unnumbered aggregate; not a distinct SARO instrument.
c-status-rollup-p058-c002,2024,C,58,58,https://github.com/tordecilla/unprogrammed-appropriations/releases/download/pdfs-status-pages-v1/annex-c-p058.pdf,Philippine Veterans Affairs Office (PVAO) â€” Proper / Various SAROs issued in November; PVAO-Proper pension aggregate,Pension and Gratuity Fund,Allotment Releases,Total,126860530,pesos,126860530,1,Unnumbered aggregate; not a distinct SARO instrument.
c-status-rollup-p058-c003,2024,C,58,58,https://github.com/tordecilla/unprogrammed-appropriations/releases/download/pdfs-status-pages-v1/annex-c-p058.pdf,Veterans Memorial Medical Center / Various SAROs issued in November; Veterans Memorial Medical Center terminal-leave aggregate,Pension and Gratuity Fund,Allotment Releases,Terminal Leave/Retirement Gratuity,8516758,pesos,8516758,1,Unnumbered aggregate; not a distinct SARO instrument.
c-status-rollup-p058-c004,2024,C,58,58,https://github.com/tordecilla/unprogrammed-appropriations/releases/download/pdfs-status-pages-v1/annex-c-p058.pdf,Veterans Memorial Medical Center / Various SAROs issued in November; Veterans Memorial Medical Center terminal-leave aggregate,Pension and Gratuity Fund,Allotment Releases,Total,8516758,pesos,8516758,1,Unnumbered aggregate; not a distinct SARO instrument.
c-status-rollup-p058-c005,2024,C,58,58,https://github.com/tordecilla/unprogrammed-appropriations/releases/download/pdfs-status-pages-v1/annex-c-p058.pdf,Philippine Army (Land Forces) / Various SAROs issued in October; Philippine Army terminal-leave aggregate,Pension and Gratuity Fund,Allotment Releases,Terminal Leave/Retirement Gratuity,140465881,pesos,140465881,1,Unnumbered aggregate; not a distinct SARO instrument.
c-status-rollup-p058-c006,2024,C,58,58,https://github.com/tordecilla/unprogrammed-appropriations/releases/download/pdfs-status-pages-v1/annex-c-p058.pdf,Philippine Army (Land Forces) / Various SAROs issued in October; Philippine Army terminal-leave aggregate,Pension and Gratuity Fund,Allotment Releases,Total,140465881,pesos,140465881,1,Unnumbered aggregate; not a distinct SARO instrument.
c-status-rollup-p058-c007,2024,C,58,58,https://github.com/tordecilla/unprogrammed-appropriations/releases/download/pdfs-status-pages-v1/annex-c-p058.pdf,Philippine Army (Land Forces) / Various SAROs issued in November; Philippine Army terminal-leave aggregate,Pension and Gratuity Fund,Allotment Releases,Terminal Leave/Retirement Gratuity,410662300,pesos,410662300,1,Unnumbered aggregate; not a distinct SARO instrument.
c-status-rollup-p058-c008,2024,C,58,58,https://github.com/tordecilla/unprogrammed-appropriations/releases/download/pdfs-status-pages-v1/annex-c-p058.pdf,Philippine Army (Land Forces) / Various SAROs issued in November; Philippine Army terminal-leave aggregate,Pension and Gratuity Fund,Allotment Releases,Total,410662300,pesos,410662300,1,Unnumbered aggregate; not a distinct SARO instrument.
c-status-rollup-p058-c009,2024,C,58,58,https://github.com/tordecilla/unprogrammed-appropriations/releases/download/pdfs-status-pages-v1/annex-c-p058.pdf,Philippine Air Force (Air Forces) / Various SAROs issued in November; Philippine Air Force terminal-leave aggregate,Pension and Gratuity Fund,Allotment Releases,Terminal Leave/Retirement Gratuity,55048730,pesos,55048730,1,Unnumbered aggregate; not a distinct SARO instrument.
c-status-rollup-p058-c010,2024,C,58,58,https://github.com/tordecilla/unprogrammed-appropriations/releases/download/pdfs-status-pages-v1/annex-c-p058.pdf,Philippine Air Force (Air Forces) / Various SAROs issued in November; Philippine Air Force terminal-leave aggregate,Pension and Gratuity Fund,Allotment Releases,Total,55048730,pesos,55048730,1,Unnumbered aggregate; not a distinct SARO instrument.
c-status-rollup-p058-c011,2024,C,58,58,https://github.com/tordecilla/unprogrammed-appropriations/releases/download/pdfs-status-pages-v1/annex-c-p058.pdf,Philippine Navy (Naval Forces) / Various SAROs issued in November; Philippine Navy terminal-leave aggregate,Pension and Gratuity Fund,Allotment Releases,Terminal Leave/Retirement Gratuity,352103856,pesos,352103856,1,Unnumbered aggregate; not a distinct SARO instrument.
c-status-rollup-p058-c012,2024,C,58,58,https://github.com/tordecilla/unprogrammed-appropriations/releases/download/pdfs-status-pages-v1/annex-c-p058.pdf,Philippine Navy (Naval Forces) / Various SAROs issued in November; Philippine Navy terminal-leave aggregate,Pension and Gratuity Fund,Allotment Releases,Total,352103856,pesos,352103856,1,Unnumbered aggregate; not a distinct SARO instrument.
c-status-rollup-p059-c001,2024,C,59,59,https://github.com/tordecilla/unprogrammed-appropriations/releases/download/pdfs-status-pages-v1/annex-c-p059.pdf,Office of Civil Defense / Printed agency subtotal; Office of Civil Defense,Printed agency subtotal,Allotment Releases,FY 2022 PBB,12342013,pesos,12342013,1,"Unnumbered aggregate; not a distinct SARO instrument. Other PS Deficiencies subtotal combines the two visible numbered-row amounts â‚±31,099,115 and â‚±18,957,911."
c-status-rollup-p059-c002,2024,C,59,59,https://github.com/tordecilla/unprogrammed-appropriations/releases/download/pdfs-status-pages-v1/annex-c-p059.pdf,Office of Civil Defense / Printed agency subtotal; Office of Civil Defense,Printed agency subtotal,Allotment Releases,Other PS Deficiencies,50057026,pesos,50057026,1,"Unnumbered aggregate; not a distinct SARO instrument. Other PS Deficiencies subtotal combines the two visible numbered-row amounts â‚±31,099,115 and â‚±18,957,911."
c-status-rollup-p059-c003,2024,C,59,59,https://github.com/tordecilla/unprogrammed-appropriations/releases/download/pdfs-status-pages-v1/annex-c-p059.pdf,Office of Civil Defense / Printed agency subtotal; Office of Civil Defense,Printed agency subtotal,Allotment Releases,Terminal Leave/Retirement Gratuity,546372,pesos,546372,1,"Unnumbered aggregate; not a distinct SARO instrument. Other PS Deficiencies subtotal combines the two visible numbered-row amounts â‚±31,099,115 and â‚±18,957,911."
c-status-rollup-p059-c004,2024,C,59,59,https://github.com/tordecilla/unprogrammed-appropriations/releases/download/pdfs-status-pages-v1/annex-c-p059.pdf,Office of Civil Defense / Printed agency subtotal; Office of Civil Defense,Printed agency subtotal,Allotment Releases,Total,62945411,pesos,62945411,1,"Unnumbered aggregate; not a distinct SARO instrument. Other PS Deficiencies subtotal combines the two visible numbered-row amounts â‚±31,099,115 and â‚±18,957,911."
c-status-rollup-p059-c005,2024,C,59,59,https://github.com/tordecilla/unprogrammed-appropriations/releases/download/pdfs-status-pages-v1/annex-c-p059.pdf,Philippine Veterans Affairs Office (PVAO) â€” Proper / Printed agency subtotal; PVAO-Proper,Printed agency subtotal,Allotment Releases,Other PS Deficiencies,10211994,pesos,10211994,1,Unnumbered aggregate; not a distinct SARO instrument.
c-status-rollup-p059-c006,2024,C,59,59,https://github.com/tordecilla/unprogrammed-appropriations/releases/download/pdfs-status-pages-v1/annex-c-p059.pdf,Philippine Veterans Affairs Office (PVAO) â€” Proper / Printed agency subtotal; PVAO-Proper,Printed agency subtotal,Allotment Releases,Pension,126860530,pesos,126860530,1,Unnumbered aggregate; not a distinct SARO instrument.
c-status-rollup-p059-c007,2024,C,59,59,https://github.com/tordecilla/unprogrammed-appropriations/releases/download/pdfs-status-pages-v1/annex-c-p059.pdf,Philippine Veterans Affairs Office (PVAO) â€” Proper / Printed agency subtotal; PVAO-Proper,Printed agency subtotal,Allotment Releases,Total,137072524,pesos,137072524,1,Unnumbered aggregate; not a distinct SARO instrument.
c-status-rollup-p059-c008,2024,C,59,59,https://github.com/tordecilla/unprogrammed-appropriations/releases/download/pdfs-status-pages-v1/annex-c-p059.pdf,Philippine Army (Land Forces) / Printed agency subtotal; Philippine Army,Printed agency subtotal,Allotment Releases,FY 2022 PBB,1720524739,pesos,1720524739,1,Unnumbered aggregate; not a distinct SARO instrument.
c-status-rollup-p059-c009,2024,C,59,59,https://github.com/tordecilla/unprogrammed-appropriations/releases/download/pdfs-status-pages-v1/annex-c-p059.pdf,Philippine Army (Land Forces) / Printed agency subtotal; Philippine Army,Printed agency subtotal,Allotment Releases,Terminal Leave/Retirement Gratuity,564405051,pesos,564405051,1,Unnumbered aggregate; not a distinct SARO instrument.
c-status-rollup-p059-c010,2024,C,59,59,https://github.com/tordecilla/unprogrammed-appropriations/releases/download/pdfs-status-pages-v1/annex-c-p059.pdf,Philippine Army (Land Forces) / Printed agency subtotal; Philippine Army,Printed agency subtotal,Allotment Releases,Pension and Gratuity Fund Total,564405051,pesos,564405051,1,Unnumbered aggregate; not a distinct SARO instrument.
c-status-rollup-p059-c011,2024,C,59,59,https://github.com/tordecilla/unprogrammed-appropriations/releases/download/pdfs-status-pages-v1/annex-c-p059.pdf,Philippine Army (Land Forces) / Printed agency subtotal; Philippine Army,Printed agency subtotal,Allotment Releases,Total,2284929790,pesos,2284929790,1,Unnumbered aggregate; not a distinct SARO instrument.
c-status-rollup-p059-c012,2024,C,59,59,https://github.com/tordecilla/unprogrammed-appropriations/releases/download/pdfs-status-pages-v1/annex-c-p059.pdf,Philippine Air Force (Air Forces) / Printed agency subtotal; Philippine Air Force,Printed agency subtotal,Allotment Releases,FY 2022 PBB,305472582,pesos,305472582,1,Unnumbered aggregate; not a distinct SARO instrument.
c-status-rollup-p059-c013,2024,C,59,59,https://github.com/tordecilla/unprogrammed-appropriations/releases/download/pdfs-status-pages-v1/annex-c-p059.pdf,Philippine Air Force (Air Forces) / Printed agency subtotal; Philippine Air Force,Printed agency subtotal,Allotment Releases,Terminal Leave/Retirement Gratuity,151324153,pesos,151324153,1,Unnumbered aggregate; not a distinct SARO instrument.
c-status-rollup-p059-c014,2024,C,59,59,https://github.com/tordecilla/unprogrammed-appropriations/releases/download/pdfs-status-pages-v1/annex-c-p059.pdf,Philippine Air Force (Air Forces) / Printed agency subtotal; Philippine Air Force,Printed agency subtotal,Allotment Releases,Pension and Gratuity Fund Total,151324153,pesos,151324153,1,Unnumbered aggregate; not a distinct SARO instrument.
c-status-rollup-p059-c015,2024,C,59,59,https://github.com/tordecilla/unprogrammed-appropriations/releases/download/pdfs-status-pages-v1/annex-c-p059.pdf,Philippine Air Force (Air Forces) / Printed agency subtotal; Philippine Air Force,Printed agency subtotal,Allotment Releases,Total,456796735,pesos,456796735,1,Unnumbered aggregate; not a distinct SARO instrument.
c-status-rollup-p059-c016,2024,C,59,59,https://github.com/tordecilla/unprogrammed-appropriations/releases/download/pdfs-status-pages-v1/annex-c-p059.pdf,Philippine Navy (Naval Forces) / Printed agency subtotal; Philippine Navy,Printed agency subtotal,Allotment Releases,Other PS Deficiencies,210588822,pesos,210588822,1,Unnumbered aggregate; not a distinct SARO instrument.
c-status-rollup-p059-c017,2024,C,59,59,https://github.com/tordecilla/unprogrammed-appropriations/releases/download/pdfs-status-pages-v1/annex-c-p059.pdf,Philippine Navy (Naval Forces) / Printed agency subtotal; Philippine Navy,Printed agency subtotal,Allotment Releases,Terminal Leave/Retirement Gratuity,352103856,pesos,352103856,1,Unnumbered aggregate; not a distinct SARO instrument.
c-status-rollup-p059-c018,2024,C,59,59,https://github.com/tordecilla/unprogrammed-appropriations/releases/download/pdfs-status-pages-v1/annex-c-p059.pdf,Philippine Navy (Naval Forces) / Printed agency subtotal; Philippine Navy,Printed agency subtotal,Allotment Releases,Pension and Gratuity Fund Total,352103856,pesos,352103856,1,Unnumbered aggregate; not a distinct SARO instrument.
c-status-rollup-p059-c019,2024,C,59,59,https://github.com/tordecilla/unprogrammed-appropriations/releases/download/pdfs-status-pages-v1/annex-c-p059.pdf,Philippine Navy (Naval Forces) / Printed agency subtotal; Philippine Navy,Printed agency subtotal,Allotment Releases,Total,562692678,pesos,562692678,1,Unnumbered aggregate; not a distinct SARO instrument.
c-status-rollup-p059-c020,2024,C,59,59,https://github.com/tordecilla/unprogrammed-appropriations/releases/download/pdfs-status-pages-v1/annex-c-p059.pdf,Philippine Veterans Affairs Office (PVAO) / Printed department subtotal; Philippine Veterans Affairs Office,Department subtotal,Allotment Releases,Personnel Services,10211994,pesos,10211994,1,Unnumbered aggregate; not a distinct SARO instrument.
c-status-rollup-p059-c021,2024,C,59,59,https://github.com/tordecilla/unprogrammed-appropriations/releases/download/pdfs-status-pages-v1/annex-c-p059.pdf,Philippine Veterans Affairs Office (PVAO) / Printed department subtotal; Philippine Veterans Affairs Office,Department subtotal,Allotment Releases,Pension and Gratuity Fund,126860530,pesos,126860530,1,Unnumbered aggregate; not a distinct SARO instrument.
c-status-rollup-p059-c022,2024,C,59,59,https://github.com/tordecilla/unprogrammed-appropriations/releases/download/pdfs-status-pages-v1/annex-c-p059.pdf,Philippine Veterans Affairs Office (PVAO) / Printed department subtotal; Philippine Veterans Affairs Office,Department subtotal,Allotment Releases,Total,137072524,pesos,137072524,1,Unnumbered aggregate; not a distinct SARO instrument.
c-status-rollup-p062-c001,2024,C,62,62,https://github.com/tordecilla/unprogrammed-appropriations/releases/download/pdfs-status-pages-v1/annex-c-p062.pdf,General Headquarters â€” Proper / Various SAROs issued in October; General Headquarters-Proper pension and retirement-gratuity aggregate,Pension and Gratuity Fund,Allotment Releases,Pension,98658882,pesos,98658882,1,Unnumbered aggregate; not a distinct SARO instrument.
c-status-rollup-p062-c002,2024,C,62,62,https://github.com/tordecilla/unprogrammed-appropriations/releases/download/pdfs-status-pages-v1/annex-c-p062.pdf,General Headquarters â€” Proper / Various SAROs issued in October; General Headquarters-Proper pension and retirement-gratuity aggregate,Pension and Gratuity Fund,Allotment Releases,Terminal Leave/Retirement Gratuity,159067898,pesos,159067898,1,Unnumbered aggregate; not a distinct SARO instrument.
c-status-rollup-p062-c003,2024,C,62,62,https://github.com/tordecilla/unprogrammed-appropriations/releases/download/pdfs-status-pages-v1/annex-c-p062.pdf,General Headquarters â€” Proper / Various SAROs issued in October; General Headquarters-Proper pension and retirement-gratuity aggregate,Pension and Gratuity Fund,Allotment Releases,Total,257726780,pesos,257726780,1,Unnumbered aggregate; not a distinct SARO instrument.
c-status-rollup-p062-c004,2024,C,62,62,https://github.com/tordecilla/unprogrammed-appropriations/releases/download/pdfs-status-pages-v1/annex-c-p062.pdf,General Headquarters â€” Proper / Various SAROs issued in November; General Headquarters-Proper pension and retirement-gratuity aggregate,Pension and Gratuity Fund,Allotment Releases,Pension,139045469,pesos,139045469,1,Unnumbered aggregate; not a distinct SARO instrument.
c-status-rollup-p062-c005,2024,C,62,62,https://github.com/tordecilla/unprogrammed-appropriations/releases/download/pdfs-status-pages-v1/annex-c-p062.pdf,General Headquarters â€” Proper / Various SAROs issued in November; General Headquarters-Proper pension and retirement-gratuity aggregate,Pension and Gratuity Fund,Allotment Releases,Terminal Leave/Retirement Gratuity,12989999,pesos,12989999,1,Unnumbered aggregate; not a distinct SARO instrument.
c-status-rollup-p062-c006,2024,C,62,62,https://github.com/tordecilla/unprogrammed-appropriations/releases/download/pdfs-status-pages-v1/annex-c-p062.pdf,General Headquarters â€” Proper / Various SAROs issued in November; General Headquarters-Proper pension and retirement-gratuity aggregate,Pension and Gratuity Fund,Allotment Releases,Total,152035468,pesos,152035468,1,Unnumbered aggregate; not a distinct SARO instrument.
c-status-rollup-p062-c007,2024,C,62,62,https://github.com/tordecilla/unprogrammed-appropriations/releases/download/pdfs-status-pages-v1/annex-c-p062.pdf,General Headquarters â€” Proper / Various SAROs issued in December; General Headquarters-Proper pension and retirement-gratuity aggregate,Pension and Gratuity Fund,Allotment Releases,Pension,68106940,pesos,68106940,1,Unnumbered aggregate; not a distinct SARO instrument.
c-status-rollup-p062-c008,2024,C,62,62,https://github.com/tordecilla/unprogrammed-appropriations/releases/download/pdfs-status-pages-v1/annex-c-p062.pdf,General Headquarters â€” Proper / Various SAROs issued in December; General Headquarters-Proper pension and retirement-gratuity aggregate,Pension and Gratuity Fund,Allotment Releases,Terminal Leave/Retirement Gratuity,448753053,pesos,448753053,1,Unnumbered aggregate; not a distinct SARO instrument.
c-status-rollup-p062-c009,2024,C,62,62,https://github.com/tordecilla/unprogrammed-appropriations/releases/download/pdfs-status-pages-v1/annex-c-p062.pdf,General Headquarters â€” Proper / Various SAROs issued in December; General Headquarters-Proper pension and retirement-gratuity aggregate,Pension and Gratuity Fund,Allotment Releases,Total,516859993,pesos,516859993,1,Unnumbered aggregate; not a distinct SARO instrument.
c-status-rollup-p062-c010,2024,C,62,62,https://github.com/tordecilla/unprogrammed-appropriations/releases/download/pdfs-status-pages-v1/annex-c-p062.pdf,Department of Migrant Workers â€” Office of the Secretary / Various SAROs issued in November; Department of Migrant Workers terminal-leave aggregate,Pension and Gratuity Fund,Allotment Releases,Terminal Leave/Retirement Gratuity,3061509,pesos,3061509,1,Unnumbered aggregate; not a distinct SARO instrument.
c-status-rollup-p062-c011,2024,C,62,62,https://github.com/tordecilla/unprogrammed-appropriations/releases/download/pdfs-status-pages-v1/annex-c-p062.pdf,Department of Migrant Workers â€” Office of the Secretary / Various SAROs issued in November; Department of Migrant Workers terminal-leave aggregate,Pension and Gratuity Fund,Allotment Releases,Total,3061509,pesos,3061509,1,Unnumbered aggregate; not a distinct SARO instrument.
c-status-rollup-p063-c001,2024,C,63,63,https://github.com/tordecilla/unprogrammed-appropriations/releases/download/pdfs-status-pages-v1/annex-c-p063.pdf,"General Headquarters â€” Proper / Printed agency subtotal; General Headquarters-Proper, including the separate SARO-BMB-D-24-0015786 modernization-program CO",Printed agency subtotal,Allotment Releases,Personnel Services,926622241,pesos,926622241,1,Unnumbered aggregate; not a distinct SARO instrument.
c-status-rollup-p063-c002,2024,C,63,63,https://github.com/tordecilla/unprogrammed-appropriations/releases/download/pdfs-status-pages-v1/annex-c-p063.pdf,"General Headquarters â€” Proper / Printed agency subtotal; General Headquarters-Proper, including the separate SARO-BMB-D-24-0015786 modernization-program CO",Printed agency subtotal,Allotment Releases,CO,10000000000,pesos,10000000000,1,Unnumbered aggregate; not a distinct SARO instrument.
c-status-rollup-p063-c003,2024,C,63,63,https://github.com/tordecilla/unprogrammed-appropriations/releases/download/pdfs-status-pages-v1/annex-c-p063.pdf,"General Headquarters â€” Proper / Printed agency subtotal; General Headquarters-Proper, including the separate SARO-BMB-D-24-0015786 modernization-program CO",Printed agency subtotal,Allotment Releases,Total,10926622241,pesos,10926622241,1,Unnumbered aggregate; not a distinct SARO instrument.
c-status-rollup-p063-c004,2024,C,63,63,https://github.com/tordecilla/unprogrammed-appropriations/releases/download/pdfs-status-pages-v1/annex-c-p063.pdf,Department of Migrant Workers / Printed department subtotal; Department of Migrant Workers,Department subtotal,Allotment Releases,Other PS Deficiencies,134801493,pesos,134801493,1,Unnumbered aggregate; not a distinct SARO instrument.
c-status-rollup-p063-c005,2024,C,63,63,https://github.com/tordecilla/unprogrammed-appropriations/releases/download/pdfs-status-pages-v1/annex-c-p063.pdf,Department of Migrant Workers / Printed department subtotal; Department of Migrant Workers,Department subtotal,Allotment Releases,Pension and Gratuity Fund,4536553,pesos,4536553,1,Unnumbered aggregate; not a distinct SARO instrument.
c-status-rollup-p063-c006,2024,C,63,63,https://github.com/tordecilla/unprogrammed-appropriations/releases/download/pdfs-status-pages-v1/annex-c-p063.pdf,Department of Migrant Workers / Printed department subtotal; Department of Migrant Workers,Department subtotal,Allotment Releases,Total,139338046,pesos,139338046,1,Unnumbered aggregate; not a distinct SARO instrument.
c-status-rollup-p060-c001,2024,C,60,60,https://github.com/tordecilla/unprogrammed-appropriations/releases/download/pdfs-status-pages-v1/annex-c-p060.pdf,Department of Public Works and Highways â€” Office of the Secretary / Printed department subtotal; DPWH special-purpose categories shown on p60,Special-purpose program subtotals,Allotment Releases,SAGIP MOOE,750000000,pesos,750000000,1,Unnumbered aggregate; not a distinct SARO instrument.
c-status-rollup-p060-c002,2024,C,60,60,https://github.com/tordecilla/unprogrammed-appropriations/releases/download/pdfs-status-pages-v1/annex-c-p060.pdf,Department of Public Works and Highways â€” Office of the Secretary / Printed department subtotal; DPWH special-purpose categories shown on p60,Special-purpose program subtotals,Allotment Releases,SAGIP CO,155131103931,pesos,155131103931,1,Unnumbered aggregate; not a distinct SARO instrument.
c-status-rollup-p060-c003,2024,C,60,60,https://github.com/tordecilla/unprogrammed-appropriations/releases/download/pdfs-status-pages-v1/annex-c-p060.pdf,Department of Public Works and Highways â€” Office of the Secretary / Printed department subtotal; DPWH special-purpose categories shown on p60,Special-purpose program subtotals,Allotment Releases,SAGIP Total,155881103931,pesos,155881103931,1,Unnumbered aggregate; not a distinct SARO instrument.
c-status-rollup-p060-c004,2024,C,60,60,https://github.com/tordecilla/unprogrammed-appropriations/releases/download/pdfs-status-pages-v1/annex-c-p060.pdf,Department of Public Works and Highways â€” Office of the Secretary / Printed department subtotal; DPWH special-purpose categories shown on p60,Special-purpose program subtotals,Allotment Releases,FAPS CO,45910916000,pesos,45910916000,1,Unnumbered aggregate; not a distinct SARO instrument.
c-status-rollup-p060-c005,2024,C,60,60,https://github.com/tordecilla/unprogrammed-appropriations/releases/download/pdfs-status-pages-v1/annex-c-p060.pdf,Department of Public Works and Highways â€” Office of the Secretary / Printed department subtotal; DPWH special-purpose categories shown on p60,Special-purpose program subtotals,Allotment Releases,FAPS Total,45910916000,pesos,45910916000,1,Unnumbered aggregate; not a distinct SARO instrument.
c-status-rollup-p060-c006,2024,C,60,60,https://github.com/tordecilla/unprogrammed-appropriations/releases/download/pdfs-status-pages-v1/annex-c-p060.pdf,Department of Public Works and Highways â€” Office of the Secretary / Printed department subtotal; DPWH special-purpose categories shown on p60,Special-purpose program subtotals,Allotment Releases,PGN CO,3000003000,pesos,3000003000,1,Unnumbered aggregate; not a distinct SARO instrument.
c-status-rollup-p061-c001,2024,C,61,61,https://github.com/tordecilla/unprogrammed-appropriations/releases/download/pdfs-status-pages-v1/annex-c-p061.pdf,"Department of Public Works and Highways â€” Office of the Secretary / Printed department subtotal; DPWH ROW, maintenance and foreign-assistance counterpart categories shown on p61",Program subtotals,Allotment Releases,Payment of Right of Way CO,3004558017,pesos,3004558017,1,Unnumbered aggregate; not a distinct SARO instrument.
c-status-rollup-p061-c002,2024,C,61,61,https://github.com/tordecilla/unprogrammed-appropriations/releases/download/pdfs-status-pages-v1/annex-c-p061.pdf,"Department of Public Works and Highways â€” Office of the Secretary / Printed department subtotal; DPWH ROW, maintenance and foreign-assistance counterpart categories shown on p61",Program subtotals,Allotment Releases,Maintenance and Rehabilitation MOOE,13500000000,pesos,13500000000,1,Unnumbered aggregate; not a distinct SARO instrument.
c-status-rollup-p061-c003,2024,C,61,61,https://github.com/tordecilla/unprogrammed-appropriations/releases/download/pdfs-status-pages-v1/annex-c-p061.pdf,"Department of Public Works and Highways â€” Office of the Secretary / Printed department subtotal; DPWH ROW, maintenance and foreign-assistance counterpart categories shown on p61",Program subtotals,Allotment Releases,Government Counterpart of Foreign-Assisted Projects CO,22701793000,pesos,22701793000,1,Unnumbered aggregate; not a distinct SARO instrument.
c-status-rollup-p061-c004,2024,C,61,61,https://github.com/tordecilla/unprogrammed-appropriations/releases/download/pdfs-status-pages-v1/annex-c-p061.pdf,"Department of Public Works and Highways â€” Office of the Secretary / Printed department subtotal; DPWH ROW, maintenance and foreign-assistance counterpart categories shown on p61",Program subtotals,Allotment Releases,Government Counterpart of Foreign-Assisted Projects Total,22701793000,pesos,22701793000,1,Unnumbered aggregate; not a distinct SARO instrument.
c-status-rollup-p062-c012,2024,C,62,62,https://github.com/tordecilla/unprogrammed-appropriations/releases/download/pdfs-status-pages-v1/annex-c-p062.pdf,Department of Public Works and Highways â€” Office of the Secretary / Printed DPWH subtotal; Personnel Benefits and Pension and Gratuity Fund,Agency subtotal components,Allotment Releases,Salary Increase,393593319,pesos,393593319,1,Unnumbered aggregate; not a distinct SARO instrument.
c-status-rollup-p062-c013,2024,C,62,62,https://github.com/tordecilla/unprogrammed-appropriations/releases/download/pdfs-status-pages-v1/annex-c-p062.pdf,Department of Public Works and Highways â€” Office of the Secretary / Printed DPWH subtotal; Personnel Benefits and Pension and Gratuity Fund,Agency subtotal components,Allotment Releases,FY 2022 PBB,996311,pesos,996311,1,Unnumbered aggregate; not a distinct SARO instrument.
c-status-rollup-p062-c014,2024,C,62,62,https://github.com/tordecilla/unprogrammed-appropriations/releases/download/pdfs-status-pages-v1/annex-c-p062.pdf,Department of Public Works and Highways â€” Office of the Secretary / Printed DPWH subtotal; Personnel Benefits and Pension and Gratuity Fund,Agency subtotal components,Allotment Releases,Other PS Deficiencies,303820000,pesos,303820000,1,Unnumbered aggregate; not a distinct SARO instrument.
c-status-rollup-p062-c015,2024,C,62,62,https://github.com/tordecilla/unprogrammed-appropriations/releases/download/pdfs-status-pages-v1/annex-c-p062.pdf,Department of Public Works and Highways â€” Office of the Secretary / Printed DPWH subtotal; Personnel Benefits and Pension and Gratuity Fund,Agency subtotal components,Allotment Releases,Personnel Benefits Total,698409630,pesos,698409630,1,Unnumbered aggregate; not a distinct SARO instrument.
c-status-rollup-p062-c016,2024,C,62,62,https://github.com/tordecilla/unprogrammed-appropriations/releases/download/pdfs-status-pages-v1/annex-c-p062.pdf,Department of Public Works and Highways â€” Office of the Secretary / Printed DPWH subtotal; Personnel Benefits and Pension and Gratuity Fund,Agency subtotal components,Allotment Releases,Terminal Leave/Retirement Gratuity,42559761,pesos,42559761,1,Unnumbered aggregate; not a distinct SARO instrument.
c-status-rollup-p062-c017,2024,C,62,62,https://github.com/tordecilla/unprogrammed-appropriations/releases/download/pdfs-status-pages-v1/annex-c-p062.pdf,Department of Public Works and Highways â€” Office of the Secretary / Printed DPWH subtotal; Personnel Benefits and Pension and Gratuity Fund,Agency subtotal components,Allotment Releases,Monetization of Leave Credits,2622404,pesos,2622404,1,Unnumbered aggregate; not a distinct SARO instrument.
c-status-rollup-p062-c018,2024,C,62,62,https://github.com/tordecilla/unprogrammed-appropriations/releases/download/pdfs-status-pages-v1/annex-c-p062.pdf,Department of Public Works and Highways â€” Office of the Secretary / Printed DPWH subtotal; Personnel Benefits and Pension and Gratuity Fund,Agency subtotal components,Allotment Releases,Pension and Gratuity Fund Total,45182165,pesos,45182165,1,Unnumbered aggregate; not a distinct SARO instrument.
c-status-rollup-p063-c007,2024,C,63,63,https://github.com/tordecilla/unprogrammed-appropriations/releases/download/pdfs-status-pages-v1/annex-c-p063.pdf,Department of Public Works and Highways â€” Office of the Secretary / Printed department subtotal; DPWH final Total row,Department subtotal,Allotment Releases,Personnel Services,743591795,pesos,743591795,1,Unnumbered aggregate; not a distinct SARO instrument.
c-status-rollup-p063-c008,2024,C,63,63,https://github.com/tordecilla/unprogrammed-appropriations/releases/download/pdfs-status-pages-v1/annex-c-p063.pdf,Department of Public Works and Highways â€” Office of the Secretary / Printed department subtotal; DPWH final Total row,Department subtotal,Allotment Releases,MOOE,14250000000,pesos,14250000000,1,Unnumbered aggregate; not a distinct SARO instrument.
c-status-rollup-p063-c009,2024,C,63,63,https://github.com/tordecilla/unprogrammed-appropriations/releases/download/pdfs-status-pages-v1/annex-c-p063.pdf,Department of Public Works and Highways â€” Office of the Secretary / Printed department subtotal; DPWH final Total row,Department subtotal,Allotment Releases,CO,229748373948,pesos,229748373948,1,Unnumbered aggregate; not a distinct SARO instrument.
c-status-rollup-p063-c010,2024,C,63,63,https://github.com/tordecilla/unprogrammed-appropriations/releases/download/pdfs-status-pages-v1/annex-c-p063.pdf,Department of Public Works and Highways â€” Office of the Secretary / Printed department subtotal; DPWH final Total row,Department subtotal,Allotment Releases,Total,244741965743,pesos,244741965743,1,Unnumbered aggregate; not a distinct SARO instrument.
c-status-rollup-p066-c001,2024,C,66,66,https://github.com/tordecilla/unprogrammed-appropriations/releases/download/pdfs-status-pages-v1/annex-c-p066.pdf,Department of Public Works and Highways â€” Office of the Secretary / Various SAROs issued in August and September; DPWH salary-increase aggregate,For payment of Personnel Benefits,Allotment Releases,Salary Increase,393593319,pesos,393593319,1,Unnumbered aggregate; not a distinct SARO instrument.
c-status-rollup-p066-c002,2024,C,66,66,https://github.com/tordecilla/unprogrammed-appropriations/releases/download/pdfs-status-pages-v1/annex-c-p066.pdf,Department of Public Works and Highways â€” Office of the Secretary / Various SAROs issued in August and September; DPWH salary-increase aggregate,For payment of Personnel Benefits,Allotment Releases,Total,393593319,pesos,393593319,1,Unnumbered aggregate; not a distinct SARO instrument.
c-status-rollup-p066-c003,2024,C,66,66,https://github.com/tordecilla/unprogrammed-appropriations/releases/download/pdfs-status-pages-v1/annex-c-p066.pdf,Department of Public Works and Highways â€” Office of the Secretary / Various SAROs issued in October; DPWH terminal-leave aggregate,Pension and Gratuity Fund,Allotment Releases,Terminal Leave/Retirement Gratuity,13129079,pesos,13129079,1,Unnumbered aggregate; not a distinct SARO instrument.
c-status-rollup-p066-c004,2024,C,66,66,https://github.com/tordecilla/unprogrammed-appropriations/releases/download/pdfs-status-pages-v1/annex-c-p066.pdf,Department of Public Works and Highways â€” Office of the Secretary / Various SAROs issued in October; DPWH terminal-leave aggregate,Pension and Gratuity Fund,Allotment Releases,Total,13129079,pesos,13129079,1,Unnumbered aggregate; not a distinct SARO instrument.
c-status-rollup-p066-c005,2024,C,66,66,https://github.com/tordecilla/unprogrammed-appropriations/releases/download/pdfs-status-pages-v1/annex-c-p066.pdf,Department of Public Works and Highways â€” Office of the Secretary / Various SAROs issued in November; DPWH terminal-leave and monetization aggregate,Pension and Gratuity Fund,Allotment Releases,Terminal Leave/Retirement Gratuity,17310670,pesos,17310670,1,Unnumbered aggregate; not a distinct SARO instrument.
c-status-rollup-p066-c006,2024,C,66,66,https://github.com/tordecilla/unprogrammed-appropriations/releases/download/pdfs-status-pages-v1/annex-c-p066.pdf,Department of Public Works and Highways â€” Office of the Secretary / Various SAROs issued in November; DPWH terminal-leave and monetization aggregate,Pension and Gratuity Fund,Allotment Releases,Monetization of Leave Credits,423367,pesos,423367,1,Unnumbered aggregate; not a distinct SARO instrument.
c-status-rollup-p066-c007,2024,C,66,66,https://github.com/tordecilla/unprogrammed-appropriations/releases/download/pdfs-status-pages-v1/annex-c-p066.pdf,Department of Public Works and Highways â€” Office of the Secretary / Various SAROs issued in November; DPWH terminal-leave and monetization aggregate,Pension and Gratuity Fund,Allotment Releases,Total,17734037,pesos,17734037,1,Unnumbered aggregate; not a distinct SARO instrument.
c-status-rollup-p070-c001,2024,C,70,70,https://github.com/tordecilla/unprogrammed-appropriations/releases/download/pdfs-status-pages-v1/annex-c-p070.pdf,Department of Science and Technology â€” Office of the Secretary / Various SAROs issued in September; DOST Office of the Secretary salary-increase aggregate,For payment of Personnel Benefits,Allotment Releases,Salary Increase,28667000,pesos,28667000,1,Unnumbered aggregate; not a distinct SARO instrument.
c-status-rollup-p070-c002,2024,C,70,70,https://github.com/tordecilla/unprogrammed-appropriations/releases/download/pdfs-status-pages-v1/annex-c-p070.pdf,Department of Science and Technology â€” Office of the Secretary / Various SAROs issued in September; DOST Office of the Secretary salary-increase aggregate,For payment of Personnel Benefits,Allotment Releases,Total,28667000,pesos,28667000,1,Unnumbered aggregate; not a distinct SARO instrument.
c-status-rollup-p070-c003,2024,C,70,70,https://github.com/tordecilla/unprogrammed-appropriations/releases/download/pdfs-status-pages-v1/annex-c-p070.pdf,Department of Science and Technology â€” Office of the Secretary / Various SAROs issued in October; DOST Office of the Secretary FY 2024 PS deficiency aggregate,For payment of Personnel Benefits,Allotment Releases,Other PS Deficiencies,222339466,pesos,222339466,1,Unnumbered aggregate; not a distinct SARO instrument.
c-status-rollup-p070-c004,2024,C,70,70,https://github.com/tordecilla/unprogrammed-appropriations/releases/download/pdfs-status-pages-v1/annex-c-p070.pdf,Department of Science and Technology â€” Office of the Secretary / Various SAROs issued in October; DOST Office of the Secretary FY 2024 PS deficiency aggregate,For payment of Personnel Benefits,Allotment Releases,Total,222339466,pesos,222339466,1,Unnumbered aggregate; not a distinct SARO instrument.
c-status-rollup-p070-c005,2024,C,70,70,https://github.com/tordecilla/unprogrammed-appropriations/releases/download/pdfs-status-pages-v1/annex-c-p070.pdf,Department of Science and Technology â€” Office of the Secretary / Various SAROs issued in November; DOST Office of the Secretary terminal-leave and monetization aggregate,Pension and Gratuity Fund,Allotment Releases,Terminal Leave/Retirement Gratuity,478494,pesos,478494,1,Unnumbered aggregate; not a distinct SARO instrument.
c-status-rollup-p070-c006,2024,C,70,70,https://github.com/tordecilla/unprogrammed-appropriations/releases/download/pdfs-status-pages-v1/annex-c-p070.pdf,Department of Science and Technology â€” Office of the Secretary / Various SAROs issued in November; DOST Office of the Secretary terminal-leave and monetization aggregate,Pension and Gratuity Fund,Allotment Releases,Monetization of Leave Credits,60168,pesos,60168,1,Unnumbered aggregate; not a distinct SARO instrument.
c-status-rollup-p070-c007,2024,C,70,70,https://github.com/tordecilla/unprogrammed-appropriations/releases/download/pdfs-status-pages-v1/annex-c-p070.pdf,Department of Science and Technology â€” Office of the Secretary / Various SAROs issued in November; DOST Office of the Secretary terminal-leave and monetization aggregate,Pension and Gratuity Fund,Allotment Releases,Total,538662,pesos,538662,1,Unnumbered aggregate; not a distinct SARO instrument.
c-status-rollup-p070-c008,2024,C,70,70,https://github.com/tordecilla/unprogrammed-appropriations/releases/download/pdfs-status-pages-v1/annex-c-p070.pdf,Department of Science and Technology â€” Office of the Secretary / Various SAROs issued in December; DOST Office of the Secretary FY 2024 PS deficiency aggregate,For payment of Personnel Benefits,Allotment Releases,Other PS Deficiencies,20976000,pesos,20976000,1,Unnumbered aggregate; not a distinct SARO instrument.
c-status-rollup-p070-c009,2024,C,70,70,https://github.com/tordecilla/unprogrammed-appropriations/releases/download/pdfs-status-pages-v1/annex-c-p070.pdf,Department of Science and Technology â€” Office of the Secretary / Various SAROs issued in December; DOST Office of the Secretary FY 2024 PS deficiency aggregate,For payment of Personnel Benefits,Allotment Releases,Total,20976000,pesos,20976000,1,Unnumbered aggregate; not a distinct SARO instrument.
c-status-rollup-p070-c010,2024,C,70,70,https://github.com/tordecilla/unprogrammed-appropriations/releases/download/pdfs-status-pages-v1/annex-c-p070.pdf,Department of Science and Technology â€” Office of the Secretary / Various SAROs issued in December; DOST Office of the Secretary terminal-leave and monetization aggregate,Pension and Gratuity Fund,Allotment Releases,Terminal Leave/Retirement Gratuity,978054,pesos,978054,1,Unnumbered aggregate; not a distinct SARO instrument.
c-status-rollup-p070-c011,2024,C,70,70,https://github.com/tordecilla/unprogrammed-appropriations/releases/download/pdfs-status-pages-v1/annex-c-p070.pdf,Department of Science and Technology â€” Office of the Secretary / Various SAROs issued in December; DOST Office of the Secretary terminal-leave and monetization aggregate,Pension and Gratuity Fund,Allotment Releases,Monetization of Leave Credits,1917996,pesos,1917996,1,Unnumbered aggregate; not a distinct SARO instrument.
c-status-rollup-p070-c012,2024,C,70,70,https://github.com/tordecilla/unprogrammed-appropriations/releases/download/pdfs-status-pages-v1/annex-c-p070.pdf,Department of Science and Technology â€” Office of the Secretary / Various SAROs issued in December; DOST Office of the Secretary terminal-leave and monetization aggregate,Pension and Gratuity Fund,Allotment Releases,Total,2896050,pesos,2896050,1,Unnumbered aggregate; not a distinct SARO instrument.
c-status-rollup-p070-c013,2024,C,70,70,https://github.com/tordecilla/unprogrammed-appropriations/releases/download/pdfs-status-pages-v1/annex-c-p070.pdf,Department of Science and Technology â€” Office of the Secretary / Printed agency subtotal; DOST Office of the Secretary,Agency subtotal,Allotment Releases,Salary Increase,28667000,pesos,28667000,1,Unnumbered aggregate; not a distinct SARO instrument.
c-status-rollup-p070-c014,2024,C,70,70,https://github.com/tordecilla/unprogrammed-appropriations/releases/download/pdfs-status-pages-v1/annex-c-p070.pdf,Department of Science and Technology â€” Office of the Secretary / Printed agency subtotal; DOST Office of the Secretary,Agency subtotal,Allotment Releases,Other PS Deficiencies,243315466,pesos,243315466,1,Unnumbered aggregate; not a distinct SARO instrument.
c-status-rollup-p070-c015,2024,C,70,70,https://github.com/tordecilla/unprogrammed-appropriations/releases/download/pdfs-status-pages-v1/annex-c-p070.pdf,Department of Science and Technology â€” Office of the Secretary / Printed agency subtotal; DOST Office of the Secretary,Agency subtotal,Allotment Releases,Personnel Benefits Total,271982466,pesos,271982466,1,Unnumbered aggregate; not a distinct SARO instrument.
c-status-rollup-p070-c016,2024,C,70,70,https://github.com/tordecilla/unprogrammed-appropriations/releases/download/pdfs-status-pages-v1/annex-c-p070.pdf,Department of Science and Technology â€” Office of the Secretary / Printed agency subtotal; DOST Office of the Secretary,Agency subtotal,Allotment Releases,Terminal Leave/Retirement Gratuity,1456548,pesos,1456548,1,Unnumbered aggregate; not a distinct SARO instrument.
c-status-rollup-p070-c017,2024,C,70,70,https://github.com/tordecilla/unprogrammed-appropriations/releases/download/pdfs-status-pages-v1/annex-c-p070.pdf,Department of Science and Technology â€” Office of the Secretary / Printed agency subtotal; DOST Office of the Secretary,Agency subtotal,Allotment Releases,Monetization of Leave Credits,1978164,pesos,1978164,1,Unnumbered aggregate; not a distinct SARO instrument.
c-status-rollup-p070-c018,2024,C,70,70,https://github.com/tordecilla/unprogrammed-appropriations/releases/download/pdfs-status-pages-v1/annex-c-p070.pdf,Department of Science and Technology â€” Office of the Secretary / Printed agency subtotal; DOST Office of the Secretary,Agency subtotal,Allotment Releases,Pension and Gratuity Fund Total,3434712,pesos,3434712,1,Unnumbered aggregate; not a distinct SARO instrument.
c-status-rollup-p070-c019,2024,C,70,70,https://github.com/tordecilla/unprogrammed-appropriations/releases/download/pdfs-status-pages-v1/annex-c-p070.pdf,Department of Science and Technology â€” Office of the Secretary / Printed agency subtotal; DOST Office of the Secretary,Agency subtotal,Allotment Releases,Total,275417178,pesos,275417178,1,Unnumbered aggregate; not a distinct SARO instrument.
c-status-rollup-p070-c020,2024,C,70,70,https://github.com/tordecilla/unprogrammed-appropriations/releases/download/pdfs-status-pages-v1/annex-c-p070.pdf,Department of Science and Technology / Printed department subtotal; DOST component-category subtotals,Department subtotal components,Allotment Releases,Salary Increase,160227000,pesos,160227000,1,Unnumbered aggregate; not a distinct SARO instrument.
c-status-rollup-p070-c021,2024,C,70,70,https://github.com/tordecilla/unprogrammed-appropriations/releases/download/pdfs-status-pages-v1/annex-c-p070.pdf,Department of Science and Technology / Printed department subtotal; DOST component-category subtotals,Department subtotal components,Allotment Releases,Other PS Deficiencies,287951908,pesos,287951908,1,Unnumbered aggregate; not a distinct SARO instrument.
c-status-rollup-p070-c022,2024,C,70,70,https://github.com/tordecilla/unprogrammed-appropriations/releases/download/pdfs-status-pages-v1/annex-c-p070.pdf,Department of Science and Technology / Printed department subtotal; DOST component-category subtotals,Department subtotal components,Allotment Releases,Personnel Benefits Total,448178908,pesos,448178908,1,Unnumbered aggregate; not a distinct SARO instrument.
c-status-rollup-p070-c023,2024,C,70,70,https://github.com/tordecilla/unprogrammed-appropriations/releases/download/pdfs-status-pages-v1/annex-c-p070.pdf,Department of Science and Technology / Printed department subtotal; DOST component-category subtotals,Department subtotal components,Allotment Releases,Terminal Leave/Retirement Gratuity,10201172,pesos,10201172,1,Unnumbered aggregate; not a distinct SARO instrument.
c-status-rollup-p070-c024,2024,C,70,70,https://github.com/tordecilla/unprogrammed-appropriations/releases/download/pdfs-status-pages-v1/annex-c-p070.pdf,Department of Science and Technology / Printed department subtotal; DOST component-category subtotals,Department subtotal components,Allotment Releases,Monetization of Leave Credits,9837730,pesos,9837730,1,Unnumbered aggregate; not a distinct SARO instrument.
c-status-rollup-p070-c025,2024,C,70,70,https://github.com/tordecilla/unprogrammed-appropriations/releases/download/pdfs-status-pages-v1/annex-c-p070.pdf,Department of Science and Technology / Printed department subtotal; DOST component-category subtotals,Department subtotal components,Allotment Releases,Pension and Gratuity Fund Total,20038902,pesos,20038902,1,Unnumbered aggregate; not a distinct SARO instrument.
c-status-rollup-p071-c001,2024,C,71,71,https://github.com/tordecilla/unprogrammed-appropriations/releases/download/pdfs-status-pages-v1/annex-c-p071.pdf,Department of Science and Technology / Printed department subtotal; DOST final total row,Department subtotal,Allotment Releases,Personnel Services,468217810,pesos,468217810,1,Unnumbered aggregate; not a distinct SARO instrument.
c-status-rollup-p071-c002,2024,C,71,71,https://github.com/tordecilla/unprogrammed-appropriations/releases/download/pdfs-status-pages-v1/annex-c-p071.pdf,Department of Science and Technology / Printed department subtotal; DOST final total row,Department subtotal,Allotment Releases,Total,468217810,pesos,468217810,1,Unnumbered aggregate; not a distinct SARO instrument.
c-status-rollup-p078-c001,2024,C,78,78,https://github.com/tordecilla/unprogrammed-appropriations/releases/download/pdfs-status-pages-v1/annex-c-p078.pdf,Philippine Science High School System / Various SAROs issued in September; Philippine Science High School System salary-increase aggregate,For payment of Personnel Benefits,Allotment Releases,Salary Increase,50802000,pesos,50802000,1,Unnumbered aggregate; not a distinct SARO instrument.
c-status-rollup-p078-c002,2024,C,78,78,https://github.com/tordecilla/unprogrammed-appropriations/releases/download/pdfs-status-pages-v1/annex-c-p078.pdf,Philippine Science High School System / Various SAROs issued in September; Philippine Science High School System salary-increase aggregate,For payment of Personnel Benefits,Allotment Releases,Total,50802000,pesos,50802000,1,Unnumbered aggregate; not a distinct SARO instrument.
c-status-rollup-p078-c003,2024,C,78,78,https://github.com/tordecilla/unprogrammed-appropriations/releases/download/pdfs-status-pages-v1/annex-c-p078.pdf,Philippine Textile Research Institute / Various SAROs issued in December; Philippine Textile Research Institute terminal-leave and monetization aggregate,Pension and Gratuity Fund,Allotment Releases,Terminal Leave/Retirement Gratuity,428915,pesos,428915,1,Unnumbered aggregate; not a distinct SARO instrument.
c-status-rollup-p078-c004,2024,C,78,78,https://github.com/tordecilla/unprogrammed-appropriations/releases/download/pdfs-status-pages-v1/annex-c-p078.pdf,Philippine Textile Research Institute / Various SAROs issued in December; Philippine Textile Research Institute terminal-leave and monetization aggregate,Pension and Gratuity Fund,Allotment Releases,Monetization of Leave Credits,2036387,pesos,2036387,1,Unnumbered aggregate; not a distinct SARO instrument.
c-status-rollup-p078-c005,2024,C,78,78,https://github.com/tordecilla/unprogrammed-appropriations/releases/download/pdfs-status-pages-v1/annex-c-p078.pdf,Philippine Textile Research Institute / Various SAROs issued in December; Philippine Textile Research Institute terminal-leave and monetization aggregate,Pension and Gratuity Fund,Allotment Releases,Total,2465302,pesos,2465302,1,Unnumbered aggregate; not a distinct SARO instrument.
c-status-rollup-p075-c001,2024,C,75,75,https://github.com/tordecilla/unprogrammed-appropriations/releases/download/pdfs-status-pages-v1/annex-c-p075.pdf,Advanced Science and Technology Institute / Printed agency subtotal; Advanced Science and Technology Institute,Printed agency subtotal,Allotment Releases,Salary Increase,2696000,pesos,2696000,1,Unnumbered aggregate; not a distinct SARO instrument.
c-status-rollup-p075-c002,2024,C,75,75,https://github.com/tordecilla/unprogrammed-appropriations/releases/download/pdfs-status-pages-v1/annex-c-p075.pdf,Advanced Science and Technology Institute / Printed agency subtotal; Advanced Science and Technology Institute,Printed agency subtotal,Allotment Releases,Other PS Deficiencies,408904,pesos,408904,1,Unnumbered aggregate; not a distinct SARO instrument.
c-status-rollup-p075-c003,2024,C,75,75,https://github.com/tordecilla/unprogrammed-appropriations/releases/download/pdfs-status-pages-v1/annex-c-p075.pdf,Advanced Science and Technology Institute / Printed agency subtotal; Advanced Science and Technology Institute,Printed agency subtotal,Allotment Releases,Personnel Benefits Total,3104904,pesos,3104904,1,Unnumbered aggregate; not a distinct SARO instrument.
c-status-rollup-p075-c004,2024,C,75,75,https://github.com/tordecilla/unprogrammed-appropriations/releases/download/pdfs-status-pages-v1/annex-c-p075.pdf,Advanced Science and Technology Institute / Printed agency subtotal; Advanced Science and Technology Institute,Printed agency subtotal,Allotment Releases,Total,3104904,pesos,3104904,1,Unnumbered aggregate; not a distinct SARO instrument.
c-status-rollup-p075-c005,2024,C,75,75,https://github.com/tordecilla/unprogrammed-appropriations/releases/download/pdfs-status-pages-v1/annex-c-p075.pdf,Food and Nutrition Research Institute / Printed agency subtotal; Food and Nutrition Research Institute,Printed agency subtotal,Allotment Releases,Salary Increase,4779000,pesos,4779000,1,Unnumbered aggregate; not a distinct SARO instrument.
c-status-rollup-p075-c006,2024,C,75,75,https://github.com/tordecilla/unprogrammed-appropriations/releases/download/pdfs-status-pages-v1/annex-c-p075.pdf,Food and Nutrition Research Institute / Printed agency subtotal; Food and Nutrition Research Institute,Printed agency subtotal,Allotment Releases,Other PS Deficiencies,11973945,pesos,11973945,1,Unnumbered aggregate; not a distinct SARO instrument.
c-status-rollup-p075-c007,2024,C,75,75,https://github.com/tordecilla/unprogrammed-appropriations/releases/download/pdfs-status-pages-v1/annex-c-p075.pdf,Food and Nutrition Research Institute / Printed agency subtotal; Food and Nutrition Research Institute,Printed agency subtotal,Allotment Releases,Personnel Benefits Total,16752945,pesos,16752945,1,Unnumbered aggregate; not a distinct SARO instrument.
c-status-rollup-p075-c008,2024,C,75,75,https://github.com/tordecilla/unprogrammed-appropriations/releases/download/pdfs-status-pages-v1/annex-c-p075.pdf,Food and Nutrition Research Institute / Printed agency subtotal; Food and Nutrition Research Institute,Printed agency subtotal,Allotment Releases,Total,16752945,pesos,16752945,1,Unnumbered aggregate; not a distinct SARO instrument.
c-status-rollup-p075-c009,2024,C,75,75,https://github.com/tordecilla/unprogrammed-appropriations/releases/download/pdfs-status-pages-v1/annex-c-p075.pdf,Forest Products Research and Development Institute / Printed agency subtotal; Forest Products Research and Development Institute,Printed agency subtotal,Allotment Releases,Salary Increase,4776000,pesos,4776000,1,Unnumbered aggregate; not a distinct SARO instrument.
c-status-rollup-p075-c010,2024,C,75,75,https://github.com/tordecilla/unprogrammed-appropriations/releases/download/pdfs-status-pages-v1/annex-c-p075.pdf,Forest Products Research and Development Institute / Printed agency subtotal; Forest Products Research and Development Institute,Printed agency subtotal,Allotment Releases,Personnel Benefits Total,4776000,pesos,4776000,1,Unnumbered aggregate; not a distinct SARO instrument.
c-status-rollup-p075-c011,2024,C,75,75,https://github.com/tordecilla/unprogrammed-appropriations/releases/download/pdfs-status-pages-v1/annex-c-p075.pdf,Forest Products Research and Development Institute / Printed agency subtotal; Forest Products Research and Development Institute,Printed agency subtotal,Allotment Releases,Total,4776000,pesos,4776000,1,Unnumbered aggregate; not a distinct SARO instrument.
c-status-rollup-p075-c012,2024,C,75,75,https://github.com/tordecilla/unprogrammed-appropriations/releases/download/pdfs-status-pages-v1/annex-c-p075.pdf,Industrial Technology Development Institute / Printed agency subtotal; Industrial Technology Development Institute,Printed agency subtotal,Allotment Releases,Salary Increase,9037000,pesos,9037000,1,Unnumbered aggregate; not a distinct SARO instrument.
c-status-rollup-p075-c013,2024,C,75,75,https://github.com/tordecilla/unprogrammed-appropriations/releases/download/pdfs-status-pages-v1/annex-c-p075.pdf,Industrial Technology Development Institute / Printed agency subtotal; Industrial Technology Development Institute,Printed agency subtotal,Allotment Releases,Personnel Benefits Total,9037000,pesos,9037000,1,Unnumbered aggregate; not a distinct SARO instrument.
c-status-rollup-p075-c014,2024,C,75,75,https://github.com/tordecilla/unprogrammed-appropriations/releases/download/pdfs-status-pages-v1/annex-c-p075.pdf,Industrial Technology Development Institute / Printed agency subtotal; Industrial Technology Development Institute,Printed agency subtotal,Allotment Releases,Total,9037000,pesos,9037000,1,Unnumbered aggregate; not a distinct SARO instrument.
c-status-rollup-p075-c015,2024,C,75,75,https://github.com/tordecilla/unprogrammed-appropriations/releases/download/pdfs-status-pages-v1/annex-c-p075.pdf,Metals Industry Research and Development Center / Printed agency subtotal; Metals Industry Research and Development Center,Printed agency subtotal,Allotment Releases,Salary Increase,5927000,pesos,5927000,1,Unnumbered aggregate; not a distinct SARO instrument.
c-status-rollup-p075-c016,2024,C,75,75,https://github.com/tordecilla/unprogrammed-appropriations/releases/download/pdfs-status-pages-v1/annex-c-p075.pdf,Metals Industry Research and Development Center / Printed agency subtotal; Metals Industry Research and Development Center,Printed agency subtotal,Allotment Releases,Personnel Benefits Total,5927000,pesos,5927000,1,Unnumbered aggregate; not a distinct SARO instrument.
c-status-rollup-p075-c017,2024,C,75,75,https://github.com/tordecilla/unprogrammed-appropriations/releases/download/pdfs-status-pages-v1/annex-c-p075.pdf,Metals Industry Research and Development Center / Printed agency subtotal; Metals Industry Research and Development Center,Printed agency subtotal,Allotment Releases,Total,5927000,pesos,5927000,1,Unnumbered aggregate; not a distinct SARO instrument.
c-status-rollup-p075-c018,2024,C,75,75,https://github.com/tordecilla/unprogrammed-appropriations/releases/download/pdfs-status-pages-v1/annex-c-p075.pdf,National Academy of Science and Technology / Printed agency subtotal; National Academy of Science and Technology,Printed agency subtotal,Allotment Releases,Salary Increase,629000,pesos,629000,1,Unnumbered aggregate; not a distinct SARO instrument.
c-status-rollup-p075-c019,2024,C,75,75,https://github.com/tordecilla/unprogrammed-appropriations/releases/download/pdfs-status-pages-v1/annex-c-p075.pdf,National Academy of Science and Technology / Printed agency subtotal; National Academy of Science and Technology,Printed agency subtotal,Allotment Releases,Other PS Deficiencies,1001715,pesos,1001715,1,Unnumbered aggregate; not a distinct SARO instrument.
c-status-rollup-p075-c020,2024,C,75,75,https://github.com/tordecilla/unprogrammed-appropriations/releases/download/pdfs-status-pages-v1/annex-c-p075.pdf,National Academy of Science and Technology / Printed agency subtotal; National Academy of Science and Technology,Printed agency subtotal,Allotment Releases,Personnel Benefits Total,1630715,pesos,1630715,1,Unnumbered aggregate; not a distinct SARO instrument.
c-status-rollup-p075-c021,2024,C,75,75,https://github.com/tordecilla/unprogrammed-appropriations/releases/download/pdfs-status-pages-v1/annex-c-p075.pdf,National Academy of Science and Technology / Printed agency subtotal; National Academy of Science and Technology,Printed agency subtotal,Allotment Releases,Total,1630715,pesos,1630715,1,Unnumbered aggregate; not a distinct SARO instrument.
c-status-rollup-p075-c022,2024,C,75,75,https://github.com/tordecilla/unprogrammed-appropriations/releases/download/pdfs-status-pages-v1/annex-c-p075.pdf,National Research Council of the Philippines / Printed agency subtotal; National Research Council of the Philippines,Printed agency subtotal,Allotment Releases,Salary Increase,1092000,pesos,1092000,1,Unnumbered aggregate; not a distinct SARO instrument.
c-status-rollup-p075-c023,2024,C,75,75,https://github.com/tordecilla/unprogrammed-appropriations/releases/download/pdfs-status-pages-v1/annex-c-p075.pdf,National Research Council of the Philippines / Printed agency subtotal; National Research Council of the Philippines,Printed agency subtotal,Allotment Releases,Other PS Deficiencies,3623801,pesos,3623801,1,Unnumbered aggregate; not a distinct SARO instrument.
c-status-rollup-p075-c024,2024,C,75,75,https://github.com/tordecilla/unprogrammed-appropriations/releases/download/pdfs-status-pages-v1/annex-c-p075.pdf,National Research Council of the Philippines / Printed agency subtotal; National Research Council of the Philippines,Printed agency subtotal,Allotment Releases,Personnel Benefits Total,4715801,pesos,4715801,1,Unnumbered aggregate; not a distinct SARO instrument.
c-status-rollup-p075-c025,2024,C,75,75,https://github.com/tordecilla/unprogrammed-appropriations/releases/download/pdfs-status-pages-v1/annex-c-p075.pdf,National Research Council of the Philippines / Printed agency subtotal; National Research Council of the Philippines,Printed agency subtotal,Allotment Releases,Total,4715801,pesos,4715801,1,Unnumbered aggregate; not a distinct SARO instrument.
c-status-rollup-p075-c026,2024,C,75,75,https://github.com/tordecilla/unprogrammed-appropriations/releases/download/pdfs-status-pages-v1/annex-c-p075.pdf,"Philippine Atmospheric, Geophysical and Astronomical Services Administration (PAGASA) / Printed agency subtotal; Philippine Atmospheric, Geophysical and Astronomical Services Administration",Printed agency subtotal,Allotment Releases,Salary Increase,20434000,pesos,20434000,1,Unnumbered aggregate; not a distinct SARO instrument.
c-status-rollup-p075-c027,2024,C,75,75,https://github.com/tordecilla/unprogrammed-appropriations/releases/download/pdfs-status-pages-v1/annex-c-p075.pdf,"Philippine Atmospheric, Geophysical and Astronomical Services Administration (PAGASA) / Printed agency subtotal; Philippine Atmospheric, Geophysical and Astronomical Services Administration",Printed agency subtotal,Allotment Releases,Other PS Deficiencies,19300604,pesos,19300604,1,Unnumbered aggregate; not a distinct SARO instrument.
c-status-rollup-p075-c028,2024,C,75,75,https://github.com/tordecilla/unprogrammed-appropriations/releases/download/pdfs-status-pages-v1/annex-c-p075.pdf,"Philippine Atmospheric, Geophysical and Astronomical Services Administration (PAGASA) / Printed agency subtotal; Philippine Atmospheric, Geophysical and Astronomical Services Administration",Printed agency subtotal,Allotment Releases,Personnel Benefits Total,39734604,pesos,39734604,1,Unnumbered aggregate; not a distinct SARO instrument.
c-status-rollup-p075-c029,2024,C,75,75,https://github.com/tordecilla/unprogrammed-appropriations/releases/download/pdfs-status-pages-v1/annex-c-p075.pdf,"Philippine Atmospheric, Geophysical and Astronomical Services Administration (PAGASA) / Printed agency subtotal; Philippine Atmospheric, Geophysical and Astronomical Services Administration",Printed agency subtotal,Allotment Releases,Total,39734604,pesos,39734604,1,Unnumbered aggregate; not a distinct SARO instrument.
c-status-rollup-p075-c030,2024,C,75,75,https://github.com/tordecilla/unprogrammed-appropriations/releases/download/pdfs-status-pages-v1/annex-c-p075.pdf,"Philippine Council for Agriculture, Aquatic and Natural Resources Research and Development (PCAARRD) / Printed agency subtotal; Philippine Council for Agriculture, Aquatic and Natural Resources Research and Development",Printed agency subtotal,Allotment Releases,Salary Increase,6728000,pesos,6728000,1,Unnumbered aggregate; not a distinct SARO instrument.
c-status-rollup-p075-c031,2024,C,75,75,https://github.com/tordecilla/unprogrammed-appropriations/releases/download/pdfs-status-pages-v1/annex-c-p075.pdf,"Philippine Council for Agriculture, Aquatic and Natural Resources Research and Development (PCAARRD) / Printed agency subtotal; Philippine Council for Agriculture, Aquatic and Natural Resources Research and Development",Printed agency subtotal,Allotment Releases,Terminal Leave/Retirement Gratuity,6514496,pesos,6514496,1,Unnumbered aggregate; not a distinct SARO instrument.
c-status-rollup-p075-c032,2024,C,75,75,https://github.com/tordecilla/unprogrammed-appropriations/releases/download/pdfs-status-pages-v1/annex-c-p075.pdf,"Philippine Council for Agriculture, Aquatic and Natural Resources Research and Development (PCAARRD) / Printed agency subtotal; Philippine Council for Agriculture, Aquatic and Natural Resources Research and Development",Printed agency subtotal,Allotment Releases,Pension and Gratuity Fund Total,6514496,pesos,6514496,1,Unnumbered aggregate; not a distinct SARO instrument.
c-status-rollup-p075-c033,2024,C,75,75,https://github.com/tordecilla/unprogrammed-appropriations/releases/download/pdfs-status-pages-v1/annex-c-p075.pdf,"Philippine Council for Agriculture, Aquatic and Natural Resources Research and Development (PCAARRD) / Printed agency subtotal; Philippine Council for Agriculture, Aquatic and Natural Resources Research and Development",Printed agency subtotal,Allotment Releases,Total,13242496,pesos,13242496,1,Unnumbered aggregate; not a distinct SARO instrument.
c-status-rollup-p075-c034,2024,C,75,75,https://github.com/tordecilla/unprogrammed-appropriations/releases/download/pdfs-status-pages-v1/annex-c-p075.pdf,Philippine Council for Health Research and Development (PCHRD) / Printed agency subtotal; Philippine Council for Health Research and Development,Printed agency subtotal,Allotment Releases,Salary Increase,2001000,pesos,2001000,1,Unnumbered aggregate; not a distinct SARO instrument.
c-status-rollup-p075-c035,2024,C,75,75,https://github.com/tordecilla/unprogrammed-appropriations/releases/download/pdfs-status-pages-v1/annex-c-p075.pdf,Philippine Council for Health Research and Development (PCHRD) / Printed agency subtotal; Philippine Council for Health Research and Development,Printed agency subtotal,Allotment Releases,Other PS Deficiencies,5754529,pesos,5754529,1,Unnumbered aggregate; not a distinct SARO instrument.
c-status-rollup-p075-c036,2024,C,75,75,https://github.com/tordecilla/unprogrammed-appropriations/releases/download/pdfs-status-pages-v1/annex-c-p075.pdf,Philippine Council for Health Research and Development (PCHRD) / Printed agency subtotal; Philippine Council for Health Research and Development,Printed agency subtotal,Allotment Releases,Monetization of Leave Credits,51926,pesos,51926,1,Unnumbered aggregate; not a distinct SARO instrument.
c-status-rollup-p075-c037,2024,C,75,75,https://github.com/tordecilla/unprogrammed-appropriations/releases/download/pdfs-status-pages-v1/annex-c-p075.pdf,Philippine Council for Health Research and Development (PCHRD) / Printed agency subtotal; Philippine Council for Health Research and Development,Printed agency subtotal,Allotment Releases,Pension and Gratuity Fund Total,51926,pesos,51926,1,Unnumbered aggregate; not a distinct SARO instrument.
c-status-rollup-p075-c038,2024,C,75,75,https://github.com/tordecilla/unprogrammed-appropriations/releases/download/pdfs-status-pages-v1/annex-c-p075.pdf,Philippine Council for Health Research and Development (PCHRD) / Printed agency subtotal; Philippine Council for Health Research and Development,Printed agency subtotal,Allotment Releases,Total,7807455,pesos,7807455,1,Unnumbered aggregate; not a distinct SARO instrument.
c-status-rollup-p079-c001,2024,C,79,79,https://github.com/tordecilla/unprogrammed-appropriations/releases/download/pdfs-status-pages-v1/annex-c-p079.pdf,"Philippine Council for Industry, Energy and Emerging Technology Research and Development (PCIEERD) / Printed agency subtotal; Philippine Council for Industry, Energy and Emerging Technology Research and Development",Printed agency subtotal,Allotment Releases,Salary Increase,2620000,pesos,2620000,1,Unnumbered aggregate; not a distinct SARO instrument.
c-status-rollup-p079-c002,2024,C,79,79,https://github.com/tordecilla/unprogrammed-appropriations/releases/download/pdfs-status-pages-v1/annex-c-p079.pdf,"Philippine Council for Industry, Energy and Emerging Technology Research and Development (PCIEERD) / Printed agency subtotal; Philippine Council for Industry, Energy and Emerging Technology Research and Development",Printed agency subtotal,Allotment Releases,Terminal Leave/Retirement Gratuity,498452,pesos,498452,1,Unnumbered aggregate; not a distinct SARO instrument.
c-status-rollup-p079-c003,2024,C,79,79,https://github.com/tordecilla/unprogrammed-appropriations/releases/download/pdfs-status-pages-v1/annex-c-p079.pdf,"Philippine Council for Industry, Energy and Emerging Technology Research and Development (PCIEERD) / Printed agency subtotal; Philippine Council for Industry, Energy and Emerging Technology Research and Development",Printed agency subtotal,Allotment Releases,Pension and Gratuity Fund Total,498452,pesos,498452,1,Unnumbered aggregate; not a distinct SARO instrument.
c-status-rollup-p079-c004,2024,C,79,79,https://github.com/tordecilla/unprogrammed-appropriations/releases/download/pdfs-status-pages-v1/annex-c-p079.pdf,"Philippine Council for Industry, Energy and Emerging Technology Research and Development (PCIEERD) / Printed agency subtotal; Philippine Council for Industry, Energy and Emerging Technology Research and Development",Printed agency subtotal,Allotment Releases,Total,3118452,pesos,3118452,1,Unnumbered aggregate; not a distinct SARO instrument.
c-status-rollup-p079-c005,2024,C,79,79,https://github.com/tordecilla/unprogrammed-appropriations/releases/download/pdfs-status-pages-v1/annex-c-p079.pdf,Philippine Institute of Volcanology and Seismology (PHIVOLCS) / Printed agency subtotal; Philippine Institute of Volcanology and Seismology,Printed agency subtotal,Allotment Releases,Salary Increase,5316000,pesos,5316000,1,Unnumbered aggregate; not a distinct SARO instrument.
c-status-rollup-p079-c006,2024,C,79,79,https://github.com/tordecilla/unprogrammed-appropriations/releases/download/pdfs-status-pages-v1/annex-c-p079.pdf,Philippine Institute of Volcanology and Seismology (PHIVOLCS) / Printed agency subtotal; Philippine Institute of Volcanology and Seismology,Printed agency subtotal,Allotment Releases,Monetization of Leave Credits,4269203,pesos,4269203,1,Unnumbered aggregate; not a distinct SARO instrument.
c-status-rollup-p079-c007,2024,C,79,79,https://github.com/tordecilla/unprogrammed-appropriations/releases/download/pdfs-status-pages-v1/annex-c-p079.pdf,Philippine Institute of Volcanology and Seismology (PHIVOLCS) / Printed agency subtotal; Philippine Institute of Volcanology and Seismology,Printed agency subtotal,Allotment Releases,Pension and Gratuity Fund Total,4269203,pesos,4269203,1,Unnumbered aggregate; not a distinct SARO instrument.
c-status-rollup-p079-c008,2024,C,79,79,https://github.com/tordecilla/unprogrammed-appropriations/releases/download/pdfs-status-pages-v1/annex-c-p079.pdf,Philippine Institute of Volcanology and Seismology (PHIVOLCS) / Printed agency subtotal; Philippine Institute of Volcanology and Seismology,Printed agency subtotal,Allotment Releases,Total,9585203,pesos,9585203,1,Unnumbered aggregate; not a distinct SARO instrument.
c-status-rollup-p079-c009,2024,C,79,79,https://github.com/tordecilla/unprogrammed-appropriations/releases/download/pdfs-status-pages-v1/annex-c-p079.pdf,Philippine Nuclear Research Institute / Printed agency subtotal; Philippine Nuclear Research Institute,Printed agency subtotal,Allotment Releases,Salary Increase,6920000,pesos,6920000,1,Unnumbered aggregate; not a distinct SARO instrument.
c-status-rollup-p079-c010,2024,C,79,79,https://github.com/tordecilla/unprogrammed-appropriations/releases/download/pdfs-status-pages-v1/annex-c-p079.pdf,Philippine Nuclear Research Institute / Printed agency subtotal; Philippine Nuclear Research Institute,Printed agency subtotal,Allotment Releases,Personnel Benefits Total,6920000,pesos,6920000,1,Unnumbered aggregate; not a distinct SARO instrument.
c-status-rollup-p079-c011,2024,C,79,79,https://github.com/tordecilla/unprogrammed-appropriations/releases/download/pdfs-status-pages-v1/annex-c-p079.pdf,Philippine Nuclear Research Institute / Printed agency subtotal; Philippine Nuclear Research Institute,Printed agency subtotal,Allotment Releases,Total,6920000,pesos,6920000,1,Unnumbered aggregate; not a distinct SARO instrument.
c-status-rollup-p079-c012,2024,C,79,79,https://github.com/tordecilla/unprogrammed-appropriations/releases/download/pdfs-status-pages-v1/annex-c-p079.pdf,Philippine Science High School System / Printed agency subtotal; Philippine Science High School System,Printed agency subtotal,Allotment Releases,Salary Increase,50802000,pesos,50802000,1,Unnumbered aggregate; not a distinct SARO instrument.
c-status-rollup-p079-c013,2024,C,79,79,https://github.com/tordecilla/unprogrammed-appropriations/releases/download/pdfs-status-pages-v1/annex-c-p079.pdf,Philippine Science High School System / Printed agency subtotal; Philippine Science High School System,Printed agency subtotal,Allotment Releases,Terminal Leave/Retirement Gratuity,1302761,pesos,1302761,1,Unnumbered aggregate; not a distinct SARO instrument.
c-status-rollup-p079-c014,2024,C,79,79,https://github.com/tordecilla/unprogrammed-appropriations/releases/download/pdfs-status-pages-v1/annex-c-p079.pdf,Philippine Science High School System / Printed agency subtotal; Philippine Science High School System,Printed agency subtotal,Allotment Releases,Monetization of Leave Credits,258242,pesos,258242,1,Unnumbered aggregate; not a distinct SARO instrument.
c-status-rollup-p079-c015,2024,C,79,79,https://github.com/tordecilla/unprogrammed-appropriations/releases/download/pdfs-status-pages-v1/annex-c-p079.pdf,Philippine Science High School System / Printed agency subtotal; Philippine Science High School System,Printed agency subtotal,Allotment Releases,Pension and Gratuity Fund Total,1561003,pesos,1561003,1,Unnumbered aggregate; not a distinct SARO instrument.
c-status-rollup-p079-c016,2024,C,79,79,https://github.com/tordecilla/unprogrammed-appropriations/releases/download/pdfs-status-pages-v1/annex-c-p079.pdf,Philippine Science High School System / Printed agency subtotal; Philippine Science High School System,Printed agency subtotal,Allotment Releases,Total,52363003,pesos,52363003,1,Unnumbered aggregate; not a distinct SARO instrument.
c-status-rollup-p079-c017,2024,C,79,79,https://github.com/tordecilla/unprogrammed-appropriations/releases/download/pdfs-status-pages-v1/annex-c-p079.pdf,Philippine Textile Research Institute / Printed agency subtotal; Philippine Textile Research Institute,Printed agency subtotal,Allotment Releases,Salary Increase,1955000,pesos,1955000,1,Unnumbered aggregate; not a distinct SARO instrument.
c-status-rollup-p079-c018,2024,C,79,79,https://github.com/tordecilla/unprogrammed-appropriations/releases/download/pdfs-status-pages-v1/annex-c-p079.pdf,Philippine Textile Research Institute / Printed agency subtotal; Philippine Textile Research Institute,Printed agency subtotal,Allotment Releases,Terminal Leave/Retirement Gratuity,428915,pesos,428915,1,Unnumbered aggregate; not a distinct SARO instrument.
c-status-rollup-p079-c019,2024,C,79,79,https://github.com/tordecilla/unprogrammed-appropriations/releases/download/pdfs-status-pages-v1/annex-c-p079.pdf,Philippine Textile Research Institute / Printed agency subtotal; Philippine Textile Research Institute,Printed agency subtotal,Allotment Releases,Monetization of Leave Credits,2036387,pesos,2036387,1,Unnumbered aggregate; not a distinct SARO instrument.
c-status-rollup-p079-c020,2024,C,79,79,https://github.com/tordecilla/unprogrammed-appropriations/releases/download/pdfs-status-pages-v1/annex-c-p079.pdf,Philippine Textile Research Institute / Printed agency subtotal; Philippine Textile Research Institute,Printed agency subtotal,Allotment Releases,Pension and Gratuity Fund Total,2465302,pesos,2465302,1,Unnumbered aggregate; not a distinct SARO instrument.
c-status-rollup-p079-c021,2024,C,79,79,https://github.com/tordecilla/unprogrammed-appropriations/releases/download/pdfs-status-pages-v1/annex-c-p079.pdf,Philippine Textile Research Institute / Printed agency subtotal; Philippine Textile Research Institute,Printed agency subtotal,Allotment Releases,Total,4420302,pesos,4420302,1,Unnumbered aggregate; not a distinct SARO instrument.
c-status-rollup-p079-c022,2024,C,79,79,https://github.com/tordecilla/unprogrammed-appropriations/releases/download/pdfs-status-pages-v1/annex-c-p079.pdf,Science Education Institute / Printed agency subtotal; Science Education Institute,Printed agency subtotal,Allotment Releases,Salary Increase,1842000,pesos,1842000,1,Unnumbered aggregate; not a distinct SARO instrument.
c-status-rollup-p079-c023,2024,C,79,79,https://github.com/tordecilla/unprogrammed-appropriations/releases/download/pdfs-status-pages-v1/annex-c-p079.pdf,Science Education Institute / Printed agency subtotal; Science Education Institute,Printed agency subtotal,Allotment Releases,Other PS Deficiencies,1093042,pesos,1093042,1,Unnumbered aggregate; not a distinct SARO instrument.
c-status-rollup-p079-c024,2024,C,79,79,https://github.com/tordecilla/unprogrammed-appropriations/releases/download/pdfs-status-pages-v1/annex-c-p079.pdf,Science Education Institute / Printed agency subtotal; Science Education Institute,Printed agency subtotal,Allotment Releases,Monetization of Leave Credits,1243808,pesos,1243808,1,Unnumbered aggregate; not a distinct SARO instrument.
c-status-rollup-p079-c025,2024,C,79,79,https://github.com/tordecilla/unprogrammed-appropriations/releases/download/pdfs-status-pages-v1/annex-c-p079.pdf,Science Education Institute / Printed agency subtotal; Science Education Institute,Printed agency subtotal,Allotment Releases,Pension and Gratuity Fund Total,1243808,pesos,1243808,1,Unnumbered aggregate; not a distinct SARO instrument.
c-status-rollup-p079-c026,2024,C,79,79,https://github.com/tordecilla/unprogrammed-appropriations/releases/download/pdfs-status-pages-v1/annex-c-p079.pdf,Science Education Institute / Printed agency subtotal; Science Education Institute,Printed agency subtotal,Allotment Releases,Total,4178850,pesos,4178850,1,Unnumbered aggregate; not a distinct SARO instrument.
c-status-rollup-p079-c027,2024,C,79,79,https://github.com/tordecilla/unprogrammed-appropriations/releases/download/pdfs-status-pages-v1/annex-c-p079.pdf,Science and Technology Information Institute / Printed agency subtotal; Science and Technology Information Institute,Printed agency subtotal,Allotment Releases,Salary Increase,1725000,pesos,1725000,1,Unnumbered aggregate; not a distinct SARO instrument.
c-status-rollup-p079-c028,2024,C,79,79,https://github.com/tordecilla/unprogrammed-appropriations/releases/download/pdfs-status-pages-v1/annex-c-p079.pdf,Science and Technology Information Institute / Printed agency subtotal; Science and Technology Information Institute,Printed agency subtotal,Allotment Releases,Other PS Deficiencies,1479902,pesos,1479902,1,Unnumbered aggregate; not a distinct SARO instrument.
c-status-rollup-p079-c029,2024,C,79,79,https://github.com/tordecilla/unprogrammed-appropriations/releases/download/pdfs-status-pages-v1/annex-c-p079.pdf,Science and Technology Information Institute / Printed agency subtotal; Science and Technology Information Institute,Printed agency subtotal,Allotment Releases,Personnel Benefits Total,3204902,pesos,3204902,1,Unnumbered aggregate; not a distinct SARO instrument.
c-status-rollup-p079-c030,2024,C,79,79,https://github.com/tordecilla/unprogrammed-appropriations/releases/download/pdfs-status-pages-v1/annex-c-p079.pdf,Science and Technology Information Institute / Printed agency subtotal; Science and Technology Information Institute,Printed agency subtotal,Allotment Releases,Total,3204902,pesos,3204902,1,Unnumbered aggregate; not a distinct SARO instrument.
c-status-rollup-p079-c031,2024,C,79,79,https://github.com/tordecilla/unprogrammed-appropriations/releases/download/pdfs-status-pages-v1/annex-c-p079.pdf,Technology Application and Promotion Institute / Printed agency subtotal; Technology Application and Promotion Institute,Printed agency subtotal,Allotment Releases,Salary Increase,2281000,pesos,2281000,1,Unnumbered aggregate; not a distinct SARO instrument.
c-status-rollup-p079-c032,2024,C,79,79,https://github.com/tordecilla/unprogrammed-appropriations/releases/download/pdfs-status-pages-v1/annex-c-p079.pdf,Technology Application and Promotion Institute / Printed agency subtotal; Technology Application and Promotion Institute,Printed agency subtotal,Allotment Releases,Personnel Benefits Total,2281000,pesos,2281000,1,Unnumbered aggregate; not a distinct SARO instrument.
c-status-rollup-p079-c033,2024,C,79,79,https://github.com/tordecilla/unprogrammed-appropriations/releases/download/pdfs-status-pages-v1/annex-c-p079.pdf,Technology Application and Promotion Institute / Printed agency subtotal; Technology Application and Promotion Institute,Printed agency subtotal,Allotment Releases,Total,2281000,pesos,2281000,1,Unnumbered aggregate; not a distinct SARO instrument.
c-status-rollup-p083-c001,2024,C,83,80,https://github.com/tordecilla/unprogrammed-appropriations/releases/download/pdfs-status-pages-v1/annex-c-p083.pdf,Department of Social Welfare and Development (DSWD) / DSWD department subtotal,Department subtotal,Allotment Releases,SAGIP MOOE,16890000000,pesos,16890000000,1,Unnumbered aggregate; not a distinct SARO instrument. Visible department total spans pp. 80–83; program allocations and grand total are read from the continuation pages.
c-status-rollup-p083-c002,2024,C,83,80,https://github.com/tordecilla/unprogrammed-appropriations/releases/download/pdfs-status-pages-v1/annex-c-p083.pdf,Department of Social Welfare and Development (DSWD) / DSWD department subtotal,Department subtotal,Allotment Releases,FAPS MOOE,4006789864,pesos,4006789864,1,Unnumbered aggregate; not a distinct SARO instrument. Visible department total spans pp. 80–83; program allocations and grand total are read from the continuation pages.
c-status-rollup-p083-c003,2024,C,83,80,https://github.com/tordecilla/unprogrammed-appropriations/releases/download/pdfs-status-pages-v1/annex-c-p083.pdf,Department of Social Welfare and Development (DSWD) / DSWD department subtotal,Department subtotal,Allotment Releases,FAPS CO,190412521,pesos,190412521,1,Unnumbered aggregate; not a distinct SARO instrument. Visible department total spans pp. 80–83; program allocations and grand total are read from the continuation pages.
c-status-rollup-p083-c004,2024,C,83,80,https://github.com/tordecilla/unprogrammed-appropriations/releases/download/pdfs-status-pages-v1/annex-c-p083.pdf,Department of Social Welfare and Development (DSWD) / DSWD department subtotal,Department subtotal,Allotment Releases,FAPS Total,4197202385,pesos,4197202385,1,Unnumbered aggregate; not a distinct SARO instrument. Visible department total spans pp. 80–83; program allocations and grand total are read from the continuation pages.
c-status-rollup-p083-c005,2024,C,83,80,https://github.com/tordecilla/unprogrammed-appropriations/releases/download/pdfs-status-pages-v1/annex-c-p083.pdf,Department of Social Welfare and Development (DSWD) / DSWD department subtotal,Department subtotal,Allotment Releases,Government Counterpart of Foreign-Assisted Projects MOOE,383228871,pesos,383228871,1,Unnumbered aggregate; not a distinct SARO instrument. Visible department total spans pp. 80–83; program allocations and grand total are read from the continuation pages.
c-status-rollup-p083-c006,2024,C,83,80,https://github.com/tordecilla/unprogrammed-appropriations/releases/download/pdfs-status-pages-v1/annex-c-p083.pdf,Department of Social Welfare and Development (DSWD) / DSWD department subtotal,Department subtotal,Allotment Releases,Personnel Benefits Total,1242345064,pesos,1242345064,1,Unnumbered aggregate; not a distinct SARO instrument. Visible department total spans pp. 80–83; program allocations and grand total are read from the continuation pages.
c-status-rollup-p083-c007,2024,C,83,80,https://github.com/tordecilla/unprogrammed-appropriations/releases/download/pdfs-status-pages-v1/annex-c-p083.pdf,Department of Social Welfare and Development (DSWD) / DSWD department subtotal,Department subtotal,Allotment Releases,Pension and Gratuity Fund Total,4791398,pesos,4791398,1,Unnumbered aggregate; not a distinct SARO instrument. Visible department total spans pp. 80–83; program allocations and grand total are read from the continuation pages.
c-status-rollup-p083-c008,2024,C,83,80,https://github.com/tordecilla/unprogrammed-appropriations/releases/download/pdfs-status-pages-v1/annex-c-p083.pdf,Department of Social Welfare and Development (DSWD) / DSWD department subtotal,Department subtotal,Allotment Releases,PS,1247136462,pesos,1247136462,1,Unnumbered aggregate; not a distinct SARO instrument. Visible department total spans pp. 80–83; program allocations and grand total are read from the continuation pages.
c-status-rollup-p083-c009,2024,C,83,80,https://github.com/tordecilla/unprogrammed-appropriations/releases/download/pdfs-status-pages-v1/annex-c-p083.pdf,Department of Social Welfare and Development (DSWD) / DSWD department subtotal,Department subtotal,Allotment Releases,MOOE,21280018735,pesos,21280018735,1,Unnumbered aggregate; not a distinct SARO instrument. Visible department total spans pp. 80–83; program allocations and grand total are read from the continuation pages.
c-status-rollup-p083-c010,2024,C,83,80,https://github.com/tordecilla/unprogrammed-appropriations/releases/download/pdfs-status-pages-v1/annex-c-p083.pdf,Department of Social Welfare and Development (DSWD) / DSWD department subtotal,Department subtotal,Allotment Releases,CO,190412521,pesos,190412521,1,Unnumbered aggregate; not a distinct SARO instrument. Visible department total spans pp. 80–83; program allocations and grand total are read from the continuation pages.
c-status-rollup-p083-c011,2024,C,83,80,https://github.com/tordecilla/unprogrammed-appropriations/releases/download/pdfs-status-pages-v1/annex-c-p083.pdf,Department of Social Welfare and Development (DSWD) / DSWD department subtotal,Department subtotal,Allotment Releases,Grand Total,22717567718,pesos,22717567718,1,Unnumbered aggregate; not a distinct SARO instrument. Visible department total spans pp. 80–83; program allocations and grand total are read from the continuation pages.
c-status-rollup-p083-c012,2024,C,83,80,https://github.com/tordecilla/unprogrammed-appropriations/releases/download/pdfs-status-pages-v1/annex-c-p083.pdf,Department of Social Welfare and Development (DSWD) — Office of the Secretary / DSWD Office of the Secretary agency subtotal,Agency subtotal,Allotment Releases,SAGIP MOOE,16890000000,pesos,16890000000,1,Unnumbered aggregate; not a distinct SARO instrument. The Office of the Secretary subtotal equals the DSWD department row on these pages. Values span pp. 80–83.
c-status-rollup-p083-c013,2024,C,83,80,https://github.com/tordecilla/unprogrammed-appropriations/releases/download/pdfs-status-pages-v1/annex-c-p083.pdf,Department of Social Welfare and Development (DSWD) — Office of the Secretary / DSWD Office of the Secretary agency subtotal,Agency subtotal,Allotment Releases,FAPS MOOE,4006789864,pesos,4006789864,1,Unnumbered aggregate; not a distinct SARO instrument. The Office of the Secretary subtotal equals the DSWD department row on these pages. Values span pp. 80–83.
c-status-rollup-p083-c014,2024,C,83,80,https://github.com/tordecilla/unprogrammed-appropriations/releases/download/pdfs-status-pages-v1/annex-c-p083.pdf,Department of Social Welfare and Development (DSWD) — Office of the Secretary / DSWD Office of the Secretary agency subtotal,Agency subtotal,Allotment Releases,FAPS CO,190412521,pesos,190412521,1,Unnumbered aggregate; not a distinct SARO instrument. The Office of the Secretary subtotal equals the DSWD department row on these pages. Values span pp. 80–83.
c-status-rollup-p083-c015,2024,C,83,80,https://github.com/tordecilla/unprogrammed-appropriations/releases/download/pdfs-status-pages-v1/annex-c-p083.pdf,Department of Social Welfare and Development (DSWD) — Office of the Secretary / DSWD Office of the Secretary agency subtotal,Agency subtotal,Allotment Releases,FAPS Total,4197202385,pesos,4197202385,1,Unnumbered aggregate; not a distinct SARO instrument. The Office of the Secretary subtotal equals the DSWD department row on these pages. Values span pp. 80–83.
c-status-rollup-p083-c016,2024,C,83,80,https://github.com/tordecilla/unprogrammed-appropriations/releases/download/pdfs-status-pages-v1/annex-c-p083.pdf,Department of Social Welfare and Development (DSWD) — Office of the Secretary / DSWD Office of the Secretary agency subtotal,Agency subtotal,Allotment Releases,Government Counterpart of Foreign-Assisted Projects MOOE,383228871,pesos,383228871,1,Unnumbered aggregate; not a distinct SARO instrument. The Office of the Secretary subtotal equals the DSWD department row on these pages. Values span pp. 80–83.
c-status-rollup-p083-c017,2024,C,83,80,https://github.com/tordecilla/unprogrammed-appropriations/releases/download/pdfs-status-pages-v1/annex-c-p083.pdf,Department of Social Welfare and Development (DSWD) — Office of the Secretary / DSWD Office of the Secretary agency subtotal,Agency subtotal,Allotment Releases,Salary Increase,243521345,pesos,243521345,1,Unnumbered aggregate; not a distinct SARO instrument. The Office of the Secretary subtotal equals the DSWD department row on these pages. Values span pp. 80–83.
c-status-rollup-p083-c018,2024,C,83,80,https://github.com/tordecilla/unprogrammed-appropriations/releases/download/pdfs-status-pages-v1/annex-c-p083.pdf,Department of Social Welfare and Development (DSWD) — Office of the Secretary / DSWD Office of the Secretary agency subtotal,Agency subtotal,Allotment Releases,FY 2022 PBB,998823719,pesos,998823719,1,Unnumbered aggregate; not a distinct SARO instrument. The Office of the Secretary subtotal equals the DSWD department row on these pages. Values span pp. 80–83.
c-status-rollup-p083-c019,2024,C,83,80,https://github.com/tordecilla/unprogrammed-appropriations/releases/download/pdfs-status-pages-v1/annex-c-p083.pdf,Department of Social Welfare and Development (DSWD) — Office of the Secretary / DSWD Office of the Secretary agency subtotal,Agency subtotal,Allotment Releases,Personnel Benefits Total,1242345064,pesos,1242345064,1,Unnumbered aggregate; not a distinct SARO instrument. The Office of the Secretary subtotal equals the DSWD department row on these pages. Values span pp. 80–83.
c-status-rollup-p083-c020,2024,C,83,80,https://github.com/tordecilla/unprogrammed-appropriations/releases/download/pdfs-status-pages-v1/annex-c-p083.pdf,Department of Social Welfare and Development (DSWD) — Office of the Secretary / DSWD Office of the Secretary agency subtotal,Agency subtotal,Allotment Releases,Terminal Leave/Retirement Gratuity,4791398,pesos,4791398,1,Unnumbered aggregate; not a distinct SARO instrument. The Office of the Secretary subtotal equals the DSWD department row on these pages. Values span pp. 80–83.
c-status-rollup-p083-c021,2024,C,83,80,https://github.com/tordecilla/unprogrammed-appropriations/releases/download/pdfs-status-pages-v1/annex-c-p083.pdf,Department of Social Welfare and Development (DSWD) — Office of the Secretary / DSWD Office of the Secretary agency subtotal,Agency subtotal,Allotment Releases,PS,1247136462,pesos,1247136462,1,Unnumbered aggregate; not a distinct SARO instrument. The Office of the Secretary subtotal equals the DSWD department row on these pages. Values span pp. 80–83.
c-status-rollup-p083-c022,2024,C,83,80,https://github.com/tordecilla/unprogrammed-appropriations/releases/download/pdfs-status-pages-v1/annex-c-p083.pdf,Department of Social Welfare and Development (DSWD) — Office of the Secretary / DSWD Office of the Secretary agency subtotal,Agency subtotal,Allotment Releases,MOOE,21280018735,pesos,21280018735,1,Unnumbered aggregate; not a distinct SARO instrument. The Office of the Secretary subtotal equals the DSWD department row on these pages. Values span pp. 80–83.
c-status-rollup-p083-c023,2024,C,83,80,https://github.com/tordecilla/unprogrammed-appropriations/releases/download/pdfs-status-pages-v1/annex-c-p083.pdf,Department of Social Welfare and Development (DSWD) — Office of the Secretary / DSWD Office of the Secretary agency subtotal,Agency subtotal,Allotment Releases,CO,190412521,pesos,190412521,1,Unnumbered aggregate; not a distinct SARO instrument. The Office of the Secretary subtotal equals the DSWD department row on these pages. Values span pp. 80–83.
c-status-rollup-p083-c024,2024,C,83,80,https://github.com/tordecilla/unprogrammed-appropriations/releases/download/pdfs-status-pages-v1/annex-c-p083.pdf,Department of Social Welfare and Development (DSWD) — Office of the Secretary / DSWD Office of the Secretary agency subtotal,Agency subtotal,Allotment Releases,Agency Total,22717567718,pesos,22717567718,1,Unnumbered aggregate; not a distinct SARO instrument. The Office of the Secretary subtotal equals the DSWD department row on these pages. Values span pp. 80–83.
c-status-rollup-p086-c001,2024,C,86,84,https://github.com/tordecilla/unprogrammed-appropriations/releases/download/pdfs-status-pages-v1/annex-c-p086.pdf,National Commission on Indigenous Peoples / National Commission on Indigenous Peoples agency subtotal,Agency subtotal,Allotment Releases,Terminal Leave/Retirement Gratuity,3744787,pesos,3744787,1,Unnumbered aggregate; not a distinct SARO instrument.
c-status-rollup-p086-c002,2024,C,86,84,https://github.com/tordecilla/unprogrammed-appropriations/releases/download/pdfs-status-pages-v1/annex-c-p086.pdf,National Commission on Indigenous Peoples / National Commission on Indigenous Peoples agency subtotal,Agency subtotal,Allotment Releases,Pension and Gratuity Fund Total,3744787,pesos,3744787,1,Unnumbered aggregate; not a distinct SARO instrument.
c-status-rollup-p086-c003,2024,C,86,84,https://github.com/tordecilla/unprogrammed-appropriations/releases/download/pdfs-status-pages-v1/annex-c-p086.pdf,National Commission on Indigenous Peoples / National Commission on Indigenous Peoples agency subtotal,Agency subtotal,Allotment Releases,Agency Total,3744787,pesos,3744787,1,Unnumbered aggregate; not a distinct SARO instrument.
c-status-rollup-p087-c001,2024,C,87,84,https://github.com/tordecilla/unprogrammed-appropriations/releases/download/pdfs-status-pages-v1/annex-c-p087.pdf,Presidential Commission for the Urban Poor / Presidential Commission for the Urban Poor agency subtotal,Agency subtotal,Allotment Releases,Other PS Deficiencies,5479727,pesos,5479727,1,Unnumbered aggregate; not a distinct SARO instrument.
c-status-rollup-p087-c002,2024,C,87,84,https://github.com/tordecilla/unprogrammed-appropriations/releases/download/pdfs-status-pages-v1/annex-c-p087.pdf,Presidential Commission for the Urban Poor / Presidential Commission for the Urban Poor agency subtotal,Agency subtotal,Allotment Releases,Terminal Leave/Retirement Gratuity,812751,pesos,812751,1,Unnumbered aggregate; not a distinct SARO instrument.
c-status-rollup-p087-c003,2024,C,87,84,https://github.com/tordecilla/unprogrammed-appropriations/releases/download/pdfs-status-pages-v1/annex-c-p087.pdf,Presidential Commission for the Urban Poor / Presidential Commission for the Urban Poor agency subtotal,Agency subtotal,Allotment Releases,Personnel Benefits Total,5479727,pesos,5479727,1,Unnumbered aggregate; not a distinct SARO instrument.
c-status-rollup-p087-c004,2024,C,87,84,https://github.com/tordecilla/unprogrammed-appropriations/releases/download/pdfs-status-pages-v1/annex-c-p087.pdf,Presidential Commission for the Urban Poor / Presidential Commission for the Urban Poor agency subtotal,Agency subtotal,Allotment Releases,Pension and Gratuity Fund Total,812751,pesos,812751,1,Unnumbered aggregate; not a distinct SARO instrument.
c-status-rollup-p087-c005,2024,C,87,84,https://github.com/tordecilla/unprogrammed-appropriations/releases/download/pdfs-status-pages-v1/annex-c-p087.pdf,Presidential Commission for the Urban Poor / Presidential Commission for the Urban Poor agency subtotal,Agency subtotal,Allotment Releases,PS,6292478,pesos,6292478,1,Unnumbered aggregate; not a distinct SARO instrument.
c-status-rollup-p087-c006,2024,C,87,84,https://github.com/tordecilla/unprogrammed-appropriations/releases/download/pdfs-status-pages-v1/annex-c-p087.pdf,Presidential Commission for the Urban Poor / Presidential Commission for the Urban Poor agency subtotal,Agency subtotal,Allotment Releases,Agency Total,6292478,pesos,6292478,1,Unnumbered aggregate; not a distinct SARO instrument.
c-status-rollup-p087-c007,2024,C,87,84,https://github.com/tordecilla/unprogrammed-appropriations/releases/download/pdfs-status-pages-v1/annex-c-p087.pdf,National Authority for Child Care / National Authority for Child Care agency subtotal,Agency subtotal,Allotment Releases,Other PS Deficiencies,66751920,pesos,66751920,1,Unnumbered aggregate; not a distinct SARO instrument.
c-status-rollup-p087-c008,2024,C,87,84,https://github.com/tordecilla/unprogrammed-appropriations/releases/download/pdfs-status-pages-v1/annex-c-p087.pdf,National Authority for Child Care / National Authority for Child Care agency subtotal,Agency subtotal,Allotment Releases,Personnel Benefits Total,66751920,pesos,66751920,1,Unnumbered aggregate; not a distinct SARO instrument.
c-status-rollup-p087-c009,2024,C,87,84,https://github.com/tordecilla/unprogrammed-appropriations/releases/download/pdfs-status-pages-v1/annex-c-p087.pdf,National Authority for Child Care / National Authority for Child Care agency subtotal,Agency subtotal,Allotment Releases,Agency Total,66751920,pesos,66751920,1,Unnumbered aggregate; not a distinct SARO instrument.
c-status-rollup-p087-c010,2024,C,87,84,https://github.com/tordecilla/unprogrammed-appropriations/releases/download/pdfs-status-pages-v1/annex-c-p087.pdf,Department of Tourism (DOT) / Department of Tourism department subtotal,Department subtotal,Allotment Releases,Salary Increase,25637000,pesos,25637000,1,Unnumbered aggregate; not a distinct SARO instrument.
c-status-rollup-p087-c011,2024,C,87,84,https://github.com/tordecilla/unprogrammed-appropriations/releases/download/pdfs-status-pages-v1/annex-c-p087.pdf,Department of Tourism (DOT) / Department of Tourism department subtotal,Department subtotal,Allotment Releases,FY 2022 PBB,2941182,pesos,2941182,1,Unnumbered aggregate; not a distinct SARO instrument.
c-status-rollup-p087-c012,2024,C,87,84,https://github.com/tordecilla/unprogrammed-appropriations/releases/download/pdfs-status-pages-v1/annex-c-p087.pdf,Department of Tourism (DOT) / Department of Tourism department subtotal,Department subtotal,Allotment Releases,Other PS Deficiencies,5495737,pesos,5495737,1,Unnumbered aggregate; not a distinct SARO instrument.
c-status-rollup-p087-c013,2024,C,87,84,https://github.com/tordecilla/unprogrammed-appropriations/releases/download/pdfs-status-pages-v1/annex-c-p087.pdf,Department of Tourism (DOT) / Department of Tourism department subtotal,Department subtotal,Allotment Releases,Personnel Benefits Total,34073919,pesos,34073919,1,Unnumbered aggregate; not a distinct SARO instrument.
c-status-rollup-p087-c014,2024,C,87,84,https://github.com/tordecilla/unprogrammed-appropriations/releases/download/pdfs-status-pages-v1/annex-c-p087.pdf,Department of Tourism (DOT) / Department of Tourism department subtotal,Department subtotal,Allotment Releases,Terminal Leave/Retirement Gratuity,5547816,pesos,5547816,1,Unnumbered aggregate; not a distinct SARO instrument.
c-status-rollup-p087-c015,2024,C,87,84,https://github.com/tordecilla/unprogrammed-appropriations/releases/download/pdfs-status-pages-v1/annex-c-p087.pdf,Department of Tourism (DOT) / Department of Tourism department subtotal,Department subtotal,Allotment Releases,Pension and Gratuity Fund Total,5547816,pesos,5547816,1,Unnumbered aggregate; not a distinct SARO instrument.
c-status-rollup-p087-c016,2024,C,87,84,https://github.com/tordecilla/unprogrammed-appropriations/releases/download/pdfs-status-pages-v1/annex-c-p087.pdf,Department of Tourism (DOT) / Department of Tourism department subtotal,Department subtotal,Allotment Releases,PS,39621735,pesos,39621735,1,Unnumbered aggregate; not a distinct SARO instrument.
c-status-rollup-p087-c017,2024,C,87,84,https://github.com/tordecilla/unprogrammed-appropriations/releases/download/pdfs-status-pages-v1/annex-c-p087.pdf,Department of Tourism (DOT) / Department of Tourism department subtotal,Department subtotal,Allotment Releases,Department Total,39621735,pesos,39621735,1,Unnumbered aggregate; not a distinct SARO instrument.
c-status-rollup-p087-c018,2024,C,87,84,https://github.com/tordecilla/unprogrammed-appropriations/releases/download/pdfs-status-pages-v1/annex-c-p087.pdf,Department of Tourism (DOT) — Office of the Secretary / DOT Office of the Secretary agency subtotal,Agency subtotal,Allotment Releases,Salary Increase,21106000,pesos,21106000,1,Unnumbered aggregate; not a distinct SARO instrument.
c-status-rollup-p087-c019,2024,C,87,84,https://github.com/tordecilla/unprogrammed-appropriations/releases/download/pdfs-status-pages-v1/annex-c-p087.pdf,Department of Tourism (DOT) — Office of the Secretary / DOT Office of the Secretary agency subtotal,Agency subtotal,Allotment Releases,Personnel Benefits Total,21106000,pesos,21106000,1,Unnumbered aggregate; not a distinct SARO instrument.
c-status-rollup-p087-c020,2024,C,87,84,https://github.com/tordecilla/unprogrammed-appropriations/releases/download/pdfs-status-pages-v1/annex-c-p087.pdf,Department of Tourism (DOT) — Office of the Secretary / DOT Office of the Secretary agency subtotal,Agency subtotal,Allotment Releases,Terminal Leave/Retirement Gratuity,5196121,pesos,5196121,1,Unnumbered aggregate; not a distinct SARO instrument.
c-status-rollup-p087-c021,2024,C,87,84,https://github.com/tordecilla/unprogrammed-appropriations/releases/download/pdfs-status-pages-v1/annex-c-p087.pdf,Department of Tourism (DOT) — Office of the Secretary / DOT Office of the Secretary agency subtotal,Agency subtotal,Allotment Releases,Pension and Gratuity Fund Total,5196121,pesos,5196121,1,Unnumbered aggregate; not a distinct SARO instrument.
c-status-rollup-p087-c022,2024,C,87,84,https://github.com/tordecilla/unprogrammed-appropriations/releases/download/pdfs-status-pages-v1/annex-c-p087.pdf,Department of Tourism (DOT) — Office of the Secretary / DOT Office of the Secretary agency subtotal,Agency subtotal,Allotment Releases,PS,26302121,pesos,26302121,1,Unnumbered aggregate; not a distinct SARO instrument.
c-status-rollup-p087-c023,2024,C,87,84,https://github.com/tordecilla/unprogrammed-appropriations/releases/download/pdfs-status-pages-v1/annex-c-p087.pdf,Department of Tourism (DOT) — Office of the Secretary / DOT Office of the Secretary agency subtotal,Agency subtotal,Allotment Releases,Agency Total,26302121,pesos,26302121,1,Unnumbered aggregate; not a distinct SARO instrument.
c-status-rollup-p087-c024,2024,C,87,84,https://github.com/tordecilla/unprogrammed-appropriations/releases/download/pdfs-status-pages-v1/annex-c-p087.pdf,Intramuros Administration / Intramuros Administration agency subtotal,Agency subtotal,Allotment Releases,Salary Increase,1666000,pesos,1666000,1,Unnumbered aggregate; not a distinct SARO instrument.
c-status-rollup-p087-c025,2024,C,87,84,https://github.com/tordecilla/unprogrammed-appropriations/releases/download/pdfs-status-pages-v1/annex-c-p087.pdf,Intramuros Administration / Intramuros Administration agency subtotal,Agency subtotal,Allotment Releases,FY 2022 PBB,1121431,pesos,1121431,1,Unnumbered aggregate; not a distinct SARO instrument.
c-status-rollup-p087-c026,2024,C,87,84,https://github.com/tordecilla/unprogrammed-appropriations/releases/download/pdfs-status-pages-v1/annex-c-p087.pdf,Intramuros Administration / Intramuros Administration agency subtotal,Agency subtotal,Allotment Releases,Other PS Deficiencies,4767638,pesos,4767638,1,Unnumbered aggregate; not a distinct SARO instrument.
c-status-rollup-p087-c027,2024,C,87,84,https://github.com/tordecilla/unprogrammed-appropriations/releases/download/pdfs-status-pages-v1/annex-c-p087.pdf,Intramuros Administration / Intramuros Administration agency subtotal,Agency subtotal,Allotment Releases,Personnel Benefits Total,7555069,pesos,7555069,1,Unnumbered aggregate; not a distinct SARO instrument.
c-status-rollup-p087-c028,2024,C,87,84,https://github.com/tordecilla/unprogrammed-appropriations/releases/download/pdfs-status-pages-v1/annex-c-p087.pdf,Intramuros Administration / Intramuros Administration agency subtotal,Agency subtotal,Allotment Releases,Terminal Leave/Retirement Gratuity,285318,pesos,285318,1,Unnumbered aggregate; not a distinct SARO instrument.
c-status-rollup-p087-c029,2024,C,87,84,https://github.com/tordecilla/unprogrammed-appropriations/releases/download/pdfs-status-pages-v1/annex-c-p087.pdf,Intramuros Administration / Intramuros Administration agency subtotal,Agency subtotal,Allotment Releases,Pension and Gratuity Fund Total,285318,pesos,285318,1,Unnumbered aggregate; not a distinct SARO instrument.
c-status-rollup-p087-c030,2024,C,87,84,https://github.com/tordecilla/unprogrammed-appropriations/releases/download/pdfs-status-pages-v1/annex-c-p087.pdf,Intramuros Administration / Intramuros Administration agency subtotal,Agency subtotal,Allotment Releases,PS,7840387,pesos,7840387,1,Unnumbered aggregate; not a distinct SARO instrument.
c-status-rollup-p087-c031,2024,C,87,84,https://github.com/tordecilla/unprogrammed-appropriations/releases/download/pdfs-status-pages-v1/annex-c-p087.pdf,Intramuros Administration / Intramuros Administration agency subtotal,Agency subtotal,Allotment Releases,Agency Total,7840387,pesos,7840387,1,Unnumbered aggregate; not a distinct SARO instrument.
c-status-rollup-p087-c032,2024,C,87,84,https://github.com/tordecilla/unprogrammed-appropriations/releases/download/pdfs-status-pages-v1/annex-c-p087.pdf,National Parks Development Committee / National Parks Development Committee agency subtotal,Agency subtotal,Allotment Releases,Salary Increase,2459000,pesos,2459000,1,Unnumbered aggregate; not a distinct SARO instrument.
c-status-rollup-p087-c033,2024,C,87,84,https://github.com/tordecilla/unprogrammed-appropriations/releases/download/pdfs-status-pages-v1/annex-c-p087.pdf,National Parks Development Committee / National Parks Development Committee agency subtotal,Agency subtotal,Allotment Releases,FY 2022 PBB,1819751,pesos,1819751,1,Unnumbered aggregate; not a distinct SARO instrument.
c-status-rollup-p087-c034,2024,C,87,84,https://github.com/tordecilla/unprogrammed-appropriations/releases/download/pdfs-status-pages-v1/annex-c-p087.pdf,National Parks Development Committee / National Parks Development Committee agency subtotal,Agency subtotal,Allotment Releases,Personnel Benefits Total,4278751,pesos,4278751,1,Unnumbered aggregate; not a distinct SARO instrument.
c-status-rollup-p087-c035,2024,C,87,84,https://github.com/tordecilla/unprogrammed-appropriations/releases/download/pdfs-status-pages-v1/annex-c-p087.pdf,National Parks Development Committee / National Parks Development Committee agency subtotal,Agency subtotal,Allotment Releases,Terminal Leave/Retirement Gratuity,66377,pesos,66377,1,Unnumbered aggregate; not a distinct SARO instrument.
c-status-rollup-p087-c036,2024,C,87,84,https://github.com/tordecilla/unprogrammed-appropriations/releases/download/pdfs-status-pages-v1/annex-c-p087.pdf,National Parks Development Committee / National Parks Development Committee agency subtotal,Agency subtotal,Allotment Releases,Pension and Gratuity Fund Total,66377,pesos,66377,1,Unnumbered aggregate; not a distinct SARO instrument.
c-status-rollup-p087-c037,2024,C,87,84,https://github.com/tordecilla/unprogrammed-appropriations/releases/download/pdfs-status-pages-v1/annex-c-p087.pdf,National Parks Development Committee / National Parks Development Committee agency subtotal,Agency subtotal,Allotment Releases,PS,4345128,pesos,4345128,1,Unnumbered aggregate; not a distinct SARO instrument.
c-status-rollup-p087-c038,2024,C,87,84,https://github.com/tordecilla/unprogrammed-appropriations/releases/download/pdfs-status-pages-v1/annex-c-p087.pdf,National Parks Development Committee / National Parks Development Committee agency subtotal,Agency subtotal,Allotment Releases,Agency Total,4345128,pesos,4345128,1,Unnumbered aggregate; not a distinct SARO instrument.
c-status-rollup-p090-c001,2024,C,90,88,https://github.com/tordecilla/unprogrammed-appropriations/releases/download/pdfs-status-pages-v1/annex-c-p090.pdf,Department of Trade and Industry (DTI) / Department of Trade and Industry department subtotal,Department subtotal,Allotment Releases,Salary Increase,117103000,pesos,117103000,1,Unnumbered aggregate; not a distinct SARO instrument. Department row has additional program columns on p. 91; the printed department grand total is transcribed as shown.
c-status-rollup-p090-c002,2024,C,90,88,https://github.com/tordecilla/unprogrammed-appropriations/releases/download/pdfs-status-pages-v1/annex-c-p090.pdf,Department of Trade and Industry (DTI) / Department of Trade and Industry department subtotal,Department subtotal,Allotment Releases,Other PS Deficiencies,181824299,pesos,181824299,1,Unnumbered aggregate; not a distinct SARO instrument. Department row has additional program columns on p. 91; the printed department grand total is transcribed as shown.
c-status-rollup-p090-c003,2024,C,90,88,https://github.com/tordecilla/unprogrammed-appropriations/releases/download/pdfs-status-pages-v1/annex-c-p090.pdf,Department of Trade and Industry (DTI) / Department of Trade and Industry department subtotal,Department subtotal,Allotment Releases,Personnel Benefits Total,298927299,pesos,298927299,1,Unnumbered aggregate; not a distinct SARO instrument. Department row has additional program columns on p. 91; the printed department grand total is transcribed as shown.
c-status-rollup-p090-c004,2024,C,90,88,https://github.com/tordecilla/unprogrammed-appropriations/releases/download/pdfs-status-pages-v1/annex-c-p090.pdf,Department of Trade and Industry (DTI) / Department of Trade and Industry department subtotal,Department subtotal,Allotment Releases,Terminal Leave/Retirement Gratuity,7261759,pesos,7261759,1,Unnumbered aggregate; not a distinct SARO instrument. Department row has additional program columns on p. 91; the printed department grand total is transcribed as shown.
c-status-rollup-p090-c005,2024,C,90,88,https://github.com/tordecilla/unprogrammed-appropriations/releases/download/pdfs-status-pages-v1/annex-c-p090.pdf,Department of Trade and Industry (DTI) / Department of Trade and Industry department subtotal,Department subtotal,Allotment Releases,Monetization of Leave Credits,4639625,pesos,4639625,1,Unnumbered aggregate; not a distinct SARO instrument. Department row has additional program columns on p. 91; the printed department grand total is transcribed as shown.
c-status-rollup-p090-c006,2024,C,90,88,https://github.com/tordecilla/unprogrammed-appropriations/releases/download/pdfs-status-pages-v1/annex-c-p090.pdf,Department of Trade and Industry (DTI) / Department of Trade and Industry department subtotal,Department subtotal,Allotment Releases,Pension and Gratuity Fund Total,11901384,pesos,11901384,1,Unnumbered aggregate; not a distinct SARO instrument. Department row has additional program columns on p. 91; the printed department grand total is transcribed as shown.
c-status-rollup-p090-c007,2024,C,90,88,https://github.com/tordecilla/unprogrammed-appropriations/releases/download/pdfs-status-pages-v1/annex-c-p090.pdf,Department of Trade and Industry (DTI) / Department of Trade and Industry department subtotal,Department subtotal,Allotment Releases,CARS Program MOOE,410824940,pesos,410824940,1,Unnumbered aggregate; not a distinct SARO instrument. Department row has additional program columns on p. 91; the printed department grand total is transcribed as shown.
c-status-rollup-p090-c008,2024,C,90,88,https://github.com/tordecilla/unprogrammed-appropriations/releases/download/pdfs-status-pages-v1/annex-c-p090.pdf,Department of Trade and Industry (DTI) / Department of Trade and Industry department subtotal,Department subtotal,Allotment Releases,PS,310828683,pesos,310828683,1,Unnumbered aggregate; not a distinct SARO instrument. Department row has additional program columns on p. 91; the printed department grand total is transcribed as shown.
c-status-rollup-p090-c009,2024,C,90,88,https://github.com/tordecilla/unprogrammed-appropriations/releases/download/pdfs-status-pages-v1/annex-c-p090.pdf,Department of Trade and Industry (DTI) / Department of Trade and Industry department subtotal,Department subtotal,Allotment Releases,MOOE,1118591071,pesos,1118591071,1,Unnumbered aggregate; not a distinct SARO instrument. Department row has additional program columns on p. 91; the printed department grand total is transcribed as shown.
c-status-rollup-p090-c010,2024,C,90,88,https://github.com/tordecilla/unprogrammed-appropriations/releases/download/pdfs-status-pages-v1/annex-c-p090.pdf,Department of Trade and Industry (DTI) / Department of Trade and Industry department subtotal,Department subtotal,Allotment Releases,CO,3942400,pesos,3942400,1,Unnumbered aggregate; not a distinct SARO instrument. Department row has additional program columns on p. 91; the printed department grand total is transcribed as shown.
c-status-rollup-p090-c011,2024,C,90,88,https://github.com/tordecilla/unprogrammed-appropriations/releases/download/pdfs-status-pages-v1/annex-c-p090.pdf,Department of Trade and Industry (DTI) / Department of Trade and Industry department subtotal,Department subtotal,Allotment Releases,Grand Total,1433362154,pesos,1433362154,1,Unnumbered aggregate; not a distinct SARO instrument. Department row has additional program columns on p. 91; the printed department grand total is transcribed as shown.
c-status-rollup-p091-c001,2024,C,91,88,https://github.com/tordecilla/unprogrammed-appropriations/releases/download/pdfs-status-pages-v1/annex-c-p091.pdf,Department of Trade and Industry (DTI) — Office of the Secretary / DTI Office of the Secretary agency subtotal,Agency subtotal,Allotment Releases,Salary Increase,79350000,pesos,79350000,1,Unnumbered aggregate; not a distinct SARO instrument.
c-status-rollup-p091-c002,2024,C,91,88,https://github.com/tordecilla/unprogrammed-appropriations/releases/download/pdfs-status-pages-v1/annex-c-p091.pdf,Department of Trade and Industry (DTI) — Office of the Secretary / DTI Office of the Secretary agency subtotal,Agency subtotal,Allotment Releases,Other PS Deficiencies,105723475,pesos,105723475,1,Unnumbered aggregate; not a distinct SARO instrument.
c-status-rollup-p091-c003,2024,C,91,88,https://github.com/tordecilla/unprogrammed-appropriations/releases/download/pdfs-status-pages-v1/annex-c-p091.pdf,Department of Trade and Industry (DTI) — Office of the Secretary / DTI Office of the Secretary agency subtotal,Agency subtotal,Allotment Releases,Personnel Benefits Total,185073475,pesos,185073475,1,Unnumbered aggregate; not a distinct SARO instrument.
c-status-rollup-p091-c004,2024,C,91,88,https://github.com/tordecilla/unprogrammed-appropriations/releases/download/pdfs-status-pages-v1/annex-c-p091.pdf,Department of Trade and Industry (DTI) — Office of the Secretary / DTI Office of the Secretary agency subtotal,Agency subtotal,Allotment Releases,Terminal Leave/Retirement Gratuity,3946797,pesos,3946797,1,Unnumbered aggregate; not a distinct SARO instrument.
c-status-rollup-p091-c005,2024,C,91,88,https://github.com/tordecilla/unprogrammed-appropriations/releases/download/pdfs-status-pages-v1/annex-c-p091.pdf,Department of Trade and Industry (DTI) — Office of the Secretary / DTI Office of the Secretary agency subtotal,Agency subtotal,Allotment Releases,Monetization of Leave Credits,2533853,pesos,2533853,1,Unnumbered aggregate; not a distinct SARO instrument.
c-status-rollup-p091-c006,2024,C,91,88,https://github.com/tordecilla/unprogrammed-appropriations/releases/download/pdfs-status-pages-v1/annex-c-p091.pdf,Department of Trade and Industry (DTI) — Office of the Secretary / DTI Office of the Secretary agency subtotal,Agency subtotal,Allotment Releases,Pension and Gratuity Fund Total,6480650,pesos,6480650,1,Unnumbered aggregate; not a distinct SARO instrument.
c-status-rollup-p091-c007,2024,C,91,88,https://github.com/tordecilla/unprogrammed-appropriations/releases/download/pdfs-status-pages-v1/annex-c-p091.pdf,Department of Trade and Industry (DTI) — Office of the Secretary / DTI Office of the Secretary agency subtotal,Agency subtotal,Allotment Releases,Foreign-Assisted Projects MOOE,707766131,pesos,707766131,1,Unnumbered aggregate; not a distinct SARO instrument.
c-status-rollup-p091-c008,2024,C,91,88,https://github.com/tordecilla/unprogrammed-appropriations/releases/download/pdfs-status-pages-v1/annex-c-p091.pdf,Department of Trade and Industry (DTI) — Office of the Secretary / DTI Office of the Secretary agency subtotal,Agency subtotal,Allotment Releases,Foreign-Assisted Projects CO,3942400,pesos,3942400,1,Unnumbered aggregate; not a distinct SARO instrument.
c-status-rollup-p091-c009,2024,C,91,88,https://github.com/tordecilla/unprogrammed-appropriations/releases/download/pdfs-status-pages-v1/annex-c-p091.pdf,Department of Trade and Industry (DTI) — Office of the Secretary / DTI Office of the Secretary agency subtotal,Agency subtotal,Allotment Releases,PS,191554125,pesos,191554125,1,Unnumbered aggregate; not a distinct SARO instrument.
c-status-rollup-p091-c010,2024,C,91,88,https://github.com/tordecilla/unprogrammed-appropriations/releases/download/pdfs-status-pages-v1/annex-c-p091.pdf,Department of Trade and Industry (DTI) — Office of the Secretary / DTI Office of the Secretary agency subtotal,Agency subtotal,Allotment Releases,MOOE,707766131,pesos,707766131,1,Unnumbered aggregate; not a distinct SARO instrument.
c-status-rollup-p091-c011,2024,C,91,88,https://github.com/tordecilla/unprogrammed-appropriations/releases/download/pdfs-status-pages-v1/annex-c-p091.pdf,Department of Trade and Industry (DTI) — Office of the Secretary / DTI Office of the Secretary agency subtotal,Agency subtotal,Allotment Releases,CO,3942400,pesos,3942400,1,Unnumbered aggregate; not a distinct SARO instrument.
c-status-rollup-p091-c012,2024,C,91,88,https://github.com/tordecilla/unprogrammed-appropriations/releases/download/pdfs-status-pages-v1/annex-c-p091.pdf,Department of Trade and Industry (DTI) — Office of the Secretary / DTI Office of the Secretary agency subtotal,Agency subtotal,Allotment Releases,Agency Total,903262656,pesos,903262656,1,Unnumbered aggregate; not a distinct SARO instrument.
c-status-rollup-p090-c012,2024,C,90,88,https://github.com/tordecilla/unprogrammed-appropriations/releases/download/pdfs-status-pages-v1/annex-c-p090.pdf,Construction Industry Authority of the Philippines (CIAP) / Construction Industry Authority of the Philippines agency subtotal,Agency subtotal,Allotment Releases,Salary Increase,3262000,pesos,3262000,1,Unnumbered aggregate; not a distinct SARO instrument.
c-status-rollup-p090-c013,2024,C,90,88,https://github.com/tordecilla/unprogrammed-appropriations/releases/download/pdfs-status-pages-v1/annex-c-p090.pdf,Construction Industry Authority of the Philippines (CIAP) / Construction Industry Authority of the Philippines agency subtotal,Agency subtotal,Allotment Releases,Other PS Deficiencies,8741758,pesos,8741758,1,Unnumbered aggregate; not a distinct SARO instrument.
c-status-rollup-p090-c014,2024,C,90,88,https://github.com/tordecilla/unprogrammed-appropriations/releases/download/pdfs-status-pages-v1/annex-c-p090.pdf,Construction Industry Authority of the Philippines (CIAP) / Construction Industry Authority of the Philippines agency subtotal,Agency subtotal,Allotment Releases,Personnel Benefits Total,12003758,pesos,12003758,1,Unnumbered aggregate; not a distinct SARO instrument.
c-status-rollup-p090-c015,2024,C,90,88,https://github.com/tordecilla/unprogrammed-appropriations/releases/download/pdfs-status-pages-v1/annex-c-p090.pdf,Construction Industry Authority of the Philippines (CIAP) / Construction Industry Authority of the Philippines agency subtotal,Agency subtotal,Allotment Releases,Terminal Leave/Retirement Gratuity,1804541,pesos,1804541,1,Unnumbered aggregate; not a distinct SARO instrument.
c-status-rollup-p090-c016,2024,C,90,88,https://github.com/tordecilla/unprogrammed-appropriations/releases/download/pdfs-status-pages-v1/annex-c-p090.pdf,Construction Industry Authority of the Philippines (CIAP) / Construction Industry Authority of the Philippines agency subtotal,Agency subtotal,Allotment Releases,Pension and Gratuity Fund Total,1804541,pesos,1804541,1,Unnumbered aggregate; not a distinct SARO instrument.
c-status-rollup-p090-c017,2024,C,90,88,https://github.com/tordecilla/unprogrammed-appropriations/releases/download/pdfs-status-pages-v1/annex-c-p090.pdf,Construction Industry Authority of the Philippines (CIAP) / Construction Industry Authority of the Philippines agency subtotal,Agency subtotal,Allotment Releases,PS,13808299,pesos,13808299,1,Unnumbered aggregate; not a distinct SARO instrument.
c-status-rollup-p090-c018,2024,C,90,88,https://github.com/tordecilla/unprogrammed-appropriations/releases/download/pdfs-status-pages-v1/annex-c-p090.pdf,Construction Industry Authority of the Philippines (CIAP) / Construction Industry Authority of the Philippines agency subtotal,Agency subtotal,Allotment Releases,Agency Total,13808299,pesos,13808299,1,Unnumbered aggregate; not a distinct SARO instrument.
c-status-rollup-p090-c019,2024,C,90,88,https://github.com/tordecilla/unprogrammed-appropriations/releases/download/pdfs-status-pages-v1/annex-c-p090.pdf,Cooperative Development Authority / Cooperative Development Authority agency subtotal,Agency subtotal,Allotment Releases,Salary Increase,22507000,pesos,22507000,1,Unnumbered aggregate; not a distinct SARO instrument.
c-status-rollup-p090-c020,2024,C,90,88,https://github.com/tordecilla/unprogrammed-appropriations/releases/download/pdfs-status-pages-v1/annex-c-p090.pdf,Cooperative Development Authority / Cooperative Development Authority agency subtotal,Agency subtotal,Allotment Releases,Other PS Deficiencies,47819915,pesos,47819915,1,Unnumbered aggregate; not a distinct SARO instrument.
c-status-rollup-p090-c021,2024,C,90,88,https://github.com/tordecilla/unprogrammed-appropriations/releases/download/pdfs-status-pages-v1/annex-c-p090.pdf,Cooperative Development Authority / Cooperative Development Authority agency subtotal,Agency subtotal,Allotment Releases,Personnel Benefits Total,70326915,pesos,70326915,1,Unnumbered aggregate; not a distinct SARO instrument.
c-status-rollup-p090-c022,2024,C,90,88,https://github.com/tordecilla/unprogrammed-appropriations/releases/download/pdfs-status-pages-v1/annex-c-p090.pdf,Cooperative Development Authority / Cooperative Development Authority agency subtotal,Agency subtotal,Allotment Releases,Terminal Leave/Retirement Gratuity,788047,pesos,788047,1,Unnumbered aggregate; not a distinct SARO instrument.
c-status-rollup-p090-c023,2024,C,90,88,https://github.com/tordecilla/unprogrammed-appropriations/releases/download/pdfs-status-pages-v1/annex-c-p090.pdf,Cooperative Development Authority / Cooperative Development Authority agency subtotal,Agency subtotal,Allotment Releases,Monetization of Leave Credits,2009148,pesos,2009148,1,Unnumbered aggregate; not a distinct SARO instrument.
c-status-rollup-p090-c024,2024,C,90,88,https://github.com/tordecilla/unprogrammed-appropriations/releases/download/pdfs-status-pages-v1/annex-c-p090.pdf,Cooperative Development Authority / Cooperative Development Authority agency subtotal,Agency subtotal,Allotment Releases,Pension and Gratuity Fund Total,2797195,pesos,2797195,1,Unnumbered aggregate; not a distinct SARO instrument.
c-status-rollup-p090-c025,2024,C,90,88,https://github.com/tordecilla/unprogrammed-appropriations/releases/download/pdfs-status-pages-v1/annex-c-p090.pdf,Cooperative Development Authority / Cooperative Development Authority agency subtotal,Agency subtotal,Allotment Releases,PS,73124110,pesos,73124110,1,Unnumbered aggregate; not a distinct SARO instrument.
c-status-rollup-p090-c026,2024,C,90,88,https://github.com/tordecilla/unprogrammed-appropriations/releases/download/pdfs-status-pages-v1/annex-c-p090.pdf,Cooperative Development Authority / Cooperative Development Authority agency subtotal,Agency subtotal,Allotment Releases,Agency Total,73124110,pesos,73124110,1,Unnumbered aggregate; not a distinct SARO instrument.
c-status-rollup-p090-c027,2024,C,90,88,https://github.com/tordecilla/unprogrammed-appropriations/releases/download/pdfs-status-pages-v1/annex-c-p090.pdf,Board of Investments / Board of Investments agency subtotal,Agency subtotal,Allotment Releases,Salary Increase,7512000,pesos,7512000,1,Unnumbered aggregate; not a distinct SARO instrument.
c-status-rollup-p090-c028,2024,C,90,88,https://github.com/tordecilla/unprogrammed-appropriations/releases/download/pdfs-status-pages-v1/annex-c-p090.pdf,Board of Investments / Board of Investments agency subtotal,Agency subtotal,Allotment Releases,Other PS Deficiencies,15418659,pesos,15418659,1,Unnumbered aggregate; not a distinct SARO instrument.
c-status-rollup-p090-c029,2024,C,90,88,https://github.com/tordecilla/unprogrammed-appropriations/releases/download/pdfs-status-pages-v1/annex-c-p090.pdf,Board of Investments / Board of Investments agency subtotal,Agency subtotal,Allotment Releases,Personnel Benefits Total,22930659,pesos,22930659,1,Unnumbered aggregate; not a distinct SARO instrument.
c-status-rollup-p090-c030,2024,C,90,88,https://github.com/tordecilla/unprogrammed-appropriations/releases/download/pdfs-status-pages-v1/annex-c-p090.pdf,Board of Investments / Board of Investments agency subtotal,Agency subtotal,Allotment Releases,Terminal Leave/Retirement Gratuity,265519,pesos,265519,1,Unnumbered aggregate; not a distinct SARO instrument.
c-status-rollup-p090-c031,2024,C,90,88,https://github.com/tordecilla/unprogrammed-appropriations/releases/download/pdfs-status-pages-v1/annex-c-p090.pdf,Board of Investments / Board of Investments agency subtotal,Agency subtotal,Allotment Releases,Monetization of Leave Credits,96624,pesos,96624,1,Unnumbered aggregate; not a distinct SARO instrument.
c-status-rollup-p090-c032,2024,C,90,88,https://github.com/tordecilla/unprogrammed-appropriations/releases/download/pdfs-status-pages-v1/annex-c-p090.pdf,Board of Investments / Board of Investments agency subtotal,Agency subtotal,Allotment Releases,Pension and Gratuity Fund Total,362143,pesos,362143,1,Unnumbered aggregate; not a distinct SARO instrument.
c-status-rollup-p090-c033,2024,C,90,88,https://github.com/tordecilla/unprogrammed-appropriations/releases/download/pdfs-status-pages-v1/annex-c-p090.pdf,Board of Investments / Board of Investments agency subtotal,Agency subtotal,Allotment Releases,PS,23292802,pesos,23292802,1,Unnumbered aggregate; not a distinct SARO instrument.
c-status-rollup-p090-c034,2024,C,90,88,https://github.com/tordecilla/unprogrammed-appropriations/releases/download/pdfs-status-pages-v1/annex-c-p090.pdf,Board of Investments / Board of Investments agency subtotal,Agency subtotal,Allotment Releases,Agency Total,23292802,pesos,23292802,1,Unnumbered aggregate; not a distinct SARO instrument.
c-status-rollup-p095-c001,2024,C,95,92,https://github.com/tordecilla/unprogrammed-appropriations/releases/download/pdfs-status-pages-v1/annex-c-p095.pdf,"National Economic and Development Authority (NEDA) / Department of Economy, Planning, and Development (NEDA) department subtotal",Department subtotal,Allotment Releases,Salary Increase,142196000,pesos,142196000,1,Unnumbered aggregate; not a distinct SARO instrument.
c-status-rollup-p095-c002,2024,C,95,92,https://github.com/tordecilla/unprogrammed-appropriations/releases/download/pdfs-status-pages-v1/annex-c-p095.pdf,"National Economic and Development Authority (NEDA) / Department of Economy, Planning, and Development (NEDA) department subtotal",Department subtotal,Allotment Releases,FY 2022 PBB,5796380,pesos,5796380,1,Unnumbered aggregate; not a distinct SARO instrument.
c-status-rollup-p095-c003,2024,C,95,92,https://github.com/tordecilla/unprogrammed-appropriations/releases/download/pdfs-status-pages-v1/annex-c-p095.pdf,"National Economic and Development Authority (NEDA) / Department of Economy, Planning, and Development (NEDA) department subtotal",Department subtotal,Allotment Releases,Other PS Deficiencies,152026963,pesos,152026963,1,Unnumbered aggregate; not a distinct SARO instrument.
c-status-rollup-p095-c004,2024,C,95,92,https://github.com/tordecilla/unprogrammed-appropriations/releases/download/pdfs-status-pages-v1/annex-c-p095.pdf,"National Economic and Development Authority (NEDA) / Department of Economy, Planning, and Development (NEDA) department subtotal",Department subtotal,Allotment Releases,Personnel Benefits Total,300019343,pesos,300019343,1,Unnumbered aggregate; not a distinct SARO instrument.
c-status-rollup-p095-c005,2024,C,95,92,https://github.com/tordecilla/unprogrammed-appropriations/releases/download/pdfs-status-pages-v1/annex-c-p095.pdf,"National Economic and Development Authority (NEDA) / Department of Economy, Planning, and Development (NEDA) department subtotal",Department subtotal,Allotment Releases,Terminal Leave/Retirement Gratuity,52238890,pesos,52238890,1,Unnumbered aggregate; not a distinct SARO instrument.
c-status-rollup-p095-c006,2024,C,95,92,https://github.com/tordecilla/unprogrammed-appropriations/releases/download/pdfs-status-pages-v1/annex-c-p095.pdf,"National Economic and Development Authority (NEDA) / Department of Economy, Planning, and Development (NEDA) department subtotal",Department subtotal,Allotment Releases,Monetization of Leave Credits,2981957,pesos,2981957,1,Unnumbered aggregate; not a distinct SARO instrument.
c-status-rollup-p095-c007,2024,C,95,92,https://github.com/tordecilla/unprogrammed-appropriations/releases/download/pdfs-status-pages-v1/annex-c-p095.pdf,"National Economic and Development Authority (NEDA) / Department of Economy, Planning, and Development (NEDA) department subtotal",Department subtotal,Allotment Releases,Pension and Gratuity Fund Total,55220847,pesos,55220847,1,Unnumbered aggregate; not a distinct SARO instrument.
c-status-rollup-p095-c008,2024,C,95,92,https://github.com/tordecilla/unprogrammed-appropriations/releases/download/pdfs-status-pages-v1/annex-c-p095.pdf,"National Economic and Development Authority (NEDA) / Department of Economy, Planning, and Development (NEDA) department subtotal",Department subtotal,Allotment Releases,PS,355240190,pesos,355240190,1,Unnumbered aggregate; not a distinct SARO instrument.
c-status-rollup-p095-c009,2024,C,95,92,https://github.com/tordecilla/unprogrammed-appropriations/releases/download/pdfs-status-pages-v1/annex-c-p095.pdf,"National Economic and Development Authority (NEDA) / Department of Economy, Planning, and Development (NEDA) department subtotal",Department subtotal,Allotment Releases,MOOE,3631784000,pesos,3631784000,1,Unnumbered aggregate; not a distinct SARO instrument.
c-status-rollup-p095-c010,2024,C,95,92,https://github.com/tordecilla/unprogrammed-appropriations/releases/download/pdfs-status-pages-v1/annex-c-p095.pdf,"National Economic and Development Authority (NEDA) / Department of Economy, Planning, and Development (NEDA) department subtotal",Department subtotal,Allotment Releases,Grand Total,3987024190,pesos,3987024190,1,Unnumbered aggregate; not a distinct SARO instrument.
c-status-rollup-p095-c011,2024,C,95,92,https://github.com/tordecilla/unprogrammed-appropriations/releases/download/pdfs-status-pages-v1/annex-c-p095.pdf,National Economic and Development Authority (NEDA) — Office of the Secretary / NEDA Office of the Secretary agency subtotal,Agency subtotal,Allotment Releases,Salary Increase,45344000,pesos,45344000,1,Unnumbered aggregate; not a distinct SARO instrument.
c-status-rollup-p095-c012,2024,C,95,92,https://github.com/tordecilla/unprogrammed-appropriations/releases/download/pdfs-status-pages-v1/annex-c-p095.pdf,National Economic and Development Authority (NEDA) — Office of the Secretary / NEDA Office of the Secretary agency subtotal,Agency subtotal,Allotment Releases,Other PS Deficiencies,14638123,pesos,14638123,1,Unnumbered aggregate; not a distinct SARO instrument.
c-status-rollup-p095-c013,2024,C,95,92,https://github.com/tordecilla/unprogrammed-appropriations/releases/download/pdfs-status-pages-v1/annex-c-p095.pdf,National Economic and Development Authority (NEDA) — Office of the Secretary / NEDA Office of the Secretary agency subtotal,Agency subtotal,Allotment Releases,Personnel Benefits Total,59982123,pesos,59982123,1,Unnumbered aggregate; not a distinct SARO instrument.
c-status-rollup-p095-c014,2024,C,95,92,https://github.com/tordecilla/unprogrammed-appropriations/releases/download/pdfs-status-pages-v1/annex-c-p095.pdf,National Economic and Development Authority (NEDA) — Office of the Secretary / NEDA Office of the Secretary agency subtotal,Agency subtotal,Allotment Releases,Terminal Leave/Retirement Gratuity,12964514,pesos,12964514,1,Unnumbered aggregate; not a distinct SARO instrument.
c-status-rollup-p095-c015,2024,C,95,92,https://github.com/tordecilla/unprogrammed-appropriations/releases/download/pdfs-status-pages-v1/annex-c-p095.pdf,National Economic and Development Authority (NEDA) — Office of the Secretary / NEDA Office of the Secretary agency subtotal,Agency subtotal,Allotment Releases,Monetization of Leave Credits,639043,pesos,639043,1,Unnumbered aggregate; not a distinct SARO instrument.
c-status-rollup-p095-c016,2024,C,95,92,https://github.com/tordecilla/unprogrammed-appropriations/releases/download/pdfs-status-pages-v1/annex-c-p095.pdf,National Economic and Development Authority (NEDA) — Office of the Secretary / NEDA Office of the Secretary agency subtotal,Agency subtotal,Allotment Releases,Pension and Gratuity Fund Total,13603557,pesos,13603557,1,Unnumbered aggregate; not a distinct SARO instrument.
c-status-rollup-p095-c017,2024,C,95,92,https://github.com/tordecilla/unprogrammed-appropriations/releases/download/pdfs-status-pages-v1/annex-c-p095.pdf,National Economic and Development Authority (NEDA) — Office of the Secretary / NEDA Office of the Secretary agency subtotal,Agency subtotal,Allotment Releases,PS,73585680,pesos,73585680,1,Unnumbered aggregate; not a distinct SARO instrument.
c-status-rollup-p095-c018,2024,C,95,92,https://github.com/tordecilla/unprogrammed-appropriations/releases/download/pdfs-status-pages-v1/annex-c-p095.pdf,National Economic and Development Authority (NEDA) — Office of the Secretary / NEDA Office of the Secretary agency subtotal,Agency subtotal,Allotment Releases,Agency Total,73585680,pesos,73585680,1,Unnumbered aggregate; not a distinct SARO instrument.
c-status-rollup-p095-c019,2024,C,95,92,https://github.com/tordecilla/unprogrammed-appropriations/releases/download/pdfs-status-pages-v1/annex-c-p095.pdf,Commission on Population and Development / Commission on Population and Development agency subtotal,Agency subtotal,Allotment Releases,Salary Increase,8281000,pesos,8281000,1,Unnumbered aggregate; not a distinct SARO instrument.
c-status-rollup-p095-c020,2024,C,95,92,https://github.com/tordecilla/unprogrammed-appropriations/releases/download/pdfs-status-pages-v1/annex-c-p095.pdf,Commission on Population and Development / Commission on Population and Development agency subtotal,Agency subtotal,Allotment Releases,FY 2022 PBB,5796380,pesos,5796380,1,Unnumbered aggregate; not a distinct SARO instrument.
c-status-rollup-p095-c021,2024,C,95,92,https://github.com/tordecilla/unprogrammed-appropriations/releases/download/pdfs-status-pages-v1/annex-c-p095.pdf,Commission on Population and Development / Commission on Population and Development agency subtotal,Agency subtotal,Allotment Releases,Personnel Benefits Total,14077380,pesos,14077380,1,Unnumbered aggregate; not a distinct SARO instrument.
c-status-rollup-p095-c022,2024,C,95,92,https://github.com/tordecilla/unprogrammed-appropriations/releases/download/pdfs-status-pages-v1/annex-c-p095.pdf,Commission on Population and Development / Commission on Population and Development agency subtotal,Agency subtotal,Allotment Releases,PS,14077380,pesos,14077380,1,Unnumbered aggregate; not a distinct SARO instrument.
c-status-rollup-p095-c023,2024,C,95,92,https://github.com/tordecilla/unprogrammed-appropriations/releases/download/pdfs-status-pages-v1/annex-c-p095.pdf,Commission on Population and Development / Commission on Population and Development agency subtotal,Agency subtotal,Allotment Releases,Agency Total,14077380,pesos,14077380,1,Unnumbered aggregate; not a distinct SARO instrument.
c-status-rollup-p095-c024,2024,C,95,92,https://github.com/tordecilla/unprogrammed-appropriations/releases/download/pdfs-status-pages-v1/annex-c-p095.pdf,Philippine National Volunteer Service Coordinating Agency / Philippine National Volunteer Service Coordinating Agency subtotal,Agency subtotal,Allotment Releases,Salary Increase,813000,pesos,813000,1,Unnumbered aggregate; not a distinct SARO instrument.
c-status-rollup-p095-c025,2024,C,95,92,https://github.com/tordecilla/unprogrammed-appropriations/releases/download/pdfs-status-pages-v1/annex-c-p095.pdf,Philippine National Volunteer Service Coordinating Agency / Philippine National Volunteer Service Coordinating Agency subtotal,Agency subtotal,Allotment Releases,Other PS Deficiencies,606190,pesos,606190,1,Unnumbered aggregate; not a distinct SARO instrument.
c-status-rollup-p095-c026,2024,C,95,92,https://github.com/tordecilla/unprogrammed-appropriations/releases/download/pdfs-status-pages-v1/annex-c-p095.pdf,Philippine National Volunteer Service Coordinating Agency / Philippine National Volunteer Service Coordinating Agency subtotal,Agency subtotal,Allotment Releases,Personnel Benefits Total,1419190,pesos,1419190,1,Unnumbered aggregate; not a distinct SARO instrument.
c-status-rollup-p095-c027,2024,C,95,92,https://github.com/tordecilla/unprogrammed-appropriations/releases/download/pdfs-status-pages-v1/annex-c-p095.pdf,Philippine National Volunteer Service Coordinating Agency / Philippine National Volunteer Service Coordinating Agency subtotal,Agency subtotal,Allotment Releases,Terminal Leave/Retirement Gratuity,148625,pesos,148625,1,Unnumbered aggregate; not a distinct SARO instrument.
c-status-rollup-p095-c028,2024,C,95,92,https://github.com/tordecilla/unprogrammed-appropriations/releases/download/pdfs-status-pages-v1/annex-c-p095.pdf,Philippine National Volunteer Service Coordinating Agency / Philippine National Volunteer Service Coordinating Agency subtotal,Agency subtotal,Allotment Releases,Pension and Gratuity Fund Total,148625,pesos,148625,1,Unnumbered aggregate; not a distinct SARO instrument.
c-status-rollup-p095-c029,2024,C,95,92,https://github.com/tordecilla/unprogrammed-appropriations/releases/download/pdfs-status-pages-v1/annex-c-p095.pdf,Philippine National Volunteer Service Coordinating Agency / Philippine National Volunteer Service Coordinating Agency subtotal,Agency subtotal,Allotment Releases,PS,1567815,pesos,1567815,1,Unnumbered aggregate; not a distinct SARO instrument.
c-status-rollup-p095-c030,2024,C,95,92,https://github.com/tordecilla/unprogrammed-appropriations/releases/download/pdfs-status-pages-v1/annex-c-p095.pdf,Philippine National Volunteer Service Coordinating Agency / Philippine National Volunteer Service Coordinating Agency subtotal,Agency subtotal,Allotment Releases,Agency Total,1567815,pesos,1567815,1,Unnumbered aggregate; not a distinct SARO instrument.
c-status-rollup-p095-c031,2024,C,95,92,https://github.com/tordecilla/unprogrammed-appropriations/releases/download/pdfs-status-pages-v1/annex-c-p095.pdf,Philippine Trade Training Center / Philippine Trade Training Center agency subtotal,Agency subtotal,Allotment Releases,Other PS Deficiencies,2183855,pesos,2183855,1,Unnumbered aggregate; not a distinct SARO instrument.
c-status-rollup-p095-c032,2024,C,95,92,https://github.com/tordecilla/unprogrammed-appropriations/releases/download/pdfs-status-pages-v1/annex-c-p095.pdf,Philippine Trade Training Center / Philippine Trade Training Center agency subtotal,Agency subtotal,Allotment Releases,Personnel Benefits Total,2183855,pesos,2183855,1,Unnumbered aggregate; not a distinct SARO instrument.
c-status-rollup-p095-c033,2024,C,95,92,https://github.com/tordecilla/unprogrammed-appropriations/releases/download/pdfs-status-pages-v1/annex-c-p095.pdf,Philippine Trade Training Center / Philippine Trade Training Center agency subtotal,Agency subtotal,Allotment Releases,Agency Total,2183855,pesos,2183855,1,Unnumbered aggregate; not a distinct SARO instrument.
c-status-rollup-p095-c034,2024,C,95,92,https://github.com/tordecilla/unprogrammed-appropriations/releases/download/pdfs-status-pages-v1/annex-c-p095.pdf,Design Center of the Philippines / Design Center of the Philippines agency subtotal,Agency subtotal,Allotment Releases,Salary Increase,2745000,pesos,2745000,1,Unnumbered aggregate; not a distinct SARO instrument.
c-status-rollup-p095-c035,2024,C,95,92,https://github.com/tordecilla/unprogrammed-appropriations/releases/download/pdfs-status-pages-v1/annex-c-p095.pdf,Design Center of the Philippines / Design Center of the Philippines agency subtotal,Agency subtotal,Allotment Releases,Other PS Deficiencies,4120492,pesos,4120492,1,Unnumbered aggregate; not a distinct SARO instrument.
c-status-rollup-p095-c036,2024,C,95,92,https://github.com/tordecilla/unprogrammed-appropriations/releases/download/pdfs-status-pages-v1/annex-c-p095.pdf,Design Center of the Philippines / Design Center of the Philippines agency subtotal,Agency subtotal,Allotment Releases,Personnel Benefits Total,6865492,pesos,6865492,1,Unnumbered aggregate; not a distinct SARO instrument.
c-status-rollup-p095-c037,2024,C,95,92,https://github.com/tordecilla/unprogrammed-appropriations/releases/download/pdfs-status-pages-v1/annex-c-p095.pdf,Design Center of the Philippines / Design Center of the Philippines agency subtotal,Agency subtotal,Allotment Releases,Agency Total,6865492,pesos,6865492,1,Unnumbered aggregate; not a distinct SARO instrument.
c-status-rollup-p098-c001,2024,C,98,96,https://github.com/tordecilla/unprogrammed-appropriations/releases/download/pdfs-status-pages-v1/annex-c-p098.pdf,Public-Private Partnership Center of the Philippines / Public-Private Partnership Center of the Philippines agency subtotal,Agency subtotal,Allotment Releases,Salary Increase,5697000,pesos,5697000,1,Unnumbered aggregate; not a distinct SARO instrument.
c-status-rollup-p098-c002,2024,C,98,96,https://github.com/tordecilla/unprogrammed-appropriations/releases/download/pdfs-status-pages-v1/annex-c-p098.pdf,Public-Private Partnership Center of the Philippines / Public-Private Partnership Center of the Philippines agency subtotal,Agency subtotal,Allotment Releases,Other PS Deficiencies,18108989,pesos,18108989,1,Unnumbered aggregate; not a distinct SARO instrument.
c-status-rollup-p098-c003,2024,C,98,96,https://github.com/tordecilla/unprogrammed-appropriations/releases/download/pdfs-status-pages-v1/annex-c-p098.pdf,Public-Private Partnership Center of the Philippines / Public-Private Partnership Center of the Philippines agency subtotal,Agency subtotal,Allotment Releases,Personnel Benefits Total,23805989,pesos,23805989,1,Unnumbered aggregate; not a distinct SARO instrument.
c-status-rollup-p098-c004,2024,C,98,96,https://github.com/tordecilla/unprogrammed-appropriations/releases/download/pdfs-status-pages-v1/annex-c-p098.pdf,Public-Private Partnership Center of the Philippines / Public-Private Partnership Center of the Philippines agency subtotal,Agency subtotal,Allotment Releases,Terminal Leave/Retirement Gratuity,1217317,pesos,1217317,1,Unnumbered aggregate; not a distinct SARO instrument.
c-status-rollup-p098-c005,2024,C,98,96,https://github.com/tordecilla/unprogrammed-appropriations/releases/download/pdfs-status-pages-v1/annex-c-p098.pdf,Public-Private Partnership Center of the Philippines / Public-Private Partnership Center of the Philippines agency subtotal,Agency subtotal,Allotment Releases,Pension and Gratuity Fund Total,1217317,pesos,1217317,1,Unnumbered aggregate; not a distinct SARO instrument.
c-status-rollup-p098-c006,2024,C,98,96,https://github.com/tordecilla/unprogrammed-appropriations/releases/download/pdfs-status-pages-v1/annex-c-p098.pdf,Public-Private Partnership Center of the Philippines / Public-Private Partnership Center of the Philippines agency subtotal,Agency subtotal,Allotment Releases,PS,25023306,pesos,25023306,1,Unnumbered aggregate; not a distinct SARO instrument.
c-status-rollup-p098-c007,2024,C,98,96,https://github.com/tordecilla/unprogrammed-appropriations/releases/download/pdfs-status-pages-v1/annex-c-p098.pdf,Public-Private Partnership Center of the Philippines / Public-Private Partnership Center of the Philippines agency subtotal,Agency subtotal,Allotment Releases,Agency Total,25023306,pesos,25023306,1,Unnumbered aggregate; not a distinct SARO instrument.
c-status-rollup-p098-c008,2024,C,98,96,https://github.com/tordecilla/unprogrammed-appropriations/releases/download/pdfs-status-pages-v1/annex-c-p098.pdf,Tariff Commission / Tariff Commission agency subtotal,Agency subtotal,Allotment Releases,Salary Increase,2805000,pesos,2805000,1,Unnumbered aggregate; not a distinct SARO instrument.
c-status-rollup-p098-c009,2024,C,98,96,https://github.com/tordecilla/unprogrammed-appropriations/releases/download/pdfs-status-pages-v1/annex-c-p098.pdf,Tariff Commission / Tariff Commission agency subtotal,Agency subtotal,Allotment Releases,Other PS Deficiencies,4584330,pesos,4584330,1,Unnumbered aggregate; not a distinct SARO instrument.
c-status-rollup-p098-c010,2024,C,98,96,https://github.com/tordecilla/unprogrammed-appropriations/releases/download/pdfs-status-pages-v1/annex-c-p098.pdf,Tariff Commission / Tariff Commission agency subtotal,Agency subtotal,Allotment Releases,Personnel Benefits Total,7389330,pesos,7389330,1,Unnumbered aggregate; not a distinct SARO instrument.
c-status-rollup-p098-c011,2024,C,98,96,https://github.com/tordecilla/unprogrammed-appropriations/releases/download/pdfs-status-pages-v1/annex-c-p098.pdf,Tariff Commission / Tariff Commission agency subtotal,Agency subtotal,Allotment Releases,Monetization of Leave Credits,196804,pesos,196804,1,Unnumbered aggregate; not a distinct SARO instrument.
c-status-rollup-p098-c012,2024,C,98,96,https://github.com/tordecilla/unprogrammed-appropriations/releases/download/pdfs-status-pages-v1/annex-c-p098.pdf,Tariff Commission / Tariff Commission agency subtotal,Agency subtotal,Allotment Releases,Pension and Gratuity Fund Total,196804,pesos,196804,1,Unnumbered aggregate; not a distinct SARO instrument.
c-status-rollup-p098-c013,2024,C,98,96,https://github.com/tordecilla/unprogrammed-appropriations/releases/download/pdfs-status-pages-v1/annex-c-p098.pdf,Tariff Commission / Tariff Commission agency subtotal,Agency subtotal,Allotment Releases,PS,7586134,pesos,7586134,1,Unnumbered aggregate; not a distinct SARO instrument.
c-status-rollup-p098-c014,2024,C,98,96,https://github.com/tordecilla/unprogrammed-appropriations/releases/download/pdfs-status-pages-v1/annex-c-p098.pdf,Tariff Commission / Tariff Commission agency subtotal,Agency subtotal,Allotment Releases,Agency Total,7586134,pesos,7586134,1,Unnumbered aggregate; not a distinct SARO instrument.
c-status-rollup-p098-c015,2024,C,98,96,https://github.com/tordecilla/unprogrammed-appropriations/releases/download/pdfs-status-pages-v1/annex-c-p098.pdf,Philippine Statistical Research and Training Institute / Philippine Statistical Research and Training Institute agency subtotal,Agency subtotal,Allotment Releases,Salary Increase,1525000,pesos,1525000,1,Unnumbered aggregate; not a distinct SARO instrument.
c-status-rollup-p098-c016,2024,C,98,96,https://github.com/tordecilla/unprogrammed-appropriations/releases/download/pdfs-status-pages-v1/annex-c-p098.pdf,Philippine Statistical Research and Training Institute / Philippine Statistical Research and Training Institute agency subtotal,Agency subtotal,Allotment Releases,Other PS Deficiencies,3568608,pesos,3568608,1,Unnumbered aggregate; not a distinct SARO instrument.
c-status-rollup-p098-c017,2024,C,98,96,https://github.com/tordecilla/unprogrammed-appropriations/releases/download/pdfs-status-pages-v1/annex-c-p098.pdf,Philippine Statistical Research and Training Institute / Philippine Statistical Research and Training Institute agency subtotal,Agency subtotal,Allotment Releases,Personnel Benefits Total,5093608,pesos,5093608,1,Unnumbered aggregate; not a distinct SARO instrument.
c-status-rollup-p098-c018,2024,C,98,96,https://github.com/tordecilla/unprogrammed-appropriations/releases/download/pdfs-status-pages-v1/annex-c-p098.pdf,Philippine Statistical Research and Training Institute / Philippine Statistical Research and Training Institute agency subtotal,Agency subtotal,Allotment Releases,Terminal Leave/Retirement Gratuity,21521,pesos,21521,1,Unnumbered aggregate; not a distinct SARO instrument.
c-status-rollup-p098-c019,2024,C,98,96,https://github.com/tordecilla/unprogrammed-appropriations/releases/download/pdfs-status-pages-v1/annex-c-p098.pdf,Philippine Statistical Research and Training Institute / Philippine Statistical Research and Training Institute agency subtotal,Agency subtotal,Allotment Releases,Pension and Gratuity Fund Total,21521,pesos,21521,1,Unnumbered aggregate; not a distinct SARO instrument.
c-status-rollup-p098-c020,2024,C,98,96,https://github.com/tordecilla/unprogrammed-appropriations/releases/download/pdfs-status-pages-v1/annex-c-p098.pdf,Philippine Statistical Research and Training Institute / Philippine Statistical Research and Training Institute agency subtotal,Agency subtotal,Allotment Releases,PS,5115129,pesos,5115129,1,Unnumbered aggregate; not a distinct SARO instrument.
c-status-rollup-p098-c021,2024,C,98,96,https://github.com/tordecilla/unprogrammed-appropriations/releases/download/pdfs-status-pages-v1/annex-c-p098.pdf,Philippine Statistical Research and Training Institute / Philippine Statistical Research and Training Institute agency subtotal,Agency subtotal,Allotment Releases,Agency Total,5115129,pesos,5115129,1,Unnumbered aggregate; not a distinct SARO instrument.
c-status-rollup-p099-c001,2024,C,99,96,https://github.com/tordecilla/unprogrammed-appropriations/releases/download/pdfs-status-pages-v1/annex-c-p099.pdf,Philippine Statistics Authority / Philippine Statistics Authority agency subtotal,Agency subtotal,Allotment Releases,SAGIP MOOE,3631784000,pesos,3631784000,1,Unnumbered aggregate; not a distinct SARO instrument. The agency line includes the separate census project amount and personnel subtotal; overall total is printed on p. 99.
c-status-rollup-p099-c002,2024,C,99,96,https://github.com/tordecilla/unprogrammed-appropriations/releases/download/pdfs-status-pages-v1/annex-c-p099.pdf,Philippine Statistics Authority / Philippine Statistics Authority agency subtotal,Agency subtotal,Allotment Releases,Salary Increase,77731000,pesos,77731000,1,Unnumbered aggregate; not a distinct SARO instrument. The agency line includes the separate census project amount and personnel subtotal; overall total is printed on p. 99.
c-status-rollup-p099-c003,2024,C,99,96,https://github.com/tordecilla/unprogrammed-appropriations/releases/download/pdfs-status-pages-v1/annex-c-p099.pdf,Philippine Statistics Authority / Philippine Statistics Authority agency subtotal,Agency subtotal,Allotment Releases,Other PS Deficiencies,110520723,pesos,110520723,1,Unnumbered aggregate; not a distinct SARO instrument. The agency line includes the separate census project amount and personnel subtotal; overall total is printed on p. 99.
c-status-rollup-p099-c004,2024,C,99,96,https://github.com/tordecilla/unprogrammed-appropriations/releases/download/pdfs-status-pages-v1/annex-c-p099.pdf,Philippine Statistics Authority / Philippine Statistics Authority agency subtotal,Agency subtotal,Allotment Releases,Personnel Benefits Total,188251723,pesos,188251723,1,Unnumbered aggregate; not a distinct SARO instrument. The agency line includes the separate census project amount and personnel subtotal; overall total is printed on p. 99.
c-status-rollup-p099-c005,2024,C,99,96,https://github.com/tordecilla/unprogrammed-appropriations/releases/download/pdfs-status-pages-v1/annex-c-p099.pdf,Philippine Statistics Authority / Philippine Statistics Authority agency subtotal,Agency subtotal,Allotment Releases,Terminal Leave/Retirement Gratuity,37886913,pesos,37886913,1,Unnumbered aggregate; not a distinct SARO instrument. The agency line includes the separate census project amount and personnel subtotal; overall total is printed on p. 99.
c-status-rollup-p099-c006,2024,C,99,96,https://github.com/tordecilla/unprogrammed-appropriations/releases/download/pdfs-status-pages-v1/annex-c-p099.pdf,Philippine Statistics Authority / Philippine Statistics Authority agency subtotal,Agency subtotal,Allotment Releases,Monetization of Leave Credits,2146110,pesos,2146110,1,Unnumbered aggregate; not a distinct SARO instrument. The agency line includes the separate census project amount and personnel subtotal; overall total is printed on p. 99.
c-status-rollup-p099-c007,2024,C,99,96,https://github.com/tordecilla/unprogrammed-appropriations/releases/download/pdfs-status-pages-v1/annex-c-p099.pdf,Philippine Statistics Authority / Philippine Statistics Authority agency subtotal,Agency subtotal,Allotment Releases,Pension and Gratuity Fund Total,40033023,pesos,40033023,1,Unnumbered aggregate; not a distinct SARO instrument. The agency line includes the separate census project amount and personnel subtotal; overall total is printed on p. 99.
c-status-rollup-p099-c008,2024,C,99,96,https://github.com/tordecilla/unprogrammed-appropriations/releases/download/pdfs-status-pages-v1/annex-c-p099.pdf,Philippine Statistics Authority / Philippine Statistics Authority agency subtotal,Agency subtotal,Allotment Releases,PS,228284746,pesos,228284746,1,Unnumbered aggregate; not a distinct SARO instrument. The agency line includes the separate census project amount and personnel subtotal; overall total is printed on p. 99.
c-status-rollup-p099-c009,2024,C,99,96,https://github.com/tordecilla/unprogrammed-appropriations/releases/download/pdfs-status-pages-v1/annex-c-p099.pdf,Philippine Statistics Authority / Philippine Statistics Authority agency subtotal,Agency subtotal,Allotment Releases,MOOE,3631784000,pesos,3631784000,1,Unnumbered aggregate; not a distinct SARO instrument. The agency line includes the separate census project amount and personnel subtotal; overall total is printed on p. 99.
c-status-rollup-p099-c010,2024,C,99,96,https://github.com/tordecilla/unprogrammed-appropriations/releases/download/pdfs-status-pages-v1/annex-c-p099.pdf,Philippine Statistics Authority / Philippine Statistics Authority agency subtotal,Agency subtotal,Allotment Releases,Agency Total,3860068746,pesos,3860068746,1,Unnumbered aggregate; not a distinct SARO instrument. The agency line includes the separate census project amount and personnel subtotal; overall total is printed on p. 99.
c-status-rollup-p102-c001,2024,C,102,102,https://github.com/tordecilla/unprogrammed-appropriations/releases/download/pdfs-status-pages-v1/annex-c-p102.pdf,Presidential Communications Office ? Philippine Information Agency / Various SAROs issued in November; Philippine Information Agency terminal-leave aggregate,For payment of terminal leave benefits,Allotment Releases,Terminal Leave/Retirement Gratuity,605939,pesos,605939,1,Unnumbered aggregate; not a distinct SARO instrument.
c-status-rollup-p102-c002,2024,C,102,102,https://github.com/tordecilla/unprogrammed-appropriations/releases/download/pdfs-status-pages-v1/annex-c-p102.pdf,Presidential Communications Office ? Philippine Information Agency / Various SAROs issued in November; Philippine Information Agency terminal-leave aggregate,For payment of terminal leave benefits,Allotment Releases,Total,605939,pesos,605939,1,Unnumbered aggregate; not a distinct SARO instrument.
c-status-rollup-p105-c001,2024,C,105,105,https://github.com/tordecilla/unprogrammed-appropriations/releases/download/pdfs-status-pages-v1/annex-c-p105.pdf,Department of Transportation (DOTr) ? Office of the Secretary / Office of the Secretary subtotal; not apportioned to the eight SAROs itemized on pp104-105,For Government Counterpart of Foreign-Assisted Projects,Allotment Releases,CO,10382436371,pesos,10382436371,1,Unnumbered aggregate; not a distinct SARO instrument. The source table prints this at the Office of the Secretary subtotal row. No individual SARO amount is visible in this category on p105; do not distribute it across the adjacent loan-proceeds rows.
c-status-rollup-p105-c002,2024,C,105,105,https://github.com/tordecilla/unprogrammed-appropriations/releases/download/pdfs-status-pages-v1/annex-c-p105.pdf,Department of Transportation (DOTr) ? Office of the Secretary / Office of the Secretary subtotal; not apportioned to the eight SAROs itemized on pp104-105,For Government Counterpart of Foreign-Assisted Projects,Allotment Releases,Total,10382436371,pesos,10382436371,1,Unnumbered aggregate; not a distinct SARO instrument. The source table prints this at the Office of the Secretary subtotal row. No individual SARO amount is visible in this category on p105; do not distribute it across the adjacent loan-proceeds rows.
c-status-rollup-p110-c001,2024,C,110,110,https://github.com/tordecilla/unprogrammed-appropriations/releases/download/pdfs-status-pages-v1/annex-c-p110.pdf,DOTr ? Office of the Secretary / Various SAROs issued in September; DOTr Office of the Secretary salary-increase aggregate,For payment of Personnel Benefits,Allotment Releases,Salary Increase,106937000,pesos,106937000,1,Unnumbered aggregate; not a distinct SARO instrument.
c-status-rollup-p110-c002,2024,C,110,110,https://github.com/tordecilla/unprogrammed-appropriations/releases/download/pdfs-status-pages-v1/annex-c-p110.pdf,DOTr ? Office of the Secretary / Various SAROs issued in September; DOTr Office of the Secretary salary-increase aggregate,For payment of Personnel Benefits,Allotment Releases,Total,106937000,pesos,106937000,1,Unnumbered aggregate; not a distinct SARO instrument.
c-status-rollup-p110-c003,2024,C,110,110,https://github.com/tordecilla/unprogrammed-appropriations/releases/download/pdfs-status-pages-v1/annex-c-p110.pdf,DOTr ? Office of the Secretary / Various SAROs issued in October; DOTr Office of the Secretary benefits aggregate,Pension and Gratuity Fund,Allotment Releases,Terminal Leave/Retirement Gratuity,893147,pesos,893147,1,Unnumbered aggregate; not a distinct SARO instrument.
c-status-rollup-p110-c004,2024,C,110,110,https://github.com/tordecilla/unprogrammed-appropriations/releases/download/pdfs-status-pages-v1/annex-c-p110.pdf,DOTr ? Office of the Secretary / Various SAROs issued in October; DOTr Office of the Secretary benefits aggregate,Pension and Gratuity Fund,Allotment Releases,Monetization of Leave Credits,2943355,pesos,2943355,1,Unnumbered aggregate; not a distinct SARO instrument.
c-status-rollup-p110-c005,2024,C,110,110,https://github.com/tordecilla/unprogrammed-appropriations/releases/download/pdfs-status-pages-v1/annex-c-p110.pdf,DOTr ? Office of the Secretary / Various SAROs issued in October; DOTr Office of the Secretary benefits aggregate,Pension and Gratuity Fund,Allotment Releases,Total,3836502,pesos,3836502,1,Unnumbered aggregate; not a distinct SARO instrument.
c-status-rollup-p110-c006,2024,C,110,110,https://github.com/tordecilla/unprogrammed-appropriations/releases/download/pdfs-status-pages-v1/annex-c-p110.pdf,DOTr ? Office of the Secretary / Various SAROs issued in November; DOTr Office of the Secretary benefits aggregate,Pension and Gratuity Fund,Allotment Releases,Terminal Leave/Retirement Gratuity,2497526,pesos,2497526,1,Unnumbered aggregate; not a distinct SARO instrument.
c-status-rollup-p110-c007,2024,C,110,110,https://github.com/tordecilla/unprogrammed-appropriations/releases/download/pdfs-status-pages-v1/annex-c-p110.pdf,DOTr ? Office of the Secretary / Various SAROs issued in November; DOTr Office of the Secretary benefits aggregate,Pension and Gratuity Fund,Allotment Releases,Monetization of Leave Credits,3982995,pesos,3982995,1,Unnumbered aggregate; not a distinct SARO instrument.
c-status-rollup-p110-c008,2024,C,110,110,https://github.com/tordecilla/unprogrammed-appropriations/releases/download/pdfs-status-pages-v1/annex-c-p110.pdf,DOTr ? Office of the Secretary / Various SAROs issued in November; DOTr Office of the Secretary benefits aggregate,Pension and Gratuity Fund,Allotment Releases,Total,6480521,pesos,6480521,1,Unnumbered aggregate; not a distinct SARO instrument.
c-status-rollup-p110-c009,2024,C,110,110,https://github.com/tordecilla/unprogrammed-appropriations/releases/download/pdfs-status-pages-v1/annex-c-p110.pdf,DOTr ? Office of the Secretary / Various SAROs issued in December; DOTr Office of the Secretary benefits aggregate,Pension and Gratuity Fund,Allotment Releases,Terminal Leave/Retirement Gratuity,7654587,pesos,7654587,1,Unnumbered aggregate; not a distinct SARO instrument.
c-status-rollup-p110-c010,2024,C,110,110,https://github.com/tordecilla/unprogrammed-appropriations/releases/download/pdfs-status-pages-v1/annex-c-p110.pdf,DOTr ? Office of the Secretary / Various SAROs issued in December; DOTr Office of the Secretary benefits aggregate,Pension and Gratuity Fund,Allotment Releases,Total,7654587,pesos,7654587,1,Unnumbered aggregate; not a distinct SARO instrument.
c-status-rollup-p106-c001,2024,C,106,106,https://github.com/tordecilla/unprogrammed-appropriations/releases/download/pdfs-status-pages-v1/annex-c-p106.pdf,DOTr / DOTr department-level printed summary row; benefit totals are not apportioned to the adjacent named SAROs,For payment of Personnel Benefits,Allotment Releases,Salary Increase,154891753,pesos,154891753,1,Unnumbered aggregate; not a distinct SARO instrument.
c-status-rollup-p106-c002,2024,C,106,106,https://github.com/tordecilla/unprogrammed-appropriations/releases/download/pdfs-status-pages-v1/annex-c-p106.pdf,DOTr / DOTr department-level printed summary row; benefit totals are not apportioned to the adjacent named SAROs,For payment of Personnel Benefits,Allotment Releases,FY 2022 PBB,323090855,pesos,323090855,1,Unnumbered aggregate; not a distinct SARO instrument.
c-status-rollup-p106-c003,2024,C,106,106,https://github.com/tordecilla/unprogrammed-appropriations/releases/download/pdfs-status-pages-v1/annex-c-p106.pdf,DOTr / DOTr department-level printed summary row; benefit totals are not apportioned to the adjacent named SAROs,For payment of Personnel Benefits,Allotment Releases,Other PS Deficiencies,1302849595,pesos,1302849595,1,Unnumbered aggregate; not a distinct SARO instrument.
c-status-rollup-p106-c004,2024,C,106,106,https://github.com/tordecilla/unprogrammed-appropriations/releases/download/pdfs-status-pages-v1/annex-c-p106.pdf,DOTr / DOTr department-level printed summary row; benefit totals are not apportioned to the adjacent named SAROs,For payment of Personnel Benefits,Allotment Releases,Total,1780832203,pesos,1780832203,1,Unnumbered aggregate; not a distinct SARO instrument.
c-status-rollup-p106-c005,2024,C,106,106,https://github.com/tordecilla/unprogrammed-appropriations/releases/download/pdfs-status-pages-v1/annex-c-p106.pdf,DOTr / DOTr department-level printed summary row; benefit totals are not apportioned to the adjacent named SAROs,Pension and Gratuity Fund,Allotment Releases,Terminal Leave/Retirement Gratuity,81275880,pesos,81275880,1,Unnumbered aggregate; not a distinct SARO instrument.
c-status-rollup-p106-c006,2024,C,106,106,https://github.com/tordecilla/unprogrammed-appropriations/releases/download/pdfs-status-pages-v1/annex-c-p106.pdf,DOTr / DOTr department-level printed summary row; benefit totals are not apportioned to the adjacent named SAROs,Pension and Gratuity Fund,Allotment Releases,Monetization of Leave Credits,9323499,pesos,9323499,1,Unnumbered aggregate; not a distinct SARO instrument.
c-status-rollup-p106-c007,2024,C,106,106,https://github.com/tordecilla/unprogrammed-appropriations/releases/download/pdfs-status-pages-v1/annex-c-p106.pdf,DOTr / DOTr department-level printed summary row; benefit totals are not apportioned to the adjacent named SAROs,Pension and Gratuity Fund,Allotment Releases,Total,90599379,pesos,90599379,1,Unnumbered aggregate; not a distinct SARO instrument.
c-status-rollup-p106-c008,2024,C,106,106,https://github.com/tordecilla/unprogrammed-appropriations/releases/download/pdfs-status-pages-v1/annex-c-p106.pdf,DOTr ? Office of the Secretary / Office of the Secretary printed summary row; benefit totals are not apportioned to the adjacent named SAROs,For payment of Personnel Benefits,Allotment Releases,Salary Increase,115154753,pesos,115154753,1,Unnumbered aggregate; not a distinct SARO instrument.
c-status-rollup-p106-c009,2024,C,106,106,https://github.com/tordecilla/unprogrammed-appropriations/releases/download/pdfs-status-pages-v1/annex-c-p106.pdf,DOTr ? Office of the Secretary / Office of the Secretary printed summary row; benefit totals are not apportioned to the adjacent named SAROs,For payment of Personnel Benefits,Allotment Releases,Other PS Deficiencies,310801764,pesos,310801764,1,Unnumbered aggregate; not a distinct SARO instrument.
c-status-rollup-p106-c010,2024,C,106,106,https://github.com/tordecilla/unprogrammed-appropriations/releases/download/pdfs-status-pages-v1/annex-c-p106.pdf,DOTr ? Office of the Secretary / Office of the Secretary printed summary row; benefit totals are not apportioned to the adjacent named SAROs,For payment of Personnel Benefits,Allotment Releases,Total,425956517,pesos,425956517,1,Unnumbered aggregate; not a distinct SARO instrument.
c-status-rollup-p106-c011,2024,C,106,106,https://github.com/tordecilla/unprogrammed-appropriations/releases/download/pdfs-status-pages-v1/annex-c-p106.pdf,DOTr ? Office of the Secretary / Office of the Secretary printed summary row; benefit totals are not apportioned to the adjacent named SAROs,Pension and Gratuity Fund,Allotment Releases,Terminal Leave/Retirement Gratuity,11045260,pesos,11045260,1,Unnumbered aggregate; not a distinct SARO instrument.
c-status-rollup-p106-c012,2024,C,106,106,https://github.com/tordecilla/unprogrammed-appropriations/releases/download/pdfs-status-pages-v1/annex-c-p106.pdf,DOTr ? Office of the Secretary / Office of the Secretary printed summary row; benefit totals are not apportioned to the adjacent named SAROs,Pension and Gratuity Fund,Allotment Releases,Monetization of Leave Credits,6926350,pesos,6926350,1,Unnumbered aggregate; not a distinct SARO instrument.
c-status-rollup-p106-c013,2024,C,106,106,https://github.com/tordecilla/unprogrammed-appropriations/releases/download/pdfs-status-pages-v1/annex-c-p106.pdf,DOTr ? Office of the Secretary / Office of the Secretary printed summary row; benefit totals are not apportioned to the adjacent named SAROs,Pension and Gratuity Fund,Allotment Releases,Total,17971610,pesos,17971610,1,Unnumbered aggregate; not a distinct SARO instrument.
c-status-rollup-p107-c001,2024,C,107,107,https://github.com/tordecilla/unprogrammed-appropriations/releases/download/pdfs-status-pages-v1/annex-c-p107.pdf,DOTr / DOTr department total summary; includes records preceding this staged page range,Overall printed TOTAL columns,Allotment Releases,PS,1871431582,pesos,1871431582,1,Unnumbered aggregate; not a distinct SARO instrument. The visible total includes rows outside the current pp106?111 staging batch; do not allocate its amount among adjacent rows.
c-status-rollup-p107-c002,2024,C,107,107,https://github.com/tordecilla/unprogrammed-appropriations/releases/download/pdfs-status-pages-v1/annex-c-p107.pdf,DOTr / DOTr department total summary; includes records preceding this staged page range,Overall printed TOTAL columns,Allotment Releases,MOOE,0,pesos,0,1,Unnumbered aggregate; not a distinct SARO instrument. The visible total includes rows outside the current pp106?111 staging batch; do not allocate its amount among adjacent rows.
c-status-rollup-p107-c003,2024,C,107,107,https://github.com/tordecilla/unprogrammed-appropriations/releases/download/pdfs-status-pages-v1/annex-c-p107.pdf,DOTr / DOTr department total summary; includes records preceding this staged page range,Overall printed TOTAL columns,Allotment Releases,CO,68627160531,pesos,68627160531,1,Unnumbered aggregate; not a distinct SARO instrument. The visible total includes rows outside the current pp106?111 staging batch; do not allocate its amount among adjacent rows.
c-status-rollup-p107-c004,2024,C,107,107,https://github.com/tordecilla/unprogrammed-appropriations/releases/download/pdfs-status-pages-v1/annex-c-p107.pdf,DOTr / DOTr department total summary; includes records preceding this staged page range,Overall printed TOTAL columns,Allotment Releases,Total,70498592113,pesos,70498592113,1,Unnumbered aggregate; not a distinct SARO instrument. The visible total includes rows outside the current pp106?111 staging batch; do not allocate its amount among adjacent rows.
c-status-rollup-p107-c005,2024,C,107,107,https://github.com/tordecilla/unprogrammed-appropriations/releases/download/pdfs-status-pages-v1/annex-c-p107.pdf,DOTr ? Office of the Secretary / DOTr Office of the Secretary total summary; includes records preceding this staged page range,Overall printed TOTAL columns,Allotment Releases,PS,443928127,pesos,443928127,1,"Unnumbered aggregate; not a distinct SARO instrument. Office summary components reconcile to PS + CO. CO includes prior FAP and counterpart records, not only those transcribed here."
c-status-rollup-p107-c006,2024,C,107,107,https://github.com/tordecilla/unprogrammed-appropriations/releases/download/pdfs-status-pages-v1/annex-c-p107.pdf,DOTr ? Office of the Secretary / DOTr Office of the Secretary total summary; includes records preceding this staged page range,Overall printed TOTAL columns,Allotment Releases,MOOE,0,pesos,0,1,"Unnumbered aggregate; not a distinct SARO instrument. Office summary components reconcile to PS + CO. CO includes prior FAP and counterpart records, not only those transcribed here."
c-status-rollup-p107-c007,2024,C,107,107,https://github.com/tordecilla/unprogrammed-appropriations/releases/download/pdfs-status-pages-v1/annex-c-p107.pdf,DOTr ? Office of the Secretary / DOTr Office of the Secretary total summary; includes records preceding this staged page range,Overall printed TOTAL columns,Allotment Releases,CO,68627160531,pesos,68627160531,1,"Unnumbered aggregate; not a distinct SARO instrument. Office summary components reconcile to PS + CO. CO includes prior FAP and counterpart records, not only those transcribed here."
c-status-rollup-p107-c008,2024,C,107,107,https://github.com/tordecilla/unprogrammed-appropriations/releases/download/pdfs-status-pages-v1/annex-c-p107.pdf,DOTr ? Office of the Secretary / DOTr Office of the Secretary total summary; includes records preceding this staged page range,Overall printed TOTAL columns,Allotment Releases,Total,69071088658,pesos,69071088658,1,"Unnumbered aggregate; not a distinct SARO instrument. Office summary components reconcile to PS + CO. CO includes prior FAP and counterpart records, not only those transcribed here."
c-status-rollup-p114-c001,2024,C,114,114,https://github.com/tordecilla/unprogrammed-appropriations/releases/download/pdfs-status-pages-v1/annex-c-p114.pdf,Department of Transportation (DOTr) — Maritime Industry Authority (MARINA) / Various SAROs in September; MARINA salary-increase aggregate,For payment of Personnel Benefits,Allotment Releases,Salary Increase,22053000,pesos,22053000,1,Unnumbered aggregate; not a distinct SARO instrument.
c-status-rollup-p114-c002,2024,C,114,114,https://github.com/tordecilla/unprogrammed-appropriations/releases/download/pdfs-status-pages-v1/annex-c-p114.pdf,Department of Transportation (DOTr) — Maritime Industry Authority (MARINA) / Various SAROs in September; MARINA salary-increase aggregate,For payment of Personnel Benefits,Allotment Releases,Total,22053000,pesos,22053000,1,Unnumbered aggregate; not a distinct SARO instrument.
c-status-rollup-p114-c003,2024,C,114,114,https://github.com/tordecilla/unprogrammed-appropriations/releases/download/pdfs-status-pages-v1/annex-c-p114.pdf,Department of Transportation (DOTr) — Maritime Industry Authority (MARINA) / Various SAROs issued in December; MARINA benefits aggregate,Pension and Gratuity Fund,Allotment Releases,Terminal Leave/Retirement Gratuity,253836,pesos,253836,1,Unnumbered aggregate; not a distinct SARO instrument.
c-status-rollup-p114-c004,2024,C,114,114,https://github.com/tordecilla/unprogrammed-appropriations/releases/download/pdfs-status-pages-v1/annex-c-p114.pdf,Department of Transportation (DOTr) — Maritime Industry Authority (MARINA) / Various SAROs issued in December; MARINA benefits aggregate,Pension and Gratuity Fund,Allotment Releases,Monetization of Leave Credits,2397149,pesos,2397149,1,Unnumbered aggregate; not a distinct SARO instrument.
c-status-rollup-p114-c005,2024,C,114,114,https://github.com/tordecilla/unprogrammed-appropriations/releases/download/pdfs-status-pages-v1/annex-c-p114.pdf,Department of Transportation (DOTr) — Maritime Industry Authority (MARINA) / Various SAROs issued in December; MARINA benefits aggregate,Pension and Gratuity Fund,Allotment Releases,Total,2650985,pesos,2650985,1,Unnumbered aggregate; not a distinct SARO instrument.
c-status-rollup-p114-c006,2024,C,114,114,https://github.com/tordecilla/unprogrammed-appropriations/releases/download/pdfs-status-pages-v1/annex-c-p114.pdf,Department of Transportation (DOTr) — Philippine Coast Guard / Various SAROs issued in December; Philippine Coast Guard PS benefits aggregate,For payment of Personnel Benefits,Allotment Releases,FY 2022 PBB,323090855,pesos,323090855,1,Unnumbered aggregate; not a distinct SARO instrument.
c-status-rollup-p114-c007,2024,C,114,114,https://github.com/tordecilla/unprogrammed-appropriations/releases/download/pdfs-status-pages-v1/annex-c-p114.pdf,Department of Transportation (DOTr) — Philippine Coast Guard / Various SAROs issued in December; Philippine Coast Guard PS benefits aggregate,For payment of Personnel Benefits,Allotment Releases,Other PS Deficiencies,966058880,pesos,966058880,1,Unnumbered aggregate; not a distinct SARO instrument.
c-status-rollup-p114-c008,2024,C,114,114,https://github.com/tordecilla/unprogrammed-appropriations/releases/download/pdfs-status-pages-v1/annex-c-p114.pdf,Department of Transportation (DOTr) — Philippine Coast Guard / Various SAROs issued in December; Philippine Coast Guard PS benefits aggregate,For payment of Personnel Benefits,Allotment Releases,Total,1289149735,pesos,1289149735,1,Unnumbered aggregate; not a distinct SARO instrument.
c-status-rollup-p118-c001,2024,C,118,118,https://github.com/tordecilla/unprogrammed-appropriations/releases/download/pdfs-status-pages-v1/annex-c-p118.pdf,Other Executive Offices (OEO) — Commission on Higher Education / Various SARO issued in September; Commission on Higher Education salary-increase aggregate,For payment of Personnel Benefits,Allotment Releases,Salary Increase,11149000,pesos,11149000,1,Unnumbered aggregate; not a distinct SARO instrument.
c-status-rollup-p118-c002,2024,C,118,118,https://github.com/tordecilla/unprogrammed-appropriations/releases/download/pdfs-status-pages-v1/annex-c-p118.pdf,Other Executive Offices (OEO) — Commission on Higher Education / Various SARO issued in September; Commission on Higher Education salary-increase aggregate,For payment of Personnel Benefits,Allotment Releases,Total,11149000,pesos,11149000,1,Unnumbered aggregate; not a distinct SARO instrument.
c-status-rollup-p118-c003,2024,C,118,118,https://github.com/tordecilla/unprogrammed-appropriations/releases/download/pdfs-status-pages-v1/annex-c-p118.pdf,Other Executive Offices (OEO) — Commission on Higher Education / Various SARO issued in October; Commission on Higher Education benefits aggregate,Pension and Gratuity Fund,Allotment Releases,Monetization of Leave Credits,638300,pesos,638300,1,Unnumbered aggregate; not a distinct SARO instrument.
c-status-rollup-p118-c004,2024,C,118,118,https://github.com/tordecilla/unprogrammed-appropriations/releases/download/pdfs-status-pages-v1/annex-c-p118.pdf,Other Executive Offices (OEO) — Commission on Higher Education / Various SARO issued in October; Commission on Higher Education benefits aggregate,Pension and Gratuity Fund,Allotment Releases,Total,638300,pesos,638300,1,Unnumbered aggregate; not a distinct SARO instrument.
c-status-rollup-p118-c005,2024,C,118,118,https://github.com/tordecilla/unprogrammed-appropriations/releases/download/pdfs-status-pages-v1/annex-c-p118.pdf,Other Executive Offices (OEO) — Energy Regulatory Commission / Various SARO issued in October; Energy Regulatory Commission benefits aggregate,Pension and Gratuity Fund,Allotment Releases,Pension,521560,pesos,521560,1,Unnumbered aggregate; not a distinct SARO instrument.
c-status-rollup-p118-c006,2024,C,118,118,https://github.com/tordecilla/unprogrammed-appropriations/releases/download/pdfs-status-pages-v1/annex-c-p118.pdf,Other Executive Offices (OEO) — Energy Regulatory Commission / Various SARO issued in October; Energy Regulatory Commission benefits aggregate,Pension and Gratuity Fund,Allotment Releases,Terminal Leave/Retirement Gratuity,766312,pesos,766312,1,Unnumbered aggregate; not a distinct SARO instrument.
c-status-rollup-p118-c007,2024,C,118,118,https://github.com/tordecilla/unprogrammed-appropriations/releases/download/pdfs-status-pages-v1/annex-c-p118.pdf,Other Executive Offices (OEO) — Energy Regulatory Commission / Various SARO issued in October; Energy Regulatory Commission benefits aggregate,Pension and Gratuity Fund,Allotment Releases,Total,1287872,pesos,1287872,1,Unnumbered aggregate; not a distinct SARO instrument.
c-status-rollup-p122-c001,2024,C,122,122,https://github.com/tordecilla/unprogrammed-appropriations/releases/download/pdfs-status-pages-v1/annex-c-p122.pdf,Other Executive Offices (OEO) — Mindanao Development Authority / Various SAROs issued in November; Mindanao Development Authority benefits aggregate,Pension and Gratuity Fund,Allotment Releases,Terminal Leave/Retirement Gratuity,317883,pesos,317883,1,Unnumbered aggregate; not a distinct SARO instrument.
c-status-rollup-p122-c002,2024,C,122,122,https://github.com/tordecilla/unprogrammed-appropriations/releases/download/pdfs-status-pages-v1/annex-c-p122.pdf,Other Executive Offices (OEO) — Mindanao Development Authority / Various SAROs issued in November; Mindanao Development Authority benefits aggregate,Pension and Gratuity Fund,Allotment Releases,Monetization of Leave Credits,121000,pesos,121000,1,Unnumbered aggregate; not a distinct SARO instrument.
c-status-rollup-p122-c003,2024,C,122,122,https://github.com/tordecilla/unprogrammed-appropriations/releases/download/pdfs-status-pages-v1/annex-c-p122.pdf,Other Executive Offices (OEO) — Mindanao Development Authority / Various SAROs issued in November; Mindanao Development Authority benefits aggregate,Pension and Gratuity Fund,Allotment Releases,Total,438883,pesos,438883,1,Unnumbered aggregate; not a distinct SARO instrument.
c-status-rollup-p122-c004,2024,C,122,122,https://github.com/tordecilla/unprogrammed-appropriations/releases/download/pdfs-status-pages-v1/annex-c-p122.pdf,Other Executive Offices (OEO) — National Historical Commission of the Philippines / Various SAROs issued in November; National Historical Commission of the Philippines benefits aggregate,Pension and Gratuity Fund,Allotment Releases,Terminal Leave/Retirement Gratuity,89366,pesos,89366,1,Unnumbered aggregate; not a distinct SARO instrument.
c-status-rollup-p122-c005,2024,C,122,122,https://github.com/tordecilla/unprogrammed-appropriations/releases/download/pdfs-status-pages-v1/annex-c-p122.pdf,Other Executive Offices (OEO) — National Historical Commission of the Philippines / Various SAROs issued in November; National Historical Commission of the Philippines benefits aggregate,Pension and Gratuity Fund,Allotment Releases,Monetization of Leave Credits,278307,pesos,278307,1,Unnumbered aggregate; not a distinct SARO instrument.
c-status-rollup-p122-c006,2024,C,122,122,https://github.com/tordecilla/unprogrammed-appropriations/releases/download/pdfs-status-pages-v1/annex-c-p122.pdf,Other Executive Offices (OEO) — National Historical Commission of the Philippines / Various SAROs issued in November; National Historical Commission of the Philippines benefits aggregate,Pension and Gratuity Fund,Allotment Releases,Total,367673,pesos,367673,1,Unnumbered aggregate; not a distinct SARO instrument.
c-status-rollup-p126-c001,2024,C,126,126,https://github.com/tordecilla/unprogrammed-appropriations/releases/download/pdfs-status-pages-v1/annex-c-p126.pdf,Other Executive Offices (OEO) — Philippine Drug Enforcement Agency / Various SARO issued in October; Philippine Drug Enforcement Agency benefits aggregate,Pension and Gratuity Fund,Allotment Releases,Terminal Leave/Retirement Gratuity,2262366,pesos,2262366,1,Unnumbered aggregate; not a distinct SARO instrument.
c-status-rollup-p126-c002,2024,C,126,126,https://github.com/tordecilla/unprogrammed-appropriations/releases/download/pdfs-status-pages-v1/annex-c-p126.pdf,Other Executive Offices (OEO) — Philippine Drug Enforcement Agency / Various SARO issued in October; Philippine Drug Enforcement Agency benefits aggregate,Pension and Gratuity Fund,Allotment Releases,Monetization of Leave Credits,2524873,pesos,2524873,1,Unnumbered aggregate; not a distinct SARO instrument.
c-status-rollup-p126-c003,2024,C,126,126,https://github.com/tordecilla/unprogrammed-appropriations/releases/download/pdfs-status-pages-v1/annex-c-p126.pdf,Other Executive Offices (OEO) — Philippine Drug Enforcement Agency / Various SARO issued in October; Philippine Drug Enforcement Agency benefits aggregate,Pension and Gratuity Fund,Allotment Releases,Total,4787239,pesos,4787239,1,Unnumbered aggregate; not a distinct SARO instrument.
c-status-rollup-p126-c004,2024,C,126,126,https://github.com/tordecilla/unprogrammed-appropriations/releases/download/pdfs-status-pages-v1/annex-c-p126.pdf,Other Executive Offices (OEO) — Philippine Drug Enforcement Agency / Various SARO issued in November; Philippine Drug Enforcement Agency benefits aggregate,Pension and Gratuity Fund,Allotment Releases,Terminal Leave/Retirement Gratuity,5667019,pesos,5667019,1,Unnumbered aggregate; not a distinct SARO instrument.
c-status-rollup-p126-c005,2024,C,126,126,https://github.com/tordecilla/unprogrammed-appropriations/releases/download/pdfs-status-pages-v1/annex-c-p126.pdf,Other Executive Offices (OEO) — Philippine Drug Enforcement Agency / Various SARO issued in November; Philippine Drug Enforcement Agency benefits aggregate,Pension and Gratuity Fund,Allotment Releases,Monetization of Leave Credits,1190306,pesos,1190306,1,Unnumbered aggregate; not a distinct SARO instrument.
c-status-rollup-p126-c006,2024,C,126,126,https://github.com/tordecilla/unprogrammed-appropriations/releases/download/pdfs-status-pages-v1/annex-c-p126.pdf,Other Executive Offices (OEO) — Philippine Drug Enforcement Agency / Various SARO issued in November; Philippine Drug Enforcement Agency benefits aggregate,Pension and Gratuity Fund,Allotment Releases,Total,6857325,pesos,6857325,1,Unnumbered aggregate; not a distinct SARO instrument.
c-status-rollup-p126-c007,2024,C,126,126,https://github.com/tordecilla/unprogrammed-appropriations/releases/download/pdfs-status-pages-v1/annex-c-p126.pdf,Other Executive Offices (OEO) — Philippine Drug Enforcement Agency / Various SARO issued in December; Philippine Drug Enforcement Agency benefits aggregate,Pension and Gratuity Fund,Allotment Releases,Monetization of Leave Credits,2590746,pesos,2590746,1,Unnumbered aggregate; not a distinct SARO instrument.
c-status-rollup-p126-c008,2024,C,126,126,https://github.com/tordecilla/unprogrammed-appropriations/releases/download/pdfs-status-pages-v1/annex-c-p126.pdf,Other Executive Offices (OEO) — Philippine Drug Enforcement Agency / Various SARO issued in December; Philippine Drug Enforcement Agency benefits aggregate,Pension and Gratuity Fund,Allotment Releases,Total,2590746,pesos,2590746,1,Unnumbered aggregate; not a distinct SARO instrument.
c-status-rollup-p126-c009,2024,C,126,126,https://github.com/tordecilla/unprogrammed-appropriations/releases/download/pdfs-status-pages-v1/annex-c-p126.pdf,Other Executive Offices (OEO) — Philippine Space Agency / Various SAROs issued in November; Philippine Space Agency benefits aggregate,Pension and Gratuity Fund,Allotment Releases,Terminal Leave/Retirement Gratuity,43597,pesos,43597,1,Unnumbered aggregate; not a distinct SARO instrument.
c-status-rollup-p126-c010,2024,C,126,126,https://github.com/tordecilla/unprogrammed-appropriations/releases/download/pdfs-status-pages-v1/annex-c-p126.pdf,Other Executive Offices (OEO) — Philippine Space Agency / Various SAROs issued in November; Philippine Space Agency benefits aggregate,Pension and Gratuity Fund,Allotment Releases,Total,43597,pesos,43597,1,Unnumbered aggregate; not a distinct SARO instrument.
c-status-rollup-p126-c011,2024,C,126,126,https://github.com/tordecilla/unprogrammed-appropriations/releases/download/pdfs-status-pages-v1/annex-c-p126.pdf,Civil Service Commission - Proper / Various SAROs in September; Civil Service Commission Proper salary-increase aggregate,For payment of Personnel Benefits,Allotment Releases,Salary Increase,62455000,pesos,62455000,1,Unnumbered aggregate; not a distinct SARO instrument.
c-status-rollup-p126-c012,2024,C,126,126,https://github.com/tordecilla/unprogrammed-appropriations/releases/download/pdfs-status-pages-v1/annex-c-p126.pdf,Civil Service Commission - Proper / Various SAROs in September; Civil Service Commission Proper salary-increase aggregate,For payment of Personnel Benefits,Allotment Releases,Total,62455000,pesos,62455000,1,Unnumbered aggregate; not a distinct SARO instrument.
c-status-rollup-p130-c001,2024,C,130,130,https://github.com/tordecilla/unprogrammed-appropriations/releases/download/pdfs-status-pages-v1/annex-c-p130.pdf,Commission on Human Rights (CHR) — Proper / Various SAROs issued in November; Commission on Human Rights (CHR) Proper benefits aggregate,Pension and Gratuity Fund,Allotment Releases,Terminal Leave/Retirement Gratuity,1289503,pesos,1289503,1,Unnumbered aggregate; not a distinct SARO instrument.
c-status-rollup-p130-c002,2024,C,130,130,https://github.com/tordecilla/unprogrammed-appropriations/releases/download/pdfs-status-pages-v1/annex-c-p130.pdf,Commission on Human Rights (CHR) — Proper / Various SAROs issued in November; Commission on Human Rights (CHR) Proper benefits aggregate,Pension and Gratuity Fund,Allotment Releases,Monetization of Leave Credits,151678,pesos,151678,1,Unnumbered aggregate; not a distinct SARO instrument.
c-status-rollup-p130-c003,2024,C,130,130,https://github.com/tordecilla/unprogrammed-appropriations/releases/download/pdfs-status-pages-v1/annex-c-p130.pdf,Commission on Human Rights (CHR) — Proper / Various SAROs issued in November; Commission on Human Rights (CHR) Proper benefits aggregate,Pension and Gratuity Fund,Allotment Releases,Total,1441181,pesos,1441181,1,Unnumbered aggregate; not a distinct SARO instrument.
c-status-rollup-p134-c001,2024,C,134,134,https://github.com/tordecilla/unprogrammed-appropriations/releases/download/pdfs-status-pages-v1/annex-c-p134.pdf,Allocation to Local Government Units (ALGU) — Metropolitan Manila Development Authority (MMDA) / Various SAROs issued in November; Metropolitan Manila Development Authority terminal leave benefits,Pension and Gratuity Fund,Allotment Releases,Terminal Leave/Retirement Gratuity,800630,pesos,800630,1,Unnumbered aggregate; not a distinct SARO instrument.
c-status-rollup-p134-c002,2024,C,134,134,https://github.com/tordecilla/unprogrammed-appropriations/releases/download/pdfs-status-pages-v1/annex-c-p134.pdf,Allocation to Local Government Units (ALGU) — Metropolitan Manila Development Authority (MMDA) / Various SAROs issued in November; Metropolitan Manila Development Authority terminal leave benefits,Pension and Gratuity Fund,Allotment Releases,Total,800630,pesos,800630,1,Unnumbered aggregate; not a distinct SARO instrument.
c-status-rollup-p134-c003,2024,C,134,134,https://github.com/tordecilla/unprogrammed-appropriations/releases/download/pdfs-status-pages-v1/annex-c-p134.pdf,Bangsamoro Autonomous Region in Muslim Mindanao (BARMM) / Various SAROs issued in October; BARMM terminal leave benefits and separation incentives,Pension and Gratuity Fund,Allotment Releases,Terminal Leave/Retirement Gratuity,23816330,pesos,23816330,1,Unnumbered aggregate; not a distinct SARO instrument.
c-status-rollup-p134-c004,2024,C,134,134,https://github.com/tordecilla/unprogrammed-appropriations/releases/download/pdfs-status-pages-v1/annex-c-p134.pdf,Bangsamoro Autonomous Region in Muslim Mindanao (BARMM) / Various SAROs issued in October; BARMM terminal leave benefits and separation incentives,Pension and Gratuity Fund,Allotment Releases,Separation Incentives,18352730,pesos,18352730,1,Unnumbered aggregate; not a distinct SARO instrument.
c-status-rollup-p134-c005,2024,C,134,134,https://github.com/tordecilla/unprogrammed-appropriations/releases/download/pdfs-status-pages-v1/annex-c-p134.pdf,Bangsamoro Autonomous Region in Muslim Mindanao (BARMM) / Various SAROs issued in October; BARMM terminal leave benefits and separation incentives,Pension and Gratuity Fund,Allotment Releases,Total,42169060,pesos,42169060,1,Unnumbered aggregate; not a distinct SARO instrument.
c-status-rollup-p134-c006,2024,C,134,134,https://github.com/tordecilla/unprogrammed-appropriations/releases/download/pdfs-status-pages-v1/annex-c-p134.pdf,"Bangsamoro Autonomous Region in Muslim Mindanao (BARMM) / Various SAROs issued in November; BARMM terminal leave benefits, monetization of leave credits and separation incentives",Pension and Gratuity Fund,Allotment Releases,Terminal Leave/Retirement Gratuity,12786278,pesos,12786278,1,Unnumbered aggregate; not a distinct SARO instrument.
c-status-rollup-p134-c007,2024,C,134,134,https://github.com/tordecilla/unprogrammed-appropriations/releases/download/pdfs-status-pages-v1/annex-c-p134.pdf,"Bangsamoro Autonomous Region in Muslim Mindanao (BARMM) / Various SAROs issued in November; BARMM terminal leave benefits, monetization of leave credits and separation incentives",Pension and Gratuity Fund,Allotment Releases,Monetization of Leave Credits,5742722,pesos,5742722,1,Unnumbered aggregate; not a distinct SARO instrument.
c-status-rollup-p134-c008,2024,C,134,134,https://github.com/tordecilla/unprogrammed-appropriations/releases/download/pdfs-status-pages-v1/annex-c-p134.pdf,"Bangsamoro Autonomous Region in Muslim Mindanao (BARMM) / Various SAROs issued in November; BARMM terminal leave benefits, monetization of leave credits and separation incentives",Pension and Gratuity Fund,Allotment Releases,Separation Incentives,27088498,pesos,27088498,1,Unnumbered aggregate; not a distinct SARO instrument.
c-status-rollup-p134-c009,2024,C,134,134,https://github.com/tordecilla/unprogrammed-appropriations/releases/download/pdfs-status-pages-v1/annex-c-p134.pdf,"Bangsamoro Autonomous Region in Muslim Mindanao (BARMM) / Various SAROs issued in November; BARMM terminal leave benefits, monetization of leave credits and separation incentives",Pension and Gratuity Fund,Allotment Releases,Total,45617498,pesos,45617498,1,Unnumbered aggregate; not a distinct SARO instrument.
c-status-rollup-p134-c010,2024,C,134,134,https://github.com/tordecilla/unprogrammed-appropriations/releases/download/pdfs-status-pages-v1/annex-c-p134.pdf,Bangsamoro Autonomous Region in Muslim Mindanao (BARMM) / Various SAROs issued in December; BARMM monetization of leave credits,Pension and Gratuity Fund,Allotment Releases,Monetization of Leave Credits,10198364,pesos,10198364,1,Unnumbered aggregate; not a distinct SARO instrument.
c-status-rollup-p134-c011,2024,C,134,134,https://github.com/tordecilla/unprogrammed-appropriations/releases/download/pdfs-status-pages-v1/annex-c-p134.pdf,Bangsamoro Autonomous Region in Muslim Mindanao (BARMM) / Various SAROs issued in December; BARMM monetization of leave credits,Pension and Gratuity Fund,Allotment Releases,Total,10198364,pesos,10198364,1,Unnumbered aggregate; not a distinct SARO instrument.
